RGIId,calving_k,calving_k_nmad,calving_thick,calving_flux_Gta,fa_gta_obs,fa_gta_obs_unc,fa_gta_max,calving_flux_Gta_bndlow,calving_flux_Gta_bndhigh,no_errors,oggm_dynamics,mb_clim_gta,mb_total_gta,mb_clim_mwea,mb_total_mwea,area_km2,mb_total_gta_obs,mb_clim_gta_obs,mb_total_mwea_obs,mb_clim_mwea_obs,calving_flux_Gta_rnd1,calving_k_rnd1,O1Region
RGI60-01.03377,2,0.19995,248.0228019,0.070005402,0.069016576,0.009529998,0.069016576,2.10E-06,0.318707381,1,1,-0.74810937,-0.817125946,-1.428671459,-1.560473061,523.786,-0.817125946,-0.74810937,-1.560473061,-1.428671459,0.070005402,2,
RGI60-01.03622,1.275,0.5375,114.9345383,0.002803094,0.002776586,0.003338756,0.002776586,4.26E-07,0.066176515,1,1,-0.462502111,-0.465278697,-1.032166005,-1.038362514,448.145,-0.465278697,-0.462502111,-1.038362514,-1.032166005,0.002803094,1.275,
RGI60-01.03890,0.1,0.2,97.60876196,0.000296584,0.000233585,0.002943396,0.000233585,3.65E-06,0.390241402,1,1,-0.353010833,-0.353244418,-1.280812718,-1.281660225,196.525,-0.353244418,-0.353010833,-1.281660225,-1.280812718,0.000296584,0.1,
RGI60-01.04375,1.1,0.077475,463.996075,0.125062282,0.12710305,0.012969063,0.12710305,1.30E-05,1.387947322,1,1,-0.827272303,-0.954375353,-1.350665849,-1.558183673,612.706,-0.954375353,-0.827272303,-1.558183673,-1.350665849,0.125062282,1.1,
RGI60-01.09426,4.321875,0.05,69.82349004,0.002409787,0.000591167,0.00206319,0.000591167,0,0.004788405,1,1,-0.017184154,-0.017775321,-0.56213322,-0.581471647,30.587,-0.017775321,-0.017184154,-0.581471647,-0.56213322,0.002409787,4.321875,
RGI60-01.09519,2.353125,0.003125,46.34197712,0,0.000275103,0.000375516,0.000275103,0,0.008373857,1,1,-0.01523639,-0.015511492,-0.592383365,-0.603079216,25.736,-0.015511492,-0.01523639,-0.603079216,-0.592383365,0,2.353125,
RGI60-01.09639,1.1,0.2,142.318374,0.002902182,0.221867107,0.009804777,0.221867107,2.46E-06,0.128090368,1,1,-0.007977882,-0.229844988,-0.021160388,-0.609636638,377.247,-0.229844988,-0.007977882,-0.609636638,-0.021160388,0.128090368,5,
RGI60-01.09757,4.1,0.677366406,79.43975123,0.008450967,0.008321927,0.00633348,0.008321927,0,0.01477907,1,1,-0.02005357,-0.028375496,-0.36649045,-0.518578422,54.752,-0.028375496,-0.02005357,-0.518578422,-0.36649045,0.008450967,4.1,
RGI60-01.09783,1.1,1.2,162.2118624,0.004983768,0.004851471,0.010007842,0.004851471,7.28E-07,0.115759013,1,1,-0.035209765,-0.040061235,-0.669788472,-0.762077047,52.602,-0.040061235,-0.035209765,-0.762077047,-0.669788472,0.004983768,1.1,
RGI60-01.09810,1.2,0.759575,123.9614427,0.014168756,0.013742688,0.013242424,0.013742688,2.55E-06,0.117650325,1,1,-0.04071637,-0.054459058,-0.516450206,-0.690763741,78.889,-0.054459058,-0.04071637,-0.690763741,-0.516450206,0.014168756,1.2,
RGI60-01.10188,1.1,0.2,32.03211314,0,0.000789512,0.000730472,0.000789512,0,0,1,1,-0.004509049,-0.005298562,-0.277228029,-0.325769276,16.276,-0.005298562,-0.004509049,-0.325769276,-0.277228029,0,5,
RGI60-01.10299,1.1,0.2,39.19331391,0,0.000578389,0.000519379,0.000578389,0,0,1,1,-0.010411286,-0.010989675,-0.540340801,-0.570358911,19.282,-0.010989675,-0.010411286,-0.570358911,-0.540340801,0,5,
RGI60-01.10325,0.45,0.036225,427.2497874,0.073625523,0.073632737,0.01134174,0.073632737,4.21E-06,0.600001069,1,1,-0.058180739,-0.131813476,-0.624346398,-1.414510553,93.254,-0.131813476,-0.058180739,-1.414510553,-0.624346398,0.073625523,0.45,
RGI60-01.10355,0.9,0.6,70.78596225,0.00042264,0.000522103,0.000545411,0.000522103,1.98E-07,0.007206146,1,1,-0.006852042,-0.007374145,-0.487492226,-0.524637506,14.066,-0.007374145,-0.006852042,-0.524637506,-0.487492226,0.00042264,0.9,
RGI60-01.10402,1.3,1.834375,42.11337328,0.000141541,0.000238796,0.000958036,0.000238796,1.09E-07,0.007327126,1,1,0.002772157,0.002533361,0.119799818,0.109480158,23.157,0.002533361,0.002772157,0.109480158,0.119799818,0.000141541,1.3,
RGI60-01.10431,0.1,0.4,63.72040941,0.000115846,0.000115216,0.001081531,0.000115216,1.17E-06,0.017603877,1,1,0.001510024,0.001394808,0.089935443,0.083073271,16.803,0.001394808,0.001510024,0.083073271,0.089935443,0.000115846,0.1,
RGI60-01.10575,1.2,0.025,317.0661428,0.268875761,0.539376314,0.012857268,0.272079509,3.32E-05,2.528014849,1,1,0.296684131,0.024604622,0.659928668,0.054772039,449.57,0.024604622,0.563980936,0.054772039,1.255470874,0.268875761,1.2,
RGI60-01.10607,1.4,0.06995,211.9687611,0.078991058,0.076371767,0.006340056,0.076371767,1.30E-05,0.428934675,1,1,0.076952276,0.000580508,0.633483531,0.004778838,121.571,0.000580508,0.076952276,0.004778838,0.633483531,0.078991058,1.4,
RGI60-01.10612,1.1,0.2,200.1091859,0.01033354,0.16429857,0.005282671,0.144466937,3.79E-06,0.14127777,1,1,0.100496577,-0.04397036,0.659928668,-0.288968083,152.284,-0.04397036,0.12032821,-0.288968083,0.790782974,0.14127777,5,
RGI60-01.10689,1.3,0.032475,1140.881116,3.505357842,3.422501529,0.12763654,3.422501529,0.000257557,12.96056001,1,1,-0.41959134,-3.842092868,-0.46471125,-4.255244593,773.873,-3.842092868,-0.41959134,-4.255244593,-0.46471125,3.505357842,1.3,
RGI60-01.10836,1.475,0.8396,101.6441389,0.003115205,0.003055041,0.003051847,0.003055041,2.74E-07,0.038353749,1,1,-0.066010568,-0.069065609,-0.509934057,-0.533534364,129.55,-0.069065609,-0.066010568,-0.533534364,-0.509934057,0.003115205,1.475,
RGI60-01.13638,0.55,0.35,85.11249095,0.001766287,0.001817192,0.003484559,0.001817192,1.99E-06,0.111609356,1,1,-0.007483389,-0.009300581,-0.061827588,-0.076841189,121.133,-0.009300581,-0.007483389,-0.076841189,-0.061827588,0.001766287,0.55,
RGI60-01.14391,0.275,0.15155,188.9462917,0.018912539,0.018937102,0.016608297,0.018937102,2.35E-05,0.935061403,1,1,-0.048498082,-0.067435184,-0.274191005,-0.381254685,176.999,-0.067435184,-0.048498082,-0.381254685,-0.274191005,0.018912539,0.275,
RGI60-01.14443,2.15,0,298.1819578,1.579280014,3.788821631,0.056165523,1.577029035,3.84E-05,3.493790409,1,1,1.87056319,0.293534154,0.659928668,0.092368363,2834.493,0.293534154,4.082355786,0.092368363,1.284622296,1.579280014,2.15,
RGI60-01.14683,4.1,0,617.0639275,0.792677623,1.528583986,0.013281555,0.790010052,1.69E-05,1.030591693,1,1,0.672533965,-0.117476087,0.659928668,-0.115361395,1019.101,-0.117476087,1.411107899,-0.115361395,1.385706495,0.792677623,4.1,
RGI60-01.14876,0.575,0.182625,114.3840243,0.002875188,0.00285736,0.001849395,0.00285736,1.76E-06,0.057361259,1,1,-0.013225084,-0.016082445,-0.507209952,-0.61679576,26.094,-0.016082445,-0.013225084,-0.61679576,-0.507209952,0.002875188,0.575,
RGI60-01.14878,4.5,0.1,235.5495241,0.372648089,0.44866316,0.012077929,0.385035458,1.34E-05,0.42266556,1,1,0.187189427,-0.197846031,0.659928668,-0.698025193,283.651,-0.197846031,0.250817129,-0.698025193,0.884913757,0.372648089,4.5,
RGI60-01.17807,1.1,0.2,121.4302063,0.011661146,0.188887472,0.008091551,0.133560352,1.10E-05,0.079217367,1,1,0.093401684,-0.040158668,0.659928668,-0.283783708,141.533,-0.040158668,0.148728804,-0.283783708,1.051001274,0.079217367,5,
RGI60-01.17840,3.9,0.49495,131.7977293,0.023694421,0.024185123,0.005080914,0.024185123,5.53E-07,0.035941278,1,1,-0.002945156,-0.027130279,-0.030326931,-0.279366555,97.125,-0.027130279,-0.002945156,-0.279366555,-0.030326931,0.023694421,3.9,
RGI60-01.17876,0.775,0.2798,153.6559733,0.015984892,0.015928473,0.009680194,0.015928473,5.33E-06,0.274891102,1,1,-0.031860099,-0.047788572,-0.28956141,-0.434327785,110.053,-0.047788572,-0.031860099,-0.434327785,-0.28956141,0.015984892,0.775,
RGI60-01.20470,0.45,0.17475,110.0932657,0.001197558,0.001134228,0.00085025,0.001134228,6.18E-07,0.115714259,1,1,-0.101262522,-0.10239675,-0.977226619,-0.9881724,103.674,-0.10239675,-0.101262522,-0.9881724,-0.977226619,0.001197558,0.45,
RGI60-01.20734,0.8,0.019975,319.9062398,0.135416044,0.158062771,0.007755939,0.132882813,3.58E-05,1.076495365,1,1,0.151544699,0.018661886,0.659928668,0.081299584,229.638,0.018661886,0.176724657,0.081299584,0.769892226,0.135416044,0.8,
RGI60-01.20791,0.20625,0.075,142.9314879,0.007438315,0.007476295,0.007479781,0.007476295,2.10E-05,1.099863417,1,1,-0.066970463,-0.074446757,-0.556674314,-0.618819041,120.353,-0.074446757,-0.066970463,-0.618819041,-0.556674314,0.007438315,0.20625,
RGI60-01.20830,0.3,0.2,78.84887297,0.000330042,0.000293613,0.000409991,0.000293613,6.04E-07,0.023006394,1,1,-0.0137081,-0.014001713,-0.601754439,-0.61464339,22.791,-0.014001713,-0.0137081,-0.61464339,-0.601754439,0.000330042,0.3,
RGI60-01.20891,1.1,0.10495,168.7195598,0.041193594,0.042432388,0.006581537,0.042432388,8.34E-06,0.372035336,1,1,0.010626677,-0.031805711,0.067181916,-0.201075895,158.238,-0.031805711,0.010626677,-0.201075895,0.067181916,0.041193594,1.1,
RGI60-01.20968,0.15,0.6,103.6700968,0.000214802,0.000253278,0.007602255,0.000253278,1.31E-06,0.233451759,1,1,-0.305907171,-0.306160449,-2.698929703,-2.701164304,113.425,-0.306160449,-0.305907171,-2.701164304,-2.698929703,0.000214802,0.15,
RGI60-01.23642,1.4,0.6,98.18591777,0.003541534,0.003529752,0.004411221,0.003529752,8.14E-07,0.03804316,1,1,-0.055317259,-0.058847012,-0.309906953,-0.329681881,178.632,-0.058847012,-0.055317259,-0.329681881,-0.309906953,0.003541534,1.4,
RGI60-01.01390,1.1,0.2,194.8012856,0.180829553,,0,0,0,0,1,1,-0.195940888,-0.376770442,-0.375800521,-0.722618589,521.396,0,-0.250189754,-0.479845941,-0.479845941,0,0,0
RGI60-01.12683,1.1,0.2,426.9901828,0.049747389,,0,0,0,0,1,1,-0.057951662,-0.107699051,-0.299233542,-0.556104298,193.667,0,-0.072875879,-0.376294769,-0.376294769,0,0,0
RGI60-01.14879,1.1,0.2,63.65699462,6.60E-05,,0,0,0,0,1,1,-0.014045968,-0.01411197,-0.77717966,-0.780831637,18.073,0,-0.014065769,-0.778275253,-0.778275253,0,0,0
RGI60-01.17843,1.1,0.2,43.21292643,0,,0,0,0,0,1,1,-0.014119252,-0.014119252,-0.280706422,-0.280706422,50.299,0,-0.014119252,-0.280706422,-0.280706422,0,0,0
RGI60-01.17848,1.1,0.2,104.5955239,0.000404922,,0,0,0,0,1,1,-0.000696593,-0.001101515,-0.092866728,-0.146849065,7.501,0,-0.00081807,-0.109061429,-0.109061429,0,0,0
RGI60-01.20783,1.1,0.2,141.7686199,0.002355845,,0,0,0,0,1,1,-0.053926487,-0.056282331,-0.856628647,-0.89405152,62.952,0,-0.05463324,-0.867855509,-0.867855509,0,0,0
RGI60-01.21008,0.8802,0.2,252.1236251,0.119252511,,0,0,1.45E-05,1.130875168,1,1,0.046524102,-0.072728409,0.263689758,-0.412210778,176.435,0,0.010748349,0.060919597,0.060919597,0,0,0
RGI60-01.22776,1.1,0.2,76.66582334,8.70E-05,,0,0,0,0,1,1,-0.000345132,-0.000432128,-0.050259556,-0.062928179,6.867,0,-0.000371231,-0.054060143,-0.054060143,0,0,0
RGI60-01.23565,1.1,0.2,102.6875978,0.000368386,,0,0,0,0,1,1,-0.106223299,-0.106591685,-2.31488872,-2.322916832,45.887,0,-0.106333814,-2.317297153,-2.317297153,0,0,0
RGI60-01.23635,1.1,0.2,1031.28327,0.577241055,,0,0,0,0,1,0,-0.587328834,-1.16456989,-4.526444719,-8.975144616,129.755,0,-0.760501151,-5.861054688,-5.861054688,0,0,0
RGI60-01.23643,1.1,0.2,82.38789907,0.000169563,,0,0,0,0,1,1,-0.011465213,-0.011634776,-0.728782949,-0.739561173,15.732,0,-0.011516082,-0.732016416,-0.732016416,0,0,0
RGI60-01.23672,1.1,0.2,47.75163283,0,,0,0,0,0,1,1,-0.026201019,-0.026201019,-0.985667707,-0.985667707,26.582,0,-0.026201019,-0.985667707,-0.985667707,0,0,0
RGI60-01.26736,0.82525,0.2,169.8386427,0.191898045,,0,0,1.23E-05,1.508606874,1,1,0.091952054,-0.099945991,0.266247554,-0.289394033,345.363,0,0.03438264,0.099555078,0.099555078,0,0,0
RGI60-01.27102,1.1,0.2,165.9249716,0.01648827,,0,0,0,0,1,1,-0.053234551,-0.06972282,-0.523235971,-0.685297181,101.741,0,-0.058181032,-0.571854334,-0.571854334,0,0,0
RGI60-03.00108,0.039671875,0.006992188,553.1608657,0.039822009,0.040109134,0.013289057,0.040109134,0.000204951,0.384442112,1,1,-0.078273913,-0.118383047,-0.15996479,-0.24193398,490.205,-0.118383047,-0.078273913,-0.24193398,-0.15996479,0.039822009,0.039671875,
RGI60-03.00113,0.042765625,0.010952344,602.1765709,0.012834731,0.012863388,0.006084466,0.012863388,8.18E-05,10.96569998,1,1,-0.153097081,-0.165960469,-0.153152424,-0.166020462,999.861,-0.165960469,-0.153097081,-0.166020462,-0.153152424,0.012834731,0.042765625,
RGI60-03.00123,0.036578125,0.006682813,548.7671452,0.016162772,0.016348336,0.004867472,0.016348336,0.000141473,23.54198673,1,1,-0.252705422,-0.269053758,-0.15861119,-0.168872264,1594.482,-0.269053758,-0.252705422,-0.168872264,-0.15861119,0.016162772,0.036578125,
RGI60-03.00175,0.045859375,0.01875,572.5400669,0.006625963,0.006517856,0.006855974,0.006517856,4.04E-05,0.13015783,1,1,-0.068077044,-0.0745949,-0.441731035,-0.484023404,154.181,-0.0745949,-0.068077044,-0.484023404,-0.441731035,0.006625963,0.045859375,
RGI60-03.00183,0.038125,0.0084,541.3901414,0.048643139,0.050718381,0.016629413,0.050718381,0.000290924,1.957856444,1,1,-0.137036465,-0.187754846,-0.145718782,-0.199650564,940.826,-0.187754846,-0.137036465,-0.199650564,-0.145718782,0.048643139,0.038125,
RGI60-03.00191,0.039671875,0.1125,530.9542641,0.00269346,0.002663126,0.024605879,0.002663126,3.30E-06,11.4034602,1,1,-0.177470178,-0.180133305,-0.230589795,-0.234050037,770.215,-0.180133305,-0.177470178,-0.234050037,-0.230589795,0.00269346,0.039671875,
RGI60-03.00237,0.0443125,0.005290625,575.5689283,0.041064998,0.042084178,0.007466656,0.042084178,0.000254319,1.63048002,1,1,-0.192222891,-0.234307068,-0.176900686,-0.215630308,1087.473,-0.234307068,-0.192222891,-0.215630308,-0.176900686,0.041064998,0.0443125,
RGI60-03.00251,0.153125,0.0625,366.7272574,0.010126918,0.010148922,0.016173431,0.010148922,4.63E-06,4.621340738,1,1,-0.086569372,-0.096718293,-0.125529854,-0.14024629,690.159,-0.096718293,-0.086569372,-0.14024629,-0.125529854,0.010126918,0.153125,
RGI60-03.00283,0.15,0.0625,265.7824674,0.003099656,0.003128454,0.003226084,0.003128454,2.27E-06,4.106801288,1,1,-0.094145896,-0.09727435,-0.140842786,-0.14552297,668.962,-0.09727435,-0.094145896,-0.14552297,-0.140842786,0.003099656,0.15,
RGI60-03.00300,0.0566875,0.021904688,196.9777226,0.002883748,0.002973629,0.002035835,0.002973629,2.21E-05,10.05580383,1,1,-0.15828767,-0.161261299,-0.144988127,-0.147711908,1092.603,-0.161261299,-0.15828767,-0.147711908,-0.144988127,0.002883748,0.0566875,
RGI60-03.00366,0.0814375,0.04375,316.2107281,0.008583938,0.008902288,0.009098774,0.008902288,2.36E-05,9.12512601,1,1,-0.081646913,-0.0905492,-0.163953743,-0.181830271,498.362,-0.0905492,-0.081646913,-0.181830271,-0.163953743,0.008583938,0.0814375,
RGI60-03.00419,0.103125,0.04115625,263.9264638,0.002557289,0.002567096,0.001791122,0.002567096,3.41E-06,1.82609449,1,1,-0.041202342,-0.043769439,-0.193374725,-0.205422864,102.942,-0.043769439,-0.041202342,-0.205422864,-0.193374725,0.002557289,0.103125,
RGI60-03.00552,0.5,0.137375,92.94766061,0.00068539,0.000710344,0.000534479,0.000710344,0,0.042941225,1,1,-0.005767738,-0.006478082,-0.341796333,-0.383891314,16.888,-0.006478082,-0.005767738,-0.383891314,-0.341796333,0.00068539,0.5,
RGI60-03.00555,0.0938125,0.041953125,122.6538025,0.001157588,0.001142368,0.000853098,0.001142368,2.92E-06,0.137083317,1,1,-0.005197865,-0.006340232,-0.299116661,-0.364855426,17.391,-0.006340232,-0.005197865,-0.364855426,-0.299116661,0.001157588,0.0938125,
RGI60-03.00560,0.062875,0.0375,107.0156056,0.000549915,0.00055915,0.000587813,0.00055915,2.70E-06,0.096152109,1,1,-0.002183187,-0.002742336,-0.196596608,-0.246948182,11.114,-0.002742336,-0.002183187,-0.246948182,-0.196596608,0.000549915,0.062875,
RGI60-03.00562,0.001,0.025,70.26653139,7.56E-07,9.48E-05,9.00E-05,9.48E-05,7.56E-07,0.031113618,1,1,-0.001247907,-0.001342667,-0.255563538,-0.274969767,4.887,-0.001342667,-0.001247907,-0.274969767,-0.255563538,7.56E-07,0.001,
RGI60-03.00571,0.3,0.2,122.3940926,0.000259435,0.000282076,0.000333065,0.000282076,8.20E-08,0.011334219,1,1,-0.001923863,-0.002205939,-0.385425447,-0.441936467,4.995,-0.002205939,-0.001923863,-0.441936467,-0.385425447,0.000259435,0.3,
RGI60-03.00832,0.038125,0.002490625,542.0657566,0.044076544,0.045414836,0.006001526,0.045414836,0.000254582,3.543440856,1,1,-0.320039046,-0.365453883,-0.303236936,-0.346267485,1056.23,-0.365453883,-0.320039046,-0.346267485,-0.303236936,0.044076544,0.038125,
RGI60-03.01405,0.08453125,0.027117969,173.3856777,0.005115463,0.005045353,0.002728699,0.005045353,4.92E-06,0.035777581,1,1,-0.009781826,-0.014827179,-0.505466205,-0.766179822,19.366,-0.014827179,-0.009781826,-0.766179822,-0.505466205,0.005115463,0.08453125,
RGI60-03.01408,0.062875,0.02175,287.076996,0.006218299,0.006092044,0.003534106,0.006092044,6.75E-06,0.037184862,1,1,-0.011116812,-0.017208855,-0.810276916,-1.254310923,13.73,-0.017208855,-0.011116812,-1.254310923,-0.810276916,0.006218299,0.062875,
RGI60-03.01416,0.11875,0.0572,121.4503628,0.002844659,0.00283044,0.002259025,0.00283044,2.74E-06,0.022734241,1,1,-0.01019955,-0.01302999,-0.87718777,-1.120612965,11.636,-0.01302999,-0.01019955,-1.120612965,-0.87718777,0.002844659,0.11875,
RGI60-03.01422,0.05359375,0.01989375,130.3240859,0.001549927,0.001569689,0.000958332,0.001569689,5.47E-06,0.022655612,1,1,-0.007174068,-0.008743757,-0.735200524,-0.896062736,9.765,-0.008743757,-0.007174068,-0.896062736,-0.735200524,0.001549927,0.05359375,
RGI60-03.01438,0.07525,0.0236375,100.3751335,0.000487598,0.000547514,0.000340104,0.000547514,1.12E-06,0.00306371,1,1,-0.002669003,-0.003216517,-0.700239372,-0.843885054,3.814,-0.003216517,-0.002669003,-0.843885054,-0.700239372,0.000487598,0.07525,
RGI60-03.01439,0.062875,0.01865625,129.9027066,0.001064144,0.001127645,0.000615574,0.001127645,1.61E-06,0.00381402,1,1,-0.003385294,-0.004512938,-0.586342534,-0.781653789,5.778,-0.004512938,-0.003385294,-0.781653789,-0.586342534,0.001064144,0.062875,
RGI60-03.01444,0.0505,0.0224,134.5470395,0.000224126,0.000239787,0.000220069,0.000239787,4.91E-07,0.000460815,1,1,-0.001050317,-0.001290104,-0.399108859,-0.490225283,2.634,-0.001290104,-0.001050317,-0.490225283,-0.399108859,0.000224126,0.0505,
RGI60-03.01447,0.05359375,0.023180859,366.2586302,0.005459129,0.005352347,0.003867178,0.005352347,7.70E-06,0.0474639,1,1,-0.014070741,-0.019423087,-0.491160188,-0.677991828,28.669,-0.019423087,-0.014070741,-0.677991828,-0.491160188,0.005459129,0.05359375,
RGI60-03.01469,0.1,0.0435,214.1351267,0.000656853,0.000599521,0.000477476,0.000599521,7.61E-07,0.082297867,1,1,-0.007957214,-0.008556734,-0.637242135,-0.685253904,12.496,-0.008556734,-0.007957214,-0.685253904,-0.637242135,0.000656853,0.1,
RGI60-03.01471,0.1,0.0336,102.320311,0.00041101,0.000509285,0.000419006,0.000509285,1.08E-06,0.363582859,1,1,-0.031531366,-0.032040651,-0.629741022,-0.639912408,50.107,-0.032040651,-0.031531366,-0.639912408,-0.629741022,0.00041101,0.1,
RGI60-03.01474,0.1,0.2,51.44474496,1.04E-06,6.27E-05,0.000104359,6.27E-05,1.04E-08,0.040725262,1,1,-0.006408586,-0.006471308,-0.578416341,-0.584077359,11.088,-0.006471308,-0.006408586,-0.584077359,-0.578416341,1.04E-06,0.1,
RGI60-03.01475,0.3125,0.065575,70.49442224,0.000413851,0.000354249,0.000342253,0.000354249,0,0.115011108,1,1,-0.012945118,-0.013299368,-0.533556041,-0.548157056,24.281,-0.013299368,-0.012945118,-0.548157056,-0.533556041,0.000413851,0.3125,
RGI60-03.01477,0.087625,0.028742188,271.9108527,0.007961852,0.007839327,0.004359992,0.007839327,3.55E-06,0.01171109,1,1,-0.021176471,-0.029015798,-0.672155398,-0.920980897,31.527,-0.029015798,-0.021176471,-0.920980897,-0.672155398,0.007961852,0.087625,
RGI60-03.01478,0.062875,0.03728125,104.6683545,0.000788818,0.000842249,0.000812732,0.000842249,2.35E-06,0.00182001,1,1,-0.005262997,-0.006105246,-0.749951269,-0.869967574,7.023,-0.006105246,-0.005262997,-0.869967574,-0.749951269,0.000788818,0.062875,
RGI60-03.01482,0.06596875,0.036051172,306.9399017,0.014338095,0.013996448,0.012287679,0.013996448,8.62E-06,0.176193011,1,1,-0.017457151,-0.031453599,-0.38425177,-0.692329522,45.462,-0.031453599,-0.017457151,-0.692329522,-0.38425177,0.014338095,0.06596875,
RGI60-03.01483,0.024203125,0.013243652,464.9423401,0.020524161,0.020277744,0.017744488,0.020277744,8.53E-05,1.679755018,1,1,-0.036252744,-0.056530488,-0.129130132,-0.201358258,280.943,-0.056530488,-0.036252744,-0.201358258,-0.129130132,0.020524161,0.024203125,
RGI60-03.01487,0.0566875,0.02080625,0.128272947,4.51E-05,0.000332205,0.000210549,0.000332205,9.29E-08,0.00022089,1,1,-0.000329807,-0.000662012,-0.44972471,-0.902718256,0.734,-0.000662012,-0.000329807,-0.902718256,-0.44972471,0.00022089,5,
RGI60-03.01490,0.0814375,0.032717969,397.1516821,0.024998343,0.026268473,0.016494702,0.026268473,8.01E-06,0.644467408,1,1,-0.007664674,-0.033933147,-0.050714192,-0.22452255,151.251,-0.033933147,-0.007664674,-0.22452255,-0.050714192,0.024998343,0.0814375,
RGI60-03.01493,0.1,0.03985,119.8900631,0.000543641,0.000612926,0.000388903,0.000612926,7.97E-07,0.001244927,1,1,-0.000953108,-0.001566034,-0.190735003,-0.313393225,5.001,-0.001566034,-0.000953108,-0.313393225,-0.190735003,0.000543641,0.1,
RGI60-03.01496,0.0566875,0.02080625,0.122030148,0.000324672,0.000769013,0.00040008,0.000769013,1.95E-07,0.000699187,1,1,-0.000409475,-0.001178488,-0.09579765,-0.275709838,4.278,-0.001178488,-0.000409475,-0.275709838,-0.09579765,0.000699187,5,
RGI60-03.01502,0.0505,0.02175,325.293523,0.001696974,0.001630051,0.001198308,0.001630051,1.69E-06,0.007014095,1,1,-0.007297975,-0.008928027,-0.304687511,-0.372741481,23.971,-0.008928027,-0.007297975,-0.372741481,-0.304687511,0.001696974,0.0505,
RGI60-03.01503,0.4,0.1,62.95140502,0.000116733,0.000101768,0.000125847,0.000101768,0,0.006878674,1,1,-0.000667895,-0.000769663,-0.313287722,-0.361023647,2.134,-0.000769663,-0.000667895,-0.361023647,-0.313287722,0.000116733,0.4,
RGI60-03.01506,0.05359375,0.024085938,362.5387237,0.013464881,0.014003745,0.009943531,0.014003745,1.38E-05,0.034644777,1,1,-0.002057963,-0.016061708,-0.068843709,-0.537301911,29.916,-0.016061708,-0.002057963,-0.537301911,-0.068843709,0.013464881,0.05359375,
RGI60-03.01508,0.087625,0.029825,131.8995538,0.000890064,0.000843996,0.000549151,0.000843996,1.86E-06,0.207596358,1,1,-0.003986558,-0.004830554,-0.212399132,-0.257366236,18.784,-0.004830554,-0.003986558,-0.257366236,-0.212399132,0.000890064,0.087625,
RGI60-03.01509,0.05359375,0.025153125,236.0816646,0.002187166,0.002168816,0.001679566,0.002168816,1.39E-06,0.006977447,1,1,-0.005602106,-0.007770923,-0.212746654,-0.295110039,26.353,-0.007770923,-0.005602106,-0.295110039,-0.212746654,0.002187166,0.05359375,
RGI60-03.01512,0.087625,0.029825,146.2951749,0.001786237,0.001857113,0.00123702,0.001857113,5.16E-06,1.531552129,1,1,-0.046700067,-0.048557181,-0.422413034,-0.439211058,110.644,-0.048557181,-0.046700067,-0.439211058,-0.422413034,0.001786237,0.087625,
RGI60-03.01514,0.0566875,0.02080625,0.14262961,0.006964769,0.01490546,0.007936256,0.01490546,6.13E-06,0,1,1,-0.000506188,-0.015411649,-0.023184392,-0.705882839,21.849,-0.015411649,-0.000506188,-0.705882839,-0.023184392,0,5,
RGI60-03.01516,0.07525,0.02735,133.3338292,0.000877369,0.000879153,0.000596965,0.000879153,2.47E-06,0.159957184,1,1,-0.005090232,-0.005969385,-0.293948957,-0.344717956,17.33,-0.005969385,-0.005090232,-0.344717956,-0.293948957,0.000877369,0.07525,
RGI60-03.01517,0.062875,0.027195312,638.9404897,0.331738086,0.339444306,0.225208935,0.339444306,0.000679934,10.74338663,1,1,-0.265441316,-0.604885622,-0.152556142,-0.34764376,1741.31,-0.604885622,-0.265441316,-0.34764376,-0.152556142,0.331738086,0.062875,
RGI60-03.01520,0.0443125,0.02080625,280.6695495,0.002047458,0.002044611,0.001517548,0.002044611,2.32E-06,0.017457024,1,1,-0.005297735,-0.007342346,-0.224474628,-0.311108494,23.619,-0.007342346,-0.005297735,-0.311108494,-0.224474628,0.002047458,0.0443125,
RGI60-03.01522,0.038125,0.0168,220.7536419,0.000442337,0.000488147,0.000355585,0.000488147,5.88E-07,0.002073585,1,1,-0.000888417,-0.001376564,-0.268777571,-0.416459109,3.308,-0.001376564,-0.000888417,-0.416459109,-0.268777571,0.000442337,0.038125,
RGI60-03.01523,0.0566875,0.02080625,83.08797005,0.00658049,0.020970037,0.011312343,0.020970037,3.10E-06,0.004161153,1,1,0.000812512,-0.020157525,0.030345363,-0.752835275,26.794,-0.020157525,0.000812512,-0.752835275,0.030345363,0.004161153,5,
RGI60-03.01527,0.11875,0.1,154.5084686,0.004233161,0.008762981,0.007998219,0.004210122,6.22E-06,0.004320378,1,1,0.003095212,-0.00111491,0.254247732,-0.091640673,12.174,-0.00111491,0.007648071,-0.091640673,0.628637791,0.004233161,0.11875,
RGI60-03.01529,0.03503125,0.019723438,349.4834692,0.006875758,0.007165254,0.006170908,0.007165254,1.44E-05,0.098438419,1,1,-0.003345984,-0.010511237,-0.087845735,-0.275962906,38.115,-0.010511237,-0.003345984,-0.275962906,-0.087845735,0.006875758,0.03503125,
RGI60-03.01530,0.06596875,0.025555469,167.8872861,0.002859084,0.002897712,0.001906941,0.002897712,7.42E-06,0.043754182,1,1,-0.009684091,-0.012581802,-0.255840626,-0.332394266,37.878,-0.012581802,-0.009684091,-0.332394266,-0.255840626,0.002859084,0.06596875,
RGI60-03.01533,0.0566875,0.0205125,241.7347867,0.002244126,0.002341187,0.001306132,0.002341187,1.75E-06,0.005512415,1,1,-0.004003965,-0.006345152,-0.186402872,-0.295395808,21.495,-0.006345152,-0.004003965,-0.295395808,-0.186402872,0.002244126,0.0566875,
RGI60-03.01544,0.0690625,0.039446875,314.6719008,0.02875758,0.029570735,0.025642862,0.029570735,1.39E-05,0.978518197,1,1,-0.073554798,-0.103125533,-0.515014366,-0.722062089,142.915,-0.103125533,-0.073554798,-0.722062089,-0.515014366,0.02875758,0.0690625,
RGI60-03.01555,0.05978125,0.028571875,151.2803691,0.006763369,0.006819123,0.005572803,0.006819123,4.66E-05,13.05045938,1,1,-0.213138758,-0.219957881,-0.428140754,-0.441838612,498.215,-0.219957881,-0.213138758,-0.441838612,-0.428140754,0.006763369,0.05978125,
RGI60-03.01564,0.02575,0.0125,450.5820148,0.012959081,0.012426534,0.012684054,0.012426534,4.86E-05,0.746673942,1,1,-0.03720823,-0.049634764,-0.351652173,-0.469094408,105.883,-0.049634764,-0.03720823,-0.469094408,-0.351652173,0.012959081,0.02575,
RGI60-03.01566,0.0443125,0.0267,337.9917804,0.00956584,0.009434372,0.008673957,0.009434372,2.01E-05,0.192739921,1,1,-0.046010167,-0.055444539,-0.596779951,-0.71914951,77.154,-0.055444539,-0.046010167,-0.71914951,-0.596779951,0.00956584,0.0443125,
RGI60-03.01571,0.0814375,0.0285875,204.2395398,0.014061008,0.014456039,0.008790028,0.014456039,4.01E-06,0.16503523,1,1,-0.01916896,-0.033624999,-0.285817408,-0.501363152,67.113,-0.033624999,-0.01916896,-0.501363152,-0.285817408,0.014061008,0.0814375,
RGI60-03.01572,0.039671875,0.019414063,342.8329837,0.018278273,0.018074103,0.014069485,0.018074103,2.41E-05,0.675431929,1,1,-0.068999436,-0.087073538,-0.368626055,-0.46518605,187.321,-0.087073538,-0.068999436,-0.46518605,-0.368626055,0.018278273,0.039671875,
RGI60-03.01576,0.04121875,0.019375391,493.1565027,0.02644013,0.025596376,0.018900195,0.025596376,7.21E-05,0.544082236,1,1,-0.069454043,-0.095050419,-0.379614939,-0.519517042,183.099,-0.095050419,-0.069454043,-0.519517042,-0.379614939,0.02644013,0.04121875,
RGI60-03.01577,0.06596875,0.02236875,216.2514429,0.001600164,0.001587512,0.000971236,0.001587512,2.28E-06,0.00616735,1,1,-0.003422984,-0.005010496,-0.499680885,-0.731423039,6.855,-0.005010496,-0.003422984,-0.731423039,-0.499680885,0.001600164,0.06596875,
RGI60-03.01582,0.0443125,0.0149125,243.6897938,0.000959999,0.00098802,0.000594513,0.00098802,2.56E-06,0.003656319,1,1,-0.003182585,-0.004170605,-0.610213598,-0.799651839,5.219,-0.004170605,-0.003182585,-0.799651839,-0.610213598,0.000959999,0.0443125,
RGI60-03.01585,0.1125,0.0320125,122.5506005,0.002020433,0.00196297,0.001263328,0.00196297,5.41E-06,0.995554171,1,1,-0.030640149,-0.032603119,-0.311626102,-0.331590516,98.4,-0.032603119,-0.030640149,-0.331590516,-0.311626102,0.002020433,0.1125,
RGI60-03.01586,0.04740625,0.018833984,222.9429132,0.005263342,0.005089758,0.003399473,0.005089758,3.52E-05,0.09532894,1,1,-0.054094196,-0.059183954,-0.44105245,-0.48255136,122.744,-0.059183954,-0.054094196,-0.48255136,-0.44105245,0.005263342,0.04740625,
RGI60-03.01590,0.013375,0.00341875,137.5889392,0.000750807,0.000803346,0.000489715,0.000803346,3.37E-05,0.176149217,1,1,-0.044109604,-0.04491295,-0.603485678,-0.614476664,73.15,-0.04491295,-0.044109604,-0.614476664,-0.603485678,0.000750807,0.013375,
RGI60-03.01605,0.25,0.06235,107.3684645,0.000467624,0.000433096,0.000292904,0.000433096,2.63E-07,0.055901703,1,1,-0.007787502,-0.008220598,-0.479416402,-0.506078771,16.257,-0.008220598,-0.007787502,-0.506078771,-0.479416402,0.000467624,0.25,
RGI60-03.01608,0.038125,0.01181875,114.5049122,0.00034261,0.000357925,0.000237869,0.000357925,2.80E-06,0.014118181,1,1,-0.004149558,-0.004507483,-0.257946967,-0.280196458,16.099,-0.004507483,-0.004149558,-0.280196458,-0.257946967,0.00034261,0.038125,
RGI60-03.01617,0.0566875,0.022075,166.9369551,0.001183838,0.001262184,0.000814265,0.001262184,8.54E-07,0.003676603,1,1,-0.001380129,-0.002642313,-0.177090821,-0.339047482,7.799,-0.002642313,-0.001380129,-0.339047482,-0.177090821,0.001183838,0.0566875,
RGI60-03.01618,0.05978125,0.022600781,230.950477,0.003465857,0.003508051,0.002288009,0.003508051,2.53E-06,0.026920017,1,1,-0.003641855,-0.007149906,-0.396161113,-0.777766982,9.199,-0.007149906,-0.003641855,-0.777766982,-0.396161113,0.003465857,0.05978125,
RGI60-03.01619,0.0566875,0.023296875,207.9658342,0.001441869,0.001448851,0.000998555,0.001448851,9.13E-07,0.004006985,1,1,-0.001408682,-0.002857533,-0.419533522,-0.851030383,3.36,-0.002857533,-0.001408682,-0.851030383,-0.419533522,0.001441869,0.0566875,
RGI60-03.01630,0.001,0,72.79443522,5.30E-07,0,0.000334902,0,5.30E-07,0.109156562,1,1,-0.024634274,-0.024634274,-0.400509511,-0.400509511,61.552,-0.024634274,-0.024634274,-0.400509511,-0.400509511,5.30E-07,0.001,
RGI60-03.01633,0.11875,0.01508125,565.6379645,0.049123532,0.048952626,0.010118641,0.048952626,1.05E-05,15.39843991,1,1,-0.049209921,-0.098162547,-0.152015479,-0.303236141,323.968,-0.098162547,-0.049209921,-0.303236141,-0.152015479,0.049123532,0.11875,
RGI60-03.01637,0.05359375,0.025153125,345.3429161,0.011345759,0.010896871,0.008558358,0.010896871,7.89E-06,0.306025699,1,1,-0.034948039,-0.04584491,-0.278530884,-0.365377396,125.564,-0.04584491,-0.034948039,-0.365377396,-0.278530884,0.011345759,0.05359375,
RGI60-03.01641,0.0938125,0.029546875,302.9170064,0.007752328,0.008065284,0.003719428,0.008065284,1.00E-05,2.06107001,1,1,-0.040138441,-0.048203725,-0.210675563,-0.253008005,190.665,-0.048203725,-0.040138441,-0.253008005,-0.210675563,0.007752328,0.0938125,
RGI60-03.01644,0.275,0.11165,169.0867342,0.004057888,0.00419897,0.002833376,0.00419897,2.90E-06,0.577351015,1,1,-0.039956747,-0.044155717,-0.228901478,-0.25295625,174.687,-0.044155717,-0.039956747,-0.25295625,-0.228901478,0.004057888,0.275,
RGI60-03.01650,0.1,0,42.69554253,2.18E-07,1.88E-05,7.73E-05,1.88E-05,2.18E-09,0.020741857,1,1,-0.005727606,-0.00574639,-0.330066276,-0.331148753,17.365,-0.00574639,-0.005727606,-0.331148753,-0.330066276,2.18E-07,0.1,
RGI60-03.01651,0.1,0.05,77.90169882,0.00019795,0.000139634,0.000168281,0.000139634,6.97E-07,0.070374783,1,1,-0.006460201,-0.006599835,-0.277536913,-0.28353572,23.294,-0.006599835,-0.006460201,-0.28353572,-0.277536913,0.00019795,0.1,
RGI60-03.01653,0.175,0.1022,99.87187253,0.000920659,0.0009623,0.000922763,0.0009623,1.42E-06,0.152209254,1,1,-0.008402823,-0.009365123,-0.231370395,-0.257867158,36.345,-0.009365123,-0.008402823,-0.257867158,-0.231370395,0.000920659,0.175,
RGI60-03.01658,0.0443125,0.0149125,130.3295321,0.000896174,0.000912943,0.000585151,0.000912943,4.85E-06,0.006713342,1,1,-0.004949607,-0.00586255,-0.554907894,-0.65725935,8.926,-0.00586255,-0.004949607,-0.65725935,-0.554907894,0.000896174,0.0443125,
RGI60-03.01660,0.1,0.0349,111.0691725,0.000312623,0.000399932,0.000260143,0.000399932,3.81E-07,0.000583549,1,1,-0.00099979,-0.001399722,-0.369928085,-0.517905166,2.705,-0.001399722,-0.00099979,-0.517905166,-0.369928085,0.000312623,0.1,
RGI60-03.01662,0.04740625,0.009328125,153.9327093,0.001929041,0.001922537,0.000722225,0.001922537,1.07E-05,0.155011881,1,1,-0.015527947,-0.017450484,-0.321534494,-0.361344133,48.33,-0.017450484,-0.015527947,-0.361344133,-0.321534494,0.001929041,0.04740625,
RGI60-03.01663,0.0505,0,91.29762084,0.000196633,0.000121976,0.000122262,0.000121976,7.16E-07,0.003152676,1,1,-0.001388085,-0.001510061,-0.530886859,-0.577537821,2.617,-0.001510061,-0.001388085,-0.577537821,-0.530886859,0.000196633,0.0505,
RGI60-03.01664,0.02884375,0.007301563,198.6202395,0.002026643,0.001944081,0.000881848,0.001944081,4.36E-06,0.028199607,1,1,-0.005682588,-0.007626669,-0.305114304,-0.409497553,18.638,-0.007626669,-0.005682588,-0.409497553,-0.305114304,0.002026643,0.02884375,
RGI60-03.01666,0.04121875,0.013791016,479.5878598,0.019065345,0.019819768,0.011037847,0.019819768,3.64E-05,1.206213981,1,1,-0.068513637,-0.088333405,-0.433936348,-0.559466361,158.005,-0.088333405,-0.068513637,-0.559466361,-0.433936348,0.019065345,0.04121875,
RGI60-03.01667,0.0690625,0.022136719,164.3632222,0.014270123,0.014051058,0.007903656,0.014051058,3.51E-05,0.266911539,1,1,-0.029783557,-0.043834615,-0.486092085,-0.715416879,61.315,-0.043834615,-0.029783557,-0.715416879,-0.486092085,0.014270123,0.0690625,
RGI60-03.01678,0.024203125,0.004462891,454.1397588,0.096193395,0.097985763,0.035128919,0.097985763,0.000401207,9.832207073,1,1,-0.446887239,-0.544873002,-0.236372594,-0.288200319,1892.023,-0.544873002,-0.446887239,-0.288200319,-0.236372594,0.096193395,0.024203125,
RGI60-03.01679,0.0443125,0.017557813,150.1636559,0.009281082,0.009451906,0.006609882,0.009451906,5.76E-05,0.534751476,1,1,-0.063444753,-0.072896659,-0.663601605,-0.762463994,95.673,-0.072896659,-0.063444753,-0.762463994,-0.663601605,0.009281082,0.0443125,
RGI60-03.01686,0.024203125,0.01077832,379.2594613,0.004974708,0.005194644,0.003748908,0.005194644,2.98E-05,0.125341886,1,1,-0.095435815,-0.100630459,-0.40076285,-0.422576676,238.321,-0.100630459,-0.095435815,-0.422576676,-0.40076285,0.004974708,0.024203125,
RGI60-03.01687,0.10625,0.0450625,220.7243533,0.008864833,0.008683232,0.006166241,0.008683232,1.69E-05,2.767034083,1,1,-0.038674317,-0.04735755,-0.293487212,-0.359381527,131.88,-0.04735755,-0.038674317,-0.359381527,-0.293487212,0.008864833,0.10625,
RGI60-03.01688,0.05359375,0.009946875,211.0339675,0.003368861,0.003295489,0.001090248,0.003295489,1.45E-05,4.240278043,1,1,-0.067376918,-0.070672407,-0.375644269,-0.394017498,179.505,-0.070672407,-0.067376918,-0.394017498,-0.375644269,0.003368861,0.05359375,
RGI60-03.01689,0.2,0.0648,116.2029905,0.000692066,0.000629791,0.000417098,0.000629791,5.74E-07,0.102416723,1,1,-0.00763028,-0.008260071,-0.37149301,-0.402155438,20.556,-0.008260071,-0.00763028,-0.402155438,-0.37149301,0.000692066,0.2,
RGI60-03.01690,0.13125,0.0448,168.1005992,0.001811995,0.001819521,0.001034093,0.001819521,1.97E-06,0.215654334,1,1,-0.009341219,-0.01116074,-0.383997927,-0.45879463,24.345,-0.01116074,-0.009341219,-0.45879463,-0.383997927,0.001811995,0.13125,
RGI60-03.01692,0.027296875,0.01833125,371.7654632,0.012082573,0.012563159,0.011603378,0.012563159,3.74E-05,0.438965062,1,1,-0.05115336,-0.063716519,-0.652751062,-0.813065364,78.425,-0.063716519,-0.05115336,-0.813065364,-0.652751062,0.012082573,0.027296875,
RGI60-03.01694,0.030390625,0.012769922,520.2809812,0.00945848,0.009472122,0.006686973,0.009472122,5.50E-05,0.250502012,1,1,-0.072183624,-0.081655746,-1.128110283,-1.276143829,64.035,-0.081655746,-0.072183624,-1.276143829,-1.128110283,0.00945848,0.030390625,
RGI60-03.01699,0.04121875,0.015801953,309.2050897,0.004096979,0.004123481,0.002723856,0.004123481,5.91E-06,0.055311805,1,1,-0.016888924,-0.021012405,-0.534164241,-0.664582028,31.643,-0.021012405,-0.016888924,-0.664582028,-0.534164241,0.004096979,0.04121875,
RGI60-03.01704,0.0443125,0.018640625,179.7004864,0.001492699,0.001462299,0.00105657,0.001462299,9.95E-07,0.008897646,1,1,-0.003655477,-0.005117775,-0.479118507,-0.670780063,7.636,-0.005117775,-0.003655477,-0.670780063,-0.479118507,0.001492699,0.0443125,
RGI60-03.01707,0.005640625,0.003125,240.7863361,0.002845771,0.002185844,0.005643681,0.002185844,0.00022115,2.268351569,1,1,-0.173049384,-0.175235228,-0.567496677,-0.574664916,305.168,-0.175235228,-0.173049384,-0.574664916,-0.567496677,0.002845771,0.005640625,
RGI60-03.01710,0.15625,0.003125,869.7279509,1.227898947,1.248326305,0.077210254,1.248326305,0.000434937,6.250877203,1,1,0.564400604,-0.683925701,0.183083001,-0.221855131,3085.113,-0.683925701,0.564400604,-0.221855131,0.183083001,1.227898947,0.15625,
RGI60-03.01713,0.014921875,0.009375,330.4096662,0.002820963,0.002463741,0.003735861,0.002463741,5.10E-05,0.300663385,1,1,-0.193108624,-0.195572365,-0.441466325,-0.447098693,437.77,-0.195572365,-0.193108624,-0.447098693,-0.441466325,0.002820963,0.014921875,
RGI60-03.01714,0.04121875,0.009714844,498.1603754,0.053206685,0.051582412,0.019981625,0.051582412,7.91E-05,2.449677562,1,1,-0.160640454,-0.212222866,-0.217709021,-0.287616421,738.39,-0.212222866,-0.160640454,-0.287616421,-0.217709021,0.053206685,0.04121875,
RGI60-03.01716,0.02575,0.0125,118.9450164,0.000175465,0.000167011,0.000196868,0.000167011,1.60E-06,0.001903586,1,1,-0.003271296,-0.003438307,-0.528779089,-0.555775139,6.191,-0.003438307,-0.003271296,-0.555775139,-0.528779089,0.000175465,0.02575,
RGI60-03.01718,0.038125,0.0125,145.3997935,0.00069051,0.000600931,0.000603609,0.000600931,5.82E-06,0.017091898,1,1,-0.009738281,-0.010339213,-0.419819474,-0.445725762,23.214,-0.010339213,-0.009738281,-0.445725762,-0.419819474,0.00069051,0.038125,
RGI60-03.01719,0.087625,0.02549375,183.7875104,0.002665474,0.002796994,0.001455785,0.002796994,6.01E-06,0.952544928,1,1,-0.021352007,-0.024149001,-0.371689418,-0.420378654,57.491,-0.024149001,-0.021352007,-0.420378654,-0.371689418,0.002665474,0.087625,
RGI60-03.01723,0.02575,0.015625,332.0019346,0.004746954,0.004734494,0.005487454,0.004734494,3.63E-05,0.148742074,1,1,-0.092398951,-0.097133445,-0.602319965,-0.633182657,153.526,-0.097133445,-0.092398951,-0.633182657,-0.602319965,0.004746954,0.02575,
RGI60-03.01727,0.0195625,0.0125,112.0985038,0.000247683,0.000228877,0.000290937,0.000228877,7.26E-07,0.004957502,1,1,-0.002893927,-0.003122804,-0.530691735,-0.572663503,5.457,-0.003122804,-0.002893927,-0.572663503,-0.530691735,0.000247683,0.0195625,
RGI60-03.01729,0.021109375,0.004076172,248.5896023,0.001591043,0.001677329,0.00067682,0.001677329,6.58E-06,0.050203044,1,1,-0.010555815,-0.012233145,-0.313162118,-0.362923878,33.734,-0.012233145,-0.010555815,-0.362923878,-0.313162118,0.001591043,0.021109375,
RGI60-03.01730,0.024203125,0.004172852,328.5484033,0.005013392,0.004733506,0.00144373,0.004733506,1.78E-05,0.252962267,1,1,-0.022245384,-0.026978889,-0.243607663,-0.295443956,91.389,-0.026978889,-0.022245384,-0.295443956,-0.243607663,0.005013392,0.024203125,
RGI60-03.01731,0.02575,0.0125,167.8565143,0.000364596,0.000272466,0.000438052,0.000272466,2.85E-06,0.00246611,1,1,-0.011161696,-0.011434162,-0.420229117,-0.430487239,26.582,-0.011434162,-0.011161696,-0.430487239,-0.420229117,0.000364596,0.02575,
RGI60-03.01733,0.0566875,0.014603125,433.5279304,0.018275225,0.018123667,0.008450222,0.018123667,1.44E-05,0.956102331,1,1,-0.058114677,-0.076238344,-0.196856275,-0.258247953,295.439,-0.076238344,-0.058114677,-0.258247953,-0.196856275,0.018275225,0.0566875,
RGI60-03.01738,0.2,0.011225,482.5764246,0.129937439,0.131695225,0.017337395,0.131695225,4.27E-06,27.93078029,1,1,0.050341271,-0.081353954,0.032919364,-0.053199301,1530.284,-0.081353954,0.050341271,-0.053199301,0.032919364,0.129937439,0.2,
RGI60-03.01740,0.1,0.05,70.68323868,3.44E-05,4.29E-05,0.00013869,4.29E-05,3.44E-07,0.072535293,1,1,-0.002138427,-0.002181347,-0.053855429,-0.054936331,39.737,-0.002181347,-0.002138427,-0.054936331,-0.053855429,3.44E-05,0.1,
RGI60-03.01741,4.890625,0.00265625,70.04698921,0.002638764,0.000120601,0.000171614,0.000120601,0,0.003030552,1,1,-0.015446304,-0.015566905,-0.2561248,-0.258124567,60.355,-0.015566905,-0.015446304,-0.258124567,-0.2561248,0.002638764,4.890625,
RGI60-03.01742,0.02575,0.00621875,299.4923601,0.004236901,0.004336613,0.001750318,0.004336613,4.46E-05,0.192977865,1,1,-0.051265194,-0.055601807,-0.64493221,-0.699488161,79.553,-0.055601807,-0.051265194,-0.699488161,-0.64493221,0.004236901,0.02575,
RGI60-03.01743,0.0195625,0.0125,126.406608,0.000406545,0.000490718,0.00052588,0.000490718,1.53E-05,0.074468049,1,1,-0.032927841,-0.033418559,-0.523597315,-0.531400403,62.938,-0.033418559,-0.032927841,-0.531400403,-0.523597315,0.000406545,0.0195625,
RGI60-03.01744,0.038125,0.02080625,241.0017966,0.004921515,0.004775513,0.004119028,0.004775513,1.63E-06,14.99088369,1,1,-0.148265867,-0.153041381,-0.254336162,-0.262528106,583.407,-0.153041381,-0.148265867,-0.262528106,-0.254336162,0.004921515,0.038125,
RGI60-03.01745,0.0566875,0.0205125,133.390004,0.000696785,0.000703507,0.000483097,0.000703507,4.12E-06,0.329352102,1,1,-0.007532169,-0.008235676,-0.263880781,-0.288527335,28.566,-0.008235676,-0.007532169,-0.288527335,-0.263880781,0.000696785,0.0566875,
RGI60-03.01746,0.07525,0.0310625,164.9775564,0.002378972,0.002320332,0.001582652,0.002320332,5.44E-06,0.026038907,1,1,-0.008967646,-0.011287977,-0.348138167,-0.438217102,25.78,-0.011287977,-0.008967646,-0.438217102,-0.348138167,0.002378972,0.07525,
RGI60-03.01750,0.036578125,0.013365625,556.7257462,0.01078745,0.010989436,0.00652241,0.010989436,1.98E-05,0.274191451,1,1,-0.042890997,-0.053880433,-0.244159189,-0.306717114,175.791,-0.053880433,-0.042890997,-0.306717114,-0.244159189,0.01078745,0.036578125,
RGI60-03.01765,0.3,0.0598,102.0464059,0.000299304,0.000199546,0.000170518,0.000199546,1.17E-07,0.008610863,1,1,-0.000609985,-0.000809531,-0.175083627,-0.232359211,3.487,-0.000809531,-0.000609985,-0.232359211,-0.175083627,0.000299304,0.3,
RGI60-03.01772,0.04121875,0.019878125,334.1716398,0.001864411,0.001816669,0.00136222,0.001816669,4.61E-06,0.012418471,1,1,-0.007538105,-0.009354773,-0.416882967,-0.517350953,18.095,-0.009354773,-0.007538105,-0.517350953,-0.416882967,0.001864411,0.04121875,
RGI60-03.01777,0.0505,0.019275,201.6294436,0.000558647,0.000619071,0.000465971,0.000619071,4.70E-06,0.294453182,1,1,-0.019250608,-0.019869679,-0.376128057,-0.388223786,51.219,-0.019869679,-0.019250608,-0.388223786,-0.376128057,0.000558647,0.0505,
RGI60-03.01779,0.2,0.08725,101.9046303,0.000489941,0.000469243,0.000395318,0.000469243,6.20E-07,0.070621636,1,1,-0.010364345,-0.010833587,-0.310619953,-0.324683181,33.391,-0.010833587,-0.010364345,-0.324683181,-0.310619953,0.000489941,0.2,
RGI60-03.01780,0.1,0.4,62.6656007,9.59E-06,9.82E-05,0.000151621,9.82E-05,4.49E-08,0.006910376,1,1,-0.001878234,-0.001976463,-0.3455965,-0.363670762,5.439,-0.001976463,-0.001878234,-0.363670762,-0.3455965,9.59E-06,0.1,
RGI60-03.01782,0.001,0,75.88055528,8.31E-07,0,8.30E-05,0,8.31E-07,0.10869687,1,1,-0.013310704,-0.013310704,-0.286204268,-0.286204268,46.541,-0.013310704,-0.013310704,-0.286204268,-0.286204268,8.31E-07,0.001,
RGI60-03.01783,0.062875,0.00621875,295.8874762,0.011622743,0.01189392,0.001789139,0.01189392,1.22E-06,5.450689924,1,1,-0.044392717,-0.056286637,-0.122172858,-0.154906025,363.616,-0.056286637,-0.044392717,-0.154906025,-0.122172858,0.011622743,0.062875,
RGI60-03.01784,0.038125,0.019878125,309.780478,0.009199897,0.008822289,0.007254458,0.008822289,1.25E-05,0.04553258,1,1,-0.024255615,-0.033077904,-0.290406175,-0.396033151,83.587,-0.033077904,-0.024255615,-0.396033151,-0.290406175,0.009199897,0.038125,
RGI60-03.01785,0.033484375,0.018025586,540.9439241,0.010069895,0.009867533,0.008645139,0.009867533,5.48E-05,0.364741763,1,1,-0.035796811,-0.045664344,-0.197568577,-0.252029138,181.314,-0.045664344,-0.035796811,-0.252029138,-0.197568577,0.010069895,0.033484375,
RGI60-03.01891,0.15,0.0399,96.1367434,0.000184534,0.000174841,0.000159293,0.000174841,4.22E-08,0.017580101,1,1,-0.001372367,-0.001547208,-0.40669107,-0.458504005,3.377,-0.001547208,-0.001372367,-0.458504005,-0.40669107,0.000184534,0.15,
RGI60-03.01892,0.062875,0.01553125,636.4250492,0.012398583,0.012130225,0.00533912,0.012130225,3.08E-05,0.04897693,1,1,-0.030433677,-0.042563901,-0.317875177,-0.44457355,95.815,-0.042563901,-0.030433677,-0.44457355,-0.317875177,0.012398583,0.062875,
RGI60-03.01893,0.1,0.25,45.25315142,0,7.90E-05,0.000125864,7.90E-05,0,0.032386988,1,1,-0.003515241,-0.00359427,-0.378480379,-0.386989266,9.295,-0.00359427,-0.003515241,-0.386989266,-0.378480379,0,0.1,
RGI60-03.01897,0.07525,0.013675,715.9320772,0.048273169,0.049325632,0.014931622,0.049325632,8.21E-05,6.700464265,1,1,-0.090754895,-0.140080527,-0.185059865,-0.285640608,490.772,-0.140080527,-0.090754895,-0.285640608,-0.185059865,0.048273169,0.07525,
RGI60-03.01993,0.0505,0.01615,110.5365768,0.000342198,0.00028476,0.000235469,0.00028476,1.32E-06,0.000891766,1,1,-0.002109906,-0.002394666,-0.61650135,-0.69970643,3.425,-0.002394666,-0.002109906,-0.69970643,-0.61650135,0.000342198,0.0505,
RGI60-03.01994,0.001,0.05,71.68883095,8.91E-07,5.85E-05,8.80E-05,5.85E-05,8.91E-07,0.03576127,1,1,-0.003315547,-0.003374016,-0.603627528,-0.614272441,5.497,-0.003374016,-0.003315547,-0.614272441,-0.603627528,8.91E-07,0.001,
RGI60-03.02230,0.024203125,0.01396875,181.860964,0.007805353,0.007678434,0.007053601,0.007678434,1.61E-05,0.111079919,1,1,-0.027073781,-0.034752215,-0.563192182,-0.722919922,48.105,-0.034752215,-0.027073781,-0.722919922,-0.563192182,0.007805353,0.024203125,
RGI60-03.02429,0.14375,0.026775,223.2089459,0.01401009,0.013808415,0.004389305,0.013808415,2.27E-05,8.069330017,1,1,-0.211909681,-0.225718095,-0.319432829,-0.340247645,663.918,-0.225718095,-0.211909681,-0.340247645,-0.319432829,0.01401009,0.14375,
RGI60-03.02430,0.07525,0.0373125,88.544592,0.000460815,0.00052552,0.000472757,0.00052552,2.38E-06,0.223464461,1,1,-0.007573688,-0.008099208,-0.219148583,-0.234354784,34.587,-0.008099208,-0.007573688,-0.234354784,-0.219148583,0.000460815,0.07525,
RGI60-03.02431,0.062875,0.03109375,157.1346128,0.000662723,0.000725222,0.000556308,0.000725222,2.57E-06,0.148056897,1,1,-0.004189498,-0.004914721,-0.240805846,-0.282490495,17.412,-0.004914721,-0.004189498,-0.282490495,-0.240805846,0.000662723,0.062875,
RGI60-03.02432,0.1,0.01485,109.187934,0.000268678,0.000202542,0.000151667,0.000202542,4.59E-07,0.022375571,1,1,-0.000860295,-0.001062837,-0.197190762,-0.243616086,4.366,-0.001062837,-0.000860295,-0.243616086,-0.197190762,0.000268678,0.1,
RGI60-03.02434,0.2,0.07985,92.11558411,0.000222475,0.000225511,0.000178731,0.000225511,2.17E-07,0.042372585,1,1,-0.004991739,-0.005217249,-0.288956736,-0.302010876,17.288,-0.005217249,-0.004991739,-0.302010876,-0.288956736,0.000222475,0.2,
RGI60-03.02435,0.04740625,0.023296875,249.7055745,0.006911735,0.007002434,0.005684561,0.007002434,1.20E-05,12.20915866,1,1,-0.151410648,-0.158413082,-0.197960828,-0.207116113,765.44,-0.158413082,-0.151410648,-0.207116113,-0.197960828,0.006911735,0.04740625,
RGI60-03.02437,0.001,0.05,59.88763875,9.03E-07,6.56E-05,6.62E-05,6.56E-05,9.03E-07,0.038770861,1,1,-0.000232533,-0.000298162,-0.037686653,-0.048323056,6.176,-0.000298162,-0.000232533,-0.048323056,-0.037686653,9.03E-07,0.001,
RGI60-03.02438,0.087625,0.036075,103.8801256,0.000821716,0.000848544,0.000590499,0.000848544,1.57E-06,0.002037224,1,1,-0.002346685,-0.003195228,-0.266744677,-0.363197539,8.804,-0.003195228,-0.002346685,-0.363197539,-0.266744677,0.000821716,0.087625,
RGI60-03.02442,0.125,0.006225,455.7408325,0.139593225,0.140346176,0.015474762,0.140346176,1.81E-05,30.33623975,1,1,-0.127754402,-0.268100578,-0.112703827,-0.236516008,1134.439,-0.268100578,-0.127754402,-0.236516008,-0.112703827,0.139593225,0.125,
RGI60-03.02446,0.04740625,0.018253906,194.9971188,0.007097381,0.007113246,0.004707177,0.007113246,1.21E-05,0.13958332,1,1,-0.024141263,-0.031254509,-0.406350497,-0.526082066,59.458,-0.031254509,-0.024141263,-0.526082066,-0.406350497,0.007097381,0.04740625,
RGI60-03.02447,0.1,0,70.04511425,8.86E-05,2.15E-05,3.58E-05,2.15E-05,2.48E-07,0.016184813,1,1,-0.000972349,-0.000993804,-0.159243036,-0.162756844,6.111,-0.000993804,-0.000972349,-0.162756844,-0.159243036,8.86E-05,0.1,
RGI60-03.02448,0.04740625,0.019414063,207.6334816,0.001109313,0.001104643,0.000798745,0.001104643,4.18E-06,0.554564796,1,1,-0.020510513,-0.021615156,-0.477694476,-0.503421859,42.971,-0.021615156,-0.020510513,-0.503421859,-0.477694476,0.001109313,0.04740625,
RGI60-03.02451,0.07215625,0.026058203,263.5767547,0.00495487,0.004915063,0.003019711,0.004915063,8.82E-06,1.645683766,1,1,-0.018863896,-0.02377896,-0.261189225,-0.329243116,72.281,-0.02377896,-0.018863896,-0.329243116,-0.261189225,0.00495487,0.07215625,
RGI60-03.02452,0.07525,0.03604375,220.2026986,0.006867753,0.006858941,0.005275649,0.006858941,1.26E-05,1.945701199,1,1,-0.037745014,-0.044603955,-0.337843561,-0.399235751,111.813,-0.044603955,-0.037745014,-0.399235751,-0.337843561,0.006867753,0.07525,
RGI60-03.02455,0.087625,0.029825,169.4789165,0.000776426,0.000700154,0.000469171,0.000700154,9.30E-07,0.053123204,1,1,-0.001134309,-0.001834463,-0.14281429,-0.230966721,7.949,-0.001834463,-0.001134309,-0.230966721,-0.14281429,0.000776426,0.087625,
RGI60-03.02456,0.055140625,0.021556641,315.2182228,0.004904142,0.00490614,0.003276407,0.00490614,1.28E-05,0.07545323,1,1,-0.013054469,-0.017960609,-0.265075975,-0.36469703,49.287,-0.017960609,-0.013054469,-0.36469703,-0.265075975,0.004904142,0.055140625,
RGI60-03.02457,0.1,0.019275,544.1850218,0.048827109,0.04980023,0.017421455,0.04980023,2.88E-05,11.52200755,1,1,-0.096166694,-0.145966925,-0.168258989,-0.255392445,572.004,-0.145966925,-0.096166694,-0.255392445,-0.168258989,0.048827109,0.1,
RGI60-03.02460,0.275,0.15,143.8392073,0.000854438,0.00092969,0.001040246,0.00092969,3.63E-07,0.086281191,1,1,-0.007452601,-0.008382291,-0.223708604,-0.251615604,33.341,-0.008382291,-0.007452601,-0.251615604,-0.223708604,0.000854438,0.275,
RGI60-03.02462,0.03503125,0.014757813,172.0522496,0.001036222,0.001013107,0.000686612,0.001013107,1.28E-06,0.014892607,1,1,-0.002473109,-0.003486216,-0.119187437,-0.16801244,20.767,-0.003486216,-0.002473109,-0.16801244,-0.119187437,0.001036222,0.03503125,
RGI60-03.02463,0.03503125,0.014757813,170.1829235,0.001241422,0.001278456,0.000880982,0.001278456,1.52E-06,0.014685581,1,1,-0.003657082,-0.004935537,-0.133697219,-0.180435565,27.377,-0.004935537,-0.003657082,-0.180435565,-0.133697219,0.001241422,0.03503125,
RGI60-03.02464,0.05978125,0.034542969,337.5320882,0.019105633,0.019224631,0.017380726,0.019224631,4.86E-05,0.118966629,1,1,-0.02191528,-0.041139911,-0.127673087,-0.239671112,171.787,-0.041139911,-0.02191528,-0.239671112,-0.127673087,0.019105633,0.05978125,
RGI60-03.02465,0.062875,0.0310625,215.5030161,0.001108847,0.001102301,0.000933045,0.001102301,2.78E-06,0.152478112,1,1,-0.004082963,-0.005185264,-0.255802573,-0.324863043,15.974,-0.005185264,-0.004082963,-0.324863043,-0.255802573,0.001108847,0.062875,
RGI60-03.02466,0.1125,0.05625,265.4436613,0.011517034,0.011707373,0.014012056,0.011707373,1.71E-05,4.54067243,1,1,-0.049428061,-0.061135434,-0.257680078,-0.318713359,191.973,-0.061135434,-0.049428061,-0.318713359,-0.257680078,0.011517034,0.1125,
RGI60-03.02467,0.07215625,0.020048438,673.7319901,0.177714662,0.179806152,0.086905306,0.179806152,0.000386898,118.0468891,1,1,-0.43875269,-0.618558842,-0.167413977,-0.236022247,2622.813,-0.618558842,-0.43875269,-0.236022247,-0.167413977,0.177714662,0.07215625,
RGI60-03.02469,0.014921875,0.009375,393.0539641,0.020383739,0.018203476,0.021920617,0.018203476,0.000400281,6.144624987,1,1,-0.276638669,-0.294842145,-0.470366327,-0.50131754,588.587,-0.294842145,-0.276638669,-0.50131754,-0.470366327,0.020383739,0.014921875,
RGI60-03.02473,0.055140625,0.019994141,161.0152205,0.002691882,0.002689623,0.001879007,0.002689623,2.11E-05,6.110226168,1,1,-0.118722567,-0.12141219,-0.470653625,-0.481316138,252.45,-0.12141219,-0.118722567,-0.481316138,-0.470653625,0.002691882,0.055140625,
RGI60-03.02488,0.04121875,0.018872656,360.1229795,0.008384048,0.008146982,0.006057436,0.008146982,5.05E-05,11.25162132,1,1,-0.168362012,-0.176508994,-0.357694238,-0.375002943,471.084,-0.176508994,-0.168362012,-0.375002943,-0.357694238,0.008384048,0.04121875,
RGI60-03.02489,0.062875,0.010875,642.0478478,0.105982815,0.103502227,0.032549255,0.103502227,0.000245904,70.67910866,1,1,-0.373240444,-0.476742671,-0.17207459,-0.219792096,2170.549,-0.476742671,-0.373240444,-0.219792096,-0.17207459,0.105982815,0.062875,
RGI60-03.02667,0.03503125,0.005677344,528.9505076,0.030467474,0.031917224,0.007645145,0.031917224,6.72E-05,0.546116371,1,1,-0.058579681,-0.090496905,-0.300052836,-0.463537057,195.386,-0.090496905,-0.058579681,-0.463537057,-0.300052836,0.030467474,0.03503125,
RGI60-03.02668,0.011828125,0.009375,365.120642,0.008673289,0.010170271,0.012565569,0.010170271,0.000453998,1.173744512,1,1,-0.246103022,-0.256273293,-0.141999694,-0.147867868,1734.5,-0.256273293,-0.246103022,-0.147867868,-0.141999694,0.008673289,0.011828125,
RGI60-03.02681,0.018015625,0.004540234,427.1330922,0.004672636,0.004628515,0.002194887,0.004628515,3.05E-05,0.413500412,1,1,-0.051023069,-0.055651583,-0.254565938,-0.277658672,200.592,-0.055651583,-0.051023069,-0.277658672,-0.254565938,0.004672636,0.018015625,
RGI60-03.02687,0.014921875,0.003998828,374.0953359,0.003574827,0.003239232,0.001470868,0.003239232,3.10E-05,19.5366679,1,1,-0.097698267,-0.100937499,-0.111702867,-0.115406429,875.281,-0.100937499,-0.097698267,-0.115406429,-0.111702867,0.003574827,0.014921875,
RGI60-03.02811,0.033484375,0.003998828,552.4828621,0.00689039,0.007047556,0.001766318,0.007047556,1.34E-05,8.771103125,1,1,-0.092163444,-0.099211,-0.209166861,-0.225161436,440.969,-0.099211,-0.092163444,-0.225161436,-0.209166861,0.00689039,0.033484375,
RGI60-03.02836,0.02884375,0.004346875,481.1730843,0.014794914,0.014658736,0.004469234,0.014658736,4.99E-05,1.221593852,1,1,-0.070554983,-0.085213719,-0.106875394,-0.129080178,660.666,-0.085213719,-0.070554983,-0.129080178,-0.106875394,0.014794914,0.02884375,
RGI60-03.02849,0.018015625,0.006102734,419.3257406,0.048496512,0.051864127,0.028523821,0.051864127,0.000791075,2.945555852,1,1,-0.165881033,-0.217745159,-0.153948245,-0.202081484,1078.334,-0.217745159,-0.165881033,-0.202081484,-0.153948245,0.048496512,0.018015625,
RGI60-03.02860,0.04740625,0.028125,578.9443755,0.00551986,0.005568421,0.00641991,0.005568421,8.91E-06,0.016225842,1,1,-0.004106913,-0.009675334,-0.239064329,-0.563203327,17.193,-0.009675334,-0.004106913,-0.563203327,-0.239064329,0.00551986,0.04740625,
RGI60-03.02904,0.008734375,0.005429688,329.5485713,0.005537399,0.005077192,0.004612917,0.005077192,0.000437254,1.307533819,1,1,-0.244182459,-0.249259651,-0.176498135,-0.180167993,1384.541,-0.249259651,-0.244182459,-0.180167993,-0.176498135,0.005537399,0.008734375,
RGI60-03.03274,0.0814375,0.007146875,715.4388405,0.086572948,0.086191133,0.012522097,0.086191133,0.000183828,24.8694175,1,1,-0.311260257,-0.39745139,-0.256411398,-0.327414323,1214.844,-0.39745139,-0.311260257,-0.327414323,-0.256411398,0.086572948,0.0814375,
RGI60-03.03299,0.11875,0.03605,180.2105399,0.002408561,0.002374377,0.001625665,0.002374377,4.78E-06,0.943073588,1,1,-0.046592922,-0.048967299,-0.388222203,-0.40800602,120.108,-0.048967299,-0.046592922,-0.40800602,-0.388222203,0.002408561,0.11875,
RGI60-03.03303,0.0319375,0.015625,345.3913088,0.002817471,0.002869567,0.003178346,0.002869567,3.32E-05,2.887132855,1,1,-0.054241128,-0.057110695,-0.323603082,-0.340722945,167.744,-0.057110695,-0.054241128,-0.340722945,-0.323603082,0.002817471,0.0319375,
RGI60-03.03314,0.06596875,0.020744531,179.1741439,0.002571444,0.002599953,0.001507709,0.002599953,1.30E-05,0.979200039,1,1,-0.022898501,-0.025498454,-0.235824609,-0.262600729,97.176,-0.025498454,-0.022898501,-0.262600729,-0.235824609,0.002571444,0.06596875,
RGI60-03.03385,0.325,0.131,171.2815614,0.007208176,0.007431546,0.005352211,0.007431546,2.75E-06,0.493763748,1,1,-0.02140388,-0.028835426,-0.282472078,-0.380547944,75.834,-0.028835426,-0.02140388,-0.380547944,-0.282472078,0.007208176,0.325,
RGI60-03.03389,0.05978125,0.006064063,631.1068796,0.145397501,0.147482242,0.020243295,0.147482242,0.000363416,0.899794394,1,1,-0.041122463,-0.188604705,-0.053133469,-0.243692168,774.565,-0.188604705,-0.041122463,-0.243692168,-0.053133469,0.145397501,0.05978125,
RGI60-03.03449,0.0566875,0.02080625,0.295331428,0.008803675,0.068977619,0.015625364,0.06772101,6.02E-06,0.006233299,1,1,0.003477092,-0.064243918,0.254247732,-4.701282154,13.676,-0.064243918,0.0047337,-4.701282154,0.346405703,0.006233299,5,
RGI60-03.03450,0.05359375,0.021866016,324.8724472,0.012378099,0.012022634,0.007770249,0.012022634,1.20E-05,0.025003142,1,1,-0.013217352,-0.025239987,-0.185989151,-0.355166718,71.122,-0.025239987,-0.013217352,-0.355166718,-0.185989151,0.012378099,0.05359375,
RGI60-03.03490,0.0566875,0.02080625,65.72176172,0.00016303,0.003749864,0.002332184,0.003749864,9.26E-08,8.42E-05,1,1,-0.000783823,-0.004533687,-0.283227957,-1.638209778,2.77,-0.004533687,-0.000783823,-1.638209778,-0.283227957,8.42E-05,5,
RGI60-03.03545,0.0566875,0.02080625,107.9255717,0.000439532,0.001672628,0.00113133,0.001209863,3.64E-07,0.000532563,1,1,0.000379846,-0.000830017,0.254247732,-0.555835928,1.494,-0.000830017,0.000842611,-0.555835928,0.56426974,0.000532563,5,
RGI60-03.03546,0.0566875,0.02080625,78.08909406,0.000705645,0.001422972,0.001485273,0.001107229,2.90E-07,0.000507272,1,1,0.000458154,-0.000649075,0.254247732,-0.360577118,1.802,-0.000649075,0.000773897,-0.360577118,0.429918913,0.000507272,5,
RGI60-03.03547,0.5,0.0999,283.0867482,0.020283713,0.024466582,0.009071699,0.020914256,6.28E-07,0.242735385,1,1,0.004418826,-0.01649543,0.254247732,-0.949866995,17.38,-0.01649543,0.007971152,-0.949866995,0.459007991,0.020283713,0.5,
RGI60-03.03553,0.07834375,0.036894531,277.4934718,0.004327668,0.004271721,0.003346746,0.004271721,3.31E-06,0.024092726,1,1,-0.002910633,-0.007182354,-0.170329541,-0.420309666,17.102,-0.007182354,-0.002910633,-0.420309666,-0.170329541,0.004327668,0.07834375,
RGI60-03.03644,0.0566875,0.0205125,350.5634085,0.003505686,0.003531886,0.001966204,0.003531886,3.15E-06,0.004085882,1,1,-0.001108132,-0.004640018,-0.16832691,-0.704825881,6.588,-0.004640018,-0.001108132,-0.704825881,-0.16832691,0.003505686,0.0566875,
RGI60-03.03656,0.021109375,0.003573438,456.5253004,0.005104678,0.005238562,0.001538955,0.005238562,3.43E-05,0.066704212,1,1,-0.005760653,-0.010999215,-0.213707888,-0.408047349,26.977,-0.010999215,-0.005760653,-0.408047349,-0.213707888,0.005104678,0.021109375,
RGI60-03.03886,0.07525,0.05,77.92517226,0.000186874,0.000236597,0.000265614,0.000236597,6.26E-07,0.127317759,1,1,-0.007198585,-0.007435181,-0.49866205,-0.515051624,14.447,-0.007435181,-0.007198585,-0.515051624,-0.49866205,0.000186874,0.07525,
RGI60-03.03887,0.013375,0.0068375,369.6314269,0.000787829,0.000798382,0.000686063,0.000798382,8.35E-06,0.061341638,1,1,-0.006189643,-0.006988025,-0.273870049,-0.309195661,22.618,-0.006988025,-0.006189643,-0.309195661,-0.273870049,0.000787829,0.013375,
RGI60-03.03888,0.0566875,0.02080625,0.120825378,0.002628133,0.003865198,0.002213162,0.003865198,2.05E-06,0.000403007,1,1,0.001478724,-0.002386474,0.225854019,-0.364500079,6.552,-0.002386474,0.001478724,-0.364500079,0.225854019,0.000403007,5,
RGI60-03.03896,0.5625,0.093428516,82.48527702,0.000962731,0.000954354,0.000747217,0.000954354,0,0.080515379,1,1,-0.014097368,-0.015051722,-0.501963423,-0.535945016,28.107,-0.015051722,-0.014097368,-0.535945016,-0.501963423,0.000962731,0.5625,
RGI60-03.03936,0.02575,0.0074875,293.2334207,0.000139598,0.000141324,0.000113872,0.000141324,7.25E-07,0.001743115,1,1,-0.002294407,-0.002435731,-0.412759712,-0.438183679,5.563,-0.002435731,-0.002294407,-0.438183679,-0.412759712,0.000139598,0.02575,
RGI60-03.03950,0.1,1.15,34.26732533,0,8.86E-05,9.98E-05,8.86E-05,0,0.00675062,1,1,-0.001502553,-0.001591135,-0.272303499,-0.288356946,5.522,-0.001591135,-0.001502553,-0.288356946,-0.272303499,0,0.1,
RGI60-03.03956,0.9,0.5197,107.9866894,0.001197621,0.001263462,0.001052311,0.001263462,1.54E-07,0.010634058,1,1,-0.001564255,-0.002827717,-0.25873856,-0.467723785,6.05,-0.002827717,-0.001564255,-0.467723785,-0.25873856,0.001197621,0.9,
RGI60-03.03959,0.9,0.42475,124.9637196,0.001058504,0.001091551,0.000880389,0.001091551,9.70E-08,0.012848006,1,1,-0.002284954,-0.003376505,-0.222921567,-0.329413961,10.258,-0.003376505,-0.002284954,-0.329413961,-0.222921567,0.001058504,0.9,
RGI60-03.03981,0.1625,0.071625,347.9301373,0.023290645,0.023418729,0.015980642,0.023418729,2.10E-06,2.19975327,1,1,-0.019246684,-0.042665413,-0.16089341,-0.356663191,119.715,-0.042665413,-0.019246684,-0.356663191,-0.16089341,0.023290645,0.1625,
RGI60-03.03983,0.1,0.15,70.65739469,0.000101239,0.000190414,0.000248074,0.000190414,3.29E-07,0.048374933,1,1,-0.00589562,-0.006086034,-0.303180612,-0.312972614,19.461,-0.006086034,-0.00589562,-0.312972614,-0.303180612,0.000101239,0.1,
RGI60-03.03984,0.013375,0.0125,361.6762959,0.000438486,0.000517415,0.000726258,0.000517415,6.60E-06,0.046592442,1,1,-0.011935176,-0.012452591,-0.376674731,-0.393004385,31.71,-0.012452591,-0.011935176,-0.393004385,-0.376674731,0.000438486,0.013375,
RGI60-03.03989,0.062875,0.03728125,636.4250492,0.007547125,0.007771908,0.00675765,0.007771908,7.76E-06,0.027394307,1,1,-0.008075442,-0.01584735,-0.223998984,-0.439578469,36.079,-0.01584735,-0.008075442,-0.439578469,-0.223998984,0.007547125,0.062875,
RGI60-03.03992,0.038125,0.013675,164.4183962,0.000485074,0.000436901,0.000318243,0.000436901,1.70E-06,0.280040276,1,1,-0.008474253,-0.008911154,-0.446154475,-0.469156515,19.009,-0.008911154,-0.008474253,-0.469156515,-0.446154475,0.000485074,0.038125,
RGI60-03.03994,0.475,0.10925,171.4053411,0.011019378,0.011238072,0.004268158,0.011238072,1.79E-06,0.26129674,1,1,-0.009195106,-0.020433178,-0.379416215,-0.843131014,24.254,-0.020433178,-0.009195106,-0.843131014,-0.379416215,0.011019378,0.475,
RGI60-03.03997,0.0938125,0.053554688,757.500758,0.098372008,0.096027495,0.087072966,0.096027495,4.00E-05,0.300014209,1,1,-0.075800584,-0.171828079,-0.300258205,-0.68063843,252.646,-0.171828079,-0.075800584,-0.68063843,-0.300258205,0.098372008,0.0938125,
RGI60-03.04381,0.04740625,0.025617188,210.5087513,0.001444835,0.00140553,0.001287855,0.00140553,7.28E-06,0.602668698,1,1,-0.02240138,-0.023806911,-0.418673339,-0.444942173,53.547,-0.023806911,-0.02240138,-0.444942173,-0.418673339,0.001444835,0.04740625,
RGI60-03.04385,0.02575,0.015625,248.3520723,0.000612848,0.000705718,0.000709645,0.000705718,1.77E-06,0.006652325,1,1,-0.007803313,-0.008509031,-0.269040928,-0.293372505,29.026,-0.008509031,-0.007803313,-0.293372505,-0.269040928,0.000612848,0.02575,
RGI60-03.04536,0.08453125,0.008864062,702.7675357,0.014735872,0.018986813,0.003205897,0.014904378,5.82E-06,0.017117545,1,0,0.001059959,-0.013844419,0.254247732,-3.323663077,4.169,-0.013844419,0.005142394,-3.323663077,1.234546992,0.014735872,0.08453125,
RGI60-03.00285,0.0566875,0.02080625,148.8386782,0.000245774,,0,0,0,0,1,1,-0.001048569,-0.001294343,-0.284011006,-0.350580348,3.692,0,-0.001054155,-0.285523972,-0.285523972,0,0,0
RGI60-03.00424,0.0566875,0.02080625,151.6225881,0.001682271,,0,0,0,0,1,1,-0.023098426,-0.024780697,-0.209444945,-0.22469893,110.284,0,-0.023151742,-0.209928385,-0.209928385,0,0,0
RGI60-03.00432,0.0566875,0.02080625,142.1818109,0.001018361,,0,0,0,0,1,1,-0.050253359,-0.05127172,-0.221708605,-0.226201426,226.664,0,-0.050345222,-0.222113886,-0.222113886,0,0,0
RGI60-03.00564,0.0566875,0.02080625,55.38130521,2.52E-06,,0,0,0,0,1,1,-0.002245017,-0.002247542,-0.369732786,-0.370148627,6.072,0,-0.002245775,-0.369857539,-0.369857539,0,0,0
RGI60-03.00572,0.0566875,0.02080625,49.56963971,2.86E-06,,0,0,0,0,1,1,-0.00142343,-0.001426288,-0.310656879,-0.311280692,4.582,0,-0.001424287,-0.310844023,-0.310844023,0,0,0
RGI60-03.01401,0.0566875,0.02080625,90.70481249,6.90E-05,,0,0,0,0,1,1,-0.001021378,-0.001090371,-0.313883972,-0.335086249,3.254,0,-0.001042076,-0.320244655,-0.320244655,0,0,0
RGI60-03.01404,0.0566875,0.02080625,23.48398346,0,,0,0,0,0,1,1,-5.23E-06,-5.23E-06,-0.041824737,-0.041824737,0.125,0,-5.23E-06,-0.041824737,-0.041824737,0,0,0
RGI60-03.01441,0.04555,0.02080625,114.0054344,4.95E-05,,0,0,3.47E-07,0.000142789,1,1,0.000169538,0.000120009,0.286866037,0.203060945,0.591,0,0.000154679,0.261724509,0.261724509,0,0,0
RGI60-03.01443,0.0566875,0.02080625,22.69311054,0,,0,0,0,0,1,1,-5.92E-06,-5.92E-06,-0.455458956,-0.455458956,0.013,0,-5.92E-06,-0.455458956,-0.455458956,0,0,0
RGI60-03.01470,0.0566875,0.02080625,46.46781284,0,,0,0,0,0,1,1,-0.016429388,-0.016429388,-0.574132917,-0.574132917,28.616,0,-0.016429388,-0.574132917,-0.574132917,0,0,0
RGI60-03.01484,0.0566875,0.02080625,24.29426784,0,,0,0,0,0,1,1,-4.71E-05,-4.71E-05,-0.07872903,-0.07872903,0.598,0,-4.71E-05,-0.07872903,-0.07872903,0,0,0
RGI60-03.01489,0.0566875,0.02080625,13.62977269,0,,0,0,0,5.09E-05,1,1,1.38E-06,1.38E-06,0.057349742,0.057349742,0.024,0,1.38E-06,0.057349742,0.057349742,0,0,0
RGI60-03.01491,0.0566875,0.02080625,34.4970292,0,,0,0,0,0,1,1,-0.000631583,-0.000631583,-0.259483546,-0.259483546,2.434,0,-0.000631583,-0.259483546,-0.259483546,0,0,0
RGI60-03.01492,0.0566875,0.02080625,21.32109468,0,,0,0,2.44E-10,0,1,1,5.50E-06,5.50E-06,0.096467648,0.096467648,0.057,0,5.50E-06,0.096467648,0.096467648,0,0,0
RGI60-03.01494,0.0566875,0.02080625,44.45337356,0,,0,0,0,0,1,1,-0.000721431,-0.000721431,-0.339337121,-0.339337121,2.126,0,-0.000721431,-0.339337121,-0.339337121,0,0,0
RGI60-03.01498,0.0566875,0.02080625,19.10092408,0,,0,0,0,0,1,1,-0.000186741,-0.000186741,-0.409520802,-0.409520802,0.456,0,-0.000186741,-0.409520802,-0.409520802,0,0,0
RGI60-03.01505,0.0566875,0.02080625,18.53768169,0,,0,0,0,0,1,1,-1.71E-05,-1.71E-05,-0.189742596,-0.189742596,0.09,0,-1.71E-05,-0.189742596,-0.189742596,0,0,0
RGI60-03.01507,0.0566875,0.02080625,91.8217534,4.35E-06,,0,0,0,0,1,1,-1.89E-06,-6.25E-06,-0.172025297,-0.56776473,0.011,0,-3.20E-06,-0.290747127,-0.290747127,0,0,0
RGI60-03.01525,0.0566875,0.02080625,100.2867425,6.55E-05,,0,0,0,0,1,1,-0.000247769,-0.000313249,-0.051801996,-0.065492075,4.783,0,-0.000267413,-0.05590902,-0.05590902,0,0,0
RGI60-03.01526,0.0566875,0.02080625,144.5059555,0.00012901,,0,0,0,0,1,1,-0.001112306,-0.001241316,-0.216654795,-0.241783425,5.134,0,-0.001151009,-0.224193384,-0.224193384,0,0,0
RGI60-03.01565,0.0566875,0.02080625,301.5982795,0.004158922,,0,0,0,0,1,1,-0.010418541,-0.014577464,-0.491093155,-0.687130038,21.215,0,-0.010731722,-0.505855404,-0.505855404,0,0,0
RGI60-03.01594,0.0344125,0.02080625,148.1384923,2.33E-05,,0,0,0,0,1,0,5.98E-07,-2.27E-05,0.027199332,-1.032622198,0.022,0,-6.40E-06,-0.290747127,-0.290747127,0,0,0
RGI60-03.01620,0.0566875,0.02080625,159.1026373,0.000768383,,0,0,0,0,1,1,-0.016516277,-0.01728466,-0.523362597,-0.547710888,31.558,0,-0.016721815,-0.529875629,-0.529875629,0,0,0
RGI60-03.01629,0.0566875,0.02080625,58.79741475,7.47E-06,,0,0,0,0,1,1,-0.006434139,-0.006441612,-0.381802724,-0.382246148,16.852,0,-0.006436381,-0.381935751,-0.381935751,0,0,0
RGI60-03.01661,0.0566875,0.02080625,89.44998576,6.72E-05,,0,0,0,0,1,1,-0.001390299,-0.001457455,-0.266238804,-0.279098972,5.222,0,-0.001410446,-0.270096854,-0.270096854,0,0,0
RGI60-03.01671,0.0566875,0.02080625,161.4285211,0.000672445,,0,0,0,0,1,1,-0.002684191,-0.003356636,-0.523744571,-0.654953292,5.125,0,-0.002885924,-0.563107187,-0.563107187,0,0,0
RGI60-03.01674,0.0566875,0.02080625,152.4562549,0.000480096,,0,0,0,0,1,1,-0.000902263,-0.001382358,-0.492770367,-0.754974387,1.831,0,-0.000902263,-0.492770367,-0.492770367,0,0,0
RGI60-03.01675,0.0566875,0.02080625,136.1427107,0.000445658,,0,0,0,0,1,1,-0.001246322,-0.00169198,-0.508702902,-0.690603947,2.45,0,-0.001380019,-0.563273216,-0.563273216,0,0,0
RGI60-03.01676,0.0566875,0.02080625,105.3117883,6.89E-05,,0,0,0,0,1,1,-0.000817483,-0.000886415,-0.686384029,-0.744261459,1.191,0,-0.000817483,-0.686384029,-0.686384029,0,0,0
RGI60-03.01701,0.0566875,0.02080625,515.4278474,0.00260191,,0,0,0,0,1,0,-0.004675991,-0.007277901,-0.729711485,-1.135752367,6.408,0,-0.004801882,-0.749357335,-0.749357335,0,0,0
RGI60-03.01720,0.0566875,0.02080625,118.5097166,0.000129555,,0,0,0,0,1,1,-0.047427408,-0.047556963,-0.454185459,-0.455426131,104.423,0,-0.047466275,-0.454557661,-0.454557661,0,0,0
RGI60-03.01726,0.0566875,0.02080625,156.7376486,0.000822374,,0,0,0,0,1,1,-0.008623055,-0.009445429,-0.610741194,-0.668987118,14.119,0,-0.008869767,-0.628214972,-0.628214972,0,0,0
RGI60-03.01787,0.0566875,0.02080625,35.75556225,9.25E-07,,0,0,0,0,1,1,-0.001387902,-0.001388827,-0.288845445,-0.289037857,4.805,0,-0.00138818,-0.288903169,-0.288903169,0,0,0
RGI60-03.02439,0.0566875,0.02080625,22.3667045,0,,0,0,0,0,1,1,-3.20E-06,-3.20E-06,-0.290747127,-0.290747127,0.011,0,-3.20E-06,-0.290747127,-0.290747127,0,0,0
RGI60-03.02450,0.0566875,0.02080625,22.16263437,0,,0,0,4.60E-10,0.00032196,1,1,2.26E-05,2.26E-05,0.165939737,0.165939737,0.136,0,2.26E-05,0.165939737,0.165939737,0,0,0
RGI60-03.02461,0.0566875,0.02080625,151.7083717,0.000273477,,0,0,0,0,1,1,-0.001585224,-0.0018587,-0.208116547,-0.244020003,7.617,0,-0.001667267,-0.218887584,-0.218887584,0,0,0
RGI60-03.02470,0.0566875,0.02080625,20.9775668,0,,0,0,0,0,1,1,-9.89E-06,-9.89E-06,-0.290747127,-0.290747127,0.034,0,-9.89E-06,-0.290747127,-0.290747127,0,0,0
RGI60-03.02841,0.0566875,0.02080625,84.08664944,1.49E-05,,0,0,0,0,1,1,-0.006184602,-0.006199503,-0.491895504,-0.493080651,12.573,0,-0.006186894,-0.492077806,-0.492077806,0,0,0
RGI60-03.03446,0.0566875,0.02080625,47.35726447,0,,0,0,0,0,1,1,-0.00061888,-0.00061888,-0.345743104,-0.345743104,1.79,0,-0.00061888,-0.345743104,-0.345743104,0,0,0
RGI60-03.03448,0.0566875,0.02080625,266.6108223,0.00093687,,0,0,0,0,1,1,-0.008259317,-0.009196188,-0.497669159,-0.554120736,16.596,0,-0.008408138,-0.506636409,-0.506636409,0,0,0
RGI60-03.03453,0.0566875,0.02080625,119.7031551,3.74E-05,,0,0,0,0,1,1,-0.002135093,-0.002172488,-0.51936091,-0.528457258,4.111,0,-0.002146311,-0.522089815,-0.522089815,0,0,0
RGI60-03.03470,0.0566875,0.02080625,38.76122458,0,,0,0,0,0,1,1,-0.000564469,-0.000564469,-0.354343529,-0.354343529,1.593,0,-0.000564469,-0.354343529,-0.354343529,0,0,0
RGI60-03.03492,0.0566875,0.02080625,111.1974665,0.000121496,,0,0,0,0,1,1,-0.004711457,-0.004832953,-0.4068967,-0.417389498,11.579,0,-0.004747711,-0.410027699,-0.410027699,0,0,0
RGI60-03.03528,0.0566875,0.02080625,27.0603722,0,,0,0,0,0.001008771,1,1,3.53E-05,3.53E-05,0.039013441,0.039013441,0.904,0,3.53E-05,0.039013441,0.039013441,0,0,0
RGI60-03.03562,0.0566875,0.02080625,624.649253,0.060855739,,0,0,0,0,1,0,-0.004034444,-0.064890183,-0.05453647,-0.877167004,73.977,0,-0.005380212,-0.072728175,-0.072728175,0,0,0
RGI60-03.03655,0.0566875,0.02080625,609.4086016,0.012534789,,0,0,0,0,1,1,-0.006344542,-0.018879331,-0.201299004,-0.599001545,31.518,0,-0.006698171,-0.212518909,-0.212518909,0,0,0
RGI60-03.03658,0.0566875,0.02080625,614.7077643,0.001328714,,0,0,0,0,1,0,-4.36E-06,-0.00133307,-0.001397795,-0.427814469,3.116,0,-3.72E-05,-0.011925598,-0.011925598,0,0,0
RGI60-03.03659,0.0566875,0.02080625,347.7404789,0.001410458,,0,0,0,0,1,1,-0.002280123,-0.003690581,-0.300095134,-0.485730624,7.598,0,-0.002462166,-0.324054446,-0.324054446,0,0,0
RGI60-03.03660,0.0566875,0.02080625,132.8202979,0.000120948,,0,0,0,0,1,1,-0.00045699,-0.000577937,-0.116371181,-0.147170158,3.927,0,-0.00046427,-0.118225013,-0.118225013,0,0,0
RGI60-03.03662,0.0566875,0.02080625,29.83864579,0,,0,0,9.32E-09,0.00125871,1,1,8.48E-05,8.48E-05,0.256275842,0.256275842,0.331,0,8.48E-05,0.256275842,0.256275842,0,0,0
RGI60-03.03663,0.0566875,0.02080625,20.95143285,0,,0,0,0,0,1,1,-4.68E-05,-4.68E-05,-0.246137676,-0.246137676,0.19,0,-4.68E-05,-0.246137676,-0.246137676,0,0,0
RGI60-03.03967,0.0566875,0.02080625,615.0417168,0.39700441,,0,0,0,0,1,1,-0.108279111,-0.505283521,-0.393363161,-1.835625744,275.265,0,-0.114221285,-0.414950266,-0.414950266,0,0,0
RGI60-03.04477,0.0566875,0.02080625,203.1635048,0.000210901,,0,0,0,0,1,1,-0.005066386,-0.005277287,-0.419159914,-0.436608509,12.087,0,-0.005129656,-0.424394493,-0.424394493,0,0,0
RGI60-04.00172,0.25,0.0499,117.1265965,0.000540571,0.000497618,0.000230165,0.000497618,2.10E-07,0.054843114,1,1,-0.009473493,-0.00997111,-0.949024719,-0.998874479,9.987,-0.00997111,-0.009473493,-0.998874479,-0.949024719,0.000540571,0.25,
RGI60-04.00183,0.07525,0.0236375,118.5789739,0.000358427,0.000378052,0.000287683,0.000378052,1.42E-06,0.059111918,1,1,-0.005827552,-0.006205604,-0.702266396,-0.747824687,8.302,-0.006205604,-0.005827552,-0.747824687,-0.702266396,0.000358427,0.07525,
RGI60-04.03038,0.3,0.2,60.2703925,6.26E-05,0.000143887,0.000150379,0.000143887,4.00E-08,0.017514621,1,1,-0.003237342,-0.003381229,-0.340084063,-0.355199446,9.527,-0.003381229,-0.003237342,-0.355199446,-0.340084063,6.26E-05,0.3,
RGI60-04.03204,1.4,0.2,73.57970718,0.000183086,0.000128813,0.000182088,0.000128813,0,0.007285119,1,1,-0.013160207,-0.013289019,-0.680782252,-0.687445774,19.341,-0.013289019,-0.013160207,-0.687445774,-0.680782252,0.000183086,1.4,
RGI60-04.03256,0.7,0.2,67.41611578,0.000200947,0.000139361,0.000277366,0.000139361,1.09E-09,0.009374099,1,1,-0.003513322,-0.003652682,-0.401195509,-0.417109462,8.762,-0.003652682,-0.003513322,-0.417109462,-0.401195509,0.000200947,0.7,
RGI60-04.03268,1.959375,0.002734375,40.74377307,0,0.000949886,0.000778344,0.000949886,0,0.029283771,1,1,-0.028691314,-0.029641199,-0.585611447,-0.604999334,49.019,-0.029641199,-0.028691314,-0.604999334,-0.585611447,0,1.959375,
RGI60-04.03269,0.6,0.07995,78.66826598,0.000378439,0.000395953,0.000389418,0.000395953,3.49E-08,0.044146663,1,1,-0.016210749,-0.016606703,-0.45942976,-0.470651497,35.302,-0.016606703,-0.016210749,-0.470651497,-0.45942976,0.000378439,0.6,
RGI60-04.03277,0.1,1.928125,39.5415208,0,8.14E-05,0.000317983,8.14E-05,0,0.010695987,1,1,-0.023763246,-0.023844689,-0.590516233,-0.59254008,40.263,-0.023844689,-0.023763246,-0.59254008,-0.590516233,0,0.1,
RGI60-04.03344,0.1,0.75,41.7407715,0,8.38E-05,0.000176061,8.38E-05,0,0.017866251,1,1,-0.003771092,-0.003854899,-0.310778325,-0.317684911,12.142,-0.003854899,-0.003771092,-0.317684911,-0.310778325,0,0.1,
RGI60-04.03347,0.325,0.07985,116.0923374,0.001049777,0.000985255,0.000558261,0.000985255,3.17E-07,0.094582642,1,1,-0.007459865,-0.00844512,-0.350410419,-0.39669054,21.302,-0.00844512,-0.007459865,-0.39669054,-0.350410419,0.001049777,0.325,
RGI60-04.03348,0.9,0.2399,74.93208172,0.000265968,0.000317562,0.000309773,0.000317562,7.70E-09,0.014656047,1,1,-0.011976183,-0.012293744,-0.587368345,-0.602943058,20.402,-0.012293744,-0.011976183,-0.602943058,-0.587368345,0.000265968,0.9,
RGI60-04.03353,0.1,0.05,25.76646456,0,0.000158055,0.000143732,0.000158055,0,0,1,1,-0.003064088,-0.003222143,-0.295080277,-0.310301391,10.39,-0.003222143,-0.003064088,-0.310301391,-0.295080277,0,5,
RGI60-04.03356,0.1,1.6234375,32.45501541,0,9.13E-05,8.90E-05,9.13E-05,0,0.003008442,1,1,-0.004558039,-0.00464929,-0.399847964,-0.407852861,11.406,-0.00464929,-0.004558039,-0.407852861,-0.399847964,0,0.1,
RGI60-04.03400,0.1,0.2,41.54333797,2.55E-06,7.26E-05,8.07E-05,7.26E-05,2.55E-08,0.004126104,1,1,-0.000836566,-0.000909185,-0.340869823,-0.37045951,2.456,-0.000909185,-0.000836566,-0.37045951,-0.340869823,2.55E-06,0.1,
RGI60-04.03403,0.001,0.1,62.47895271,6.14E-07,8.24E-05,0.000108875,8.24E-05,6.14E-07,0.017353521,1,1,-0.000160635,-0.00024307,-0.037732267,-0.057095918,4.26,-0.00024307,-0.000160635,-0.057095918,-0.037732267,6.14E-07,0.001,
RGI60-04.03404,0.15,0.04735,105.8354921,0.000224007,0.000214565,0.000168382,0.000214565,3.00E-07,0.008972816,1,1,-5.79E-05,-0.000272477,-0.019436697,-0.091449947,2.981,-0.000272477,-5.79E-05,-0.091449947,-0.019436697,0.000224007,0.15,
RGI60-04.03405,0.1,0.1,75.51768502,9.22E-05,0.000104817,0.000159689,0.000104817,2.63E-07,0.011283929,1,1,-0.000840847,-0.000945665,-0.254325347,-0.286028756,3.308,-0.000945665,-0.000840847,-0.286028756,-0.254325347,9.22E-05,0.1,
RGI60-04.03413,0.1,4.034375,31.67469299,0,3.50E-05,8.03E-05,3.50E-05,0,0.001075603,1,1,-0.008378838,-0.008413868,-0.638888394,-0.641559463,13.122,-0.008413868,-0.008378838,-0.641559463,-0.638888394,0,0.1,
RGI60-04.03445,0.6,0.18985,96.24899356,0.000370763,0.000389342,0.000275726,0.000389342,5.71E-08,0.021952139,1,1,-0.009800356,-0.010189699,-0.545149172,-0.566806511,17.988,-0.010189699,-0.009800356,-0.566806511,-0.545149172,0.000370763,0.6,
RGI60-04.03516,0.1,0.03855,192.8342813,0.000397482,0.000388063,0.000307843,0.000388063,9.26E-07,0.073260807,1,1,-0.00671005,-0.007098113,-0.424792486,-0.449359534,15.805,-0.007098113,-0.00671005,-0.449359534,-0.424792486,0.000397482,0.1,
RGI60-04.03520,0.1,0.2,49.98458702,5.64E-06,7.31E-05,8.46E-05,7.31E-05,4.49E-08,0.00956986,1,1,-0.0029703,-0.003043406,-0.522663217,-0.535527137,5.687,-0.003043406,-0.0029703,-0.535527137,-0.522663217,5.64E-06,0.1,
RGI60-04.03530,0.1,0.2,61.28803568,2.39E-05,5.05E-05,8.46E-05,5.05E-05,8.40E-08,0.020271331,1,1,-0.009158646,-0.009209169,-0.674308151,-0.678027852,13.592,-0.009209169,-0.009158646,-0.678027852,-0.674308151,2.39E-05,0.1,
RGI60-04.03531,0.1,0.05,97.96900295,0.000143782,0.000140218,0.000216017,0.000140218,4.72E-07,0.07449128,1,1,-0.017326575,-0.017466792,-0.607796683,-0.612715369,28.527,-0.017466792,-0.017326575,-0.612715369,-0.607796683,0.000143782,0.1,
RGI60-04.03534,0.15,0.0548,91.54617108,0.000395113,0.000375252,0.000341076,0.000375252,8.58E-07,0.11490505,1,1,-0.027563286,-0.027938538,-0.494588298,-0.501321718,55.768,-0.027938538,-0.027563286,-0.501321718,-0.494588298,0.000395113,0.15,
RGI60-04.03536,0.1,0.1,67.77162043,4.20E-05,9.86E-05,0.000118131,9.86E-05,1.33E-07,0.028602531,1,1,-0.008025106,-0.008123707,-0.650569521,-0.658562738,12.344,-0.008123707,-0.008025106,-0.658562738,-0.650569521,4.20E-05,0.1,
RGI60-04.03634,1.7875,0,71.09118803,0.000253025,0.000156984,0.000176737,0.000156984,0,0.004377983,1,1,-0.00327727,-0.003434254,-0.572729305,-0.60016356,5.726,-0.003434254,-0.00327727,-0.60016356,-0.572729305,0.000253025,1.7875,
RGI60-04.03850,3.921875,0.05,29.77002812,0,0.000103898,0.000127677,0.000103898,0,0.00094024,1,1,-0.004721728,-0.004825627,-0.607241423,-0.620603361,7.782,-0.004825627,-0.004721728,-0.620603361,-0.607241423,0,3.921875,
RGI60-04.03873,0.1,0,30.14088057,0,1.88E-05,5.30E-05,1.88E-05,0,0.000992916,1,1,-0.002414742,-0.002433523,-0.652936166,-0.65801426,3.701,-0.002433523,-0.002414742,-0.65801426,-0.652936166,0,0.1,
RGI60-04.03972,0.25,0.09975,113.7809247,0.00091442,0.000819821,0.000632872,0.000819821,7.83E-07,0.137096737,1,1,-0.024858844,-0.025678665,-0.452607073,-0.467533623,54.968,-0.025678665,-0.024858844,-0.467533623,-0.452607073,0.00091442,0.25,
RGI60-04.03998,0.038125,0.01181875,149.5691159,0.000304956,0.000324002,0.000255842,0.000324002,2.57E-06,0.500172442,1,1,-0.022603647,-0.022927648,-0.604086521,-0.612745529,37.448,-0.022927648,-0.022603647,-0.612745529,-0.604086521,0.000304956,0.038125,
RGI60-04.04010,0.07525,0.0310625,194.9514688,0.001235711,0.001143946,0.000774171,0.001143946,4.69E-06,0.476563885,1,1,-0.028800341,-0.029944287,-0.576853589,-0.599766143,49.967,-0.029944287,-0.028800341,-0.599766143,-0.576853589,0.001235711,0.07525,
RGI60-04.04014,0.1,0.1,98.92426027,6.11E-05,7.50E-05,0.000128585,7.50E-05,1.94E-07,0.026709352,1,1,-0.003699992,-0.003774984,-0.311693384,-0.318010816,11.88,-0.003774984,-0.003699992,-0.318010816,-0.311693384,6.11E-05,0.1,
RGI60-04.04018,0.9,0.24495,95.5447587,0.000178712,0.000215212,0.000171153,0.000215212,9.99E-09,0.00710375,1,1,-0.009812806,-0.010028018,-0.638125251,-0.652120483,15.39,-0.010028018,-0.009812806,-0.652120483,-0.638125251,0.000178712,0.9,
RGI60-04.04030,0.1625,0.05528125,193.15431,0.003266554,0.003430075,0.001997327,0.003430075,3.98E-06,0.51844875,1,1,-0.039148268,-0.042578343,-0.415542141,-0.451950919,94.283,-0.042578343,-0.039148268,-0.451950919,-0.415542141,0.003266554,0.1625,
RGI60-04.04081,0.2,0.08725,142.8237665,0.002210303,0.002297418,0.001809506,0.002297418,2.31E-06,0.33147066,1,1,-0.026936734,-0.029234152,-0.4068167,-0.441513853,66.265,-0.029234152,-0.026936734,-0.441513853,-0.4068167,0.002210303,0.2,
RGI60-04.04082,0.759375,0,70.43247002,0.000234209,0.000125753,0.000141566,0.000125753,0,0.025810594,1,1,-0.009014271,-0.009140024,-0.306161073,-0.310432143,29.466,-0.009140024,-0.009014271,-0.310432143,-0.306161073,0.000234209,0.759375,
RGI60-04.04085,0.1,0.02995,104.3448271,0.000232103,0.000327185,0.000212618,0.000327185,7.25E-07,0.179109068,1,1,-0.028182777,-0.028509962,-0.654481456,-0.662079591,43.095,-0.028509962,-0.028182777,-0.662079591,-0.654481456,0.000232103,0.1,
RGI60-04.04091,0.033484375,0.009560156,526.9126263,0.001488117,0.001490026,0.000786089,0.001490026,1.26E-05,0.009541689,1,1,-0.032540059,-0.034030085,-0.544377825,-0.569305173,59.82,-0.034030085,-0.032540059,-0.569305173,-0.544377825,0.001488117,0.033484375,
RGI60-04.04093,0.1,0.0448,139.8645246,0.000351071,0.000398057,0.000321381,0.000398057,9.15E-07,0.112213593,1,1,-0.012477064,-0.012875121,-0.413369453,-0.426557234,30.207,-0.012875121,-0.012477064,-0.426557234,-0.413369453,0.000351071,0.1,
RGI60-04.04924,0.038125,0.01895,322.0643698,0.004081845,0.004193881,0.003236738,0.004193881,3.86E-05,0.063156002,1,1,-0.051401679,-0.05559556,-0.525114143,-0.567958391,97.962,-0.05559556,-0.051401679,-0.567958391,-0.525114143,0.004081845,0.038125,
RGI60-04.05001,0.1,0.1,70.81826194,2.10E-05,7.32E-05,8.12E-05,7.32E-05,2.10E-07,0.056877478,1,1,-0.013829129,-0.013902331,-0.563094515,-0.566075192,24.578,-0.013902331,-0.013829129,-0.566075192,-0.563094515,2.10E-05,0.1,
RGI60-04.05003,0.5,0.1249,97.80890674,0.000274732,0.000328378,0.000229199,0.000328378,4.22E-08,0.024463616,1,1,-0.009880669,-0.010209047,-0.516890139,-0.534068647,19.13,-0.010209047,-0.009880669,-0.534068647,-0.516890139,0.000274732,0.5,
RGI60-04.05004,0.07525,0.03985,157.093104,0.000384861,0.000433962,0.000372985,0.000433962,1.68E-06,0.122889533,1,1,-0.011183377,-0.011617339,-0.386078249,-0.401059713,28.989,-0.011617339,-0.011183377,-0.401059713,-0.386078249,0.000384861,0.07525,
RGI60-04.05006,0.7,0.2310625,130.4506936,0.004284471,0.004326472,0.002649598,0.004326472,7.51E-07,0.10375379,1,1,-0.014641268,-0.01896774,-0.283320695,-0.367041516,51.715,-0.01896774,-0.014641268,-0.367041516,-0.283320695,0.004284471,0.7,
RGI60-04.05008,0.0566875,0.034775,290.414593,0.006383681,0.006221091,0.005803711,0.006221091,9.60E-06,0.008979015,1,1,-0.02316158,-0.029382671,-0.432881883,-0.549151904,53.544,-0.029382671,-0.02316158,-0.549151904,-0.432881883,0.006383681,0.0566875,
RGI60-04.05009,0.03503125,0.015608594,346.3426368,0.004311905,0.004284156,0.003089026,0.004284156,2.80E-05,0.01816594,1,1,-0.029748843,-0.034033,-0.502421269,-0.574775387,59.254,-0.034033,-0.029748843,-0.574775387,-0.502421269,0.004311905,0.03503125,
RGI60-04.05225,0.1,0,89.0670749,0.000138424,7.81E-05,8.79E-05,7.81E-05,3.87E-07,0.044335753,1,1,-0.005220613,-0.005298687,-0.565454192,-0.573910513,9.24,-0.005298687,-0.005220613,-0.573910513,-0.565454192,0.000138424,0.1,
RGI60-04.05226,0.1,0.0448,116.9340521,0.000273149,0.000238729,0.000214287,0.000238729,7.75E-07,0.093509335,1,1,-0.012935877,-0.013174606,-0.514989142,-0.524493162,25.139,-0.013174606,-0.012935877,-0.524493162,-0.514989142,0.000273149,0.1,
RGI60-04.05514,0.0690625,0.039446875,400.5446625,0.010250739,0.01068703,0.009423829,0.01068703,4.98E-05,8.821965512,1,1,-0.303632,-0.31431903,-0.459088485,-0.475247166,661.74,-0.31431903,-0.303632,-0.475247166,-0.459088485,0.010250739,0.0690625,
RGI60-04.06126,0.1,0,45.7791408,0,2.43E-05,3.46E-05,2.43E-05,0,0.009507744,1,1,-0.016629185,-0.016653473,-0.736493893,-0.737569571,22.597,-0.016653473,-0.016629185,-0.737569571,-0.736493893,0,0.1,
RGI60-04.06168,0.1,0,48.05642952,0,2.78E-05,5.52E-05,2.78E-05,0,0.008799526,1,1,-0.006747334,-0.006775157,-0.510960265,-0.513067241,13.216,-0.006775157,-0.006747334,-0.513067241,-0.510960265,0,0.1,
RGI60-04.06598,0.9,0.1,79.05674108,7.26E-05,0.000138515,0.000135229,0.000138515,0,0.005569788,1,1,-0.005794859,-0.005933374,-0.517231625,-0.529595032,11.212,-0.005933374,-0.005794859,-0.529595032,-0.517231625,7.26E-05,0.9,
RGI60-04.06606,0.1,0.03985,222.4842993,0.000340578,0.000431221,0.000301514,0.000431221,4.64E-07,0.098973534,1,1,-0.01858219,-0.019013411,-0.654991056,-0.670190887,28.392,-0.019013411,-0.01858219,-0.670190887,-0.654991056,0.000340578,0.1,
RGI60-04.06670,0.1,0.1,82.45428484,0.000111958,0.000111461,0.000118508,0.000111461,3.24E-07,0.016401964,1,1,-0.001806669,-0.001918129,-0.386843797,-0.410709757,4.674,-0.001918129,-0.001806669,-0.410709757,-0.386843797,0.000111958,0.1,
RGI60-04.06673,0.3,0.10735,99.43713588,0.000354865,0.000439526,0.000280109,0.000439526,2.26E-07,0.045649475,1,1,-0.017696837,-0.018136363,-0.574637108,-0.58890904,30.82,-0.018136363,-0.017696837,-0.58890904,-0.574637108,0.000354865,0.3,
RGI60-04.06691,0.1,0,75.2371107,6.20E-05,7.42E-05,7.63E-05,7.42E-05,1.54E-07,0.033352271,1,1,-0.003614722,-0.00368891,-0.491151681,-0.501231979,7.365,-0.00368891,-0.003614722,-0.501231979,-0.491151681,6.20E-05,0.1,
RGI60-04.06746,0.35,0.10235,158.5348121,0.001121572,0.001049829,0.000548997,0.001049829,2.42E-07,0.026840384,1,1,-0.002612919,-0.003662748,-0.37549983,-0.526369684,6.964,-0.003662748,-0.002612919,-0.526369684,-0.37549983,0.001121572,0.35,
RGI60-04.06791,0.3,0.0799,92.84995149,0.000348614,0.000418288,0.000256889,0.000418288,2.02E-07,0.039247876,1,1,-0.009907111,-0.010325399,-0.456437685,-0.475708945,21.722,-0.010325399,-0.009907111,-0.475708945,-0.456437685,0.000348614,0.3,
RGI60-04.06802,0.1,0,42.8784879,0,3.54E-05,5.03E-05,3.54E-05,0,0.008895972,1,1,-0.001201536,-0.001236909,-0.368061224,-0.37889708,3.267,-0.001236909,-0.001201536,-0.37889708,-0.368061224,0,0.1,
RGI60-04.06806,0.07215625,0.035409375,246.8954189,0.002594898,0.002551425,0.002001314,0.002551425,6.96E-06,0.004326457,1,1,-0.009426735,-0.011978161,-0.333954655,-0.424342298,28.25,-0.011978161,-0.009426735,-0.424342298,-0.333954655,0.002594898,0.07215625,
RGI60-04.06811,0.0566875,0.02608125,205.4161916,0.001182862,0.001129596,0.000944804,0.001129596,4.56E-06,0.280688967,1,1,-0.011691339,-0.012820935,-0.453366148,-0.497169582,25.808,-0.012820935,-0.011691339,-0.497169582,-0.453366148,0.001182862,0.0566875,
RGI60-04.06852,0.062875,0.0310625,290.4160125,0.007303031,0.007280478,0.005728227,0.007280478,4.48E-05,3.55486711,1,1,-0.153726155,-0.161006633,-0.735442543,-0.770273136,209.113,-0.161006633,-0.153726155,-0.770273136,-0.735442543,0.007303031,0.062875,
RGI60-04.07052,0.04121875,0.016304688,382.9361988,0.005606532,0.005566076,0.003771978,0.005566076,3.08E-05,0.328090041,1,1,-0.083811541,-0.089377617,-0.499225524,-0.532379994,168.014,-0.089377617,-0.083811541,-0.532379994,-0.499225524,0.005606532,0.04121875,
RGI60-04.07104,0.05359375,0.023838281,274.0353883,0.007715779,0.007438908,0.00548301,0.007438908,1.88E-05,7.325874509,1,1,-0.150095455,-0.157534363,-0.538691349,-0.565389528,278.838,-0.157534363,-0.150095455,-0.565389528,-0.538691349,0.007715779,0.05359375,
RGI60-04.03174,0.1,0.05,82.70504109,2.17E-06,,0,0,0,0,1,1,-0.000926273,-0.000928442,-0.223575388,-0.224098943,4.143,0,-0.000926924,-0.223732455,-0.223732455,0,0,0
RGI60-04.03844,0.1,0.05,19.8519105,0,,0,0,0,0,1,1,-0.000444973,-0.000444973,-0.438828898,-0.438828898,1.014,0,-0.000444973,-0.438828898,-0.438828898,0,0,0
RGI60-04.04034,0.1,0.05,39.24783766,0,,0,0,0,0,1,1,-0.000287395,-0.000287395,-0.073804531,-0.073804531,3.894,0,-0.000287395,-0.073804531,-0.073804531,0,0,0
RGI60-04.05765,0.1,0.05,746.2047676,0.015404206,,0,0,0,0,1,1,-0.122505522,-0.137909729,-0.655291965,-0.737690313,186.948,0,-0.122789228,-0.656809531,-0.656809531,0,0,0
RGI60-05.00268,0.3,0.4,69.68851213,2.23E-05,0.000115705,0.000127063,0.000115705,2.37E-08,0.005293295,1,1,-0.00253264,-0.002648345,-0.525223545,-0.549218623,4.825,-0.002648345,-0.00253264,-0.549218623,-0.525223545,2.23E-05,0.3,
RGI60-05.00310,3.253125,0.26260625,70.52481849,0.000428833,0.00033135,0.000327022,0.00033135,0,0.003093453,1,1,-0.011951254,-0.012282603,-0.771406078,-0.79279339,15.504,-0.012282603,-0.011951254,-0.79279339,-0.771406078,0.000428833,3.253125,
RGI60-05.00313,0.5,0.1,85.56048667,7.28E-05,0.000125291,8.58E-05,0.000125291,5.81E-09,0.008615062,1,1,-0.004069816,-0.004195107,-0.745109216,-0.768047694,5.466,-0.004195107,-0.004069816,-0.768047694,-0.745109216,7.28E-05,0.5,
RGI60-05.00319,0.1,0.2,57.07055684,2.07E-06,6.14E-05,7.26E-05,6.14E-05,2.18E-08,0.003689544,1,1,-0.001004683,-0.001066055,-0.388005261,-0.411707218,2.591,-0.001066055,-0.001004683,-0.411707218,-0.388005261,2.07E-06,0.1,
RGI60-05.00321,0.1,0,76.38963178,2.30E-05,3.96E-05,4.78E-05,3.96E-05,8.79E-08,0.009311612,1,1,-0.003428656,-0.00346825,-0.661586081,-0.669226104,5.186,-0.00346825,-0.003428656,-0.669226104,-0.661586081,2.30E-05,0.1,
RGI60-05.00337,0.225,0.125,108.9909239,0.005225725,0.005385937,0.005447563,0.005385937,6.03E-06,1.399436442,1,1,-0.17237523,-0.177761167,-0.866229515,-0.893295222,199.136,-0.177761167,-0.17237523,-0.893295222,-0.866229515,0.005225725,0.225,
RGI60-05.00340,0.1,1.6,36.08272537,0,9.06E-05,0.000110273,9.06E-05,0,0.002946186,1,1,-0.003148135,-0.003238686,-0.715287928,-0.735862205,4.404,-0.003238686,-0.003148135,-0.735862205,-0.715287928,0,0.1,
RGI60-05.00355,0.5,0.2,67.66326629,8.63E-05,0.000118166,0.000119591,0.000118166,2.16E-08,0.008955907,1,1,-0.003842576,-0.003960743,-0.588953998,-0.607065389,6.529,-0.003960743,-0.003842576,-0.607065389,-0.588953998,8.63E-05,0.5,
RGI60-05.00452,1.5,0.52475,83.58342194,0.000421443,0.000382708,0.000368372,0.000382708,2.35E-08,0.009153746,1,1,-0.021829612,-0.022212321,-0.687298786,-0.699348243,31.786,-0.022212321,-0.021829612,-0.699348243,-0.687298786,0.000421443,1.5,
RGI60-05.00457,0.1,3.490625,37.95901229,0,7.67E-05,9.94E-05,7.67E-05,0,0.001833647,1,1,-0.008351136,-0.008427871,-0.609978885,-0.615583717,13.702,-0.008427871,-0.008351136,-0.615583717,-0.609978885,0,0.1,
RGI60-05.00460,0.042765625,0.015128906,472.5422009,0.015331893,0.014988283,0.009172801,0.014988283,0.000175418,10.52003033,1,1,-0.448400818,-0.463389101,-0.782421936,-0.808575237,573.547,-0.463389101,-0.448400818,-0.808575237,-0.782421936,0.015331893,0.042765625,
RGI60-05.00798,2.803125,0.00625,43.35782246,0,0.000436916,0.000439484,0.000436916,0,0.009411161,1,1,-0.010363044,-0.01079996,-0.321147553,-0.334687436,32.292,-0.01079996,-0.010363044,-0.334687436,-0.321147553,0,2.803125,
RGI60-05.00800,0.3125,0.175,117.1106512,0.005500173,0.005466885,0.006206581,0.005466885,5.14E-06,1.043246629,1,1,-0.171500376,-0.176967261,-0.695335211,-0.717500279,246.825,-0.176967261,-0.171500376,-0.717500279,-0.695335211,0.005500173,0.3125,
RGI60-05.00808,3.7,0.477425,140.929726,0.030640068,0.029771878,0.007489983,0.029771878,3.42E-07,0.050235971,1,1,-0.015845253,-0.045617132,-0.186842833,-0.537904568,84.871,-0.045617132,-0.015845253,-0.537904568,-0.186842833,0.030640068,3.7,
RGI60-05.00814,3.509375,0.05,41.98524906,0,0.000399149,0.000486304,0.000399149,0,0.00422994,1,1,-0.013832097,-0.014231246,-0.533755111,-0.549157541,25.934,-0.014231246,-0.013832097,-0.549157541,-0.533755111,0,3.509375,
RGI60-05.00817,0.6,0.32341875,137.6055805,0.014873666,0.015234927,0.012625178,0.015234927,3.57E-06,0.860154686,1,1,-0.324946418,-0.340181345,-0.681413089,-0.713360752,477.202,-0.340181345,-0.324946418,-0.713360752,-0.681413089,0.014873666,0.6,
RGI60-05.00818,2.2,0.5,71.88668075,0.000513946,0.000504605,0.000755684,0.000504605,0,0.006718751,1,1,-0.007423974,-0.007928578,-0.390792378,-0.417354397,19.011,-0.007928578,-0.007423974,-0.417354397,-0.390792378,0.000513946,2.2,
RGI60-05.00822,1.9,0.2,72.12794107,0.000194165,0.000195124,0.00020573,0.000195124,0,0.006739297,1,1,-0.011539132,-0.011734257,-0.612208754,-0.62256106,18.862,-0.011734257,-0.011539132,-0.62256106,-0.612208754,0.000194165,1.9,
RGI60-05.00854,0.3,0.11985,96.08300099,0.000325943,0.000384274,0.000361799,0.000384274,2.77E-07,0.103421631,1,1,-0.05190682,-0.052291095,-0.844545049,-0.850797351,61.499,-0.052291095,-0.05190682,-0.850797351,-0.844545049,0.000325943,0.3,
RGI60-05.02422,0.1,0,36.24471195,0,4.16E-05,4.33E-05,4.16E-05,0,0.003268303,1,1,-0.002508759,-0.002550341,-0.309981791,-0.315119774,8.1,-0.002550341,-0.002508759,-0.315119774,-0.309981791,0,0.1,
RGI60-05.02500,0.02575,0.0125,291.561763,0.000187866,0.000165324,0.000177431,0.000165324,3.18E-06,0.00249692,1,0,-0.003528886,-0.003694209,-0.451217934,-0.472356892,7.826,-0.003694209,-0.003528886,-0.472356892,-0.451217934,0.000187866,0.02575,
RGI60-05.02516,0.1,2.4,34.42577798,0,9.90E-05,0.000134329,9.90E-05,0,0.002064171,1,1,-0.007686176,-0.007785136,-0.644804607,-0.653106511,11.929,-0.007785136,-0.007686176,-0.653106511,-0.644804607,0,0.1,
RGI60-05.02526,2.275,0,73.98021594,0.000192997,0.000101176,0.000115135,0.000101176,0,0.003358939,1,1,-0.010724034,-0.01082521,-0.631210432,-0.637165571,17.003,-0.01082521,-0.010724034,-0.637165571,-0.631210432,0.000192997,2.275,
RGI60-05.02527,0.3,0.2,85.89048634,9.68E-05,0.000140593,0.000144692,0.000140593,3.67E-08,0.010818305,1,1,-0.003192402,-0.003332995,-0.565955038,-0.590879677,5.645,-0.003332995,-0.003192402,-0.590879677,-0.565955038,9.68E-05,0.3,
RGI60-05.02541,0.1,0,45.24802005,4.29E-07,3.64E-05,4.29E-05,3.64E-05,4.29E-09,0.005442049,1,1,-0.005188358,-0.005224741,-0.580582184,-0.584653516,8.943,-0.005224741,-0.005188358,-0.584653516,-0.580582184,4.29E-07,0.1,
RGI60-05.02614,0.175,0.07105,16.86874612,0,0.000112461,0.000138512,0.000112461,0,0,1,1,-0.00061515,-0.000727611,-0.110712465,-0.130952822,5.561,-0.000727611,-0.00061515,-0.130952822,-0.110712465,0,5,
RGI60-05.02616,3.8,0.3,71.04772163,0.00069045,0.000652517,0.000676248,0.000652517,0,0.002833598,1,1,-0.012565303,-0.01321782,-0.448878321,-0.472188598,28.014,-0.01321782,-0.012565303,-0.472188598,-0.448878321,0.00069045,3.8,
RGI60-05.02619,0.175,0.07105,34.41752168,0,0.000187915,0.000256785,0.000187915,0,0,1,1,-0.013104336,-0.013292251,-0.322663132,-0.32729008,40.644,-0.013292251,-0.013104336,-0.32729008,-0.322663132,0,5,
RGI60-05.02622,1.7,0.313263281,85.73324908,0.001261702,0.001291989,0.001111709,0.001291989,0,0.019962425,1,1,-0.014365476,-0.015657465,-0.414592617,-0.451879869,34.677,-0.015657465,-0.014365476,-0.451879869,-0.414592617,0.001261702,1.7,
RGI60-05.02771,2.9,0.442338281,84.8653265,0.001427549,0.001372759,0.000982485,0.001372759,0,0.007289456,1,1,-0.02708763,-0.028460389,-0.443845826,-0.46633925,61.076,-0.028460389,-0.02708763,-0.46633925,-0.443845826,0.001427549,2.9,
RGI60-05.02841,0.15,0.07235,135.74766,0.00020301,0.000215253,0.000187414,0.000215253,3.95E-07,0.011532725,1,1,-0.000316772,-0.000532026,-0.057664441,-0.096848672,5.497,-0.000532026,-0.000316772,-0.096848672,-0.057664441,0.00020301,0.15,
RGI60-05.04255,1,0.1999,81.40906219,0.000439394,0.000448059,0.000393766,0.000448059,6.98E-09,0.014181727,1,1,-0.001092374,-0.001540432,-0.059365694,-0.083715718,18.415,-0.001540432,-0.001092374,-0.083715718,-0.059365694,0.000439394,1,
RGI60-05.04256,1.1,0.4099,82.70774021,0.000477131,0.000562779,0.000521681,0.000562779,0,0.002725845,1,1,0.000178886,-0.000383893,0.155856535,-0.334470917,1.149,-0.000383893,0.000178886,-0.334470917,0.155856535,0.000477131,1.1,
RGI60-05.04258,0.1,2.7,35.35727807,0,7.89E-05,0.000108089,7.89E-05,0,0.001339459,1,1,-0.000350326,-0.000429245,-0.077598625,-0.095079411,4.518,-0.000429245,-0.000350326,-0.095079411,-0.077598625,0,0.1,
RGI60-05.04267,0.55,0.3,99.70212947,0.00067376,0.000700681,0.000957396,0.000700681,1.33E-07,0.024398136,1,1,-0.00092505,-0.001625731,-0.067236153,-0.118164346,13.767,-0.001625731,-0.00092505,-0.118164346,-0.067236153,0.00067376,0.55,
RGI60-05.04271,0.3,0.1098,75.36092551,0.000288119,0.00037151,0.00033374,0.00037151,2.08E-07,0.022230661,1,1,-0.00091083,-0.00128234,-0.107579447,-0.151458979,8.472,-0.00128234,-0.00091083,-0.151458979,-0.107579447,0.000288119,0.3,
RGI60-05.04274,0.2,0.05,91.75271701,0.000286256,0.000243749,0.000286328,0.000243749,4.86E-07,0.058586809,1,1,-0.01067966,-0.010923409,-0.252327645,-0.258086685,42.356,-0.010923409,-0.01067966,-0.258086685,-0.252327645,0.000286256,0.2,
RGI60-05.04275,3.971875,0,73.52414909,0.000302476,0.000170095,0.000183241,0.000170095,0,0.000963467,1,1,-0.001739543,-0.001909638,-0.275378928,-0.302305935,6.321,-0.001909638,-0.001739543,-0.302305935,-0.275378928,0.000302476,3.971875,
RGI60-05.04276,0.825,0.178,127.9488155,0.014817014,0.014792994,0.005834826,0.014792994,2.39E-06,0.432939409,1,1,-0.059658594,-0.074451588,-0.922779524,-1.1515927,64.698,-0.074451588,-0.059658594,-1.1515927,-0.922779524,0.014817014,0.825,
RGI60-05.04280,1.3,0.3286125,166.3436046,0.007664831,0.007493584,0.003561276,0.007493584,2.93E-07,0.077109578,1,1,-0.046257716,-0.0537513,-0.738835833,-0.858524595,62.651,-0.0537513,-0.046257716,-0.858524595,-0.738835833,0.007664831,1.3,
RGI60-05.04282,0.625,0.3684,131.7314025,0.004617238,0.004626031,0.004034259,0.004626031,7.68E-07,0.090813594,1,1,-0.006700609,-0.01132664,-0.201525666,-0.3406569,33.27,-0.01132664,-0.006700609,-0.3406569,-0.201525666,0.004617238,0.625,
RGI60-05.04288,0.001,0,87.4564245,0.000100575,0,0.00741022,0,0.000100575,0.129061149,1,1,-0.164784814,-0.164784814,-1.265354481,-1.265354481,130.326,-0.164784814,-0.164784814,-1.265354481,-1.265354481,0.000100575,0.001,
RGI60-05.04298,0.175,0.07105,187.57729,0.035062351,0.020778332,0.014009425,0.020778332,4.47E-05,0.01891137,1,1,-0.081281813,-0.102060145,-1.051541052,-1.320349882,77.348,-0.102060145,-0.081281813,-1.320349882,-1.051541052,0.01891137,5,
RGI60-05.04304,0.2,0.05485,355.311269,0.017995135,0.01758206,0.006447786,0.01758206,2.11E-05,0.698595291,1,1,-0.099306668,-0.116888728,-1.387330102,-1.632954309,71.632,-0.116888728,-0.099306668,-1.632954309,-1.387330102,0.017995135,0.2,
RGI60-05.04309,1,0.1749,278.3701022,0.044283438,0.043134789,0.012877704,0.043134789,3.09E-06,0.486974944,1,1,-0.169347546,-0.212482335,-1.684897052,-2.114059925,100.579,-0.212482335,-0.169347546,-2.114059925,-1.684897052,0.044283438,1,
RGI60-05.04311,0.1375,0.04434375,188.4270831,0.004239564,0.004186225,0.00216905,0.004186225,8.94E-06,0.006805588,1,1,-0.01694013,-0.021126354,-0.987247021,-1.231214335,17.169,-0.021126354,-0.01694013,-1.231214335,-0.987247021,0.004239564,0.1375,
RGI60-05.04315,0.175,0.07105,0.220073464,0.055364667,0.034060398,0.012762149,0.034060398,3.73E-05,0.019495453,1,1,-0.044978974,-0.079039372,-0.631290329,-1.109335914,71.294,-0.079039372,-0.044978974,-1.109335914,-0.631290329,0.019495453,5,
RGI60-05.04318,0.125,0.0498,103.963841,0.000340231,0.000326743,0.00028346,0.000326743,8.45E-07,0.163467732,1,1,-0.018266238,-0.018592981,-0.96498597,-0.982247446,18.941,-0.018592981,-0.018266238,-0.982247446,-0.96498597,0.000340231,0.125,
RGI60-05.04323,0.9,0.4,89.41331879,0.000268097,0.000262668,0.000265962,0.000262668,3.14E-08,0.009511377,1,1,-0.007377062,-0.007639731,-0.572246859,-0.592622335,12.899,-0.007639731,-0.007377062,-0.592622335,-0.572246859,0.000268097,0.9,
RGI60-05.04324,0.1,0.4,54.3667071,5.20E-06,7.38E-05,0.00010287,7.38E-05,3.66E-08,0.006407933,1,1,-0.002918937,-0.002992742,-0.625109748,-0.640915421,4.673,-0.002992742,-0.002918937,-0.640915421,-0.625109748,5.20E-06,0.1,
RGI60-05.04328,0.1,0.1,46.70524739,5.74E-06,8.69E-05,8.00E-05,8.69E-05,5.74E-08,0.011627567,1,1,-0.003786984,-0.003873873,-0.684197642,-0.699895866,5.538,-0.003873873,-0.003786984,-0.699895866,-0.684197642,5.74E-06,0.1,
RGI60-05.04331,0.1875,0.09429375,295.8341954,0.016693163,0.016940258,0.011193691,0.016940258,1.44E-05,0.634434999,1,1,-0.016937512,-0.03387777,-0.398790939,-0.797646544,42.497,-0.03387777,-0.016937512,-0.797646544,-0.398790939,0.016693163,0.1875,
RGI60-05.04332,0.4875,0.110475,173.2968255,0.015509598,0.015349942,0.006681408,0.015349942,4.68E-06,0.396896211,1,1,-0.043393976,-0.058743918,-0.519122075,-0.702753409,83.642,-0.058743918,-0.043393976,-0.702753409,-0.519122075,0.015509598,0.4875,
RGI60-05.04337,0.8,0.4,90.56728254,0.000555241,0.000626136,0.000810698,0.000626136,5.00E-08,0.008501481,1,1,-0.000480573,-0.001106709,-0.08508276,-0.195936646,5.652,-0.001106709,-0.000480573,-0.195936646,-0.08508276,0.000555241,0.8,
RGI60-05.04338,0.475,0.115175,258.3689651,0.012092323,0.012467937,0.005021383,0.012467937,3.56E-06,0.596438554,1,1,-0.039007944,-0.051475882,-0.379409006,-0.500677833,102.881,-0.051475882,-0.039007944,-0.500677833,-0.379409006,0.012092323,0.475,
RGI60-05.04345,0.95,0.3398,154.6791147,0.001858497,0.001831161,0.000967279,0.001831161,1.47E-07,0.014678353,1,1,-0.002468593,-0.004299753,-0.355447772,-0.619112991,6.95,-0.004299753,-0.002468593,-0.619112991,-0.355447772,0.001858497,0.95,
RGI60-05.04347,1.25,0.16245,74.14095353,0.000519264,0.000536255,0.000510243,0.000536255,0,0.02621474,1,1,-0.021739347,-0.022275602,-0.453246917,-0.464427375,47.997,-0.022275602,-0.021739347,-0.464427375,-0.453246917,0.000519264,1.25,
RGI60-05.04361,0.175,0.07105,0.252343204,0.021607323,0.012491652,0.004878037,0.012491652,3.36E-05,0.009825342,1,1,-0.023203072,-0.035694724,-0.476837524,-0.733548732,48.69,-0.035694724,-0.023203072,-0.733548732,-0.476837524,0.009825342,5,
RGI60-05.04363,0.7,0.2,118.0209559,0.000461151,0.000395196,0.000400592,0.000395196,7.13E-08,0.019152696,1,1,-0.010809086,-0.011204282,-0.442560204,-0.45874085,24.439,-0.011204282,-0.010809086,-0.45874085,-0.442560204,0.000461151,0.7,
RGI60-05.04376,0.5,0.22475,126.8266511,0.001486525,0.001467933,0.000901019,0.001467933,3.12E-07,0.01590129,1,1,-0.002443292,-0.003911224,-0.910487327,-1.457509244,2.685,-0.003911224,-0.002443292,-1.457509244,-0.910487327,0.001486525,0.5,
RGI60-05.04501,0.375,0.09675,99.33582055,0.002134945,0.00224405,0.001107983,0.00224405,1.22E-06,0.230917732,1,1,-0.024376763,-0.026620813,-0.421206371,-0.459981343,57.911,-0.026620813,-0.024376763,-0.459981343,-0.421206371,0.002134945,0.375,
RGI60-05.04511,0.55,0.2803875,243.6993631,0.022235349,0.023218466,0.014176332,0.023218466,5.39E-06,0.208544994,1,1,0.007544337,-0.015674129,0.442088253,-0.918483393,17.076,-0.015674129,0.007544337,-0.918483393,0.442088253,0.022235349,0.55,
RGI60-05.04514,1.25,0.193675,233.0421849,0.032773728,0.032805546,0.007624611,0.032805546,2.04E-06,0.289326611,1,1,-0.005341863,-0.038147409,-0.072755317,-0.51956159,73.469,-0.038147409,-0.005341863,-0.51956159,-0.072755317,0.032773728,1.25,
RGI60-05.04515,0.9,0.6,93.44050141,0.00441534,0.004215261,0.005738098,0.004215261,4.90E-07,0.053101399,1,1,-0.004716728,-0.008931989,-0.17617971,-0.333628595,26.787,-0.008931989,-0.004716728,-0.333628595,-0.17617971,0.00441534,0.9,
RGI60-05.04516,1.8,0.74975,88.23327663,0.002991013,0.002862989,0.002530159,0.002862989,4.28E-08,0.019707644,1,1,-0.003951854,-0.006814843,-0.198390055,-0.342117152,19.93,-0.006814843,-0.003951854,-0.342117152,-0.198390055,0.002991013,1.8,
RGI60-05.04517,0.325,0.078,368.8829164,0.029217541,0.0292705,0.01032831,0.0292705,1.50E-05,0.513108242,1,1,-0.034997867,-0.064268366,-0.581980387,-1.068720244,60.167,-0.064268366,-0.034997867,-1.068720244,-0.581980387,0.029217541,0.325,
RGI60-05.04518,0.2375,0.0670625,518.6003062,0.064063634,0.065997609,0.027314469,0.065997609,3.34E-05,3.522983657,1,1,-0.128055814,-0.194053423,-0.74022269,-1.121719835,173.102,-0.194053423,-0.128055814,-1.121719835,-0.74022269,0.064063634,0.2375,
RGI60-05.04526,0.175,0.07105,87.20514467,0,0.012115255,0.005967601,0.012115255,0,0.006590854,1,1,0.007612938,-0.004502317,0.226908583,-0.134194506,33.569,-0.004502317,0.007612938,-0.134194506,0.226908583,0.006590854,5,
RGI60-05.04528,0.9,0.37475,131.1169555,0.001855511,0.00183199,0.001515437,0.00183199,1.63E-07,0.040393003,1,1,-0.026964159,-0.028796148,-0.701756063,-0.749434531,38.442,-0.028796148,-0.026964159,-0.749434531,-0.701756063,0.001855511,0.9,
RGI60-05.04529,0.8,0.1799,82.13972548,0.000429276,0.000427645,0.000272011,0.000427645,3.79E-08,0.008659085,1,1,-0.003594505,-0.00402215,-0.690302973,-0.772429616,5.21,-0.00402215,-0.003594505,-0.772429616,-0.690302973,0.000429276,0.8,
RGI60-05.04530,0.7,0.4,110.5982132,0.000184392,0.000210645,0.000216088,0.000210645,2.02E-08,0.007114549,1,1,-0.004808949,-0.005019594,-0.246401485,-0.257194539,19.528,-0.005019594,-0.004808949,-0.257194539,-0.246401485,0.000184392,0.7,
RGI60-05.04532,0.6,0.27475,134.5340065,0.004044679,0.004251482,0.003096206,0.004251482,7.02E-07,0.099167278,1,1,-0.007177819,-0.0114293,-0.245454026,-0.390838484,29.261,-0.0114293,-0.007177819,-0.390838484,-0.245454026,0.004044679,0.6,
RGI60-05.04577,4.303125,0.6,69.8171458,0.002411929,0.00211969,0.002244547,0.00211969,0,0.004697523,1,1,0.001519713,-0.000599977,0.164448694,-0.064923714,9.246,-0.000599977,0.001519713,-0.064923714,0.164448694,0.002411929,4.303125,
RGI60-05.04584,3.790625,0.05,35.75896463,0,0.001454693,0.001804936,0.001454693,0,0.008680976,1,1,0.002356039,0.000901346,0.121520682,0.046489967,19.399,0.000901346,0.002356039,0.046489967,0.121520682,0,3.790625,
RGI60-05.04704,0.5,0.12495,73.95427938,0.000207218,0.000262436,0.00018277,0.000262436,6.54E-08,0.021363948,1,1,-0.003564051,-0.003826487,-0.252383858,-0.270967962,14.13,-0.003826487,-0.003564051,-0.270967962,-0.252383858,0.000207218,0.5,
RGI60-05.04788,2.2,0.264925,149.1446792,0.042809382,0.041418013,0.009656033,0.041418013,9.32E-07,0.174202129,1,1,0.009899003,-0.031519009,0.101642629,-0.323636114,97.451,-0.031519009,0.009899003,-0.323636114,0.101642629,0.042809382,2.2,
RGI60-05.04790,2,0.5748375,103.0198883,0.006119935,0.006016296,0.003838712,0.006016296,0,0.034342537,1,1,0.001285024,-0.004731272,0.052389561,-0.192890748,24.544,-0.004731272,0.001285024,-0.192890748,0.052389561,0.006119935,2,
RGI60-05.04792,3,0.84985,134.7220314,0.027160916,0.026631022,0.011912988,0.026631022,3.50E-07,0.061037544,1,1,0.01962035,-0.007010672,0.356995929,-0.127560485,54.992,-0.007010672,0.01962035,-0.127560485,0.356995929,0.027160916,3,
RGI60-05.04801,0.175,0.057625,267.1271934,0.005427752,0.005446158,0.00289919,0.005446158,5.35E-06,0.226857902,1,1,-0.005193987,-0.010640145,-0.239099034,-0.489806487,21.734,-0.010640145,-0.005193987,-0.489806487,-0.239099034,0.005427752,0.175,
RGI60-05.04804,1.2,0.59975,77.52653506,0.001147983,0.001103561,0.001102092,0.001103561,4.98E-09,0.00705207,1,1,0.001530918,0.000427357,0.347228047,0.096928919,4.411,0.000427357,0.001530918,0.096928919,0.347228047,0.001147983,1.2,
RGI60-05.04806,1.7,0.45485,113.6296656,0.008491057,0.008304368,0.00524063,0.008304368,1.51E-07,0.068556841,1,1,-0.014416291,-0.022720659,-0.219100125,-0.345310686,65.837,-0.022720659,-0.014416291,-0.345310686,-0.219100125,0.008491057,1.7,
RGI60-05.04808,0.55,0.078675,281.9944148,0.027021284,0.027458621,0.006191609,0.027458621,7.25E-06,0.605508078,1,1,0.003361449,-0.024097172,0.050202744,-0.359887687,66.996,-0.024097172,0.003361449,-0.359887687,0.050202744,0.027021284,0.55,
RGI60-05.04809,1.05,0.3216875,119.4304434,0.008604456,0.008620234,0.006136343,0.008620234,3.05E-07,0.312451627,1,1,-0.015073777,-0.023694011,-0.323307664,-0.508197484,46.646,-0.023694011,-0.015073777,-0.508197484,-0.323307664,0.008604456,1.05,
RGI60-05.04810,1,0.2873375,123.6890369,0.015182043,0.015900945,0.008801147,0.015900945,1.27E-06,0.181293194,1,1,0.010252124,-0.005648821,0.179797616,-0.099066756,57.05,-0.005648821,0.010252124,-0.099066756,0.179797616,0.015182043,1,
RGI60-05.04814,1,0.124925,202.6787662,0.026003908,0.025742019,0.005717139,0.025742019,2.37E-06,0.193839712,1,1,0.014554096,-0.011187923,0.29179984,-0.224310336,49.904,-0.011187923,0.014554096,-0.224310336,0.29179984,0.026003908,1,
RGI60-05.04816,0.2375,0.15,134.4658128,0.003042527,0.003131842,0.004516432,0.003131842,2.90E-06,0.52388204,1,1,-0.033582518,-0.03671436,-0.720808658,-0.788029909,46.613,-0.03671436,-0.033582518,-0.788029909,-0.720808658,0.003042527,0.2375,
RGI60-05.04820,3.4,0.493849219,79.68918693,0.005943878,0.005691709,0.004910891,0.005691709,0,0.017023963,1,1,0.000865415,-0.004826294,0.021341823,-0.119020249,40.573,-0.004826294,0.000865415,-0.119020249,0.021341823,0.005943878,3.4,
RGI60-05.04821,2.290625,0.025,39.84211735,0,0.000738202,0.001020546,0.000738202,0,0.018023445,1,1,-0.0037802,-0.004518402,-0.164247291,-0.196321704,23.027,-0.004518402,-0.0037802,-0.196321704,-0.164247291,0,2.290625,
RGI60-05.04823,0.7,0.37475,116.9303369,0.000395565,0.000409271,0.000373693,0.000409271,4.00E-08,0.004968682,1,1,-0.000282257,-0.000691527,-0.098715514,-0.24185239,2.861,-0.000691527,-0.000282257,-0.24185239,-0.098715514,0.000395565,0.7,
RGI60-05.04906,0.1,1,42.15101528,5.16E-06,7.53E-05,0.00048384,7.53E-05,5.02E-08,0.006659916,1,1,0.0007968,0.000721536,0.094976232,0.086005024,8.395,0.000721536,0.0007968,0.086005024,0.094976232,5.16E-06,0.1,
RGI60-05.04912,1,0.3498,94.00539996,0.001096753,0.001115206,0.000831673,0.001115206,7.77E-08,0.018634242,1,1,-0.004506237,-0.005621443,-0.275904709,-0.34418575,16.343,-0.005621443,-0.004506237,-0.34418575,-0.275904709,0.001096753,1,
RGI60-05.04916,4.103125,0.001953125,35.98537751,0,0.000313156,0.000186,0.000313156,0,0.00533876,1,1,-0.008633916,-0.008947072,-0.387215262,-0.401259729,22.311,-0.008947072,-0.008633916,-0.401259729,-0.387215262,0,4.103125,
RGI60-05.04918,0.1,0.2,77.07625757,3.64E-05,0.000114575,0.000219914,0.000114575,1.68E-07,0.029266624,1,1,-0.006955866,-0.007070441,-0.689300617,-0.700654626,10.097,-0.007070441,-0.006955866,-0.700654626,-0.689300617,3.64E-05,0.1,
RGI60-05.04940,0.175,0.07105,25.58581406,0,0.001413134,0.000947427,0.001413134,0,0,1,1,-0.001240235,-0.002653369,-0.12991081,-0.277932192,9.552,-0.002653369,-0.001240235,-0.277932192,-0.12991081,0,5,
RGI60-05.04941,0.9,0.2798,82.56990206,0.000605814,0.000506843,0.000416275,0.000506843,4.74E-08,0.009863288,1,1,7.27E-05,-0.000434133,0.008716062,-0.052041607,8.347,-0.000434133,7.27E-05,-0.052041607,0.008716062,0.000605814,0.9,
RGI60-05.04944,0.3,0.13725,123.4316788,0.002703752,0.002678176,0.001841197,0.002678176,1.64E-06,0.094428141,1,1,-0.010319156,-0.012997332,-0.448780939,-0.565255044,23.006,-0.012997332,-0.010319156,-0.565255044,-0.448780939,0.002703752,0.3,
RGI60-05.04946,0.5,0.2,79.85944103,0.000560752,0.000601505,0.000615521,0.000601505,1.54E-07,0.01599143,1,1,0.000423569,-0.000177935,0.045715229,-0.019204308,9.27,-0.000177935,0.000423569,-0.019204308,0.045715229,0.000560752,0.5,
RGI60-05.04951,0.175,0.07105,30.18156952,0,0.000233966,0.000215229,0.000233966,0,0,1,1,0.001404217,0.001170252,0.175574723,0.146321074,8.002,0.001170252,0.001404217,0.146321074,0.175574723,0,5,
RGI60-05.04954,0.125,0.0561,127.4332317,0.000598186,0.000691625,0.000443201,0.000691625,1.93E-06,0.030059337,1,1,-0.005086752,-0.005778377,-0.746872559,-0.848421763,6.814,-0.005778377,-0.005086752,-0.848421763,-0.746872559,0.000598186,0.125,
RGI60-05.05038,1.4,0.6,71.17080448,0.000772901,0.000819587,0.001332354,0.000819587,0,0.009627061,1,1,0.000214988,-0.000604598,0.024566749,-0.06908755,8.756,-0.000604598,0.000214988,-0.06908755,0.024566749,0.000772901,1.4,
RGI60-05.05041,0.3,0.1098,118.3181105,0.000286039,0.00026058,0.000225985,0.00026058,1.22E-07,0.015985066,1,1,-0.002218571,-0.002479151,-0.336441625,-0.375958008,6.598,-0.002479151,-0.002218571,-0.375958008,-0.336441625,0.000286039,0.3,
RGI60-05.05048,2.565625,0,70.02762704,0.000932197,0.000435084,0.00053199,0.000435084,0,0.00652365,1,1,-0.000704552,-0.001139636,-0.065076552,-0.105263464,10.832,-0.001139636,-0.000704552,-0.105263464,-0.065076552,0.000932197,2.565625,
RGI60-05.05050,0.8,0.4,112.083364,0.001210354,0.001306035,0.001365447,0.001306035,1.12E-07,0.022141417,1,1,-0.001962039,-0.003268074,-0.122263466,-0.203648373,16.056,-0.003268074,-0.001962039,-0.203648373,-0.122263466,0.001210354,0.8,
RGI60-05.05054,0.1375,0.0722,181.0535996,0.004710491,0.004904399,0.004189558,0.004904399,7.20E-06,0.861650133,1,1,-0.029559965,-0.034464363,-0.554536295,-0.646541378,53.336,-0.034464363,-0.029559965,-0.646541378,-0.554536295,0.004710491,0.1375,
RGI60-05.05329,0.5,0.14985,89.51642724,0.000599463,0.000691235,0.000474634,0.000691235,1.47E-07,0.039174494,1,1,-0.00703213,-0.007723366,-0.455978026,-0.500799174,15.43,-0.007723366,-0.00703213,-0.500799174,-0.455978026,0.000599463,0.5,
RGI60-05.05476,0.1,0.4,45.51763181,3.82E-06,7.87E-05,9.18E-05,7.87E-05,3.82E-08,0.004537251,1,1,-0.000965242,-0.001043912,-0.263514904,-0.284992151,3.665,-0.001043912,-0.000965242,-0.284992151,-0.263514904,3.82E-06,0.1,
RGI60-05.05532,0.65,0.35215,105.0552541,0.002445642,0.002535247,0.002333845,0.002535247,3.67E-07,0.083611723,1,1,-0.012109238,-0.014644485,-0.524892411,-0.634786332,23.079,-0.014644485,-0.012109238,-0.634786332,-0.524892411,0.002445642,0.65,
RGI60-05.05544,0.0938125,0.0341875,260.5530757,0.00446962,0.004686874,0.002877042,0.004686874,1.03E-05,0.025912271,1,1,-0.008917917,-0.013604791,-0.551826918,-0.841843413,16.168,-0.013604791,-0.008917917,-0.841843413,-0.551826918,0.00446962,0.0938125,
RGI60-05.05547,0.087625,0.024534375,616.3421457,0.01701174,0.016701676,0.00773982,0.016701676,3.66E-05,0.086798846,1,1,-0.020678047,-0.037379723,-0.54150568,-0.978880258,38.205,-0.037379723,-0.020678047,-0.978880258,-0.54150568,0.01701174,0.087625,
RGI60-05.05548,0.3,0.15,99.08460381,0.00017897,0.000108871,0.000362326,0.000108871,8.51E-08,0.033366807,1,1,-0.002325101,-0.002433972,-0.191761297,-0.200740389,12.131,-0.002433972,-0.002325101,-0.200740389,-0.191761297,0.00017897,0.3,
RGI60-05.05550,0.09071875,0.025075781,403.2170669,0.006041716,0.006034103,0.002785459,0.006034103,8.12E-06,0.007696453,1,1,-0.004285401,-0.010319504,-0.320368196,-0.77146593,13.383,-0.010319504,-0.004285401,-0.77146593,-0.320368196,0.006041716,0.09071875,
RGI60-05.05554,0.2,0.09975,102.4688272,0.000594981,0.00059609,0.000501279,0.00059609,5.11E-07,0.021714675,1,1,-0.004346765,-0.004942855,-0.90068216,-1.024196516,4.828,-0.004942855,-0.004346765,-1.024196516,-0.90068216,0.000594981,0.2,
RGI60-05.05558,0.1,0.0261125,447.3388709,0.031643816,0.032572994,0.014835029,0.032572994,5.58E-05,0.185290507,1,1,-0.032919133,-0.065492127,-0.543464325,-1.081214226,60.6,-0.065492127,-0.032919133,-1.081214226,-0.543464325,0.031643816,0.1,
RGI60-05.05562,0.35,0.1198,97.69976494,0.000544722,0.000526555,0.000339764,0.000526555,2.07E-07,0.045409749,1,1,-0.007421749,-0.007948304,-0.868135862,-0.929728019,8.553,-0.007948304,-0.007421749,-0.929728019,-0.868135862,0.000544722,0.35,
RGI60-05.05697,0.0566875,0.023296875,322.1553922,0.003527821,0.00353541,0.002390613,0.00353541,2.94E-05,1.082621606,1,1,-0.048693669,-0.052229079,-0.731009919,-0.784084994,66.646,-0.052229079,-0.048693669,-0.784084994,-0.731009919,0.003527821,0.0566875,
RGI60-05.05700,0.2,0.2,77.40377687,0.000149561,0.000185698,0.000275364,0.000185698,1.95E-07,0.028572099,1,1,-0.006451933,-0.006637631,-0.449846796,-0.462794169,14.35,-0.006637631,-0.006451933,-0.462794169,-0.449846796,0.000149561,0.2,
RGI60-05.05833,0.225,0.1284,108.6395848,0.001197291,0.001143205,0.001084939,0.001143205,1.28E-06,0.308055088,1,1,-0.015814703,-0.016957908,-0.516736356,-0.554089918,30.613,-0.016957908,-0.015814703,-0.554089918,-0.516736356,0.001197291,0.225,
RGI60-05.05853,0.3,0.1299,118.0478767,0.000139685,0.000203236,0.000185131,0.000203236,7.45E-08,0.008051643,1,1,-0.00150703,-0.001710266,-0.396103969,-0.449522011,3.806,-0.001710266,-0.00150703,-0.449522011,-0.396103969,0.000139685,0.3,
RGI60-05.05855,0.225,0.0935,134.2347638,0.001599313,0.001598164,0.001015636,0.001598164,1.55E-06,0.090456252,1,1,-0.009949812,-0.011547976,-0.765333984,-0.888263832,13.004,-0.011547976,-0.009949812,-0.888263832,-0.765333984,0.001599313,0.225,
RGI60-05.05859,0.0690625,0.02455,289.621932,0.003059816,0.003086337,0.001922341,0.003086337,1.47E-05,0.014243286,1,1,-0.015880047,-0.018966384,-0.822388397,-0.98222218,19.315,-0.018966384,-0.015880047,-0.98222218,-0.822388397,0.003059816,0.0690625,
RGI60-05.05867,0.0938125,0.05284375,191.0418393,0.002680158,0.002768285,0.002282195,0.002768285,8.89E-06,0.315360485,1,1,-0.028429415,-0.031197701,-0.962309077,-1.056012942,29.551,-0.031197701,-0.028429415,-1.056012942,-0.962309077,0.002680158,0.0938125,
RGI60-05.05872,0.15625,0.0420375,208.9991213,0.009375695,0.009243158,0.004171456,0.009243158,1.27E-05,0.878657257,1,1,-0.042239668,-0.051482826,-0.807547948,-0.984260831,52.319,-0.051482826,-0.042239668,-0.984260831,-0.807547948,0.009375695,0.15625,
RGI60-05.05877,0.175,0.07475,166.292245,0.001214446,0.001144935,0.00072193,0.001144935,1.63E-06,0.062024345,1,1,-0.006399286,-0.007544221,-0.847091993,-0.998650415,7.557,-0.007544221,-0.006399286,-0.998650415,-0.847091993,0.001214446,0.175,
RGI60-05.06320,0.1,0.4,50.8663936,1.11E-05,8.29E-05,0.000225538,8.29E-05,6.13E-08,0.007412295,1,1,-0.001122172,-0.001205062,-0.356149703,-0.382457215,3.152,-0.001205062,-0.001122172,-0.382457215,-0.356149703,1.11E-05,0.1,
RGI60-05.06352,0.175,0.07105,30.74664992,0,0.00017179,0.000193109,0.00017179,0,0,1,1,-0.00138989,-0.00156168,-0.178160047,-0.200180609,7.804,-0.00156168,-0.00138989,-0.200180609,-0.178160047,0,5,
RGI60-05.06401,0.9,0.4,78.88486386,0.000176656,0.000248736,0.00031195,0.000248736,9.32E-09,0.006256977,1,1,-0.002381531,-0.002630267,-0.332182056,-0.366876402,7.172,-0.002630267,-0.002381531,-0.366876402,-0.332182056,0.000176656,0.9,
RGI60-05.06407,0.1,0.075,112.9574839,0.000186935,0.000174143,0.000367395,0.000174143,5.79E-07,0.029470196,1,1,-0.001465171,-0.001639314,-0.227632612,-0.25468787,6.439,-0.001639314,-0.001465171,-0.25468787,-0.227632612,0.000186935,0.1,
RGI60-05.06558,0.1,1.6,33.85369237,0,7.82E-05,0.000235461,7.82E-05,0,0.001008634,1,1,-0.00026506,-0.000343227,-0.227597722,-0.294716931,1.165,-0.000343227,-0.00026506,-0.294716931,-0.227597722,0,0.1,
RGI60-05.06655,0.2,0.0648,89.57604379,0.000306056,0.000265274,0.000250313,0.000265274,1.68E-07,0.014217425,1,1,-0.00096306,-0.001228334,-0.29365982,-0.374548042,3.281,-0.001228334,-0.00096306,-0.374548042,-0.29365982,0.000306056,0.2,
RGI60-05.06699,0.5,0.2,103.1835811,0.000209678,0.000169481,0.000185604,0.000169481,3.87E-08,0.007361092,1,1,-0.000187049,-0.00035653,-0.029204863,-0.055666686,6.408,-0.00035653,-0.000187049,-0.055666686,-0.029204863,0.000209678,0.5,
RGI60-05.06757,0.1,0.1,81.94117495,0.000120357,0.000115449,0.000168597,0.000115449,3.46E-07,0.00693516,1,1,-0.000275033,-0.000390483,-0.119420047,-0.169548358,2.304,-0.000390483,-0.000275033,-0.169548358,-0.119420047,0.000120357,0.1,
RGI60-05.06786,0.2,0.09975,110.7135187,0.000480954,0.000469458,0.00036561,0.000469458,4.80E-07,0.012057079,1,1,-0.000163899,-0.000633358,-0.054667598,-0.211252338,2.999,-0.000633358,-0.000163899,-0.211252338,-0.054667598,0.000480954,0.2,
RGI60-05.06789,0.2125,0.0682625,155.6755023,0.002702596,0.00267695,0.00134642,0.00267695,2.36E-06,0.09272658,1,1,-0.003871027,-0.006547976,-0.255043258,-0.431414528,15.185,-0.006547976,-0.003871027,-0.431414528,-0.255043258,0.002702596,0.2125,
RGI60-05.06792,0.2625,0.082975,236.8185481,0.009356863,0.009348462,0.003926306,0.009348462,5.90E-06,0.111395939,1,1,0.006604067,-0.002744395,0.315353347,-0.131048644,20.951,-0.002744395,0.006604067,-0.131048644,0.315353347,0.009356863,0.2625,
RGI60-05.06793,0.8,0.2298375,155.1021545,0.010184976,0.010223989,0.005757879,0.010223989,9.63E-07,0.353656643,1,1,0.004047768,-0.006176221,0.062975613,-0.096090302,64.306,-0.006176221,0.004047768,-0.096090302,0.062975613,0.010184976,0.8,
RGI60-05.06795,0.3,0.2,97.05185033,0.000202173,0.00018113,0.000232322,0.00018113,8.48E-08,0.007003082,1,1,-0.000601929,-0.00078306,-0.171090477,-0.222574354,3.52,-0.00078306,-0.000601929,-0.222574354,-0.171090477,0.000202173,0.3,
RGI60-05.06796,0.7,0.17985,122.4855447,0.006195804,0.006110871,0.003202415,0.006110871,9.39E-07,0.227889907,1,1,-0.002621505,-0.008732376,-0.079646222,-0.265305892,32.932,-0.008732376,-0.002621505,-0.265305892,-0.079646222,0.006195804,0.7,
RGI60-05.06799,0.55,0.22475,88.63111751,0.001251541,0.001331543,0.001125896,0.001331543,1.74E-07,0.062795098,1,1,-0.001503777,-0.00283532,-0.100680973,-0.189830531,14.944,-0.00283532,-0.001503777,-0.189830531,-0.100680973,0.001251541,0.55,
RGI60-05.06803,0.2125,0.0620125,179.6968173,0.004781009,0.004628607,0.002159968,0.004628607,4.47E-06,0.739790432,1,1,-0.032259265,-0.036887872,-0.53718606,-0.614262305,60.082,-0.036887872,-0.032259265,-0.614262305,-0.53718606,0.004781009,0.2125,
RGI60-05.06817,0.15,0.0548,107.3778676,0.001066933,0.001075666,0.000668164,0.001075666,1.76E-06,0.202027859,1,1,-0.006607011,-0.007682677,-0.264245074,-0.307265956,25.018,-0.007682677,-0.006607011,-0.307265956,-0.264245074,0.001066933,0.15,
RGI60-05.06821,0.8,0.289825,161.9410057,0.013435825,0.013870371,0.007186798,0.013870371,1.40E-06,0.196299157,1,1,-8.26E-05,-0.01395302,-0.001624076,-0.27418181,50.917,-0.01395302,-8.26E-05,-0.27418181,-0.001624076,0.013435825,0.8,
RGI60-05.06829,0.1,0.1,64.88917697,4.22E-05,0.000127766,0.000117367,0.000127766,1.19E-07,0.002786039,1,1,3.17E-05,-9.61E-05,0.036218828,-0.109985891,0.874,-9.61E-05,3.17E-05,-0.109985891,0.036218828,4.22E-05,0.1,
RGI60-05.06838,0.175,0.07105,61.30287346,0.000485534,0.000635394,0.000524332,0.000635394,4.56E-07,0.000304884,1,1,0.000353833,-0.000281561,0.330253118,-0.26279784,1.072,-0.000281561,0.000353833,-0.26279784,0.330253118,0.000304884,5,
RGI60-05.06840,0.25,0.09985,130.9269794,0.000790954,0.000866633,0.000509325,0.000866633,5.69E-07,0.014870237,1,1,0.000216085,-0.000650548,0.057865826,-0.174211614,3.736,-0.000650548,0.000216085,-0.174211614,0.057865826,0.000790954,0.25,
RGI60-05.06947,0.3,0.2,84.85452826,0.00023887,0.000298743,0.00031417,0.000298743,1.65E-07,0.011750383,1,1,-0.000153145,-0.000451888,-0.024996937,-0.073759125,6.129,-0.000451888,-0.000153145,-0.073759125,-0.024996937,0.00023887,0.3,
RGI60-05.07158,0.09690625,0.037203906,329.4855516,0.005010577,0.005030351,0.00318923,0.005030351,8.74E-06,0.013596249,1,1,-0.00476657,-0.009796921,-0.358199939,-0.736222573,13.313,-0.009796921,-0.00476657,-0.736222573,-0.358199939,0.005010577,0.09690625,
RGI60-05.07160,0.1,0.0435,208.7841977,0.001961574,0.002022022,0.001459925,0.002022022,2.84E-07,0.004675068,1,1,0.000359289,-0.001662733,0.037265832,-0.172460568,9.646,-0.001662733,0.000359289,-0.172460568,0.037265832,0.001961574,0.1,
RGI60-05.07182,0.2,0.0898,89.95219895,0.000368896,0.000394411,0.000346644,0.000394411,4.26E-07,0.032314947,1,1,-0.001946381,-0.002340791,-0.235147348,-0.282797137,8.282,-0.002340791,-0.001946381,-0.282797137,-0.235147348,0.000368896,0.2,
RGI60-05.07184,0.11875,0.0364125,80.02760703,0.001167933,0.001168115,0.000715431,0.001168115,2.03E-06,0.16596479,1,1,-0.012913486,-0.014081601,-0.647510404,-0.70608226,19.956,-0.014081601,-0.012913486,-0.70608226,-0.647510404,0.001167933,0.11875,
RGI60-05.07198,0.175,0.07105,0.064772909,0.004001099,0.002866356,0.002123357,0.002866356,3.36E-06,0.002205637,1,1,0.000929289,-0.001937066,0.138934437,-0.289603207,6.692,-0.001937066,0.000929289,-0.289603207,0.138934437,0.002205637,5,
RGI60-05.07227,0.2375,0.0788875,124.6693413,0.053271258,0.051929577,0.028916629,0.051929577,4.42E-05,3.215628411,1,1,-0.016480015,-0.068409593,-0.127476188,-0.529161769,129.356,-0.068409593,-0.016480015,-0.529161769,-0.127476188,0.053271258,0.2375,
RGI60-05.07490,0.175,0.07105,78.89731011,0.012354359,0.093668644,0.046209195,0.093668644,2.18E-05,0,1,1,-0.018581214,-0.112249857,-0.164741311,-0.995208871,112.869,-0.112249857,-0.018581214,-0.995208871,-0.164741311,0,5,
RGI60-05.07491,0.55,0.198525,110.2557074,0.037077723,0.03715667,0.025821989,0.03715667,1.40E-06,0.602786097,1,1,-0.000511113,-0.037667783,-0.010148651,-0.747931463,50.397,-0.037667783,-0.000511113,-0.747931463,-0.010148651,0.037077723,0.55,
RGI60-05.07495,0.2875,0.1412875,141.024995,0.123618203,0.124772356,0.092684952,0.124772356,9.65E-05,4.876377512,1,1,-0.07784413,-0.202616486,-0.314195237,-0.817802635,247.918,-0.202616486,-0.07784413,-0.817802635,-0.314195237,0.123618203,0.2875,
RGI60-05.07542,0.0505,0.03125,197.0012697,0.000731634,0.000693749,0.001117973,0.000693749,2.31E-06,0.004825204,1,1,-0.005753709,-0.006447458,-0.56214334,-0.629923314,10.242,-0.006447458,-0.005753709,-0.629923314,-0.56214334,0.000731634,0.0505,
RGI60-05.07545,2.3,0.255678906,75.14349336,0.001614422,0.001582712,0.001076585,0.001582712,0,0.008399905,1,1,-0.000912732,-0.002495444,-0.163814794,-0.447875939,5.576,-0.002495444,-0.000912732,-0.447875939,-0.163814794,0.001614422,2.3,
RGI60-05.07547,0.3,0.8,43.36586636,7.71E-06,0.000104136,0.000189633,0.000104136,3.97E-09,0.002081589,1,1,-0.000653043,-0.000757179,-0.375416371,-0.435280982,1.741,-0.000757179,-0.000653043,-0.435280982,-0.375416371,7.71E-06,0.3,
RGI60-05.07550,0.175,0.07105,23.24885516,0,0.000120027,0.000232557,0.000120027,0,0,1,1,-0.000898996,-0.001019023,-0.645615362,-0.731813165,1.393,-0.001019023,-0.000898996,-0.731813165,-0.645615362,0,5,
RGI60-05.07551,0.175,0.07105,22.59845095,0,0.000108204,0.000132936,0.000108204,0,0,1,1,-0.000666372,-0.000774576,-0.591351152,-0.687373429,1.128,-0.000774576,-0.000666372,-0.687373429,-0.591351152,0,5,
RGI60-05.07552,0.07525,0.02735,230.450915,0.000937654,0.000967334,0.000605989,0.000967334,2.01E-06,0.002118169,1,1,-0.003547944,-0.004515277,-0.497950864,-0.633715309,7.13,-0.004515277,-0.003547944,-0.633715309,-0.497950864,0.000937654,0.07525,
RGI60-05.07555,0.1,0.8,32.00545766,1.42E-07,4.38E-05,0.000132215,4.38E-05,1.42E-09,0.003026565,1,1,-0.001487108,-0.0015309,-0.4983566,-0.513031995,2.986,-0.0015309,-0.001487108,-0.513031995,-0.4983566,1.42E-07,0.1,
RGI60-05.07597,0.0319375,0.015625,263.2777695,0.001375929,0.001332982,0.001638505,0.001332982,5.57E-06,0.021640878,1,1,-0.005546819,-0.006879801,-0.774870353,-0.961083021,7.163,-0.006879801,-0.005546819,-0.961083021,-0.774870353,0.001375929,0.0319375,
RGI60-05.07602,0.0505,0.019275,155.2667996,0.001055801,0.001113088,0.000659984,0.001113088,2.30E-06,0.005019893,1,1,-0.004139819,-0.005252907,-0.677936195,-0.86021534,6.111,-0.005252907,-0.004139819,-0.86021534,-0.677936195,0.001055801,0.0505,
RGI60-05.07663,0.07834375,0.020976563,249.7457229,0.002283478,0.002341214,0.001268536,0.002341214,4.09E-06,0.261974729,1,1,-0.013588592,-0.015929806,-0.733852927,-0.860290381,18.531,-0.015929806,-0.013588592,-0.860290381,-0.733852927,0.002283478,0.07834375,
RGI60-05.07801,0.045859375,0.022832813,466.778581,0.006213554,0.006268563,0.004923456,0.006268563,8.09E-06,0.05864212,1,1,-0.013309166,-0.019577728,-0.745277664,-1.096300398,17.871,-0.019577728,-0.013309166,-1.096300398,-0.745277664,0.006213554,0.045859375,
RGI60-05.07807,0.0690625,0.026390625,247.8141737,0.001896637,0.001818391,0.001192346,0.001818391,3.38E-06,0.015973259,1,1,-0.009488516,-0.011306907,-0.872911538,-1.040197432,10.878,-0.011306907,-0.009488516,-1.040197432,-0.872911538,0.001896637,0.0690625,
RGI60-05.07812,0.087625,0.029825,236.774539,0.004425777,0.004286298,0.002476531,0.004286298,3.91E-06,0.014897576,1,1,-0.005405751,-0.009692049,-0.675287258,-1.210732187,8.011,-0.009692049,-0.005405751,-1.210732187,-0.675287258,0.004425777,0.087625,
RGI60-05.07816,0.175,0.07105,61.1211133,0.001637661,0.001223286,0.000779558,0.001223286,3.78E-07,0.00080908,1,1,-0.000661011,-0.001884297,-0.323496324,-0.922167831,2.045,-0.001884297,-0.000661011,-0.922167831,-0.323496324,0.00080908,5,
RGI60-05.08013,0.1,0.4,40.88202245,1.35E-06,8.68E-05,8.76E-05,8.68E-05,1.35E-08,0.008384389,1,1,-0.001741846,-0.001828649,-0.288773345,-0.303164009,6.037,-0.001828649,-0.001741846,-0.303164009,-0.288773345,1.35E-06,0.1,
RGI60-05.08015,0.1,0.040375,185.988143,0.001206087,0.001175297,0.000808174,0.001175297,2.42E-06,0.183668778,1,1,-0.00885732,-0.010032617,-0.39869295,-0.451596378,22.233,-0.010032617,-0.00885732,-0.451596378,-0.39869295,0.001206087,0.1,
RGI60-05.08020,0.3,0.2,60.56743012,6.98E-05,0.000107518,0.000200632,0.000107518,3.87E-08,0.01132875,1,1,-0.002376712,-0.002484229,-0.284404827,-0.297270724,8.363,-0.002484229,-0.002376712,-0.297270724,-0.284404827,6.98E-05,0.3,
RGI60-05.08041,0.1375,0.00995,754.9357503,0.109716079,0.105408789,0.016335212,0.105408789,8.31E-05,12.10463545,1,1,-0.254471364,-0.359880153,-0.57862128,-0.818301562,440.14,-0.359880153,-0.254471364,-0.818301562,-0.57862128,0.109716079,0.1375,
RGI60-05.08054,0.0814375,0.021440625,369.0633405,0.028407454,0.028569851,0.012395004,0.028569851,4.78E-05,9.139346502,1,1,-0.126194478,-0.154764329,-0.244887478,-0.300328879,515.711,-0.154764329,-0.126194478,-0.300328879,-0.244887478,0.028407454,0.0814375,
RGI60-05.08057,0.04740625,0.025,339.2244092,0.010257304,0.010151028,0.011270961,0.010151028,3.46E-05,9.938628839,1,1,-0.167823226,-0.177974254,-0.42480462,-0.450499537,395.374,-0.177974254,-0.167823226,-0.450499537,-0.42480462,0.010257304,0.04740625,
RGI60-05.08065,0.07525,0.0379,212.1863736,0.001345902,0.001322125,0.001145899,0.001322125,5.86E-06,0.30117867,1,1,-0.016151775,-0.0174739,-0.338207691,-0.365892131,47.795,-0.0174739,-0.016151775,-0.365892131,-0.338207691,0.001345902,0.07525,
RGI60-05.08115,0.1,0.024225,160.3272635,0.001655034,0.001557144,0.000776379,0.001557144,2.49E-06,0.201898798,1,1,-0.010847362,-0.012404507,-0.669905548,-0.766070836,16.203,-0.012404507,-0.010847362,-0.766070836,-0.669905548,0.001655034,0.1,
RGI60-05.08116,0.05978125,0.01956875,167.1764714,0.00182478,0.001747779,0.001116213,0.001747779,5.62E-06,0.059517835,1,1,-0.012475694,-0.014223473,-0.670823877,-0.764802792,18.611,-0.014223473,-0.012475694,-0.764802792,-0.670823877,0.00182478,0.05978125,
RGI60-05.08118,0.038125,0.0205125,113.7111281,0.000568547,0.000612967,0.000594884,0.000612967,4.35E-06,0.015863985,1,1,-0.006521732,-0.007134699,-0.468206106,-0.512212006,13.939,-0.007134699,-0.006521732,-0.512212006,-0.468206106,0.000568547,0.038125,
RGI60-05.08390,0.10625,0.03716875,229.5274252,0.011573988,0.011802705,0.006189986,0.011802705,1.59E-05,2.486104705,1,1,-0.147406036,-0.159208741,-0.292304437,-0.315709062,504.689,-0.159208741,-0.147406036,-0.315709062,-0.292304437,0.011573988,0.10625,
RGI60-05.08443,0.14375,0.04373125,237.5105631,0.006971519,0.006880514,0.003286719,0.006880514,1.05E-05,1.200070658,1,1,-0.051954507,-0.058835021,-0.215481374,-0.244018313,241.303,-0.058835021,-0.051954507,-0.244018313,-0.215481374,0.006971519,0.14375,
RGI60-05.08444,0.15,0.0666375,147.8544665,0.004443194,0.004489843,0.003352166,0.004489843,7.65E-06,1.176383665,1,1,-0.051091546,-0.055581389,-0.284974766,-0.310017891,179.428,-0.055581389,-0.051091546,-0.310017891,-0.284974766,0.004443194,0.15,
RGI60-05.08727,0.6,0.1,75.97454163,0.000136307,0.000129942,0.000138943,0.000129942,2.11E-08,0.020509078,1,1,-0.006948792,-0.007078734,-0.189889739,-0.193440664,36.622,-0.007078734,-0.006948792,-0.193440664,-0.189889739,0.000136307,0.6,
RGI60-05.09267,0.1,0.45,39.27193705,0,8.96E-05,8.90E-05,8.96E-05,0,0.009743771,1,1,-0.004838884,-0.004928457,-0.392443381,-0.399707941,12.34,-0.004928457,-0.004838884,-0.399707941,-0.392443381,0,0.1,
RGI60-05.09428,0.087625,0.029825,177.7457911,0.00112919,0.001098577,0.000700121,0.001098577,2.89E-06,0.158923387,1,1,-0.005017396,-0.006115973,-0.193701905,-0.236113631,25.923,-0.006115973,-0.005017396,-0.236113631,-0.193701905,0.00112919,0.087625,
RGI60-05.09569,0.19375,0.0924625,86.94008836,0.001450063,0.001459352,0.001449439,0.001459352,1.75E-06,0.735096265,1,1,-0.074667547,-0.076126899,-0.520976102,-0.531158403,143.427,-0.076126899,-0.074667547,-0.531158403,-0.520976102,0.001450063,0.19375,
RGI60-05.09578,0.0505,0.05,73.85721223,4.74E-05,0.000141378,0.000164814,0.000141378,9.38E-07,0.301490368,1,1,-0.029796223,-0.029937601,-0.429488619,-0.431526474,69.43,-0.029937601,-0.029796223,-0.431526474,-0.429488619,4.74E-05,0.0505,
RGI60-05.09689,0.25,0.0686,112.6980978,0.004719689,0.004809434,0.002500956,0.004809434,1.41E-06,0.411403687,1,1,-0.014116505,-0.018925938,-0.332693199,-0.446040374,42.461,-0.018925938,-0.014116505,-0.446040374,-0.332693199,0.004719689,0.25,
RGI60-05.09694,1.1,0.1961625,87.89497769,0.002003724,0.001999845,0.000817735,0.001999845,5.37E-08,0.032884705,1,1,-0.009117444,-0.011117289,-0.344182301,-0.41967619,26.511,-0.011117289,-0.009117444,-0.41967619,-0.344182301,0.002003724,1.1,
RGI60-05.09726,0.4,0.10985,97.02255866,0.000372428,0.000338693,0.000219563,0.000338693,9.42E-08,0.018789528,1,1,-0.004228205,-0.004566898,-0.358973843,-0.387728822,11.788,-0.004566898,-0.004228205,-0.387728822,-0.358973843,0.000372428,0.4,
RGI60-05.09801,0.0443125,0.021285938,203.7218621,0.003045936,0.003195347,0.002430417,0.003195347,9.04E-06,3.817695357,1,1,-0.057334688,-0.060530035,-0.415860932,-0.439037478,137.972,-0.060530035,-0.057334688,-0.439037478,-0.415860932,0.003045936,0.0443125,
RGI60-05.09802,0.04121875,0.019878125,184.9281431,0.002187967,0.002124136,0.001688012,0.002124136,6.84E-06,0.015927646,1,1,-0.010382544,-0.01250668,-0.374843952,-0.451532248,27.719,-0.01250668,-0.010382544,-0.451532248,-0.374843952,0.002187967,0.04121875,
RGI60-05.09804,0.19375,0.08086875,117.1062457,0.01109924,0.011069616,0.008006122,0.011069616,1.22E-05,1.916029927,1,1,-0.05205963,-0.063129246,-0.334185461,-0.40524445,155.892,-0.063129246,-0.05205963,-0.40524445,-0.334185461,0.01109924,0.19375,
RGI60-05.09805,0.001,0.1,26.15481299,3.64E-07,6.97E-05,9.72E-05,6.97E-05,3.64E-07,0.014974769,1,1,-0.00180639,-0.001876097,-0.325057013,-0.33760079,5.561,-0.001876097,-0.00180639,-0.33760079,-0.325057013,3.64E-07,0.001,
RGI60-05.09806,0.5,0.12485,105.0111096,0.000463464,0.000446919,0.00027951,0.000446919,1.01E-07,0.024270819,1,1,-0.006704888,-0.007151807,-0.364971083,-0.389298481,18.385,-0.007151807,-0.006704888,-0.389298481,-0.364971083,0.000463464,0.5,
RGI60-05.09810,0.1,0,95.62383159,0.000148481,9.04E-05,0.000147981,9.04E-05,3.67E-07,0.009662037,1,1,-0.001178059,-0.001268505,-0.382901498,-0.412298971,3.079,-0.001268505,-0.001178059,-0.412298971,-0.382901498,0.000148481,0.1,
RGI60-05.09814,1.1,0.2099,72.88953379,0.000349135,0.000300296,0.000209177,0.000300296,0,0.008643913,1,1,-0.003624686,-0.003924982,-0.41063344,-0.444653396,8.834,-0.003924982,-0.003624686,-0.444653396,-0.41063344,0.000349135,1.1,
RGI60-05.09830,0.7,0.13495,96.5400286,0.000172047,0.000208089,0.000166907,0.000208089,1.45E-08,0.008151745,1,1,-0.005032716,-0.005240805,-0.50563196,-0.526538421,9.961,-0.005240805,-0.005032716,-0.526538421,-0.50563196,0.000172047,0.7,
RGI60-05.09832,0.10625,0.03930625,166.9732672,0.006016645,0.00601063,0.004105591,0.00601063,1.22E-05,2.474666666,1,1,-0.040692302,-0.046702932,-0.316311203,-0.363033302,128.739,-0.046702932,-0.040692302,-0.363033302,-0.316311203,0.006016645,0.10625,
RGI60-05.09834,0.13125,0.0448,137.9901106,0.002176424,0.002186725,0.001281206,0.002186725,2.94E-06,0.358413594,1,1,-0.014669257,-0.016855982,-0.372540524,-0.428074593,39.405,-0.016855982,-0.014669257,-0.428074593,-0.372540524,0.002176424,0.13125,
RGI60-05.09836,0.05359375,0.018988672,170.9898715,0.008850884,0.008898044,0.005603006,0.008898044,3.85E-05,0.069781592,1,1,-0.030050585,-0.038948629,-0.470409956,-0.609699375,63.929,-0.038948629,-0.030050585,-0.609699375,-0.470409956,0.008850884,0.05359375,
RGI60-05.09838,0.175,0.1125,87.18311678,0.001184752,0.001161782,0.001280003,0.001161782,1.10E-06,0.301666943,1,1,-0.019034514,-0.020196296,-0.477634898,-0.506787618,39.881,-0.020196296,-0.019034514,-0.506787618,-0.477634898,0.001184752,0.175,
RGI60-05.09840,0.062875,0.03415625,132.8382862,0.001112246,0.001018,0.001004265,0.001018,4.61E-06,0.006819102,1,1,-0.012711445,-0.013729446,-0.531636488,-0.574212772,23.928,-0.013729446,-0.012711445,-0.574212772,-0.531636488,0.001112246,0.062875,
RGI60-05.09912,0.3,0.2,65.97902466,4.19E-05,0.000104516,0.000105462,0.000104516,1.37E-08,0.007703803,1,1,-0.002081806,-0.002186322,-0.350118412,-0.367695859,5.95,-0.002186322,-0.002081806,-0.367695859,-0.350118412,4.19E-05,0.3,
RGI60-05.09915,0.1875,0.00625,706.8098746,0.118564253,0.122653815,0.008768714,0.122653815,1.34E-05,5.99346177,1,1,-0.015568924,-0.13822274,-0.061524162,-0.546218739,253.25,-0.13822274,-0.015568924,-0.546218739,-0.061524162,0.118564253,0.1875,
RGI60-05.09918,0.5,0.2,73.88624261,0.000175627,0.000173264,0.000212775,0.000173264,0,0.010994829,1,1,-0.001992153,-0.002165417,-0.356144795,-0.3871199,5.598,-0.002165417,-0.001992153,-0.3871199,-0.356144795,0.000175627,0.5,
RGI60-05.09921,0.4,0.08485,88.45533012,0.000371068,0.000277104,0.000206294,0.000277104,8.25E-08,0.021837022,1,1,-0.004599929,-0.004877033,-0.39484572,-0.418631636,11.659,-0.004877033,-0.004599929,-0.418631636,-0.39484572,0.000371068,0.4,
RGI60-05.09943,0.0443125,0.012746875,297.4928493,0.000480931,0.000500331,0.000297023,0.000500331,2.12E-06,0.022482239,1,1,-0.005900097,-0.006400428,-0.353709579,-0.38370431,16.694,-0.006400428,-0.005900097,-0.38370431,-0.353709579,0.000480931,0.0443125,
RGI60-05.09951,0.2,0.07985,89.35966594,0.000312934,0.000295039,0.000197542,0.000295039,3.43E-07,0.028511421,1,1,-0.003064195,-0.003359234,-0.323250261,-0.354374677,9.487,-0.003359234,-0.003064195,-0.354374677,-0.323250261,0.000312934,0.2,
RGI60-05.09955,4.403125,0.221278125,70.97863401,0.001054774,0.00014437,0.000138323,0.00014437,0,0.002117061,1,1,-0.006567045,-0.006711415,-0.325476848,-0.33263213,20.193,-0.006711415,-0.006567045,-0.33263213,-0.325476848,0.001054774,4.403125,
RGI60-05.09958,0.0814375,0.027025,249.3703905,0.00385168,0.003699787,0.002153893,0.003699787,3.44E-06,0.635619012,1,1,-0.011424939,-0.015124726,-0.269132249,-0.35628649,42.485,-0.015124726,-0.011424939,-0.35628649,-0.269132249,0.00385168,0.0814375,
RGI60-05.09964,0.175,0.07105,24.07085274,0,9.48E-05,9.26E-05,9.48E-05,0,0,1,1,-0.001198543,-0.00129339,-0.388474118,-0.419216191,3.088,-0.00129339,-0.001198543,-0.419216191,-0.388474118,0,5,
RGI60-05.09992,0.05359375,0.027620703,319.8496424,0.011635379,0.012168226,0.009530137,0.012168226,8.70E-06,0.177407168,1,1,-0.015432597,-0.027600823,-0.109144532,-0.195202333,141.507,-0.027600823,-0.015432597,-0.195202333,-0.109144532,0.011635379,0.05359375,
RGI60-05.09996,0.042765625,0.020342188,123.2595696,0.003197945,0.003277876,0.002905558,0.003277876,3.53E-05,0.15465037,1,1,-0.058588026,-0.061865901,-0.380180743,-0.401451051,154.222,-0.061865901,-0.058588026,-0.401451051,-0.380180743,0.003197945,0.042765625,
RGI60-05.09997,0.1125,0.04105,144.0406383,0.000550202,0.000558681,0.000398605,0.000558681,7.35E-07,0.32282571,1,1,-0.015907836,-0.016466517,-0.409346387,-0.423722585,38.892,-0.016466517,-0.015907836,-0.423722585,-0.409346387,0.000550202,0.1125,
RGI60-05.10312,0.225,0.0976,112.941157,0.006249615,0.006255657,0.004665383,0.006255657,4.25E-06,0.525430421,1,1,-0.01995443,-0.026210087,-0.224589775,-0.294998027,88.917,-0.026210087,-0.01995443,-0.294998027,-0.224589775,0.006249615,0.225,
RGI60-05.10313,0.4125,0.092975,113.2956382,0.001352051,0.001391835,0.000705211,0.001391835,3.02E-07,0.108413234,1,1,-0.01696081,-0.018352645,-0.326225053,-0.352995673,52.033,-0.018352645,-0.01696081,-0.352995673,-0.326225053,0.001352051,0.4125,
RGI60-05.10315,0.1,0.0478,639.272467,0.80039239,0.777097603,0.680003499,0.777097603,0.000170402,419.8984417,1,1,-0.933798687,-1.71089629,-0.123982166,-0.227158842,7537.579,-1.71089629,-0.933798687,-0.227158842,-0.123982166,0.80039239,0.1,
RGI60-05.10324,0.0814375,0.026576563,329.0871724,0.002307094,0.002376421,0.001308684,0.002376421,1.93E-06,0.273330863,1,1,-0.005893938,-0.008270359,-0.236136045,-0.331345521,24.978,-0.008270359,-0.005893938,-0.331345521,-0.236136045,0.002307094,0.0814375,
RGI60-05.10347,0.2,0.027425,652.310309,0.029006166,0.029233396,0.008095116,0.029233396,3.59E-06,2.569307062,1,1,-0.02368331,-0.052916706,-0.148863345,-0.332612203,159.217,-0.052916706,-0.02368331,-0.332612203,-0.148863345,0.029006166,0.2,
RGI60-05.10352,0.062875,0.01865625,117.3330481,0.000388037,0.000407785,0.000299764,0.000407785,2.83E-06,0.853118939,1,1,-0.027229893,-0.027637678,-0.306676731,-0.311269408,88.857,-0.027637678,-0.027229893,-0.311269408,-0.306676731,0.000388037,0.062875,
RGI60-05.10361,0.0319375,0.01875,443.2838508,0.018222726,0.018476842,0.020116562,0.018476842,4.60E-05,0.566347479,1,1,-0.060087522,-0.078564364,-0.207492656,-0.271296404,289.801,-0.078564364,-0.060087522,-0.271296404,-0.207492656,0.018222726,0.0319375,
RGI60-05.10363,0.0938125,0.035347656,126.492416,0.005473897,0.005564834,0.003854201,0.005564834,1.46E-05,2.049142201,1,1,-0.027957992,-0.033522826,-0.286235383,-0.343208442,97.747,-0.033522826,-0.027957992,-0.343208442,-0.286235383,0.005473897,0.0938125,
RGI60-05.10377,0.1,2.1390625,31.77971944,0,7.40E-05,6.88E-05,7.40E-05,0,0.001519744,1,1,-0.007152595,-0.007226624,-0.386725897,-0.390728497,18.51,-0.007226624,-0.007152595,-0.390728497,-0.386725897,0,0.1,
RGI60-05.10522,2.3,0.31495,58.9457464,0.000218775,0.000231651,0.000215767,0.000231651,0,0.001628435,1,1,-0.00177077,-0.002002422,-0.423683945,-0.479110071,4.183,-0.002002422,-0.00177077,-0.479110071,-0.423683945,0.000218775,2.3,
RGI60-05.10536,0.3,0.08235,152.2396293,0.001919135,0.001916826,0.000774735,0.001916826,7.75E-07,0.071704132,1,1,-0.006903218,-0.008820044,-0.42785043,-0.546652245,16.148,-0.008820044,-0.006903218,-0.546652245,-0.42785043,0.001919135,0.3,
RGI60-05.10537,0.2375,0.066725,292.06005,0.012085452,0.012019661,0.005443028,0.012019661,1.87E-06,0.586761456,1,1,-0.01415262,-0.026172282,-0.258206504,-0.477498378,54.856,-0.026172282,-0.01415262,-0.477498378,-0.258206504,0.012085452,0.2375,
RGI60-05.10538,0.946875,0.05,44.84950159,0,0.000380836,0.000399932,0.000380836,0,0.044284471,1,1,-0.026407843,-0.026788679,-0.437530588,-0.443840364,60.404,-0.026788679,-0.026407843,-0.443840364,-0.437530588,0,0.946875,
RGI60-05.10541,1.75,0.4842125,105.2273065,0.00214948,0.002115169,0.001430813,0.002115169,0,0.019493174,1,1,-0.009188317,-0.011303486,-0.460296581,-0.566257749,19.978,-0.011303486,-0.009188317,-0.566257749,-0.460296581,0.00214948,1.75,
RGI60-05.10544,0.525,0.1929,165.0717419,0.004144312,0.004084514,0.002826918,0.004084514,3.91E-07,0.126169556,1,1,-0.016650211,-0.020734726,-0.450227838,-0.5606746,37.012,-0.020734726,-0.016650211,-0.5606746,-0.450227838,0.004144312,0.525,
RGI60-05.10559,0.11875,0.03935625,224.7797177,0.002829514,0.002919868,0.001500388,0.002919868,2.44E-06,0.166224074,1,1,-0.009826221,-0.012746089,-0.450936569,-0.584932678,21.807,-0.012746089,-0.009826221,-0.584932678,-0.450936569,0.002829514,0.11875,
RGI60-05.10562,0.4375,0.084225,90.55050707,0.002549633,0.002572827,0.000964419,0.002572827,1.16E-06,0.09542609,1,1,-0.015329914,-0.017902741,-0.385031216,-0.449651193,39.845,-0.017902741,-0.015329914,-0.449651193,-0.385031216,0.002549633,0.4375,
RGI60-05.10566,0.5,0.17485,97.64768085,0.000307185,0.000298877,0.00025538,0.000298877,6.63E-08,0.025230487,1,1,-0.011621076,-0.011919954,-0.54865992,-0.562770653,21.197,-0.011919954,-0.011621076,-0.562770653,-0.54865992,0.000307185,0.5,
RGI60-05.10598,0.07525,0.0336,147.5673055,0.000591925,0.000663337,0.000472926,0.000663337,1.40E-06,0.111475098,1,1,-0.00752638,-0.008189717,-0.539976316,-0.587567085,13.949,-0.008189717,-0.00752638,-0.587567085,-0.539976316,0.000591925,0.07525,
RGI60-05.10599,0.9,0.2,66.70145255,7.24E-05,0.000171899,0.000114994,0.000171899,2.09E-09,0.003471166,1,1,-0.004356907,-0.004528806,-0.351777992,-0.365657154,12.395,-0.004528806,-0.004356907,-0.365657154,-0.351777992,7.24E-05,0.9,
RGI60-05.10605,0.087625,0.02549375,124.9349009,0.000619762,0.000604967,0.000357711,0.000604967,1.48E-06,0.079095719,1,1,-0.004969937,-0.005574904,-0.486705816,-0.545950205,10.22,-0.005574904,-0.004969937,-0.545950205,-0.486705816,0.000619762,0.087625,
RGI60-05.10607,0.125,0.034225,452.1179438,0.024756403,0.024492893,0.01114014,0.024492893,4.94E-06,0.047477933,1,1,-0.012301964,-0.036794857,-0.267725114,-0.800758899,45.987,-0.036794857,-0.012301964,-0.800758899,-0.267725114,0.024756403,0.125,
RGI60-05.10609,0.25,0.11225,161.9287982,0.00480775,0.004921077,0.003166351,0.004921077,3.47E-06,0.537636212,1,1,-0.02557578,-0.030496856,-0.308327138,-0.367652855,83.016,-0.030496856,-0.02557578,-0.367652855,-0.308327138,0.00480775,0.25,
RGI60-05.10610,0.2125,0.117775,119.1597005,0.001432879,0.001430052,0.001345779,0.001430052,1.37E-06,0.31791504,1,1,-0.027541746,-0.028971798,-0.358127254,-0.376722326,76.967,-0.028971798,-0.027541746,-0.376722326,-0.358127254,0.001432879,0.2125,
RGI60-05.10615,0.0443125,0.024534375,500.2679563,0.018835328,0.018846614,0.01623992,0.018846614,2.63E-05,0.463674567,1,1,-0.034094719,-0.052941332,-0.203185637,-0.315501013,167.934,-0.052941332,-0.034094719,-0.315501013,-0.203185637,0.018835328,0.0443125,
RGI60-05.10617,0.11875,0.01508125,730.6937383,0.067641049,0.065713644,0.012816386,0.065713644,1.82E-05,7.786551851,1,1,-0.074054308,-0.139767952,-0.198539766,-0.374718192,373.29,-0.139767952,-0.074054308,-0.374718192,-0.198539766,0.067641049,0.11875,
RGI60-05.10627,1.6,0.3298875,106.075803,0.003522882,0.003572601,0.001471431,0.003572601,8.06E-08,0.028240149,1,1,-0.011991497,-0.015564097,-0.20147724,-0.261502916,59.564,-0.015564097,-0.011991497,-0.261502916,-0.20147724,0.003522882,1.6,
RGI60-05.10633,0.175,0.05735,104.480796,0.000938535,0.001035629,0.000517927,0.001035629,1.11E-06,0.086961188,1,1,-0.004427035,-0.005462663,-0.242364748,-0.299061805,18.28,-0.005462663,-0.004427035,-0.299061805,-0.242364748,0.000938535,0.175,
RGI60-05.10634,0.175,0.07105,169.4080579,0.217049036,0.062669207,0.029260327,0.062669207,3.22E-05,0.001822879,1,1,-0.068265893,-0.130935099,-0.176051191,-0.337669066,388.067,-0.130935099,-0.068265893,-0.337669066,-0.176051191,0.001822879,5,
RGI60-05.10639,1.2,0.32985,134.6735907,0.004547275,0.0045726,0.002230034,0.0045726,1.58E-07,0.045597923,1,1,-0.004321843,-0.008894442,-0.123135431,-0.253415285,35.126,-0.008894442,-0.004321843,-0.253415285,-0.123135431,0.004547275,1.2,
RGI60-05.10689,2.121875,0.002421875,38.40107531,0,0.000816869,0.000466241,0.000816869,0,0.020165509,1,1,-0.005871934,-0.006688803,-0.159660706,-0.181871771,36.806,-0.006688803,-0.005871934,-0.181871771,-0.159660706,0,2.121875,
RGI60-05.10700,0.042765625,0.014603125,212.3844988,0.004907514,0.00488938,0.002881277,0.00488938,1.19E-06,0.022219936,1,1,-0.025108584,-0.029997964,-0.246938773,-0.295025016,101.758,-0.029997964,-0.025108584,-0.295025016,-0.246938773,0.004907514,0.042765625,
RGI60-05.10712,0.15,0.07475,90.46280749,0.000538832,0.000589436,0.000509682,0.000589436,7.02E-07,0.03826563,1,1,-0.002276025,-0.002865461,-0.340520972,-0.428707721,6.689,-0.002865461,-0.002276025,-0.428707721,-0.340520972,0.000538832,0.15,
RGI60-05.10713,0.05978125,0.0375,213.1694009,0.0022415,0.002205383,0.002790836,0.002205383,5.88E-06,0.601341785,1,1,-0.014399562,-0.016604945,-0.371114127,-0.427952582,38.832,-0.016604945,-0.014399562,-0.427952582,-0.371114127,0.0022415,0.05978125,
RGI60-05.10718,0.1,0.03855,125.1628115,0.000717557,0.000683727,0.00047339,0.000683727,1.78E-06,0.110743117,1,1,-0.006181084,-0.006864811,-0.330037963,-0.366545435,18.743,-0.006864811,-0.006181084,-0.366545435,-0.330037963,0.000717557,0.1,
RGI60-05.10724,0.02884375,0.015995312,175.3725085,0.001361703,0.001427162,0.001264307,0.001427162,7.43E-07,0.015780765,1,1,-0.020516748,-0.02194391,-0.262552347,-0.280815703,78.206,-0.02194391,-0.020516748,-0.280815703,-0.262552347,0.001361703,0.02884375,
RGI60-05.10733,0.0814375,0.0285875,270.4348944,0.009664766,0.009346893,0.005481226,0.009346893,1.24E-06,0.030142991,1,1,-0.014672735,-0.024019628,-0.202061399,-0.33077947,72.673,-0.024019628,-0.014672735,-0.33077947,-0.202061399,0.009664766,0.0814375,
RGI60-05.10734,0.1375,0.0426375,188.2715554,0.002407897,0.00230424,0.001100517,0.00230424,2.59E-06,0.178949518,1,1,-0.004378438,-0.006682679,-0.170309873,-0.259938837,25.729,-0.006682679,-0.004378438,-0.259938837,-0.170309873,0.002407897,0.1375,
RGI60-05.10736,0.2,0.069775,252.4790664,0.009908257,0.009675068,0.005740196,0.009675068,6.72E-06,0.430294194,1,1,-0.015224059,-0.024899127,-0.234645777,-0.383765921,64.934,-0.024899127,-0.015224059,-0.383765921,-0.234645777,0.009908257,0.2,
RGI60-05.10738,0.7,0.13495,70.4953306,0.000272768,0.000315784,0.000238463,0.000315784,0,0.014827585,1,1,-0.003493657,-0.003809441,-0.187622016,-0.204580764,18.636,-0.003809441,-0.003493657,-0.204580764,-0.187622016,0.000272768,0.7,
RGI60-05.10743,0.087625,0.027659375,462.7278242,0.018074528,0.017706999,0.009680927,0.017706999,7.13E-06,0.053228764,1,1,-0.018624317,-0.036331316,-0.16228473,-0.316576322,114.852,-0.036331316,-0.018624317,-0.316576322,-0.16228473,0.018074528,0.087625,
RGI60-05.10749,0.087625,0.027659375,641.8727251,0.050561601,0.05131089,0.027020729,0.05131089,8.49E-05,5.733172591,1,1,-0.128488379,-0.17979927,-0.174020384,-0.243514146,738.938,-0.17979927,-0.128488379,-0.243514146,-0.174020384,0.050561601,0.087625,
RGI60-05.10750,0.25,0.0624,112.6031482,0.001086189,0.001162018,0.000465052,0.001162018,4.78E-07,0.054270751,1,1,-0.003599401,-0.004761419,-0.425385382,-0.562715357,8.468,-0.004761419,-0.003599401,-0.562715357,-0.425385382,0.001086189,0.25,
RGI60-05.10752,0.0814375,0.050925,601.3970917,0.007081955,0.007002246,0.00656709,0.007002246,1.32E-05,0.753493911,1,1,-0.021782566,-0.028784813,-0.209963761,-0.277458932,103.827,-0.028784813,-0.021782566,-0.277458932,-0.209963761,0.007081955,0.0814375,
RGI60-05.10753,0.15,0.037375,212.1200141,0.002923472,0.002976876,0.00121132,0.002976876,4.53E-07,0.205036786,1,1,-0.004995693,-0.007972569,-0.198716305,-0.317129079,25.16,-0.007972569,-0.004995693,-0.317129079,-0.198716305,0.002923472,0.15,
RGI60-05.10754,0.4,0.0649,111.6181581,0.000881437,0.000830014,0.000337996,0.000830014,3.09E-07,0.041927048,1,1,-0.004873652,-0.005703666,-0.235523455,-0.275634595,20.709,-0.005703666,-0.004873652,-0.275634595,-0.235523455,0.000881437,0.4,
RGI60-05.10755,3,0.139830469,74.60527996,0.000890487,0.000898535,0.000360502,0.000898535,0,0.004581723,1,1,-0.008730127,-0.009628662,-0.308288865,-0.340019028,28.34,-0.009628662,-0.008730127,-0.340019028,-0.308288865,0.000890487,3,
RGI60-05.10766,0.0690625,0.025400781,430.3903011,0.018903951,0.018953361,0.011387877,0.018953361,1.01E-05,6.036134575,1,1,-0.060534465,-0.079487827,-0.150602628,-0.19775636,402.27,-0.079487827,-0.060534465,-0.19775636,-0.150602628,0.018903951,0.0690625,
RGI60-05.10782,0.07525,0.0373125,106.1759578,0.000337398,0.000347483,0.00032545,0.000347483,7.33E-07,0.053609421,1,1,-0.000817764,-0.001165248,-0.133398772,-0.190082385,6.135,-0.001165248,-0.000817764,-0.190082385,-0.133398772,0.000337398,0.07525,
RGI60-05.10784,0.1,0.2,87.36053176,3.22E-05,0.000101589,0.000185781,0.000101589,5.49E-08,0.019035505,1,1,-0.001240859,-0.001342448,-0.216452421,-0.234173413,5.737,-0.001342448,-0.001240859,-0.234173413,-0.216452421,3.22E-05,0.1,
RGI60-05.10792,0.0505,0.01895,228.0408207,0.003056446,0.002951713,0.001847747,0.002951713,1.60E-06,0.057659122,1,1,-0.019230711,-0.022182424,-0.430111701,-0.496129356,44.746,-0.022182424,-0.019230711,-0.496129356,-0.430111701,0.003056446,0.0505,
RGI60-05.10797,0.0443125,0.015871875,182.8317669,0.000829634,0.000923804,0.000565761,0.000923804,2.05E-06,0.002617469,1,1,-0.006222746,-0.00714655,-0.471112394,-0.541051833,13.219,-0.00714655,-0.006222746,-0.541051833,-0.471112394,0.000829634,0.0443125,
RGI60-05.10844,0.15,0.0548,149.523719,0.003958011,0.003890793,0.002333873,0.003890793,6.53E-06,0.698849834,1,1,-0.053845769,-0.057736561,-0.489660863,-0.525042824,110.05,-0.057736561,-0.053845769,-0.525042824,-0.489660863,0.003958011,0.15,
RGI60-05.10862,0.0443125,0.0149125,212.3301933,0.002558176,0.002521115,0.001458725,0.002521115,1.28E-05,4.648326417,1,1,-0.182022785,-0.1845439,-0.384064248,-0.389383749,474.312,-0.1845439,-0.182022785,-0.389383749,-0.384064248,0.002558176,0.0443125,
RGI60-05.10884,0.039671875,0.021875,278.1900228,0.0055361,0.00561535,0.006419872,0.00561535,1.24E-05,0.158594663,1,1,-0.01712858,-0.02274393,-0.331559054,-0.440255755,51.702,-0.02274393,-0.01712858,-0.440255755,-0.331559054,0.0055361,0.039671875,
RGI60-05.10887,0.087625,0.027659375,282.1202362,0.010904736,0.011114489,0.005746247,0.011114489,1.03E-05,0.146753723,1,1,-0.030577828,-0.041692317,-0.359278257,-0.489869423,85.176,-0.041692317,-0.030577828,-0.489869423,-0.359278257,0.010904736,0.087625,
RGI60-05.10890,0.175,0.07105,0.161794419,0.207573783,0.023593363,0.012686671,0.023593363,5.60E-05,0,1,1,0.00405003,-0.019543333,0.171512686,-0.827630866,23.632,-0.019543333,0.00405003,-0.827630866,0.171512686,0,5,
RGI60-05.10892,0.027296875,0.009289453,426.9281217,0.007170671,0.00711258,0.003697678,0.00711258,4.91E-05,0.062284574,1,1,-0.022326173,-0.029438752,-0.378963861,-0.499692599,58.96,-0.029438752,-0.022326173,-0.499692599,-0.378963861,0.007170671,0.027296875,
RGI60-05.10911,0.0505,0.029825,217.5766263,0.002696558,0.002794863,0.002426417,0.002794863,2.15E-06,0.02304029,1,1,0.001214476,-0.001580387,0.100267913,-0.130477762,12.122,-0.001580387,0.001214476,-0.130477762,0.100267913,0.002696558,0.0505,
RGI60-05.10937,0.175,0.07105,54.15282992,0.003171931,0.001816851,0.001091952,0.001816851,7.87E-07,0.00012227,1,1,0.000802018,-0.001014833,0.457537161,-0.578944941,1.754,-0.001014833,0.000802018,-0.578944941,0.457537161,0.00012227,5,
RGI60-05.10951,0.10625,0.0251625,463.2896336,0.03189903,0.030413876,0.013053829,0.030413876,2.20E-05,0.107067123,1,1,-0.045707521,-0.076121397,-0.455951972,-0.759343326,100.324,-0.076121397,-0.045707521,-0.759343326,-0.455951972,0.03189903,0.10625,
RGI60-05.10956,0.0566875,0.03125,158.4022907,0.001462308,0.001443872,0.001741622,0.001443872,4.18E-06,0.008835962,1,1,-0.002864477,-0.004308349,-0.193508086,-0.291047999,14.815,-0.004308349,-0.002864477,-0.291047999,-0.193508086,0.001462308,0.0566875,
RGI60-05.10961,0.125,0.06225,128.5998023,0.000986962,0.001073652,0.00078707,0.001073652,1.40E-06,0.104032192,1,1,-0.002566232,-0.003639885,-0.21474158,-0.304584503,11.96,-0.003639885,-0.002566232,-0.304584503,-0.21474158,0.000986962,0.125,
RGI60-05.10964,0.0443125,0.019182031,395.0399162,0.007234147,0.007302879,0.005245815,0.007302879,9.39E-06,0.125536902,1,1,-0.010415876,-0.017718755,-0.27563461,-0.468890211,37.819,-0.017718755,-0.010415876,-0.468890211,-0.27563461,0.007234147,0.0443125,
RGI60-05.10966,0.087625,0.04040625,143.2687394,0.000612131,0.000609929,0.000502364,0.000609929,9.62E-07,0.077113806,1,1,-0.002191846,-0.002801775,-0.307442202,-0.392994726,7.135,-0.002801775,-0.002191846,-0.392994726,-0.307442202,0.000612131,0.087625,
RGI60-05.10971,0.07525,0.0379,403.7640962,0.002697339,0.002746162,0.00209805,0.002746162,1.74E-06,0.011116808,1,1,-0.005227359,-0.007973521,-0.214595453,-0.327331893,24.379,-0.007973521,-0.005227359,-0.327331893,-0.214595453,0.002697339,0.07525,
RGI60-05.10973,0.014921875,0.015625,256.465683,0.001339108,0.001343635,0.003543203,0.001343635,1.09E-05,0.184255939,1,1,-0.016279049,-0.017622684,-0.229469863,-0.248409779,70.998,-0.017622684,-0.016279049,-0.248409779,-0.229469863,0.001339108,0.014921875,
RGI60-05.10983,0.175,0.07105,0.194129065,1.350107088,0.150703536,0.047162176,0.143020776,0.000301643,0.07062456,1,1,0.047245226,-0.09577555,0.595620657,-1.208430691,79.321,-0.09577555,0.054927986,-1.208430691,0.693043928,0.07062456,5,
RGI60-05.10984,0.2625,0.141525,139.1327445,0.003050251,0.003078685,0.002656006,0.003078685,1.46E-06,0.154699982,1,1,-0.007128367,-0.010207052,-0.365442023,-0.523273522,19.522,-0.010207052,-0.007128367,-0.523273522,-0.365442023,0.003050251,0.2625,
RGI60-05.10992,0.05978125,0.015067187,584.44615,0.016046926,0.015484356,0.006601656,0.015484356,1.30E-05,0.12884671,1,1,0.00260778,-0.012876576,0.064629803,-0.319126061,40.382,-0.012876576,0.00260778,-0.319126061,0.064629803,0.016046926,0.05978125,
RGI60-05.10997,0.0195625,0.0125,212.2982821,0.000509833,0.000509602,0.000674943,0.000509602,4.46E-06,0.010576295,1,1,-0.014836522,-0.015346124,-0.479131285,-0.495588393,30.99,-0.015346124,-0.014836522,-0.495588393,-0.479131285,0.000509833,0.0195625,
RGI60-05.10998,0.04740625,0.01553125,280.3174,0.005228153,0.005174713,0.002883277,0.005174713,5.48E-06,0.069209591,1,1,-0.002172266,-0.007346979,-0.082731677,-0.279812815,26.277,-0.007346979,-0.002172266,-0.279812815,-0.082731677,0.005228153,0.04740625,
RGI60-05.10999,0.125,0.125,115.9046232,0.001540274,0.001453791,0.003384403,0.001453791,2.13E-06,0.430452175,1,1,-0.004013127,-0.005466918,-0.142284497,-0.193828326,28.227,-0.005466918,-0.004013127,-0.193828326,-0.142284497,0.001540274,0.125,
RGI60-05.11001,0.15,0.0572625,770.0794004,0.159519038,0.153494052,0.102432896,0.153494052,2.59E-05,0.53189597,1,1,-0.023118271,-0.176612323,-0.126456955,-0.966069519,182.955,-0.176612323,-0.023118271,-0.966069519,-0.126456955,0.159519038,0.15,
RGI60-05.11026,0.04121875,0.017310156,201.7392395,0.003616213,0.003451653,0.002557131,0.003451653,3.18E-05,4.676896165,1,1,-0.082621172,-0.086072825,-0.51539612,-0.536927749,160.435,-0.086072825,-0.082621172,-0.536927749,-0.51539612,0.003616213,0.04121875,
RGI60-05.11158,0.0566875,0.01895,212.7101116,0.00223911,0.002235037,0.001391002,0.002235037,1.01E-05,0.018284743,1,1,-0.012913724,-0.015148761,-1.145657497,-1.343941638,11.279,-0.015148761,-0.012913724,-1.343941638,-1.145657497,0.00223911,0.0566875,
RGI60-05.11359,0.1125,0.05845,116.0413999,0.000575831,0.00059319,0.000555945,0.00059319,1.69E-06,0.072841469,1,1,-0.009153024,-0.009746214,-0.593819605,-0.632303933,15.424,-0.009746214,-0.009153024,-0.632303933,-0.593819605,0.000575831,0.1125,
RGI60-05.11831,0.2,0.0699,87.11815719,0.000301056,0.000358675,0.000238546,0.000358675,2.88E-07,0.011271671,1,1,-0.00207911,-0.002437786,-0.657011744,-0.770355388,3.166,-0.002437786,-0.00207911,-0.770355388,-0.657011744,0.000301056,0.2,
RGI60-05.12079,0.175,0.06605,140.8325065,0.001915878,0.001955397,0.001258097,0.001955397,2.95E-06,0.175137291,1,1,-0.013705412,-0.015660808,-0.608815817,-0.695677596,22.527,-0.015660808,-0.013705412,-0.695677596,-0.608815817,0.001915878,0.175,
RGI60-05.12157,0.7,0.22985,112.4493001,0.001570282,0.001626883,0.00083996,0.001626883,7.48E-08,0.013230986,1,1,-8.34E-06,-0.001635221,-0.00222007,-0.435361217,3.759,-0.001635221,-8.34E-06,-0.435361217,-0.00222007,0.001570282,0.7,
RGI60-05.12160,0.9,0.693144531,66.2660596,0.000699376,0.000969847,0.000569,0.000716994,0,0.002063143,1,1,0.000425869,-0.000291125,0.595620657,-0.407228971,0.715,-0.000291125,0.000678722,-0.407228971,0.949403861,0.000699376,0.9,
RGI60-05.12169,0.4,0.1298,95.82340235,0.00103528,0.000936845,0.000495632,0.000936845,2.28E-07,0.018344651,1,1,-0.000941078,-0.001877923,-0.406459982,-0.811091776,2.317,-0.001877923,-0.000941078,-0.811091776,-0.406459982,0.00103528,0.4,
RGI60-05.12199,0.35,0.10235,124.2074933,0.00077393,0.000798768,0.000388615,0.000798768,3.15E-07,0.012048721,1,1,-0.001012425,-0.001811193,-0.280729352,-0.5022149,3.609,-0.001811193,-0.001012425,-0.5022149,-0.280729352,0.00077393,0.35,
RGI60-05.12210,0.5,0.1499,83.28428444,0.000198324,0.000251506,0.000203698,0.000251506,3.65E-08,0.004132174,1,1,-0.000107325,-0.00035883,-0.046753509,-0.156316349,2.297,-0.00035883,-0.000107325,-0.156316349,-0.046753509,0.000198324,0.5,
RGI60-05.12212,0.35,0.08985,103.7786169,0.001165446,0.001173794,0.000553564,0.001173794,4.70E-07,0.047358902,1,1,-0.002311665,-0.003485459,-0.225259419,-0.339639453,10.27,-0.003485459,-0.002311665,-0.339639453,-0.225259419,0.001165446,0.35,
RGI60-05.12232,0.5,0.087425,323.3716402,0.052166147,0.070872646,0.011427506,0.054231017,1.27E-05,0.605821592,1,1,0.048830173,-0.005400844,0.595620657,-0.065929621,81.982,-0.005400844,0.065471802,-0.065929621,0.79923271,0.052166147,0.5,
RGI60-05.12234,0.1625,0.0246125,271.5431149,0.004956389,0.004785602,0.001165109,0.004785602,1.60E-06,0.007805789,1,1,0.000723345,-0.004062257,0.23562492,-1.323253786,3.072,-0.004062257,0.000723345,-1.323253786,0.23562492,0.004956389,0.1625,
RGI60-05.12236,0.125,0.0249,198.7130899,0.00261705,0.002571102,0.000853274,0.002571102,1.45E-06,0.00654967,1,1,-0.002321754,-0.004892856,-0.71467372,-1.506100879,3.251,-0.004892856,-0.002321754,-1.506100879,-0.71467372,0.00261705,0.125,
RGI60-05.12242,0.6,0.4,74.24083118,0.000550964,0.000591545,0.000657637,0.000591545,8.73E-08,0.005970841,1,1,0.000827368,0.000235822,0.315604315,0.089955821,2.624,0.000235822,0.000827368,0.089955821,0.315604315,0.000550964,0.6,
RGI60-05.12245,0.175,0.07105,101.1450132,0.007697554,0.004192812,0.001518471,0.004192812,6.11E-06,0.004002567,1,1,-0.003113544,-0.007306356,-0.213770528,-0.501641664,14.576,-0.007306356,-0.003113544,-0.501641664,-0.213770528,0.004002567,5,
RGI60-05.12246,0.85,0.20235,92.76378668,0.004831505,0.004657208,0.001924147,0.004657208,1.48E-07,0.03237634,1,1,0.000518304,-0.004138904,0.051417992,-0.410597218,10.088,-0.004138904,0.000518304,-0.410597218,0.051417992,0.004831505,0.85,
RGI60-05.12252,0.175,0.07105,0.195568775,0.002981599,0.003168582,0.000680425,0.003168582,1.32E-06,0.001396102,1,1,-0.002602308,-0.00577089,-0.418476159,-0.92801473,6.223,-0.00577089,-0.002602308,-0.92801473,-0.418476159,0.001396102,5,
RGI60-05.12262,0.175,0.07105,0.088375787,0.009965097,0.01077737,0.002920629,0.01077737,6.59E-06,0.008587885,1,1,0.002871997,-0.007905373,0.233920719,-0.643883198,12.287,-0.007905373,0.002871997,-0.643883198,0.233920719,0.008587885,5,
RGI60-05.12265,0.175,0.07105,0.170367383,0.008031722,0.016494452,0.003404923,0.016494452,6.27E-06,0.010249026,1,1,-0.001458165,-0.017952617,-0.053914223,-0.663780314,27.067,-0.017952617,-0.001458165,-0.663780314,-0.053914223,0.010249026,5,
RGI60-05.12269,0.4,0.15985,96.11894183,0.001153852,0.001208252,0.000649157,0.001208252,2.16E-07,0.010447752,1,1,0.000681898,-0.000526354,0.28785126,-0.22219104,2.371,-0.000526354,0.000681898,-0.22219104,0.28785126,0.001153852,0.4,
RGI60-05.12296,0.175,0.07105,0.091704225,0.005346941,0.003521933,0.001530956,0.003521933,4.25E-06,0.002043073,1,1,-0.002582884,-0.006104817,-0.420070808,-0.992865192,6.154,-0.006104817,-0.002582884,-0.992865192,-0.420070808,0.002043073,5,
RGI60-05.12302,0.175,0.07105,0.108774724,0.00030905,0.000721564,0.000403385,0.000721564,2.30E-07,0.000201275,1,1,-1.51E-05,-0.00073666,-0.014598775,-0.712410188,1.035,-0.00073666,-1.51E-05,-0.712410188,-0.014598775,0.000201275,5,
RGI60-05.12304,0.25,0.2,76.60360962,0.000428649,0.000446258,0.000520472,0.000446258,4.21E-07,0.006617101,1,1,0.000654823,0.000208565,0.270454804,0.086141461,2.423,0.000208565,0.000654823,0.086141461,0.270454804,0.000428649,0.25,
RGI60-05.12306,1,0.44975,78.65421358,0.000727572,0.00073869,0.000644558,0.00073869,0,0.005134126,1,1,0.000350402,-0.000388288,0.141125705,-0.15638437,2.485,-0.000388288,0.000350402,-0.15638437,0.141125705,0.000727572,1,
RGI60-05.12313,3.753125,0.1,29.02577007,0,0.000497733,0.000724065,0.000497733,0,0.002230363,1,1,0.000726012,0.000228279,0.331492179,0.104230514,2.192,0.000228279,0.000726012,0.104230514,0.331492179,0,3.753125,
RGI60-05.12344,0.175,0.07105,0.050642073,0.006497253,0.003458804,0.002232754,0.003458804,2.88E-06,0.002468379,1,1,-0.000571709,-0.004030513,-0.121084674,-0.853639133,4.725,-0.004030513,-0.000571709,-0.853639133,-0.121084674,0.002468379,5,
RGI60-05.12370,0.6,0.18985,98.04405537,0.000599329,0.000622287,0.000316728,0.000622287,3.87E-08,0.006309012,1,1,-0.000409874,-0.001032161,-0.188625444,-0.475004291,2.175,-0.001032161,-0.000409874,-0.475004291,-0.188625444,0.000599329,0.6,
RGI60-05.12385,0.25,0.0998,89.36778779,0.000973936,0.001026102,0.000696828,0.001026102,7.25E-07,0.015787064,1,1,0.000201719,-0.000824383,0.055046991,-0.224965654,3.667,-0.000824383,0.000201719,-0.224965654,0.055046991,0.000973936,0.25,
RGI60-05.12394,0.175,0.0935,97.21009706,0.000568262,0.000578002,0.000461896,0.000578002,5.90E-07,0.013020757,1,1,-0.000155236,-0.000733238,-0.070278733,-0.331952718,2.211,-0.000733238,-0.000155236,-0.331952718,-0.070278733,0.000568262,0.175,
RGI60-05.12399,0.2,0.2,69.07066304,0.000189432,0.000195316,0.000484465,0.000195316,2.17E-07,0.005036045,1,1,-3.66E-06,-0.00019898,-0.002242713,-0.121768449,1.635,-0.00019898,-3.66E-06,-0.121768449,-0.002242713,0.000189432,0.2,
RGI60-05.12414,0.125,0.0622,108.3711531,0.000772162,0.000762002,0.000664706,0.000762002,1.29E-06,0.036502903,1,1,-0.00273761,-0.003499612,-0.603144916,-0.77102769,4.542,-0.003499612,-0.00273761,-0.77102769,-0.603144916,0.000772162,0.125,
RGI60-05.12420,0.15,0.0548,140.8456872,0.000748608,0.000753622,0.000467392,0.000753622,7.62E-07,0.022163747,1,1,-0.001457517,-0.00221114,-0.42409361,-0.643374986,3.439,-0.00221114,-0.001457517,-0.643374986,-0.42409361,0.000748608,0.15,
RGI60-05.12516,0.175,0.07105,28.90651501,0.000101936,0.000145289,0.000138151,8.76E-05,4.41E-08,2.42E-05,1,1,6.43E-05,-2.33E-05,0.595620657,-0.21646646,0.108,-2.33E-05,0.000121978,-0.21646646,1.132715622,2.42E-05,5,
RGI60-05.12518,0.1,0.2,28.30677996,5.34E-07,4.06E-05,8.41E-05,4.06E-05,4.91E-09,0.000941392,1,1,4.14E-05,8.18E-07,0.096728742,0.001909378,0.429,8.18E-07,4.14E-05,0.001909378,0.096728742,5.34E-07,0.1,
RGI60-05.12525,0.3,0.4,74.96835871,6.96E-05,0.000139261,0.000172696,0.000139261,2.04E-08,0.001069978,1,1,-7.45E-05,-0.000213798,-0.153871628,-0.441359622,0.485,-0.000213798,-7.45E-05,-0.441359622,-0.153871628,6.96E-05,0.3,
RGI60-05.12537,0.6,0.60965,87.61298379,0.001377849,0.002018542,0.001236431,0.001399403,3.01E-07,0.00588668,1,1,0.001044719,-0.000354685,0.595620657,-0.202343906,1.754,-0.000354685,0.001663858,-0.202343906,0.949213843,0.001377849,0.6,
RGI60-05.12538,1.0625,0.2,52.21374963,0.000343114,0.000275429,0.000292383,0.000275429,0,0.003451393,1,1,3.45E-05,-0.000240944,0.027352989,-0.191110358,1.262,-0.000240944,3.45E-05,-0.191110358,0.027352989,0.000343114,1.0625,
RGI60-05.12543,0.0690625,0.011653271,488.8529863,0.008390669,0.008383657,0.002124033,0.008383657,1.07E-05,0.018515673,1,1,-0.005014274,-0.013397931,-0.597814577,-1.597335478,8.393,-0.013397931,-0.005014274,-1.597335478,-0.597814577,0.008390669,0.0690625,
RGI60-05.12555,0.1,0.05,114.2853846,0.000218419,0.000148412,0.000342687,0.000148412,3.90E-07,0.039098387,1,1,-0.004385968,-0.00453438,-0.669429779,-0.692081906,6.556,-0.00453438,-0.004385968,-0.692081906,-0.669429779,0.000218419,0.1,
RGI60-05.12584,0.3,0.1098,82.45970761,0.000288952,0.000275628,0.000265393,0.000275628,1.50E-07,0.011083827,1,1,-0.001413929,-0.001689558,-0.324700932,-0.387997398,4.357,-0.001689558,-0.001413929,-0.387997398,-0.324700932,0.000288952,0.3,
RGI60-05.12710,0.7,0.4,74.02761603,0.000239075,0.000318919,0.000345636,0.000318919,0,0.004115806,1,1,-0.000946739,-0.001265658,-0.392954096,-0.525324819,2.411,-0.001265658,-0.000946739,-0.525324819,-0.392954096,0.000239075,0.7,
RGI60-05.12717,0.3,0.14485,71.63407781,0.0002066,0.000200477,0.000178352,0.000200477,1.21E-07,0.00266126,1,1,4.83E-05,-0.000152139,0.045615093,-0.143571209,1.06,-0.000152139,4.83E-05,-0.143571209,0.045615093,0.0002066,0.3,
RGI60-05.12738,0.15,0.08965,137.6287104,0.000747213,0.000698722,0.000646511,0.000698722,9.22E-07,0.035488623,1,1,-0.003230829,-0.003929551,-0.580739229,-0.706334069,5.566,-0.003929551,-0.003230829,-0.706334069,-0.580739229,0.000747213,0.15,
RGI60-05.12739,0.1,0.4,37.28358164,8.23E-08,6.48E-05,0.000120846,6.48E-05,8.20E-10,0.000899738,1,1,7.17E-05,6.89E-06,0.14588627,0.014020197,0.491,6.89E-06,7.17E-05,0.014020197,0.14588627,8.23E-08,0.1,
RGI60-05.12801,3.534375,0.0015625,26.0554204,0,0.000125035,0.000119435,0.000125035,0,0.002003088,1,1,-0.000843297,-0.000968332,-0.300856699,-0.345464494,2.804,-0.000968332,-0.000843297,-0.345464494,-0.300856699,0,3.534375,
RGI60-05.12805,0.05359375,0.014139063,353.8018248,0.002787063,0.002904948,0.001394755,0.002904948,9.75E-06,0.006958755,1,1,-0.014250612,-0.01715556,-0.683869082,-0.823273906,20.848,-0.01715556,-0.014250612,-0.823273906,-0.683869082,0.002787063,0.05359375,
RGI60-05.12807,0.0938125,0.023296875,205.0229521,0.001618484,0.001596783,0.000683635,0.001596783,2.34E-06,0.00418744,1,1,-0.005624836,-0.007221618,-0.468433455,-0.601412684,12.013,-0.007221618,-0.005624836,-0.601412684,-0.468433455,0.001618484,0.0938125,
RGI60-05.12809,0.07525,0.0168,395.9255319,0.002943144,0.002979646,0.001120991,0.002979646,5.28E-06,0.009724792,1,1,-0.009403473,-0.012383119,-0.78254591,-1.030508503,12.022,-0.012383119,-0.009403473,-1.030508503,-0.78254591,0.002943144,0.07525,
RGI60-05.12811,0.062875,0.0375,125.7040624,0.000470482,0.00049399,0.00055905,0.00049399,2.19E-06,0.152295474,1,1,-0.006441603,-0.006935594,-0.542313616,-0.583902274,11.884,-0.006935594,-0.006441603,-0.583902274,-0.542313616,0.000470482,0.062875,
RGI60-05.12815,1.903125,0.003125,30.97981765,0,0.000198476,0.000212773,0.000198476,0,0.008747563,1,1,-0.001744539,-0.001943015,-0.238575958,-0.265718744,7.316,-0.001943015,-0.001744539,-0.265718744,-0.238575958,0,1.903125,
RGI60-05.12824,0.05978125,0.009096094,300.6780997,0.002306148,0.002393813,0.000678984,0.002393813,7.33E-06,0.010043592,1,1,-0.010939095,-0.013332908,-0.768550496,-0.936733186,14.24,-0.013332908,-0.010939095,-0.936733186,-0.768550496,0.002306148,0.05978125,
RGI60-05.12828,0.5,0.1498,74.80250729,0.000338748,0.000248243,0.00021681,0.000248243,2.46E-08,0.006911889,1,1,-0.000214892,-0.000463136,-0.065846365,-0.14191198,3.265,-0.000463136,-0.000214892,-0.14191198,-0.065846365,0.000338748,0.5,
RGI60-05.12833,2.7,0.5699,85.31587486,0.000584546,0.000544908,0.000528049,0.000544908,0,0.002072686,1,1,-0.000470069,-0.001014977,-0.220423577,-0.475940521,2.134,-0.001014977,-0.000470069,-0.475940521,-0.220423577,0.000584546,2.7,
RGI60-05.12840,0.25,0.13725,103.809582,0.00049742,0.000493212,0.000463402,0.000493212,1.88E-07,0.012156828,1,1,-0.000290139,-0.000783351,-0.084589961,-0.228386126,3.431,-0.000783351,-0.000290139,-0.228386126,-0.084589961,0.00049742,0.25,
RGI60-05.12843,0.15,0.0548,144.0135996,0.001012394,0.000944817,0.000566961,0.000944817,9.08E-07,0.02332794,1,1,-0.00053008,-0.001474897,-0.129767326,-0.361065158,4.087,-0.001474897,-0.00053008,-0.361065158,-0.129767326,0.001012394,0.15,
RGI60-05.12848,0.1,0,51.60019673,4.43E-06,5.19E-05,5.11E-05,5.19E-05,3.63E-08,0.006018464,1,1,-0.001289035,-0.001340928,-0.387226384,-0.402815295,3.331,-0.001340928,-0.001289035,-0.402815295,-0.387226384,4.43E-06,0.1,
RGI60-05.12850,0.1,0.8,29.55876345,0,3.55E-05,0.000232185,3.55E-05,0,0.00154621,1,1,-0.000127692,-0.000163166,-0.141468455,-0.180769886,0.903,-0.000163166,-0.000127692,-0.180769886,-0.141468455,0,0.1,
RGI60-05.12851,0.05359375,0.012576563,373.7406445,0.002760459,0.002787826,0.000951587,0.002787826,1.07E-05,0.011130514,1,1,-0.011611772,-0.014399599,-0.522979304,-0.648539423,22.217,-0.014399599,-0.011611772,-0.648539423,-0.522979304,0.002760459,0.05359375,
RGI60-05.12853,1.2,0.2299125,84.27428795,0.002791351,0.002827402,0.001078318,0.002827402,1.19E-07,0.026917679,1,1,-0.001513801,-0.004341203,-0.082343063,-0.236139311,18.395,-0.004341203,-0.001513801,-0.236139311,-0.082343063,0.002791351,1.2,
RGI60-05.12854,0.2,0.06735,183.2678079,0.002409501,0.002513781,0.001086328,0.002513781,1.36E-06,0.031753281,1,1,0.000168482,-0.0023453,0.026909783,-0.374589756,6.264,-0.0023453,0.000168482,-0.374589756,0.026909783,0.002409501,0.2,
RGI60-05.12856,0.06596875,0.011184375,264.6053029,0.001814702,0.001754521,0.000610992,0.001754521,8.58E-06,0.271381029,1,1,-0.019482585,-0.021237105,-0.796553853,-0.868288181,24.472,-0.021237105,-0.019482585,-0.868288181,-0.796553853,0.001814702,0.06596875,
RGI60-05.12857,0.10625,0.01414375,287.3102848,0.004661597,0.004537527,0.00106157,0.004537527,8.59E-06,0.50763678,1,1,-0.028540504,-0.033078031,-0.571589,-0.66246338,49.962,-0.033078031,-0.028540504,-0.66246338,-0.571589,0.004661597,0.10625,
RGI60-05.12860,0.275,0.1721,116.0136583,0.001240718,0.001283386,0.001280413,0.001283386,7.67E-07,0.087641311,1,1,-0.005642714,-0.0069261,-0.290126331,-0.35611301,19.461,-0.0069261,-0.005642714,-0.35611301,-0.290126331,0.001240718,0.275,
RGI60-05.12861,0.5,0.2,64.05858796,0.000432676,0.000354436,0.000419648,0.000354436,1.02E-07,0.012921911,1,1,-0.001042031,-0.001396467,-0.160793207,-0.215485304,6.484,-0.001396467,-0.001042031,-0.215485304,-0.160793207,0.000432676,0.5,
RGI60-05.12862,0.06596875,0.012746875,337.5800314,0.003345905,0.003337318,0.001175963,0.003337318,8.57E-06,0.008058708,1,1,-0.01668322,-0.020020538,-1.00275796,-1.203350038,16.646,-0.020020538,-0.01668322,-1.203350038,-1.00275796,0.003345905,0.06596875,
RGI60-05.12864,0.175,0.07105,0.056766684,0.000481596,0.000419058,0.000327303,0.000419058,2.67E-07,0.000409096,1,1,0.000105483,-0.000313575,0.068968254,-0.205026066,1.53,-0.000313575,0.000105483,-0.205026066,0.068968254,0.000409096,5,
RGI60-05.12869,0.07525,0.0361375,83.39689455,0.000231893,0.000263627,0.00022776,0.000263627,3.82E-07,0.00033636,1,1,-0.000208853,-0.00047248,-0.242034674,-0.54754675,0.863,-0.00047248,-0.000208853,-0.54754675,-0.242034674,0.000231893,0.07525,
RGI60-05.12875,0.4,0.1149,67.23514193,0.000630578,0.000636166,0.000436744,0.000636166,7.06E-08,0.018933457,1,1,-0.001233289,-0.001869455,-0.249035732,-0.377495669,4.954,-0.001869455,-0.001233289,-0.377495669,-0.249035732,0.000630578,0.4,
RGI60-05.12876,0.125,0.0311,171.2172451,0.001237358,0.001187553,0.000467173,0.001187553,1.40E-06,0.064081312,1,1,-0.004235159,-0.005422712,-0.510494716,-0.653639139,8.3,-0.005422712,-0.004235159,-0.653639139,-0.510494716,0.001237358,0.125,
RGI60-05.12878,1.6,0.3099,89.71732777,0.001910832,0.001921302,0.000595243,0.001921302,5.93E-08,0.009114119,1,1,0.000227672,-0.00169363,0.031653977,-0.235470705,7.196,-0.00169363,0.000227672,-0.235470705,0.031653977,0.001910832,1.6,
RGI60-05.12881,0.15,0.06225,114.1935957,0.000533196,0.000465443,0.000405255,0.000465443,5.63E-07,0.031350914,1,1,-0.00208712,-0.002552563,-0.325422059,-0.397993584,6.417,-0.002552563,-0.00208712,-0.397993584,-0.325422059,0.000533196,0.15,
RGI60-05.12901,0.2,0.0648,111.281522,0.001637076,0.001589117,0.000923705,0.001589117,9.65E-07,0.292544883,1,1,-0.007459903,-0.00904902,-0.490950341,-0.595533119,15.207,-0.00904902,-0.007459903,-0.595533119,-0.490950341,0.001637076,0.2,
RGI60-05.12902,0.5,0.22475,77.23845111,0.000521249,0.00050361,0.000444332,0.00050361,1.68E-07,0.009626526,1,1,0.00063697,0.000133359,0.153768831,0.032193849,4.146,0.000133359,0.00063697,0.032193849,0.153768831,0.000521249,0.5,
RGI60-05.12907,0.175,0.07105,213.8531593,0.017300831,0.006248526,0.001717668,0.006248526,4.47E-06,0.005483247,1,1,-0.003512576,-0.009761102,-0.095687225,-0.265905362,36.738,-0.009761102,-0.003512576,-0.265905362,-0.095687225,0.005483247,5,
RGI60-05.12939,0.3,0.125,89.60015678,0.001378202,0.001287018,0.00145323,0.001287018,3.96E-07,0.048059268,1,1,-0.002701854,-0.003988872,-0.262796837,-0.387979153,10.289,-0.003988872,-0.002701854,-0.387979153,-0.262796837,0.001378202,0.3,
RGI60-05.12946,0.3,0.06495,96.86025446,0.000420051,0.000504241,0.000221677,0.000504241,1.46E-07,0.006838982,1,1,-0.000286953,-0.000791194,-0.174154208,-0.480182344,1.649,-0.000791194,-0.000286953,-0.480182344,-0.174154208,0.000420051,0.3,
RGI60-05.12952,0.7,0.6,71.34795066,0.000231474,0.000241893,0.000333276,0.000241893,8.51E-08,0.002982565,1,1,0.00016811,-7.38E-05,0.067214124,-0.029499994,2.503,-7.38E-05,0.00016811,-0.029499994,0.067214124,0.000231474,0.7,
RGI60-05.12953,0.490625,0.05,53.12692669,0.000131395,0.000279885,0.000423305,0.000279885,2.68E-07,0.043032191,1,1,-0.000625117,-0.000905001,-0.025909439,-0.037509916,24.145,-0.000905001,-0.000625117,-0.037509916,-0.025909439,0.000131395,0.490625,
RGI60-05.12957,2.3,0.487375,78.68657187,0.001616567,0.001614081,0.000777453,0.001614081,6.38E-09,0.008090817,1,1,-0.003283383,-0.004897465,-0.16485555,-0.245897043,19.932,-0.004897465,-0.003283383,-0.245897043,-0.16485555,0.001616567,2.3,
RGI60-05.12967,0.175,0.07105,0.038319798,0.000452166,0.000292289,0.000218674,0.000292289,2.89E-07,0,1,1,-0.000754153,-0.001046442,-0.362029967,-0.502342778,2.084,-0.001046442,-0.000754153,-0.502342778,-0.362029967,0,5,
RGI60-05.12987,0.0814375,0.032609375,169.4338175,0.001000532,0.000965377,0.00070985,0.000965377,1.88E-06,0.001467782,1,1,-0.004804555,-0.005769933,-0.692029731,-0.831079005,6.947,-0.005769933,-0.004804555,-0.831079005,-0.692029731,0.001000532,0.0814375,
RGI60-05.12994,0.175,0.07105,28.1006601,0,8.81E-05,0.000213102,8.81E-05,0,0,1,1,-0.001857953,-0.001946047,-0.390613118,-0.409133859,4.759,-0.001946047,-0.001857953,-0.409133859,-0.390613118,0,5,
RGI60-05.13043,0.062875,0.0093125,550.0004938,0.006974779,0.006658909,0.001547105,0.006658909,1.47E-05,0.03181293,1,1,-0.016680281,-0.02333919,-0.791446868,-1.107399158,21.087,-0.02333919,-0.016680281,-1.107399158,-0.791446868,0.006974779,0.062875,
RGI60-05.13045,0.85,0.25,99.07590129,0.001118649,0.001046918,0.001087535,0.001046918,0,0.0165899,1,1,-0.002489959,-0.003536877,-0.398735009,-0.566385569,6.248,-0.003536877,-0.002489959,-0.566385569,-0.398735009,0.001118649,0.85,
RGI60-05.13046,0.2,0.0449,119.5565524,0.000282479,0.000277145,0.000160988,0.000277145,1.35E-07,0.009957685,1,1,-0.001115957,-0.001393102,-0.408141708,-0.509502692,2.736,-0.001393102,-0.001115957,-0.509502692,-0.408141708,0.000282479,0.2,
RGI60-05.13069,0.1,0.0435,151.5711956,0.000920797,0.000850893,0.000674688,0.000850893,9.90E-07,0.002887223,1,1,-0.003150757,-0.00400165,-0.584349802,-0.742159298,5.395,-0.00400165,-0.003150757,-0.742159298,-0.584349802,0.000920797,0.1,
RGI60-05.13071,0.062875,0.009328125,260.4573224,0.016447201,0.016748979,0.004766872,0.016748979,4.12E-05,0.725784855,1,1,-0.151859738,-0.168608717,-0.795574705,-0.883320568,190.983,-0.168608717,-0.151859738,-0.883320568,-0.795574705,0.016447201,0.062875,
RGI60-05.13098,0.07525,0.0625,73.89233853,0.000324237,0.000413787,0.00056563,0.000413787,8.67E-07,0.000611805,1,1,-0.002167795,-0.002581581,-0.543433282,-0.647163415,3.991,-0.002581581,-0.002167795,-0.647163415,-0.543433282,0.000324237,0.07525,
RGI60-05.13099,0.038125,0.0125,153.6628148,0.000369305,0.000336818,0.000363848,0.000336818,2.65E-06,0.008112143,1,1,-0.009262093,-0.009598911,-0.807448441,-0.83681149,11.477,-0.009598911,-0.009262093,-0.83681149,-0.807448441,0.000369305,0.038125,
RGI60-05.13106,0.4,0.3,95.6425131,0.000637636,0.000638455,0.000725315,0.000638455,1.03E-07,0.008916698,1,1,0.000217486,-0.000420968,0.115071239,-0.222733091,1.891,-0.000420968,0.000217486,-0.222733091,0.115071239,0.000637636,0.4,
RGI60-05.13115,0.3,0.2,65.97710761,0.000180869,0.000147691,0.000178552,0.000147691,0,0.00203268,1,1,-9.93E-06,-0.000157624,-0.016618136,-0.26371376,0.598,-0.000157624,-9.93E-06,-0.26371376,-0.016618136,0.000180869,0.3,
RGI60-05.13129,0.001,0,78.18914543,8.44E-06,0,0.000518122,0,8.44E-06,0.014460304,1,1,-0.01947663,-0.01947663,-0.82944174,-0.82944174,23.495,-0.01947663,-0.01947663,-0.82944174,-0.82944174,8.44E-06,0.001,
RGI60-05.13130,0.0505,0.0068375,425.9618096,0.005340297,0.005247966,0.001242673,0.005247966,2.16E-05,0.043436121,1,1,-0.043256578,-0.048504545,-0.764079388,-0.856778877,56.643,-0.048504545,-0.043256578,-0.856778877,-0.764079388,0.005340297,0.0505,
RGI60-05.13133,0.175,0.0424,80.57607994,0.000626009,0.000682171,0.000363718,0.000682171,5.89E-07,0.066465837,1,1,-0.005069006,-0.005751176,-0.657602752,-0.746100854,7.713,-0.005751176,-0.005069006,-0.746100854,-0.657602752,0.000626009,0.175,
RGI60-05.13215,0.1125,0.0146125,238.0109687,0.00344064,0.003342592,0.000841957,0.003342592,4.35E-06,0.010143478,1,1,-0.004783289,-0.008125881,-0.331296827,-0.562809117,14.447,-0.008125881,-0.004783289,-0.562809117,-0.331296827,0.00344064,0.1125,
RGI60-05.13260,0.2,0.05995,75.6800486,0.000135602,0.000134454,0.000104766,0.000134454,1.12E-07,0.018765331,1,1,-0.002346986,-0.00248144,-0.56035517,-0.592456753,4.191,-0.00248144,-0.002346986,-0.592456753,-0.56035517,0.000135602,0.2,
RGI60-05.13292,0.1,0.2,57.41992367,3.25E-05,9.87E-05,0.000143465,9.87E-05,7.05E-08,0.00474811,1,1,-0.000635071,-0.000733738,-0.50623397,-0.584884397,1.255,-0.000733738,-0.000635071,-0.584884397,-0.50623397,3.25E-05,0.1,
RGI60-05.13390,0.1,0,60.21877915,5.29E-05,2.03E-05,1.73E-05,2.03E-05,1.16E-07,0.006197285,1,1,-0.000676746,-0.000697084,-0.382222374,-0.393708788,1.772,-0.000697084,-0.000676746,-0.393708788,-0.382222374,5.29E-05,0.1,
RGI60-05.13398,0.1,0.2,53.8943804,4.38E-05,9.17E-05,0.00015109,9.17E-05,9.28E-08,0.003764227,1,1,-0.000400226,-0.000491895,-0.424495425,-0.521723966,0.944,-0.000491895,-0.000400226,-0.521723966,-0.424495425,4.38E-05,0.1,
RGI60-05.13416,0.0690625,0.014757812,158.8582191,0.00175116,0.001752709,0.00072912,0.001752709,9.22E-06,0.504499541,1,1,-0.029648967,-0.031401676,-0.654863593,-0.693576079,45.308,-0.031401676,-0.029648967,-0.693576079,-0.654863593,0.00175116,0.0690625,
RGI60-05.13426,0.0443125,0.006373437,401.8485565,0.005500446,0.005608518,0.001769141,0.005608518,6.02E-05,4.072404283,1,1,-0.066935405,-0.072543923,-0.377025094,-0.408616031,177.674,-0.072543923,-0.066935405,-0.408616031,-0.377025094,0.005500446,0.0443125,
RGI60-05.13457,0.0566875,0.010952344,224.4046739,0.008208764,0.007835336,0.002649096,0.007835336,3.01E-05,0.057727963,1,1,-0.061644937,-0.069480273,-0.772833293,-0.871063717,79.827,-0.069480273,-0.061644937,-0.871063717,-0.772833293,0.008208764,0.0566875,
RGI60-05.13467,0.2,0.0449,74.13746039,0.000511864,0.000518924,0.000266211,0.000518924,4.37E-07,0.017597291,1,1,0.000582825,6.39E-05,0.16078632,0.017628799,3.627,6.39E-05,0.000582825,0.017628799,0.16078632,0.000511864,0.2,
RGI60-05.13471,0.05978125,0.006064063,417.5876682,0.009765235,0.010158988,0.002101729,0.010158988,2.10E-05,0.052861192,1,1,-0.016365666,-0.026524654,-0.611017522,-0.990306665,26.803,-0.026524654,-0.016365666,-0.990306665,-0.611017522,0.009765235,0.05978125,
RGI60-05.13614,0.1,0.0349,116.422405,0.000238503,0.000313396,0.000244539,0.000313396,3.73E-07,0.000391467,1,1,-0.000225464,-0.00053886,-0.123616262,-0.295443942,1.825,-0.00053886,-0.000225464,-0.295443942,-0.123616262,0.000238503,0.1,
RGI60-05.13616,0.07834375,0.012050781,275.0297168,0.0045236,0.004505751,0.001221776,0.004505751,8.60E-06,1.008432126,1,1,-0.021860326,-0.026366077,-0.357182011,-0.430802742,61.245,-0.026366077,-0.021860326,-0.430802742,-0.357182011,0.0045236,0.07834375,
RGI60-05.13619,0.1125,0.029225,148.7649653,0.001413549,0.001445514,0.000620691,0.001445514,2.33E-06,0.310522412,1,1,-0.0049996,-0.006445114,-0.24110372,-0.310813039,20.751,-0.006445114,-0.0049996,-0.310813039,-0.24110372,0.001413549,0.1125,
RGI60-05.13649,0.1375,0.02615,105.2446803,0.000877438,0.000858584,0.000314467,0.000858584,8.16E-07,0.000905948,1,1,9.02E-05,-0.000768389,0.050841336,-0.433124825,1.775,-0.000768389,9.02E-05,-0.433124825,0.050841336,0.000877438,0.1375,
RGI60-05.13659,0.175,0.07105,0.085655978,0.001799521,0.001363168,0.001176238,0.001363168,1.68E-06,0.000930019,1,1,-0.003041212,-0.00440438,-0.428583925,-0.620688975,7.101,-0.00440438,-0.003041212,-0.620688975,-0.428583925,0.000930019,5,
RGI60-05.13666,0.062875,0.007765625,580.0507563,0.025472451,0.024804071,0.00600834,0.024804071,0.000121303,1.189518547,1,1,-0.130609063,-0.155413134,-0.419525655,-0.499198107,311.573,-0.155413134,-0.130609063,-0.499198107,-0.419525655,0.025472451,0.062875,
RGI60-05.13696,2.6,0.64111875,94.18992609,0.004523969,0.004639488,0.002801228,0.004639488,0,0.017268369,1,1,0.006215691,0.001576203,0.215110056,0.054548575,28.918,0.001576203,0.006215691,0.054548575,0.215110056,0.004523969,2.6,
RGI60-05.13879,0.1,0.029825,288.8014326,0.005218649,0.005108594,0.002577682,0.005108594,9.72E-06,0.01145802,1,1,-0.02870043,-0.033809024,-1.014142748,-1.194657246,28.311,-0.033809024,-0.02870043,-1.194657246,-1.014142748,0.005218649,0.1,
RGI60-05.13882,0.3,0.2,84.29571007,0.000119976,0.000131143,0.000177368,0.000131143,9.23E-08,0.019437199,1,1,-0.003159511,-0.003290653,-0.216057901,-0.225025886,14.631,-0.003290653,-0.003159511,-0.225025886,-0.216057901,0.000119976,0.3,
RGI60-05.13884,0.1,0.03295,279.0867724,0.002622372,0.002705982,0.00142091,0.002705982,3.87E-06,0.016551382,1,1,-0.010663889,-0.013369871,-0.830406417,-1.041123599,12.847,-0.013369871,-0.010663889,-1.041123599,-0.830406417,0.002622372,0.1,
RGI60-05.13886,0.11875,0.066575,245.8578048,0.003964505,0.004112442,0.003293789,0.004112442,4.46E-06,0.360767241,1,1,-0.01394684,-0.018059283,-0.434932101,-0.563178583,32.078,-0.018059283,-0.01394684,-0.563178583,-0.434932101,0.003964505,0.11875,
RGI60-05.13888,0.062875,0.02175,357.196906,0.003475975,0.003637637,0.002212006,0.003637637,7.38E-06,0.021636191,1,1,-0.012616738,-0.016254375,-0.921166723,-1.186755972,13.701,-0.016254375,-0.012616738,-1.186755972,-0.921166723,0.003475975,0.062875,
RGI60-05.13890,0.05359375,0.023180859,522.6633108,0.005743058,0.005993159,0.003909857,0.005993159,3.98E-05,0.028240015,1,1,-0.017494989,-0.023488148,-1.020588935,-1.370206283,17.148,-0.023488148,-0.017494989,-1.370206283,-1.020588935,0.005743058,0.05359375,
RGI60-05.13897,0.14375,0.05355,138.9488869,0.001790822,0.001775794,0.001142401,0.001775794,3.04E-06,0.599596916,1,1,-0.034887035,-0.036662829,-0.738423353,-0.776010027,47.262,-0.036662829,-0.034887035,-0.776010027,-0.738423353,0.001790822,0.14375,
RGI60-05.13907,1.1,0.447275,129.8255774,0.016762507,0.017093008,0.01288199,0.017093008,1.58E-06,0.245440363,1,1,-0.020074778,-0.037167786,-0.145948825,-0.270219413,137.614,-0.037167786,-0.020074778,-0.270219413,-0.145948825,0.016762507,1.1,
RGI60-05.13912,0.925,0.34635,166.3603882,0.009428122,0.009441055,0.006473532,0.009441055,8.30E-07,0.138221478,1,1,-0.027516676,-0.036957731,-0.324662404,-0.436055058,84.786,-0.036957731,-0.027516676,-0.436055058,-0.324662404,0.009428122,0.925,
RGI60-05.13913,0.1125,0.052875,240.3785428,0.002301431,0.002354249,0.001532665,0.002354249,3.73E-06,0.184934615,1,1,-0.011986396,-0.014340645,-0.523727791,-0.626593185,22.895,-0.014340645,-0.011986396,-0.626593185,-0.523727791,0.002301431,0.1125,
RGI60-05.13914,0.3,0.1397,91.35989472,0.000646902,0.000582632,0.000549089,0.000582632,3.77E-07,0.05404839,1,1,-0.010704238,-0.01128687,-0.65927016,-0.695154248,16.245,-0.01128687,-0.010704238,-0.695154248,-0.65927016,0.000646902,0.3,
RGI60-05.13916,0.1125,0.04523125,287.6986852,0.004323981,0.004141703,0.002682869,0.004141703,1.07E-05,1.363253885,1,1,-0.043109444,-0.047251147,-0.41069574,-0.450152982,105.023,-0.047251147,-0.043109444,-0.450152982,-0.41069574,0.004323981,0.1125,
RGI60-05.13918,0.11875,0.0544375,136.1291596,0.001918408,0.001943368,0.001455583,0.001943368,5.68E-06,0.801948504,1,1,-0.047933676,-0.049877044,-0.572038457,-0.595230525,83.844,-0.049877044,-0.047933676,-0.595230525,-0.572038457,0.001918408,0.11875,
RGI60-05.13930,0.15,0.044825,388.3020925,0.027845013,0.027550268,0.013697643,0.027550268,2.81E-05,4.207928147,1,1,-0.129155633,-0.1567059,-0.721091995,-0.874908575,179.211,-0.1567059,-0.129155633,-0.874908575,-0.721091995,0.027845013,0.15,
RGI60-05.13934,0.175,0.07105,108.4897053,0.005492959,0.003040503,0.001983926,0.003040503,4.57E-06,0.001334286,1,1,-0.013657078,-0.016697581,-0.84683566,-1.035368414,16.133,-0.016697581,-0.013657078,-1.035368414,-0.84683566,0.001334286,5,
RGI60-05.13959,0.5,0.4,57.74190003,0.000195781,0.000177028,0.00051441,0.000177028,1.19E-07,0.007851978,1,1,-0.000348644,-0.000525672,-0.060707814,-0.091532908,5.746,-0.000525672,-0.000348644,-0.091532908,-0.060707814,0.000195781,0.5,
RGI60-05.13960,0.3,0.4,65.91074932,5.62E-05,0.000105293,0.000267754,0.000105293,4.65E-08,0.009215463,1,1,-0.002308238,-0.002413532,-0.439197536,-0.459232137,5.258,-0.002413532,-0.002308238,-0.459232137,-0.439197536,5.62E-05,0.3,
RGI60-05.13978,0.5,0.2499,120.6018773,0.000147832,0.000213912,0.000212285,0.000213912,1.90E-08,0.005259481,1,1,-0.002358524,-0.002572435,-0.486943387,-0.531107793,4.846,-0.002572435,-0.002358524,-0.531107793,-0.486943387,0.000147832,0.5,
RGI60-05.13988,3.359375,0.0015625,35.01094516,0,0.000168387,0.000160367,0.000168387,0,0.00425761,1,1,-0.001587742,-0.001756129,-0.203602978,-0.225195966,7.801,-0.001756129,-0.001587742,-0.225195966,-0.203602978,0,3.359375,
RGI60-05.13993,0.5,0.12485,80.72280048,0.000348776,0.000259513,0.000198407,0.000259513,1.00E-07,0.014519353,1,1,-0.003512626,-0.003772139,-0.351271998,-0.377224015,10.004,-0.003772139,-0.003512626,-0.377224015,-0.351271998,0.000348776,0.5,
RGI60-05.13994,3.721875,0.00265625,70.19655569,0.001283387,0.000433754,0.000704111,0.000433754,0,0.003910165,1,1,-0.001901422,-0.002335176,-0.275454713,-0.338291684,6.905,-0.002335176,-0.001901422,-0.338291684,-0.275454713,0.001283387,3.721875,
RGI60-05.13995,0.35,0.02995,337.0793044,0.079736895,0.080399646,0.010655382,0.080399646,3.17E-05,11.56564242,1,1,-0.083252452,-0.163652097,-0.142907595,-0.280918185,582.81,-0.163652097,-0.083252452,-0.280918185,-0.142907595,0.079736895,0.35,
RGI60-05.14147,0.062875,0.010875,368.0036418,0.005986915,0.005992855,0.001943898,0.005992855,3.11E-05,1.65237666,1,1,-0.067099689,-0.073092544,-0.814189971,-0.886907477,82.478,-0.073092544,-0.067099689,-0.886907477,-0.814189971,0.005986915,0.062875,
RGI60-05.14289,0.10625,0.01414375,231.8127141,0.004748012,0.00475118,0.001345586,0.00475118,7.72E-06,0.00772481,1,1,-0.00598404,-0.01073522,-0.569953199,-1.022481951,10.507,-0.01073522,-0.00598404,-1.022481951,-0.569953199,0.004748012,0.10625,
RGI60-05.14387,0.1625,0.02865,127.0862631,0.001368492,0.001360979,0.000454534,0.001360979,1.42E-06,0.171875905,1,1,-0.009453857,-0.010814836,-0.670542271,-0.767073645,14.108,-0.010814836,-0.009453857,-0.767073645,-0.670542271,0.001368492,0.1625,
RGI60-05.14994,0.1,0.0224,72.14232017,0.000214546,0.00018795,0.000133602,0.00018795,4.93E-07,0.000636815,1,1,0.000169538,-1.84E-05,0.065709928,-0.007136327,2.582,-1.84E-05,0.000169538,-0.007136327,0.065709928,0.000214546,0.1,
RGI60-05.15250,0.15,0.07235,99.67153171,0.000270823,0.000320161,0.000286059,0.000320161,7.77E-07,0.051892889,1,1,-0.002961566,-0.003281727,-0.115637628,-0.128138656,25.631,-0.003281727,-0.002961566,-0.128138656,-0.115637628,0.000270823,0.15,
RGI60-05.15463,0.175,0.07105,35.81875021,0,0.000129372,0.000171953,0.000129372,0,0,1,1,0.000240228,0.000110856,0.011745814,0.005420252,20.468,0.000110856,0.000240228,0.005420252,0.011745814,0,5,
RGI60-05.15467,0.35,0.081125,258.9225761,0.021901518,0.022367182,0.008672753,0.022367182,9.84E-06,0.850568951,1,1,0.003988462,-0.01837872,0.025230169,-0.116259906,158.208,-0.01837872,0.003988462,-0.116259906,0.025230169,0.021901518,0.35,
RGI60-05.15469,0.5,0.175,84.34021049,0.001159885,0.001233962,0.001248801,0.001233962,6.67E-07,0.098781264,1,1,0.000532704,-0.000701258,0.006243887,-0.008219529,85.385,-0.000701258,0.000532704,-0.008219529,0.006243887,0.001159885,0.5,
RGI60-05.15471,0.1,2,41.35692441,0,2.70E-05,9.05E-05,2.70E-05,0,0.001980783,1,1,-0.001803447,-0.001830438,-0.204685878,-0.207749284,8.818,-0.001830438,-0.001803447,-0.207749284,-0.204685878,0,0.1,
RGI60-05.15473,0.1,1.7,43.61714489,0,9.54E-05,0.00011824,9.54E-05,0,0.003656104,1,1,-0.000386046,-0.00048149,-0.029900638,-0.037293098,12.921,-0.00048149,-0.000386046,-0.037293098,-0.029900638,0,0.1,
RGI60-05.15477,0.2,0.1,73.51275802,0.000170238,0.000190948,0.00020106,0.000190948,4.45E-07,0.023512251,1,1,-0.000494847,-0.000685795,-0.03762637,-0.052145326,13.162,-0.000685795,-0.000494847,-0.052145326,-0.03762637,0.000170238,0.2,
RGI60-05.15547,0.175,0.07105,33.06420129,0,5.13E-05,7.30E-05,5.13E-05,0,0,1,1,-0.000144735,-0.000195997,-0.008116037,-0.010990578,17.847,-0.000195997,-0.000144735,-0.010990578,-0.008116037,0,5,
RGI60-05.15579,0.3,0.09485,99.35097014,0.000233103,0.000216694,0.000176888,0.000216694,1.65E-07,0.015370753,1,1,-0.001089496,-0.00130619,-0.095633416,-0.11465427,11.401,-0.00130619,-0.001089496,-0.11465427,-0.095633416,0.000233103,0.3,
RGI60-05.15584,0.175,0.07105,33.78224141,0,5.37E-05,0.000246842,5.37E-05,0,0,1,1,-0.002623042,-0.002676756,-0.089769022,-0.091607287,29.243,-0.002676756,-0.002623042,-0.091607287,-0.089769022,0,5,
RGI60-05.15587,0.3,0,84.57301038,0.000164566,0.000123101,0.000137642,0.000123101,1.76E-07,0.016186576,1,1,-0.000297556,-0.000420657,-0.02123006,-0.030013075,14.027,-0.000420657,-0.000297556,-0.030013075,-0.02123006,0.000164566,0.3,
RGI60-05.15610,0.07525,0.01865625,243.0386274,0.002073626,0.00217519,0.001001695,0.00217519,8.67E-06,0.302021526,1,1,-0.00583337,-0.00800856,-0.167287821,-0.229667351,34.897,-0.00800856,-0.00583337,-0.229667351,-0.167287821,0.002073626,0.07525,
RGI60-05.15612,0.1,0.1,64.83298598,4.40E-05,9.39E-05,0.000102823,9.39E-05,2.07E-07,0.020771695,1,1,-0.000577988,-0.000671906,-0.042194719,-0.049050976,13.709,-0.000671906,-0.000577988,-0.049050976,-0.042194719,4.40E-05,0.1,
RGI60-05.15697,0.0814375,0.032609375,211.3760175,0.00150334,0.001422574,0.000916282,0.001422574,2.00E-06,0.004042978,1,1,-0.002420106,-0.00384268,-0.297195806,-0.471891898,8.15,-0.00384268,-0.002420106,-0.471891898,-0.297195806,0.00150334,0.0814375,
RGI60-05.15769,0.001,0,42.21295171,1.96E-07,0,0.000123998,0,1.96E-07,0.030110673,1,1,-0.001544134,-0.001544134,-0.452334389,-0.452334389,3.416,-0.001544134,-0.001544134,-0.452334389,-0.452334389,1.96E-07,0.001,
RGI60-05.15827,0.10625,0.0450625,192.5318516,0.003259538,0.003244168,0.002307169,0.003244168,3.63E-06,0.484841213,1,1,-0.013065884,-0.016310052,-0.414553757,-0.517484562,31.542,-0.016310052,-0.013065884,-0.517484562,-0.414553757,0.003259538,0.10625,
RGI60-05.15834,0.07525,0.02920625,277.7031631,0.005279363,0.005194771,0.003416105,0.005194771,4.84E-06,0.027340915,1,1,-0.010793258,-0.015988029,-0.431597805,-0.63932485,25.027,-0.015988029,-0.010793258,-0.63932485,-0.431597805,0.005279363,0.07525,
RGI60-05.15929,1,0.1999,78.34024049,0.000266745,0.000278137,0.000270996,0.000278137,2.75E-08,0.009951023,1,1,-0.007007299,-0.007285436,-0.192769661,-0.200421175,36.379,-0.007285436,-0.007007299,-0.200421175,-0.192769661,0.000266745,1,
RGI60-05.15931,0.1,0.8,42.64277195,2.54E-06,6.90E-05,0.000174449,6.90E-05,2.54E-08,0.006765404,1,1,-0.001645161,-0.001714141,-0.101591456,-0.105851069,16.206,-0.001714141,-0.001645161,-0.105851069,-0.101591456,2.54E-06,0.1,
RGI60-05.15936,0.1,0.1,89.88566829,9.57E-05,0.000179269,0.000224857,0.000179269,4.93E-07,0.032153145,1,1,-0.001852426,-0.002031695,-0.120122821,-0.131747771,15.433,-0.002031695,-0.001852426,-0.131747771,-0.120122821,9.57E-05,0.1,
RGI60-05.16052,0.1,0.04845,131.6329821,0.001131696,0.001098739,0.000953097,0.001098739,4.38E-06,0.238052185,1,1,-0.005141882,-0.006240621,-0.081376399,-0.09876525,63.236,-0.006240621,-0.005141882,-0.09876525,-0.081376399,0.001131696,0.1,
RGI60-05.16059,0.7,0.1,67.8921367,5.77E-05,0.000110499,9.53E-05,0.000110499,1.33E-09,0.003048054,1,1,6.04E-05,-5.01E-05,0.012075111,-0.010004361,5.009,-5.01E-05,6.04E-05,-0.010004361,0.012075111,5.77E-05,0.7,
RGI60-05.16060,0.2,0.08725,134.9062824,0.00051014,0.000530247,0.000448934,0.000530247,5.66E-07,0.055498032,1,1,-0.004996093,-0.00552634,-0.169704927,-0.18771609,29.464,-0.00552634,-0.004996093,-0.18771609,-0.169704927,0.00051014,0.2,
RGI60-05.16062,0.1,0.0625,245.2614001,0.006721943,0.006545653,0.00847307,0.006545653,2.24E-05,2.380424114,1,1,-0.068040983,-0.074586637,-0.207549981,-0.227516628,328.091,-0.074586637,-0.068040983,-0.227516628,-0.207549981,0.006721943,0.1,
RGI60-05.16095,0.3,0.4,50.87798543,1.22E-05,0.000110604,0.000197647,0.000110604,4.08E-08,0.017367799,1,1,-0.002095376,-0.00220598,-0.111727108,-0.117624582,18.769,-0.00220598,-0.002095376,-0.117624582,-0.111727108,1.22E-05,0.3,
RGI60-05.16126,0.1,0,45.84435749,1.72E-06,1.62E-05,2.11E-05,1.62E-05,1.74E-08,0.00255667,1,1,-0.000366676,-0.000382899,-0.060506782,-0.063183709,6.065,-0.000382899,-0.000366676,-0.063183709,-0.060506782,1.72E-06,0.1,
RGI60-05.16130,0.1,0.2,56.54490028,1.97E-05,6.08E-05,6.75E-05,6.08E-05,1.97E-07,0.019480948,1,1,-0.001925694,-0.001986474,-0.083917,-0.08656566,22.966,-0.001986474,-0.001925694,-0.08656566,-0.083917,1.97E-05,0.1,
RGI60-05.16141,0.5,0.2,54.03873791,0.000132531,0.000165839,0.000169494,0.000165839,7.21E-08,0.014880676,1,1,-0.00128038,-0.001446219,-0.075413524,-0.085181325,16.991,-0.001446219,-0.00128038,-0.085181325,-0.075413524,0.000132531,0.5,
RGI60-05.16175,0.175,0.07105,30.20211567,0,3.22E-05,4.68E-05,3.22E-05,0,0,1,1,-0.001080235,-0.00111243,-0.230202413,-0.237063342,4.696,-0.00111243,-0.001080235,-0.237063342,-0.230202413,0,5,
RGI60-05.16189,0.087625,0.0625,126.3927787,0.000662378,0.000697473,0.000808339,0.000697473,2.66E-06,0.106642437,1,1,-0.002794924,-0.003492398,-0.120769547,-0.150907587,23.16,-0.003492398,-0.002794924,-0.150907587,-0.120769547,0.000662378,0.087625,
RGI60-05.16217,0.1,0.046625,140.527333,0.001045618,0.001110807,0.000934021,0.001110807,3.01E-06,0.252523132,1,1,-0.014545596,-0.015656403,-0.392847741,-0.422848433,37.055,-0.015656403,-0.014545596,-0.422848433,-0.392847741,0.001045618,0.1,
RGI60-05.16232,0.07525,0.0379,230.5169719,0.002307354,0.002323078,0.001940443,0.002323078,8.64E-06,0.572450322,1,1,-0.022073728,-0.024396807,-0.500049095,-0.552675152,44.177,-0.024396807,-0.022073728,-0.552675152,-0.500049095,0.002307354,0.07525,
RGI60-05.16819,1.3,0.16495,77.42196021,0.000346598,0.000306191,0.000304807,0.000306191,2.22E-08,0.010123851,1,1,-0.008587837,-0.008894028,-0.109248039,-0.113143175,78.671,-0.008894028,-0.008587837,-0.113143175,-0.109248039,0.000346598,1.3,
RGI60-05.16846,0.0505,0.02764375,410.774241,0.008182399,0.008590246,0.007294502,0.008590246,9.39E-06,0.066587466,1,1,-0.013943573,-0.022533819,-0.532319291,-0.860266351,26.214,-0.022533819,-0.013943573,-0.860266351,-0.532319291,0.008182399,0.0505,
RGI60-05.16847,0.10625,0.0481875,158.7934029,0.001437219,0.00146458,0.001062931,0.00146458,2.17E-06,0.20940131,1,1,-0.009027791,-0.010492371,-0.480694829,-0.558678037,18.795,-0.010492371,-0.009027791,-0.558678037,-0.480694829,0.001437219,0.10625,
RGI60-05.16849,0.0443125,0.0282625,512.2138618,0.007449783,0.007786811,0.007228242,0.007786811,1.06E-05,0.034912313,1,1,-0.013591288,-0.021378099,-0.887919421,-1.396632139,15.319,-0.021378099,-0.013591288,-1.396632139,-0.887919421,0.007449783,0.0443125,
RGI60-05.16850,0.1125,0.0348,111.5511226,0.00087679,0.000825681,0.000485462,0.000825681,1.70E-06,0.137184708,1,1,-0.002879894,-0.003705575,-0.221289918,-0.284734929,13.024,-0.003705575,-0.002879894,-0.284734929,-0.221289918,0.00087679,0.1125,
RGI60-05.16851,0.07525,0.0341875,198.8362435,0.001989386,0.002071587,0.00158048,0.002071587,1.81E-06,0.006628881,1,1,-0.005549374,-0.007620962,-0.418128566,-0.574216405,13.282,-0.007620962,-0.005549374,-0.574216405,-0.418128566,0.001989386,0.07525,
RGI60-05.16856,0.0938125,0.039632813,251.4376289,0.007940698,0.008266269,0.005347279,0.008266269,3.98E-06,0.09988607,1,1,-0.014951026,-0.023217295,-0.246106565,-0.382176356,60.797,-0.023217295,-0.014951026,-0.382176356,-0.246106565,0.007940698,0.0938125,
RGI60-05.16867,0.0814375,0.032609375,345.8603956,0.002217311,0.002248714,0.001545908,0.002248714,1.14E-06,0.005990268,1,1,-0.002525529,-0.004774243,-0.483184286,-0.913408302,5.231,-0.004774243,-0.002525529,-0.913408302,-0.483184286,0.002217311,0.0814375,
RGI60-05.17070,0.0505,0.0375,260.7107139,0.0008542,0.000786165,0.000906014,0.000786165,6.86E-07,0.11318683,1,1,-0.003014217,-0.003800382,-0.157036516,-0.197994637,19.208,-0.003800382,-0.003014217,-0.197994637,-0.157036516,0.0008542,0.0505,
RGI60-05.17118,0.05359375,0.034194922,300.5351694,0.012675847,0.012576063,0.011867563,0.012576063,3.39E-05,0.058892785,1,1,-0.017889423,-0.030465486,-0.085984868,-0.146431265,208.199,-0.030465486,-0.017889423,-0.146431265,-0.085984868,0.012675847,0.05359375,
RGI60-05.17994,0.1,0.9,52.75226101,1.09E-06,5.65E-05,9.69E-05,5.65E-05,1.09E-08,0.010746328,1,1,-0.013207005,-0.013263506,-0.297276281,-0.298548059,44.462,-0.013263506,-0.013207005,-0.298548059,-0.297276281,1.09E-06,0.1,
RGI60-05.18729,0.0814375,0.03975625,166.8552958,0.002137377,0.002138002,0.001711239,0.002138002,5.36E-06,0.452016929,1,1,-0.014585468,-0.01672347,-0.509541231,-0.584232026,28.645,-0.01672347,-0.014585468,-0.584232026,-0.509541231,0.002137377,0.0814375,
RGI60-05.20280,0.15,0.0548,108.6199713,0.000352545,0.000361595,0.000265038,0.000361595,6.70E-07,0.034703393,1,1,-0.001042068,-0.001403663,-0.089979862,-0.121202698,11.59,-0.001403663,-0.001042068,-0.121202698,-0.089979862,0.000352545,0.15,
RGI60-05.00119,0.175,0.07105,27.41047738,0,,0,0,0,0,1,1,-0.000554652,-0.000554652,-0.318582203,-0.318582203,1.741,0,-0.000554652,-0.318582203,-0.318582203,0,0,0
RGI60-05.00151,0.175,0.07105,19.33821898,0,,0,0,0,0,1,1,-0.002448282,-0.002448282,-0.638571271,-0.638571271,3.834,0,-0.002448282,-0.638571271,-0.638571271,0,0,0
RGI60-05.00304,0.175,0.07105,94.17162694,0.000162502,,0,0,0,0,1,1,-0.037058436,-0.037220939,-0.677547056,-0.68051812,54.695,0,-0.037107187,-0.678438375,-0.678438375,0,0,0
RGI60-05.00327,0.175,0.07105,50.31614136,4.28E-08,,0,0,0,0,1,1,-0.007266877,-0.00726692,-0.623231315,-0.623234986,11.66,0,-0.00726689,-0.623232416,-0.623232416,0,0,0
RGI60-05.00404,0.175,0.07105,71.55884476,1.08E-05,,0,0,0,0,1,1,-0.002563997,-0.002574836,-0.764687575,-0.767920108,3.353,0,-0.002567249,-0.765657335,-0.765657335,0,0,0
RGI60-05.00824,0.175,0.07105,35.31182767,0,,0,0,0,0,1,1,-0.003708952,-0.003708952,-0.641243407,-0.641243407,5.784,0,-0.003708952,-0.641243407,-0.641243407,0,0,0
RGI60-05.00831,0.175,0.07105,69.27846409,7.64E-05,,0,0,0,0,1,1,-0.050673765,-0.050750173,-1.076516085,-1.07813929,47.072,0,-0.050696687,-1.077003047,-1.077003047,0,0,0
RGI60-05.02452,0.175,0.07105,44.21620824,0,,0,0,0,0,1,1,-0.005944697,-0.005944697,-0.406725332,-0.406725332,14.616,0,-0.005944697,-0.406725332,-0.406725332,0,0,0
RGI60-05.02544,0.175,0.07105,72.78350074,1.69E-05,,0,0,0,0,1,1,6.79E-05,5.10E-05,0.187048838,0.140394057,0.363,0,6.28E-05,0.173052404,0.173052404,0,0,0
RGI60-05.02547,0.175,0.07105,106.521001,0.000111035,,0,0,0,0,1,1,-0.009364185,-0.00947522,-0.401913598,-0.406679237,23.299,0,-0.009397495,-0.40334329,-0.40334329,0,0,0
RGI60-05.03166,0.175,0.07105,105.77062,4.16E-05,,0,0,0,0,1,1,-0.005074209,-0.005115799,-0.727693875,-0.733658186,6.973,0,-0.005086686,-0.729483168,-0.729483168,0,0,0
RGI60-05.04259,0.175,0.07105,111.6735876,8.52E-06,,0,0,0,0,1,1,-0.000252229,-0.000260746,-0.088563649,-0.091554176,2.848,0,-0.000254784,-0.089460807,-0.089460807,0,0,0
RGI60-05.04262,0.175,0.07105,123.5694619,2.81E-05,,0,0,0,0,1,1,-0.00048551,-0.000513652,-0.127397069,-0.134781347,3.811,0,-0.000493953,-0.129612353,-0.129612353,0,0,0
RGI60-05.04278,0.175,0.07105,224.977949,0.000507499,,0,0,0,0,1,0,-0.004619175,-0.005126674,-0.628031922,-0.697032509,7.355,0,-0.004771425,-0.648732098,-0.648732098,0,0,0
RGI60-05.04621,0.175,0.07105,55.56601989,1.12E-06,,0,0,0,0,1,1,-0.004450184,-0.004451301,-0.488387151,-0.488509755,9.112,0,-0.004450519,-0.488423932,-0.488423932,0,0,0
RGI60-05.04683,0.175,0.07105,69.36283909,9.28E-06,,0,0,0,0,1,1,-0.004045088,-0.004054368,-0.485371671,-0.486485217,8.334,0,-0.004047872,-0.485705735,-0.485705735,0,0,0
RGI60-05.04785,0.175,0.07105,57.82077315,3.14E-06,,0,0,0,0,1,1,-0.002061316,-0.002064461,-0.365287277,-0.365844533,5.643,0,-0.002062259,-0.365454454,-0.365454454,0,0,0
RGI60-05.04794,0.175,0.07105,69.02381702,4.00E-06,,0,0,0,0,1,1,-0.001320451,-0.00132445,-0.290912359,-0.291793273,4.539,0,-0.001321651,-0.291176633,-0.291176633,0,0,0
RGI60-05.04799,0.175,0.07105,239.7769474,0.001254664,,0,0,0,0,1,1,0.001215057,-3.96E-05,0.077372433,-0.002522123,15.704,0,0.000838657,0.053404066,0.053404066,0,0,0
RGI60-05.04942,0.175,0.07105,71.15569057,2.69E-05,,0,0,0,0,1,1,-0.005676368,-0.005703262,-0.476605226,-0.478863286,11.91,0,-0.005684436,-0.477282644,-0.477282644,0,0,0
RGI60-05.05044,0.175,0.07105,47.90006543,8.57E-07,,0,0,0,0,1,1,0.003952913,0.003952056,0.155210968,0.155177316,25.468,0,0.003952656,0.155200872,0.155200872,0,0,0
RGI60-05.05327,0.175,0.07105,39.00671656,0,,0,0,0,0,1,1,-0.000567889,-0.000567889,-0.070309409,-0.070309409,8.077,0,-0.000567889,-0.070309409,-0.070309409,0,0,0
RGI60-05.05444,0.175,0.07105,89.31931332,0.000173041,,0,0,0,0,1,1,-0.000220937,-0.000393978,-0.440112705,-0.784816609,0.502,0,-0.000220937,-0.440112705,-0.440112705,0,0,0
RGI60-05.05455,0.175,0.07105,49.94435447,5.28E-06,,0,0,0,0,1,1,-0.004036968,-0.004042252,-0.608251874,-0.609048024,6.637,0,-0.004038553,-0.608490719,-0.608490719,0,0,0
RGI60-05.05468,0.175,0.07105,181.3212088,0.000311184,,0,0,0,0,1,1,-0.005710507,-0.006021691,-0.685617362,-0.72297885,8.329,0,-0.005803862,-0.696825808,-0.696825808,0,0,0
RGI60-05.05470,0.175,0.07105,76.23202102,3.77E-05,,0,0,0,0,1,1,-0.011728114,-0.011765805,-0.808556633,-0.811155124,14.505,0,-0.011739421,-0.80933618,-0.80933618,0,0,0
RGI60-05.05477,0.175,0.07105,48.57800443,1.34E-06,,0,0,0,0,1,1,-0.001396517,-0.001397856,-0.222163088,-0.222376068,6.286,0,-0.001396919,-0.222226982,-0.222226982,0,0,0
RGI60-05.05515,0.175,0.07105,242.1908954,8.81E-05,,0,0,0,0,1,0,-0.002282291,-0.002370345,-1.054663078,-1.095353329,2.164,0,-0.002308707,-1.066870153,-1.066870153,0,0,0
RGI60-05.05526,0.175,0.07105,23.44611204,0,,0,0,0,0,1,1,-0.001354648,-0.001354648,-0.44678374,-0.44678374,3.032,0,-0.001354648,-0.44678374,-0.44678374,0,0,0
RGI60-05.05531,0.175,0.07105,97.16332755,8.27E-05,,0,0,0,0,1,1,-0.005574561,-0.005657259,-0.916868593,-0.930470273,6.08,0,-0.005599371,-0.920949097,-0.920949097,0,0,0
RGI60-05.05553,0.175,0.07105,98.12626975,8.46E-06,,0,0,0,0,1,1,-0.001502568,-0.001511029,-0.594370176,-0.59771714,2.528,0,-0.001505106,-0.595374265,-0.595374265,0,0,0
RGI60-05.05557,0.175,0.07105,44.76700033,1.09E-06,,0,0,0,0,1,1,-0.000956422,-0.000957514,-0.303144902,-0.303491073,3.155,0,-0.00095675,-0.303248754,-0.303248754,0,0,0
RGI60-05.05680,0.175,0.07105,185.6650081,0.000262141,,0,0,0,0,1,1,-0.00866378,-0.008925921,-0.757654539,-0.780578993,11.435,0,-0.008742422,-0.764531875,-0.764531875,0,0,0
RGI60-05.05838,0.175,0.07105,103.9952152,1.59E-05,,0,0,0,0,1,1,-0.000274639,-0.000290586,-0.646210371,-0.683731824,0.425,0,-0.000279423,-0.657466807,-0.657466807,0,0,0
RGI60-05.06128,0.175,0.07105,38.2141786,0,,0,0,0,0,1,1,-0.000507972,-0.000507972,-0.504440479,-0.504440479,1.007,0,-0.000507972,-0.504440479,-0.504440479,0,0,0
RGI60-05.06208,0.175,0.07105,43.25460103,8.14E-07,,0,0,0,0,1,1,-0.000639421,-0.000640235,-0.437659845,-0.438216811,1.461,0,-0.000639665,-0.437826935,-0.437826935,0,0,0
RGI60-05.06236,0.175,0.07105,180.3388674,0.000673223,,0,0,0,0,1,1,-0.022785727,-0.02345895,-0.743902284,-0.76588149,30.63,0,-0.022987694,-0.750496046,-0.750496046,0,0,0
RGI60-05.06245,0.175,0.07105,139.5573312,0.000315944,,0,0,0,0,1,1,-0.030678476,-0.030994419,-0.742964147,-0.750615594,41.292,0,-0.030773259,-0.745259581,-0.745259581,0,0,0
RGI60-05.06259,0.175,0.07105,57.76298887,5.46E-06,,0,0,0,0,1,1,-0.000458203,-0.000463664,-0.338156949,-0.342187575,1.355,0,-0.000459841,-0.339366137,-0.339366137,0,0,0
RGI60-05.06303,0.175,0.07105,43.97639045,0,,0,0,0,0,1,1,-0.004396415,-0.004396415,-0.369601945,-0.369601945,11.895,0,-0.004396415,-0.369601945,-0.369601945,0,0,0
RGI60-05.06309,0.175,0.07105,46.65402524,0,,0,0,0,0,1,1,-0.00205331,-0.00205331,-0.585488916,-0.585488916,3.507,0,-0.00205331,-0.585488916,-0.585488916,0,0,0
RGI60-05.06333,0.175,0.07105,45.53971225,0,,0,0,0,0,1,1,-0.000624303,-0.000624303,-0.334567272,-0.334567272,1.866,0,-0.000624303,-0.334567272,-0.334567272,0,0,0
RGI60-05.06423,0.175,0.07105,48.83538544,3.38E-06,,0,0,0,0,1,1,-0.000588066,-0.000591447,-0.075315845,-0.075748808,7.808,0,-0.00058908,-0.075445733,-0.075445733,0,0,0
RGI60-05.06615,0.175,0.07105,90.63040717,7.38E-05,,0,0,0,0,1,1,9.65E-05,2.27E-05,0.214849361,0.050486647,0.449,0,9.65E-05,0.214849361,0.214849361,0,0,0
RGI60-05.06638,0.175,0.07105,176.9993471,0.000693666,,0,0,0,0,1,1,-0.001261397,-0.001955063,-0.444154013,-0.688402483,2.84,0,-0.001469497,-0.517428554,-0.517428554,0,0,0
RGI60-05.06814,0.175,0.07105,112.151487,0.000141134,,0,0,0,0,1,1,-0.001336307,-0.001477441,-0.374525608,-0.414081006,3.568,0,-0.001378647,-0.386392227,-0.386392227,0,0,0
RGI60-05.06818,0.175,0.07105,65.24194007,3.36E-06,,0,0,0,0,1,1,-0.000566984,-0.000570343,-0.302230166,-0.304021035,1.876,0,-0.000567992,-0.302767427,-0.302767427,0,0,0
RGI60-05.06946,0.175,0.07105,56.66289985,8.49E-06,,0,0,0,0,1,1,-0.000160831,-0.000169319,-0.765860888,-0.806281001,0.21,0,-0.000160831,-0.765860888,-0.765860888,0,0,0
RGI60-05.06970,0.175,0.07105,67.15269619,2.37E-06,,0,0,0,0,1,1,-0.000113229,-0.000115601,-0.257923951,-0.263327204,0.439,0,-0.00011394,-0.259544927,-0.259544927,0,0,0
RGI60-05.06971,0.175,0.07105,68.40640088,3.39E-05,,0,0,0,0,1,1,-2.09E-05,-5.47E-05,-0.164291678,-0.431005079,0.127,0,-2.09E-05,-0.164291678,-0.164291678,0,0,0
RGI60-05.06997,0.175,0.07105,49.92441435,3.93E-06,,0,0,0,0,1,1,-0.000230961,-0.000234896,-0.460082112,-0.467919744,0.502,0,-0.000232142,-0.462433401,-0.462433401,0,0,0
RGI60-05.07159,0.175,0.07105,43.98565244,0,,0,0,0,0,1,1,0.000164268,0.000164268,0.102860529,0.102860529,1.597,0,0.000164268,0.102860529,0.102860529,0,0,0
RGI60-05.07162,0.175,0.07105,51.51993628,6.49E-07,,0,0,0,0,1,1,-0.001204608,-0.001205257,-0.170817989,-0.170909996,7.052,0,-0.001204803,-0.170845591,-0.170845591,0,0,0
RGI60-05.07172,0.175,0.07105,261.5634872,0.001406031,,0,0,4.73E-07,0.00115045,1,0,0.000261212,-0.001144819,0.394580106,-1.72933398,0.662,0,-0.000160597,-0.24259412,-0.24259412,0,0,0
RGI60-05.07178,0.175,0.07105,75.80126411,9.00E-06,,0,0,0,0,1,1,-0.001842672,-0.001851676,-0.17406684,-0.174917408,10.586,0,-0.001845373,-0.17432201,-0.17432201,0,0,0
RGI60-05.07187,0.175,0.07105,26.85914198,0,,0,0,0,0,1,1,-0.000413751,-0.000413751,-0.287527084,-0.287527084,1.439,0,-0.000413751,-0.287527084,-0.287527084,0,0,0
RGI60-05.07194,0.175,0.07105,94.65963551,9.42E-05,,0,0,0,0,1,1,1.87E-06,-9.23E-05,0.002596095,-0.128379789,0.719,0,-2.64E-05,-0.03669667,-0.03669667,0,0,0
RGI60-05.07201,0.175,0.07105,83.51457478,0.000270379,,0,0,0,0,1,1,-0.00016426,-0.000434639,-0.141359494,-0.374043968,1.162,0,-0.00016426,-0.141359494,-0.141359494,0,0,0
RGI60-05.07238,0.175,0.07105,86.118309,9.33E-05,,0,0,0,0,1,1,-1.31E-05,-0.000106417,-0.029408725,-0.23913945,0.445,0,-1.31E-05,-0.029408725,-0.029408725,0,0,0
RGI60-05.07488,0.175,0.07105,58.75284754,2.60E-05,,0,0,0,0,1,1,-0.001996405,-0.00202236,-0.436563591,-0.442239251,4.573,0,-0.002004192,-0.438266289,-0.438266289,0,0,0
RGI60-05.07489,0.175,0.07105,206.9234241,0.001566974,,0,0,0,0,1,1,-0.000321992,-0.001888966,-0.159956351,-0.938383631,2.013,0,-0.000792084,-0.393484535,-0.393484535,0,0,0
RGI60-05.07492,0.175,0.07105,64.8375766,8.13E-06,,0,0,0,0,1,1,-0.000444144,-0.000452272,-0.410484402,-0.417996488,1.082,0,-0.000446583,-0.412738028,-0.412738028,0,0,0
RGI60-05.07493,0.175,0.07105,209.1055427,0.015087931,,0,0,0,0,1,1,-0.003419442,-0.018507373,-0.350388563,-1.896441512,9.759,0,-0.007945821,-0.814204448,-0.814204448,0,0,0
RGI60-05.07539,0.175,0.07105,66.69283077,3.48E-06,,0,0,0,0,1,1,-0.001375342,-0.001378822,-0.58450587,-0.585984752,2.353,0,-0.001376386,-0.584949535,-0.584949535,0,0,0
RGI60-05.07540,0.175,0.07105,28.61196669,0,,0,0,0,0,1,1,-0.000843139,-0.000843139,-0.476888345,-0.476888345,1.768,0,-0.000843139,-0.476888345,-0.476888345,0,0,0
RGI60-05.07566,0.175,0.07105,60.39560644,6.81E-06,,0,0,0,0,1,0,1.25E-05,5.72E-06,0.061130201,0.027890576,0.205,0,1.05E-05,0.051158313,0.051158313,0,0,0
RGI60-05.07572,0.175,0.07105,170.9575368,0.002033098,,0,0,0,0,1,1,-0.001314824,-0.003347921,-0.43364895,-1.10419568,3.032,0,-0.001924753,-0.634812969,-0.634812969,0,0,0
RGI60-05.07636,0.175,0.07105,82.96753159,7.96E-05,,0,0,0,0,1,1,-5.15E-06,-8.48E-05,-0.045610625,-0.750289768,0.113,0,-5.15E-06,-0.045610625,-0.045610625,0,0,0
RGI60-05.07637,0.175,0.07105,97.05849184,0.000128294,,0,0,0,0,1,1,2.69E-05,-0.000101373,0.15209801,-0.572727108,0.177,0,-1.16E-05,-0.065349525,-0.065349525,0,0,0
RGI60-05.07665,0.175,0.07105,27.8828925,0,,0,0,0,0,1,1,-0.002430759,-0.002430759,-0.556365112,-0.556365112,4.369,0,-0.002430759,-0.556365112,-0.556365112,0,0,0
RGI60-05.07683,0.175,0.07105,81.63918573,7.44E-05,,0,0,0,0,1,1,-0.00162456,-0.001698974,-0.511511231,-0.53494128,3.176,0,-0.001646884,-0.518540246,-0.518540246,0,0,0
RGI60-05.07795,0.175,0.07105,83.91689937,7.51E-05,,0,0,0,0,1,1,-0.003902849,-0.003977932,-0.726111369,-0.740080375,5.375,0,-0.003925374,-0.730302071,-0.730302071,0,0,0
RGI60-05.08018,0.175,0.07105,116.4022657,4.40E-05,,0,0,0,0,1,1,-0.000377218,-0.000421205,-0.179970422,-0.200956408,2.096,0,-0.000390414,-0.186266218,-0.186266218,0,0,0
RGI60-05.08110,0.175,0.07105,147.3391156,0.000402782,,0,0,0,0,1,1,-0.006750098,-0.00715288,-0.385741953,-0.408759378,17.499,0,-0.006870933,-0.392647181,-0.392647181,0,0,0
RGI60-05.08129,0.175,0.07105,252.7105891,0.005101939,,0,0,0,0,1,1,-0.008280516,-0.013382455,-0.563262095,-0.910309165,14.701,0,-0.009639398,-0.655696771,-0.655696771,0,0,0
RGI60-05.09426,0.175,0.07105,32.47503877,0,,0,0,0,0,1,1,-0.002036846,-0.002036846,-0.144252578,-0.144252578,14.12,0,-0.002036846,-0.144252578,-0.144252578,0,0,0
RGI60-05.09639,0.175,0.07105,96.73703549,0.000335535,,0,0,0,0,1,1,-0.000834654,-0.001170189,-0.520357998,-0.72954434,1.604,0,-0.000935315,-0.583113901,-0.583113901,0,0,0
RGI60-05.09813,0.175,0.07105,103.0421774,6.05E-05,,0,0,0,0,1,1,-0.000827017,-0.000887506,-0.397986872,-0.427096384,2.078,0,-0.000827017,-0.397986872,-0.397986872,0,0,0
RGI60-05.09995,0.175,0.07105,255.003539,0.036200584,,0,0,0,0,1,1,-0.070193352,-0.106393936,-0.325739839,-0.493732562,215.489,0,-0.073588847,-0.341496998,-0.341496998,0,0,0
RGI60-05.09998,0.175,0.07105,45.69353055,0,,0,0,0,0,1,1,-0.015563531,-0.015563531,-0.596372399,-0.596372399,26.097,0,-0.015563531,-0.596372399,-0.596372399,0,0,0
RGI60-05.10440,0.175,0.07105,56.98799669,1.31E-05,,0,0,0,0,1,1,-0.044145606,-0.044158658,-0.312570666,-0.312663081,141.234,0,-0.044149521,-0.312598391,-0.312598391,0,0,0
RGI60-05.10444,0.175,0.07105,56.65109654,2.12E-05,,0,0,0,0,1,1,-0.019976788,-0.019997967,-0.253986346,-0.254255614,78.653,0,-0.019983142,-0.254067127,-0.254067127,0,0,0
RGI60-05.10549,0.175,0.07105,16.68136657,0,,0,0,0,0,1,1,-0.004056319,-0.004056319,-0.254458283,-0.254458283,15.941,0,-0.004056319,-0.254458283,-0.254458283,0,0,0
RGI60-05.10551,0.175,0.07105,141.9002134,0.000284434,,0,0,0,0,1,1,-0.011605356,-0.01188979,-0.394190277,-0.40385142,29.441,0,-0.011628672,-0.394982245,-0.394982245,0,0,0
RGI60-05.10595,0.175,0.07105,61.15200125,1.87E-05,,0,0,0,0,1,1,-0.000313806,-0.000332536,-0.181181173,-0.19199534,1.732,0,-0.000319425,-0.184425423,-0.184425423,0,0,0
RGI60-05.10596,0.175,0.07105,33.75653431,0,,0,0,0,0,1,1,-0.0012724,-0.0012724,-0.436052193,-0.436052193,2.918,0,-0.0012724,-0.436052193,-0.436052193,0,0,0
RGI60-05.10602,0.175,0.07105,29.08834547,0,,0,0,0,0,1,1,-0.002637755,-0.002637755,-0.242954273,-0.242954273,10.857,0,-0.002637755,-0.242954273,-0.242954273,0,0,0
RGI60-05.10608,0.175,0.07105,113.2789433,2.30E-05,,0,0,0,0,1,1,-0.005218385,-0.005241358,-0.389809886,-0.391525961,13.387,0,-0.005225277,-0.390324709,-0.390324709,0,0,0
RGI60-05.10624,0.175,0.07105,22.22970733,0,,0,0,0,0,1,1,-0.001614331,-0.001614331,-0.111317837,-0.111317837,14.502,0,-0.001614331,-0.111317837,-0.111317837,0,0,0
RGI60-05.10625,0.175,0.07105,81.60900869,0.000372555,,0,0,0,0,1,1,-0.022556814,-0.022929369,-0.398424695,-0.405005188,56.615,0,-0.022582,-0.39886956,-0.39886956,0,0,0
RGI60-05.10631,0.175,0.07105,36.81915161,1.49E-06,,0,0,0,0,1,1,0.000258997,0.000257503,0.031759329,0.031576053,8.155,0,0.000258549,0.031704347,0.031704347,0,0,0
RGI60-05.10632,0.175,0.07105,25.02635822,0,,0,0,0,0,1,1,0.000356188,0.000356188,0.198212685,0.198212685,1.797,0,0.000356188,0.198212685,0.198212685,0,0,0
RGI60-05.10636,0.175,0.07105,31.41785219,0,,0,0,0,0,1,1,-0.00092347,-0.00092347,-0.172837323,-0.172837323,5.343,0,-0.00092347,-0.172837323,-0.172837323,0,0,0
RGI60-05.10683,0.175,0.07105,40.71573656,4.49E-06,,0,0,0,0,1,1,-0.002294765,-0.00229925,-0.292961236,-0.293533826,7.833,0,-0.002296111,-0.293133013,-0.293133013,0,0,0
RGI60-05.10722,0.175,0.07105,53.26768993,3.14E-06,,0,0,0,0,1,1,-0.008997899,-0.009001035,-0.338674315,-0.338792353,26.568,0,-0.00899884,-0.338709727,-0.338709727,0,0,0
RGI60-05.10725,0.175,0.07105,88.94418144,0.000145475,,0,0,0,0,1,1,-0.001853853,-0.001999329,-0.517402499,-0.558004068,3.583,0,-0.001897496,-0.52958297,-0.52958297,0,0,0
RGI60-05.10748,0.175,0.07105,252.3730336,0.002709642,,0,0,0,0,1,1,-0.048125985,-0.050835627,-0.166417642,-0.17578747,289.188,0,-0.048238872,-0.166808,-0.166808,0,0,0
RGI60-05.10751,0.175,0.07105,22.84149887,0,,0,0,0,0,1,1,-0.000271409,-0.000271409,-0.143451011,-0.143451011,1.892,0,-0.000271409,-0.143451011,-0.143451011,0,0,0
RGI60-05.10757,0.175,0.07105,22.31194193,0,,0,0,0,0,1,1,-0.00247398,-0.00247398,-0.291502289,-0.291502289,8.487,0,-0.00247398,-0.291502289,-0.291502289,0,0,0
RGI60-05.10786,0.175,0.07105,133.131264,0.000422212,,0,0,0,0,1,1,-0.00099565,-0.001417862,-0.212609367,-0.302767783,4.683,0,-0.001122313,-0.239656892,-0.239656892,0,0,0
RGI60-05.10795,0.175,0.07105,274.3492409,0.00815989,,0,0,0,0,1,1,-0.003276041,-0.011435931,-0.27985996,-0.976928977,11.706,0,-0.004211143,-0.359742242,-0.359742242,0,0,0
RGI60-05.10809,0.175,0.07105,777.0545168,0.038372306,,0,0,0,0,1,1,-0.002617037,-0.040989343,-0.114071884,-1.786650806,22.942,0,-0.004260853,-0.185722839,-0.185722839,0,0,0
RGI60-05.10840,0.175,0.07105,258.564229,0.004020957,,0,0,0,0,1,1,-0.00066305,-0.004684007,-0.07456704,-0.526766408,8.892,0,-0.001583519,-0.178083606,-0.178083606,0,0,0
RGI60-05.10878,0.175,0.07105,169.928242,0.00137359,,0,0,0,0,1,1,2.60E-05,-0.001347576,0.018528316,-0.959812315,1.404,0,-0.000307977,-0.219357078,-0.219357078,0,0,0
RGI60-05.10891,0.175,0.07105,167.881627,0.000863359,,0,0,0,0,1,1,-0.003289182,-0.004152542,-1.402636263,-1.770806618,2.345,0,-0.003292063,-1.403864656,-1.403864656,0,0,0
RGI60-05.10975,0.175,0.07105,34.85607501,0,,0,0,0,0,1,1,-0.00065557,-0.00065557,-0.30893948,-0.30893948,2.122,0,-0.00065557,-0.30893948,-0.30893948,0,0,0
RGI60-05.11019,0.175,0.07105,318.4895212,0.004601377,,0,0,0,0,1,1,-0.001425298,-0.006026675,-0.559379194,-2.365257017,2.548,0,-0.001895936,-0.744087795,-0.744087795,0,0,0
RGI60-05.11027,0.175,0.07105,151.2131523,0.001469026,,0,0,0,0,1,1,-0.002863652,-0.004332677,-0.319354484,-0.483180235,8.967,0,-0.003174338,-0.354002276,-0.354002276,0,0,0
RGI60-05.11145,0.175,0.07105,132.5407302,0.000165608,,0,0,0,0,1,1,-0.000524691,-0.000690299,-0.278202965,-0.366011931,1.886,0,-0.000574373,-0.304545655,-0.304545655,0,0,0
RGI60-05.11354,0.175,0.07105,74.93147178,1.26E-05,,0,0,0,0,1,1,-0.000748745,-0.000761342,-0.539830657,-0.548912606,1.387,0,-0.000752524,-0.542555241,-0.542555241,0,0,0
RGI60-05.11493,0.175,0.07105,32.68180844,0,,0,0,0,0,1,1,-8.45E-05,-8.45E-05,-0.359634683,-0.359634683,0.235,0,-8.45E-05,-0.359634683,-0.359634683,0,0,0
RGI60-05.11562,0.175,0.07105,125.786396,0.000260773,,0,0,0,0,1,0,-0.000181004,-0.000441777,-0.726923646,-1.774205132,0.249,0,-0.000259236,-1.041108092,-1.041108092,0,0,0
RGI60-05.11623,0.175,0.07105,61.14615525,6.25E-06,,0,0,0,0,1,1,8.70E-06,2.45E-06,0.027020662,0.007617029,0.322,0,8.70E-06,0.027020662,0.027020662,0,0,0
RGI60-05.11626,0.175,0.07105,64.97548953,1.85E-05,,0,0,0,8.89E-06,1,1,8.93E-05,7.09E-05,0.335898508,0.266362488,0.266,0,8.93E-05,0.335898508,0.335898508,0,0,0
RGI60-05.11755,0.175,0.07105,68.04551409,5.92E-06,,0,0,0,0,1,1,-0.00913103,-0.009136947,-0.558541104,-0.558903066,16.348,0,-0.009132805,-0.558649692,-0.558649692,0,0,0
RGI60-05.11781,0.175,0.07105,72.00099636,1.35E-05,,0,0,0,0,1,1,-3.11E-06,-1.66E-05,-0.011505039,-0.06143904,0.27,0,-7.15E-06,-0.026485239,-0.026485239,0,0,0
RGI60-05.11990,0.175,0.07105,75.50673877,1.58E-05,,0,0,0,0,1,1,-0.000536049,-0.000551827,-0.582029494,-0.599160726,0.921,0,-0.000540783,-0.587168864,-0.587168864,0,0,0
RGI60-05.12001,0.175,0.07105,56.50944079,1.26E-05,,0,0,0,0,1,1,-0.000299387,-0.000311939,-0.306121329,-0.318956458,0.978,0,-0.000303152,-0.309971868,-0.309971868,0,0,0
RGI60-05.12003,0.175,0.07105,85.27953362,5.30E-05,,0,0,0,0,1,1,-0.000316804,-0.000369798,-0.865584,-1.010377411,0.366,0,-0.000316804,-0.865584,-0.865584,0,0,0
RGI60-05.12016,0.175,0.07105,102.6756734,2.28E-05,,0,0,0,0,1,0,-0.00012814,-0.000150952,-0.376883611,-0.443976596,0.34,0,-0.000134984,-0.397011507,-0.397011507,0,0,0
RGI60-05.12018,0.175,0.07105,22.35558143,0,,0,0,0,0,1,1,2.67E-05,2.67E-05,0.051156154,0.051156154,0.521,0,2.67E-05,0.051156154,0.051156154,0,0,0
RGI60-05.12028,0.175,0.07105,32.491269,0,,0,0,0,0,1,1,-6.84E-05,-6.84E-05,-0.151945634,-0.151945634,0.45,0,-6.84E-05,-0.151945634,-0.151945634,0,0,0
RGI60-05.12047,0.175,0.07105,61.66518456,3.13E-06,,0,0,7.51E-09,6.11E-06,1,1,1.54E-05,1.23E-05,0.308247911,0.245725145,0.05,0,1.45E-05,0.289491081,0.289491081,0,0,0
RGI60-05.12060,0.175,0.07105,36.07446808,0,,0,0,0,0,1,1,-0.000150395,-0.000150395,-0.531429884,-0.531429884,0.283,0,-0.000150395,-0.531429884,-0.531429884,0,0,0
RGI60-05.12063,0.175,0.07105,171.2331529,2.19E-05,,0,0,0,0,1,0,-0.000410819,-0.000432714,-0.565088216,-0.595205042,0.727,0,-0.000417388,-0.574123264,-0.574123264,0,0,0
RGI60-05.12077,0.175,0.07105,49.7857336,2.22E-06,,0,0,0,0,1,1,-5.17E-05,-5.39E-05,-0.138501234,-0.144441843,0.373,0,-5.23E-05,-0.140283417,-0.140283417,0,0,0
RGI60-05.12082,0.175,0.07105,50.97551338,8.62E-06,,0,0,0,0,1,1,-0.000234484,-0.000243105,-0.429457403,-0.445247661,0.546,0,-0.00023707,-0.43419448,-0.43419448,0,0,0
RGI60-05.12092,0.175,0.07105,25.34985172,0,,0,0,0,0,1,1,-5.21E-05,-5.21E-05,-0.304801928,-0.304801928,0.171,0,-5.21E-05,-0.304801928,-0.304801928,0,0,0
RGI60-05.12093,0.175,0.07105,68.33084089,4.22E-05,,0,0,0,0,1,1,-0.000250002,-0.000292244,-0.239465826,-0.27992704,1.044,0,-0.000262675,-0.25160419,-0.25160419,0,0,0
RGI60-05.12118,0.175,0.07105,37.35093141,0,,0,0,0,0,1,1,-0.000270018,-0.000270018,-0.556738313,-0.556738313,0.485,0,-0.000270018,-0.556738313,-0.556738313,0,0,0
RGI60-05.12141,0.175,0.07105,275.4336346,0.000537177,,0,0,0,0,1,0,-0.000862269,-0.001399445,-0.41495123,-0.673457766,2.078,0,-0.001023422,-0.492503191,-0.492503191,0,0,0
RGI60-05.12145,0.175,0.07105,32.04119348,1.54E-07,,0,0,0,0,1,1,-3.18E-05,-3.20E-05,-0.043928483,-0.044141435,0.725,0,-3.19E-05,-0.043992368,-0.043992368,0,0,0
RGI60-05.12152,0.175,0.07105,26.26395626,0,,0,0,0,0,1,1,1.41E-05,1.41E-05,0.028592795,0.028592795,0.492,0,1.41E-05,0.028592795,0.028592795,0,0,0
RGI60-05.12154,0.175,0.07105,273.3015421,0.000668081,,0,0,0,0,1,0,-0.001907805,-0.002575887,-1.633395075,-2.205382303,1.168,0,-0.00210823,-1.804991243,-1.804991243,0,0,0
RGI60-05.12156,0.175,0.07105,31.40446345,0,,0,0,0,0,1,1,-0.000644786,-0.000644786,-0.399991031,-0.399991031,1.612,0,-0.000644786,-0.399991031,-0.399991031,0,0,0
RGI60-05.12161,0.175,0.07105,92.44747696,9.24E-05,,0,0,0,0,1,1,-0.000447725,-0.000540111,-0.597763856,-0.721109762,0.749,0,-0.000447725,-0.597763856,-0.597763856,0,0,0
RGI60-05.12165,0.175,0.07105,42.93237218,2.73E-06,,0,0,0,0,1,1,-0.000226166,-0.000228894,-0.340099102,-0.344202123,0.665,0,-0.000226984,-0.341330008,-0.341330008,0,0,0
RGI60-05.12167,0.175,0.07105,24.07090883,0,,0,0,0,0,1,1,-0.000157356,-0.000157356,-0.369380483,-0.369380483,0.426,0,-0.000157356,-0.369380483,-0.369380483,0,0,0
RGI60-05.12173,0.175,0.07105,30.32533339,0,,0,0,0,0,1,1,-3.91E-05,-3.91E-05,-0.277047508,-0.277047508,0.141,0,-3.91E-05,-0.277047508,-0.277047508,0,0,0
RGI60-05.12177,0.175,0.07105,25.15239707,0,,0,0,0,0,1,1,-5.78E-05,-5.78E-05,-0.516488217,-0.516488217,0.112,0,-5.78E-05,-0.516488217,-0.516488217,0,0,0
RGI60-05.12179,0.175,0.07105,81.11059056,4.95E-05,,0,0,0,0,1,1,1.33E-05,-3.62E-05,0.06294852,-0.170564019,0.212,0,1.33E-05,0.06294852,0.06294852,0,0,0
RGI60-05.12184,0.175,0.07105,119.9569592,0.000151454,,0,0,0,0,1,1,-0.000405135,-0.000556589,-0.361404597,-0.496511046,1.121,0,-0.000405135,-0.361404597,-0.361404597,0,0,0
RGI60-05.12195,0.175,0.07105,52.96654081,6.46E-06,,0,0,0,0,1,1,-0.000532396,-0.000538856,-0.260467599,-0.263628422,2.044,0,-0.000534334,-0.261415846,-0.261415846,0,0,0
RGI60-05.12197,0.175,0.07105,64.96899642,1.22E-05,,0,0,0,0,1,1,-2.73E-05,-3.95E-05,-0.071086445,-0.102811911,0.384,0,-3.10E-05,-0.080604084,-0.080604084,0,0,0
RGI60-05.12202,0.175,0.07105,54.33058957,6.14E-06,,0,0,0,0,1,1,-0.000106238,-0.00011238,-0.600214999,-0.63491251,0.177,0,-0.00010808,-0.610624252,-0.610624252,0,0,0
RGI60-05.12203,0.175,0.07105,60.55566123,5.61E-06,,0,0,0,0,1,1,-0.000125972,-0.000131582,-0.078831238,-0.082341469,1.598,0,-0.000127655,-0.079884307,-0.079884307,0,0,0
RGI60-05.12206,0.175,0.07105,36.28886964,9.20E-08,,0,0,0,0,1,1,-0.000133116,-0.000133208,-0.127750195,-0.127838532,1.042,0,-0.000133143,-0.127776696,-0.127776696,0,0,0
RGI60-05.12208,0.175,0.07105,38.16561961,3.98E-07,,0,0,0,0,1,1,-0.000105217,-0.000105614,-0.193768935,-0.194501661,0.543,0,-0.000105336,-0.193988753,-0.193988753,0,0,0
RGI60-05.12209,0.175,0.07105,84.5331898,5.72E-05,,0,0,0,0,1,1,-0.000420338,-0.000477504,-0.698236146,-0.793195634,0.602,0,-0.000437488,-0.726723993,-0.726723993,0,0,0
RGI60-05.12214,0.175,0.07105,81.37590518,5.86E-05,,0,0,0,0,1,1,-0.000380745,-0.000439306,-0.269458449,-0.310902717,1.413,0,-0.000398313,-0.281891729,-0.281891729,0,0,0
RGI60-05.12216,0.175,0.07105,27.3632145,0,,0,0,0,0,1,1,-3.09E-05,-3.09E-05,-0.299749179,-0.299749179,0.103,0,-3.09E-05,-0.299749179,-0.299749179,0,0,0
RGI60-05.12217,0.175,0.07105,27.146621,0,,0,0,0,0,1,1,-6.01E-05,-6.01E-05,-0.081171866,-0.081171866,0.741,0,-6.01E-05,-0.081171866,-0.081171866,0,0,0
RGI60-05.12219,0.175,0.07105,36.41775767,1.09E-07,,0,0,0,0,1,1,-2.18E-05,-2.19E-05,-0.038599826,-0.038792847,0.564,0,-2.18E-05,-0.038657733,-0.038657733,0,0,0
RGI60-05.12221,0.175,0.07105,27.60320261,0,,0,0,0,0,1,1,-0.000119106,-0.000119106,-0.157546972,-0.157546972,0.756,0,-0.000119106,-0.157546972,-0.157546972,0,0,0
RGI60-05.12223,0.175,0.07105,178.7116608,0.000664763,,0,0,0,0,1,1,-0.000226605,-0.000891368,-0.201426643,-0.792326733,1.125,0,-0.000226605,-0.201426643,-0.201426643,0,0,0
RGI60-05.12224,0.175,0.07105,89.05576765,0.000557174,,0,0,0,0,1,0,0.000134782,-0.000422392,0.571109767,-1.78979852,0.236,0,-3.24E-05,-0.137162719,-0.137162719,0,0,0
RGI60-05.12225,0.175,0.07105,62.79154113,0.000113086,,0,0,0,0,1,1,-0.000664414,-0.0007775,-0.329407058,-0.385473515,2.017,0,-0.00069834,-0.346226995,-0.346226995,0,0,0
RGI60-05.12250,0.175,0.07105,84.1587759,9.24E-05,,0,0,0,0,1,1,-4.32E-05,-0.000135605,-0.20455564,-0.642679726,0.211,0,-7.09E-05,-0.335992866,-0.335992866,0,0,0
RGI60-05.12251,0.175,0.07105,54.82014995,3.12E-06,,0,0,0,0,1,1,-2.32E-05,-2.63E-05,-0.069296121,-0.078601475,0.335,0,-2.32E-05,-0.069296121,-0.069296121,0,0,0
RGI60-05.12253,0.175,0.07105,46.90395416,1.18E-05,,0,0,0,0,1,1,-0.000148491,-0.000160286,-0.163356951,-0.176332414,0.909,0,-0.00015203,-0.16724959,-0.16724959,0,0,0
RGI60-05.12258,0.175,0.07105,114.7216472,0.000397209,,0,0,0,0,1,1,-0.001006264,-0.001403473,-0.198239536,-0.276491983,5.076,0,-0.001125427,-0.22171527,-0.22171527,0,0,0
RGI60-05.12261,0.175,0.07105,66.09069135,0.000139019,,0,0,0,0,1,1,-0.000734333,-0.000873352,-0.169513539,-0.201604704,4.332,0,-0.000776038,-0.179140889,-0.179140889,0,0,0
RGI60-05.12264,0.175,0.07105,272.9339207,0.001218796,,0,0,0,0,1,1,-1.23E-05,-0.001231055,-0.005851337,-0.587615654,2.095,0,-0.000377897,-0.180380632,-0.180380632,0,0,0
RGI60-05.12266,0.175,0.07105,55.04495283,1.80E-05,,0,0,0,0,1,1,-0.00018831,-0.000206308,-0.115954275,-0.127036807,1.624,0,-0.000193709,-0.119279035,-0.119279035,0,0,0
RGI60-05.12267,0.175,0.07105,56.28340436,3.88E-05,,0,0,0,0,1,1,0.000102847,6.40E-05,0.040812446,0.025411895,2.52,0,9.12E-05,0.036192281,0.036192281,0,0,0
RGI60-05.12268,0.175,0.07105,190.8239642,0.000776904,,0,0,0,0,1,1,-0.001274182,-0.002051086,-0.981649959,-1.580189304,1.298,0,-0.001507253,-1.161211763,-1.161211763,0,0,0
RGI60-05.12274,0.175,0.07105,46.958658,3.87E-06,,0,0,0,0,1,1,-3.96E-05,-4.35E-05,-0.123415464,-0.135474065,0.321,0,-4.08E-05,-0.127033044,-0.127033044,0,0,0
RGI60-05.12275,0.175,0.07105,701.0421359,0.00659467,,0,0,0,0,1,0,-0.000512865,-0.007107535,-0.394815363,-5.471543476,1.299,0,-0.000784285,-0.603760735,-0.603760735,0,0,0
RGI60-05.12276,0.175,0.07105,49.30676559,1.08E-05,,0,0,0,0,1,1,-0.000195874,-0.000206696,-0.282239187,-0.297832437,0.694,0,-0.000199121,-0.286917162,-0.286917162,0,0,0
RGI60-05.12279,0.175,0.07105,279.7216282,0.001803305,,0,0,0,0,1,0,-0.001638455,-0.00344176,-0.868745862,-1.824899037,1.886,0,-0.002179446,-1.155591815,-1.155591815,0,0,0
RGI60-05.12280,0.175,0.07105,33.03812399,0,,0,0,0,0,1,1,-0.000520352,-0.000520352,-0.235028173,-0.235028173,2.214,0,-0.000520352,-0.235028173,-0.235028173,0,0,0
RGI60-05.12289,0.175,0.07105,198.2693154,0.000949385,,0,0,0,0,1,1,-0.000955667,-0.001905052,-0.836104247,-1.666712095,1.143,0,-0.000955667,-0.836104247,-0.836104247,0,0,0
RGI60-05.12291,0.175,0.07105,250.1371284,0.00130697,,0,0,0,0,1,0,-0.00166417,-0.00297114,-0.616359419,-1.100422309,2.7,0,-0.002056261,-0.761578286,-0.761578286,0,0,0
RGI60-05.12292,0.175,0.07105,65.33034615,3.33E-06,,0,0,0,0,1,1,-0.000102442,-0.000105775,-0.63628342,-0.656989314,0.161,0,-0.000103442,-0.642495188,-0.642495188,0,0,0
RGI60-05.12293,0.175,0.07105,115.3017578,0.000463539,,0,0,0,0,1,0,-0.000854407,-0.001317946,-0.236481343,-0.36477887,3.613,0,-0.000993469,-0.274970601,-0.274970601,0,0,0
RGI60-05.12294,0.175,0.07105,75.02360527,8.85E-05,,0,0,0,0,1,1,-0.00063966,-0.000728163,-0.242479238,-0.27602859,2.638,0,-0.000666211,-0.252544044,-0.252544044,0,0,0
RGI60-05.12297,0.175,0.07105,29.32455584,0,,0,0,0,0,1,1,1.30E-05,1.30E-05,0.019242607,0.019242607,0.678,0,1.30E-05,0.019242607,0.019242607,0,0,0
RGI60-05.12298,0.175,0.07105,47.66158946,1.31E-05,,0,0,0,0,1,1,-2.34E-05,-3.64E-05,-0.037846769,-0.059001354,0.617,0,-2.73E-05,-0.044193145,-0.044193145,0,0,0
RGI60-05.12299,0.175,0.07105,26.82004828,1.16E-07,,0,0,0,0,1,1,-4.79E-06,-4.90E-06,-0.020633315,-0.021133108,0.232,0,-4.82E-06,-0.020783253,-0.020783253,0,0,0
RGI60-05.12303,0.175,0.07105,60.86142832,3.63E-05,,0,0,0,0,1,1,-4.54E-06,-4.09E-05,-0.048863444,-0.439331563,0.093,0,-4.54E-06,-0.048863444,-0.048863444,0,0,0
RGI60-05.12310,0.175,0.07105,46.46612283,3.45E-06,,0,0,0,0,1,1,-0.000124862,-0.000128309,-0.185530441,-0.19065157,0.673,0,-0.000125896,-0.18706678,-0.18706678,0,0,0
RGI60-05.12367,0.175,0.07105,61.05578596,3.47E-05,,0,0,0,0,1,1,-0.000259108,-0.000293801,-0.286940934,-0.325361154,0.903,0,-0.000269516,-0.298467,-0.298467,0,0,0
RGI60-05.12368,0.175,0.07105,45.72401367,3.82E-06,,0,0,0,0,1,1,-1.16E-05,-1.54E-05,-0.01485061,-0.019753235,0.78,0,-1.27E-05,-0.016321397,-0.016321397,0,0,0
RGI60-05.12372,0.175,0.07105,81.09677985,2.02E-05,,0,0,0,0,1,1,-0.00063764,-0.000657845,-0.504861307,-0.520858751,1.263,0,-0.000643701,-0.50966054,-0.50966054,0,0,0
RGI60-05.12375,0.175,0.07105,54.04605985,6.94E-06,,0,0,0,0,1,1,-5.56E-05,-6.25E-05,-0.268612318,-0.302136891,0.207,0,-5.77E-05,-0.27866969,-0.27866969,0,0,0
RGI60-05.12376,0.175,0.07105,57.23179955,1.32E-05,,0,0,0,0,1,1,-0.000464915,-0.000478115,-0.697023879,-0.716813573,0.667,0,-0.000468875,-0.702960787,-0.702960787,0,0,0
RGI60-05.12381,0.175,0.07105,68.31913813,3.33E-05,,0,0,0,0,1,1,-5.67E-05,-9.00E-05,-0.10439418,-0.165790114,0.543,0,-6.67E-05,-0.12281296,-0.12281296,0,0,0
RGI60-05.12388,0.175,0.07105,40.71500307,8.83E-07,,0,0,0,0,1,1,-0.001802811,-0.001803694,-0.526368085,-0.526625924,3.425,0,-0.001803076,-0.526445437,-0.526445437,0,0,0
RGI60-05.12392,0.175,0.07105,69.8330934,6.51E-05,,0,0,0,0,1,1,-8.69E-05,-0.000152009,-0.178845317,-0.312776238,0.486,0,-8.69E-05,-0.178845317,-0.178845317,0,0,0
RGI60-05.12401,0.175,0.07105,69.08855384,1.44E-06,,0,0,0,0,1,0,-8.48E-05,-8.63E-05,-0.422011415,-0.429188934,0.201,0,-8.53E-05,-0.424164671,-0.424164671,0,0,0
RGI60-05.12403,0.175,0.07105,86.9440114,5.59E-05,,0,0,0,0,1,1,-3.38E-05,-8.97E-05,-0.265977849,-0.706497035,0.127,0,-3.38E-05,-0.265977849,-0.265977849,0,0,0
RGI60-05.12406,0.175,0.07105,71.81114145,2.16E-05,,0,0,0,0,1,1,6.13E-05,3.97E-05,0.078300888,0.050660628,0.783,0,5.48E-05,0.07000881,0.07000881,0,0,0
RGI60-05.12407,0.175,0.07105,46.88871156,4.33E-06,,0,0,0,0,1,1,2.83E-05,2.40E-05,0.084944232,0.071945696,0.333,0,2.70E-05,0.081044671,0.081044671,0,0,0
RGI60-05.12411,0.175,0.07105,25.2558401,2.89E-09,,0,0,0,0,1,1,-3.47E-06,-3.47E-06,-0.034314814,-0.034343464,0.101,0,-3.47E-06,-0.034323409,-0.034323409,0,0,0
RGI60-05.12418,0.175,0.07105,64.40324221,1.37E-05,,0,0,0,0,1,1,-2.90E-05,-4.28E-05,-0.120930988,-0.178183014,0.24,0,-2.90E-05,-0.120930988,-0.120930988,0,0,0
RGI60-05.12517,0.175,0.07105,51.83044175,7.22E-06,,0,0,0,0,1,1,-1.89E-05,-2.62E-05,-0.085301382,-0.117814477,0.222,0,-2.11E-05,-0.095055311,-0.095055311,0,0,0
RGI60-05.12527,0.175,0.07105,56.81840907,2.91E-06,,0,0,0,0,1,1,-1.71E-06,-4.62E-06,-0.005858763,-0.015831798,0.292,0,-2.58E-06,-0.008850674,-0.008850674,0,0,0
RGI60-05.12529,0.175,0.07105,40.94936182,1.01E-06,,0,0,0,0,1,1,-0.000716474,-0.000717485,-0.453751897,-0.454391966,1.579,0,-0.000716777,-0.453943918,-0.453943918,0,0,0
RGI60-05.12531,0.175,0.07105,81.85290596,1.59E-05,,0,0,0,0,1,1,-0.000146336,-0.000162273,-0.125287603,-0.138932493,1.168,0,-0.000151117,-0.12938107,-0.12938107,0,0,0
RGI60-05.12534,0.175,0.07105,21.38459793,0,,0,0,0,0,1,1,-7.54E-05,-7.54E-05,-0.274353425,-0.274353425,0.275,0,-7.54E-05,-0.274353425,-0.274353425,0,0,0
RGI60-05.12535,0.175,0.07105,56.40220045,8.70E-06,,0,0,0,0,1,1,-4.48E-05,-5.35E-05,-0.225125175,-0.268831484,0.199,0,-4.74E-05,-0.238237068,-0.238237068,0,0,0
RGI60-05.12546,0.175,0.07105,61.99866273,7.80E-06,,0,0,0,0,1,1,-0.000298961,-0.000306756,-0.353381872,-0.36259617,0.846,0,-0.0003013,-0.356146161,-0.356146161,0,0,0
RGI60-05.12552,0.175,0.07105,79.81080598,8.70E-05,,0,0,0,0,1,1,-0.000191237,-0.000278258,-0.391880066,-0.570201472,0.488,0,-0.000191237,-0.391880066,-0.391880066,0,0,0
RGI60-05.12553,0.175,0.07105,56.90633889,1.73E-05,,0,0,0,0,1,1,-0.000693726,-0.00071099,-0.589903188,-0.604583314,1.176,0,-0.000698905,-0.594307226,-0.594307226,0,0,0
RGI60-05.12558,0.175,0.07105,75.26025394,5.03E-06,,0,0,0,0,1,1,-0.000312689,-0.000317718,-0.475934293,-0.483588491,0.657,0,-0.000314197,-0.478230552,-0.478230552,0,0,0
RGI60-05.12561,0.175,0.07105,60.19649201,1.65E-06,,0,0,0,0,1,1,-0.000188602,-0.00019025,-0.353849256,-0.356941205,0.533,0,-0.000189096,-0.354776841,-0.354776841,0,0,0
RGI60-05.12563,0.175,0.07105,54.56358065,5.68E-06,,0,0,0,0,1,1,-0.000158718,-0.000164396,-0.132485414,-0.137225135,1.198,0,-0.000160421,-0.13390733,-0.13390733,0,0,0
RGI60-05.12569,0.175,0.07105,91.64071569,2.20E-05,,0,0,0,0,1,1,-0.001736706,-0.001758693,-0.729708377,-0.738946463,2.38,0,-0.001743302,-0.732479803,-0.732479803,0,0,0
RGI60-05.12643,0.175,0.07105,92.67601911,2.19E-05,,0,0,0,0,1,1,-1.54E-05,-3.73E-05,-0.097898945,-0.237310531,0.157,0,-1.54E-05,-0.097898945,-0.097898945,0,0,0
RGI60-05.12693,0.175,0.07105,33.9651193,0,,0,0,0,0,1,1,-7.09E-05,-7.09E-05,-0.259740083,-0.259740083,0.273,0,-7.09E-05,-0.259740083,-0.259740083,0,0,0
RGI60-05.12712,0.175,0.07105,59.01670551,4.91E-06,,0,0,0,0,1,1,-0.000129759,-0.000134669,-0.201489819,-0.209113803,0.644,0,-0.000131232,-0.203777015,-0.203777015,0,0,0
RGI60-05.12741,0.175,0.07105,51.84013503,6.15E-06,,0,0,0,0,1,1,-3.73E-05,-4.35E-05,-0.259269585,-0.301992169,0.144,0,-3.92E-05,-0.27208636,-0.27208636,0,0,0
RGI60-05.12742,0.175,0.07105,30.72501919,0,,0,0,0,0,1,1,-7.98E-05,-7.98E-05,-0.104450779,-0.104450779,0.764,0,-7.98E-05,-0.104450779,-0.104450779,0,0,0
RGI60-05.12771,0.175,0.07105,51.39413239,7.23E-06,,0,0,0,0,1,1,-0.000213737,-0.00022097,-0.124555076,-0.128770625,1.716,0,-0.000215907,-0.125819741,-0.125819741,0,0,0
RGI60-05.12792,0.175,0.07105,56.13715948,6.21E-06,,0,0,0,0,1,1,-0.000165087,-0.000171302,-0.366860496,-0.38067093,0.45,0,-0.000166952,-0.371003627,-0.371003627,0,0,0
RGI60-05.12803,0.175,0.07105,28.4191643,0,,0,0,0,0,1,1,-0.000133958,-0.000133958,-0.27338448,-0.27338448,0.49,0,-0.000133958,-0.27338448,-0.27338448,0,0,0
RGI60-05.12819,0.175,0.07105,57.48996334,1.16E-06,,0,0,0,0,1,1,-0.000128112,-0.000129269,-0.384721831,-0.388195579,0.333,0,-0.000128459,-0.385763956,-0.385763956,0,0,0
RGI60-05.12832,0.175,0.07105,100.7550192,0.000126599,,0,0,0,0,1,1,-0.001329785,-0.001456384,-0.478339928,-0.523879006,2.78,0,-0.001367765,-0.492001651,-0.492001651,0,0,0
RGI60-05.12852,0.175,0.07105,301.3322757,0.007408453,,0,0,0,0,1,1,-0.058057304,-0.065465758,-0.636935461,-0.718212172,91.151,0,-0.06027984,-0.661318474,-0.661318474,0,0,0
RGI60-05.12859,0.175,0.07105,70.88348779,4.18E-05,,0,0,0,0,1,1,-0.000334112,-0.000375869,-0.520423737,-0.58546576,0.642,0,-0.000334112,-0.520423737,-0.520423737,0,0,0
RGI60-05.12882,0.175,0.07105,52.16605256,7.78E-06,,0,0,0,0,1,1,-0.000366919,-0.000374699,-0.435771248,-0.445010561,0.842,0,-0.000369253,-0.438543042,-0.438543042,0,0,0
RGI60-05.12883,0.175,0.07105,70.31778395,3.33E-05,,0,0,0,0,1,1,-0.000402541,-0.000435845,-0.362322695,-0.392299348,1.111,0,-0.000412532,-0.371315691,-0.371315691,0,0,0
RGI60-05.12927,0.175,0.07105,140.0774623,0.000446123,,0,0,0,0,1,1,-0.000218645,-0.000664768,-0.559194315,-1.700173343,0.391,0,-0.000218645,-0.559194315,-0.559194315,0,0,0
RGI60-05.12945,0.175,0.07105,51.11300775,7.81E-06,,0,0,0,0,1,1,-0.00053911,-0.000546922,-0.343601236,-0.348580086,1.569,0,-0.000541454,-0.345094891,-0.345094891,0,0,0
RGI60-05.12977,0.175,0.07105,149.378497,0.00022482,,0,0,0,0,1,1,-0.000396127,-0.000620947,-0.413926059,-0.648847224,0.957,0,-0.000396127,-0.413926059,-0.413926059,0,0,0
RGI60-05.13070,0.175,0.07105,144.6566483,0.000109314,,0,0,0,0,1,1,-0.000406326,-0.000515641,-0.333601171,-0.423350271,1.218,0,-0.000436084,-0.35803298,-0.35803298,0,0,0
RGI60-05.13120,0.175,0.07105,57.06453294,1.95E-05,,0,0,0,0,1,1,-0.000194424,-0.000213936,-0.324039251,-0.356559913,0.6,0,-0.000200277,-0.33379545,-0.33379545,0,0,0
RGI60-05.13156,0.175,0.07105,90.60668416,8.89E-05,,0,0,0,0,1,1,-0.000729262,-0.000818181,-0.327023361,-0.366897097,2.23,0,-0.000755938,-0.338985482,-0.338985482,0,0,0
RGI60-05.13166,0.175,0.07105,171.9806321,0.000982501,,0,0,0,0,1,1,-0.004224577,-0.005207077,-0.656499846,-0.809180651,6.435,0,-0.004519327,-0.702304087,-0.702304087,0,0,0
RGI60-05.13239,0.175,0.07105,28.69962711,0,,0,0,0,0,1,1,-3.09E-05,-3.09E-05,-0.0669397,-0.0669397,0.461,0,-3.09E-05,-0.0669397,-0.0669397,0,0,0
RGI60-05.13254,0.175,0.07105,117.4104453,0.000301642,,0,0,0,0,1,1,-0.001857709,-0.00215935,-0.695510542,-0.808442633,2.671,0,-0.001857709,-0.695510542,-0.695510542,0,0,0
RGI60-05.13411,0.175,0.07105,124.4477679,5.80E-05,,0,0,0,0,1,1,-0.000357769,-0.000415739,-0.239952604,-0.278832025,1.491,0,-0.00037516,-0.251616431,-0.251616431,0,0,0
RGI60-05.13424,0.175,0.07105,209.3992021,0.001812342,,0,0,0,0,1,1,-0.005855391,-0.007667733,-0.766512715,-1.003761305,7.639,0,-0.006399093,-0.837687292,-0.837687292,0,0,0
RGI60-05.13451,0.175,0.07105,568.1565427,0.007753067,,0,0,0,0,1,1,-0.003694384,-0.011447451,-0.087337685,-0.270625319,42.3,0,-0.0043157,-0.102025994,-0.102025994,0,0,0
RGI60-05.13454,0.175,0.07105,85.06508252,3.82E-05,,0,0,0,0,1,1,0.000225791,0.000187586,0.24252496,0.201488382,0.931,0,0.000214329,0.230213987,0.230213987,0,0,0
RGI60-05.13612,0.175,0.07105,95.68624508,0.0004364,,0,0,0,0,1,1,0.000876982,0.000440582,0.090252388,0.04534141,9.717,0,0.000746062,0.076779095,0.076779095,0,0,0
RGI60-05.13618,0.175,0.07105,79.73380035,0.000176639,,0,0,0,0,1,1,-0.000159533,-0.000336172,-0.075180257,-0.158422015,2.122,0,-0.000212524,-0.100152784,-0.100152784,0,0,0
RGI60-05.13626,0.175,0.07105,102.9838149,0.000848954,,0,0,0,0,1,1,7.04E-05,-0.000778603,0.003039038,-0.033634424,23.149,0,-0.000184335,-0.007963,-0.007963,0,0,0
RGI60-05.13663,0.175,0.07105,858.6697278,0.070442359,,0,0,0,0,1,1,-0.019655708,-0.090098068,-0.464608052,-2.129675879,42.306,0,-0.023648644,-0.558990313,-0.558990313,0,0,0
RGI60-05.13900,0.175,0.07105,241.7181766,0.001051456,,0,0,0,0,1,1,-0.019485014,-0.020536469,-0.922498525,-0.972278639,21.122,0,-0.019800451,-0.937432559,-0.937432559,0,0,0
RGI60-05.13932,0.175,0.07105,119.1259012,0.000396346,,0,0,0,0,1,1,-0.003731606,-0.004127952,-0.888054831,-0.982378022,4.202,0,-0.00385051,-0.916351788,-0.916351788,0,0,0
RGI60-05.14146,0.175,0.07105,236.6899164,0.000670939,,0,0,0,0,1,1,-0.005175219,-0.005846159,-0.619860974,-0.700222628,8.349,0,-0.005376501,-0.64396947,-0.64396947,0,0,0
RGI60-05.14185,0.175,0.07105,106.4111476,0.000378344,,0,0,0,0,1,1,-0.003984333,-0.004362677,-0.877799811,-0.961153747,4.539,0,-0.003984333,-0.877799811,-0.877799811,0,0,0
RGI60-05.14189,0.175,0.07105,50.20723157,1.13E-05,,0,0,0,0,1,1,-0.000111473,-0.000122804,-0.204913023,-0.225742503,0.544,0,-0.000114872,-0.211161867,-0.211161867,0,0,0
RGI60-05.14259,0.175,0.07105,129.2307159,0.000242173,,0,0,0,0,1,1,-0.001080227,-0.0013224,-0.671782951,-0.82238819,1.608,0,-0.001080227,-0.671782951,-0.671782951,0,0,0
RGI60-05.14262,0.175,0.07105,64.91284758,1.26E-05,,0,0,0,0,1,1,-0.000350034,-0.000362663,-0.371191638,-0.384584643,0.943,0,-0.000353823,-0.37520954,-0.37520954,0,0,0
RGI60-05.14263,0.175,0.07105,71.59241311,3.32E-05,,0,0,0,0,1,1,-0.000818559,-0.000851713,-0.416357743,-0.433221415,1.966,0,-0.000828506,-0.421416845,-0.421416845,0,0,0
RGI60-05.14279,0.175,0.07105,42.27899291,2.00E-06,,0,0,0,0,1,1,-9.53E-05,-9.73E-05,-0.313454559,-0.320046783,0.304,0,-9.59E-05,-0.315432226,-0.315432226,0,0,0
RGI60-05.14280,0.175,0.07105,74.18977253,2.50E-05,,0,0,0,0,1,1,-0.000274886,-0.000299852,-0.280782381,-0.306284382,0.979,0,-0.000282376,-0.288432981,-0.288432981,0,0,0
RGI60-05.14283,0.175,0.07105,29.29344561,0,,0,0,0,0,1,1,5.68E-06,5.68E-06,0.03551327,0.03551327,0.16,0,5.68E-06,0.03551327,0.03551327,0,0,0
RGI60-05.14286,0.175,0.07105,75.32503794,1.47E-05,,0,0,0,0,1,1,-0.0001094,-0.000124137,-0.200733325,-0.22777394,0.545,0,-0.000113821,-0.20884551,-0.20884551,0,0,0
RGI60-05.14287,0.175,0.07105,72.21020942,5.68E-06,,0,0,0,0,1,1,-0.00020036,-0.000206045,-0.328998439,-0.338332764,0.609,0,-0.000202065,-0.331798737,-0.331798737,0,0,0
RGI60-05.14308,0.175,0.07105,203.2412411,0.000581857,,0,0,0,0,1,0,-0.000497888,-0.001079745,-0.286801985,-0.621973069,1.736,0,-0.000672445,-0.38735331,-0.38735331,0,0,0
RGI60-05.14388,0.175,0.07105,105.9473482,3.10E-05,,0,0,0,0,1,1,1.31E-05,-1.80E-05,0.010369527,-0.014253779,1.261,0,3.76E-06,0.002982535,0.002982535,0,0,0
RGI60-05.14992,0.0532,0.07105,128.0879398,0.000169712,,0,0,1.05E-07,0.000120757,1,0,2.72E-05,-0.000142512,0.269313598,-1.411006908,0.101,0,-2.37E-05,-0.234782554,-0.234782554,0,0,0
RGI60-05.14997,0.175,0.07105,87.12181952,0.000259218,,0,0,0,0,1,1,0.000226381,-3.28E-05,0.167318125,-0.024269138,1.353,0,0.000226381,0.167318125,0.167318125,0,0,0
RGI60-05.15000,0.175,0.07105,106.5829625,0.000386356,,0,0,0,0,1,1,-0.000397765,-0.000784121,-0.41133928,-0.810880374,0.967,0,-0.000397765,-0.41133928,-0.41133928,0,0,0
RGI60-05.15460,0.175,0.07105,39.80834589,0,,0,0,0,0,1,1,-0.001083302,-0.001083302,-0.137265808,-0.137265808,7.892,0,-0.001083302,-0.137265808,-0.137265808,0,0,0
RGI60-05.15500,0.175,0.07105,52.18756354,3.01E-06,,0,0,0,0,1,1,-0.000537133,-0.000540143,-0.06366396,-0.064020748,8.437,0,-0.000538036,-0.063770996,-0.063770996,0,0,0
RGI60-05.15508,0.175,0.07105,63.36454915,3.45E-06,,0,0,0,0,1,1,-0.000281808,-0.000285254,-0.117812668,-0.119253419,2.392,0,-0.000282842,-0.118244894,-0.118244894,0,0,0
RGI60-05.15545,0.175,0.07105,29.71042262,0,,0,0,0,0,1,1,0.000332571,0.000332571,0.042495659,0.042495659,7.826,0,0.000332571,0.042495659,0.042495659,0,0,0
RGI60-05.15664,0.175,0.07105,90.4462696,0.000107026,,0,0,0,0,1,1,-4.72E-05,-0.000154272,-0.125989776,-0.41139118,0.375,0,-4.72E-05,-0.125989776,-0.125989776,0,0,0
RGI60-05.15688,0.175,0.07105,57.3196283,1.60E-05,,0,0,0,0,1,1,1.65E-05,4.71E-07,0.077713616,0.002220465,0.212,0,1.65E-05,0.077713616,0.077713616,0,0,0
RGI60-05.15690,0.175,0.07105,128.5752377,0.000287998,,0,0,0,0,1,1,-3.00E-05,-0.000318003,-0.217424728,-2.304368237,0.138,0,-3.00E-05,-0.217424728,-0.217424728,0,0,0
RGI60-05.15694,0.175,0.07105,53.32495613,2.06E-05,,0,0,1.19E-07,9.84E-05,1,1,0.000107617,8.70E-05,0.58171321,0.470353153,0.185,0,0.000107617,0.58171321,0.58171321,0,0,0
RGI60-05.15710,0.175,0.07105,77.35683089,0.000238564,,0,0,0,0,1,1,-0.001321515,-0.001560079,-0.469121298,-0.55380856,2.817,0,-0.001393084,-0.494527477,-0.494527477,0,0,0
RGI60-05.15777,0.175,0.07105,45.32991528,1.84E-06,,0,0,0,0,1,1,-0.000276703,-0.00027854,-0.221362474,-0.222831653,1.25,0,-0.000277254,-0.221803228,-0.221803228,0,0,0
RGI60-05.15928,0.175,0.07105,69.7778155,3.14E-05,,0,0,0,0,1,1,-0.002247821,-0.002279171,-0.181788962,-0.184324404,12.365,0,-0.002257226,-0.182549595,-0.182549595,0,0,0
RGI60-05.15937,0.175,0.07105,149.2958135,0.001686839,,0,0,0,0,1,1,-0.021816068,-0.023502907,-0.240931078,-0.259560092,90.549,0,-0.022147565,-0.244592047,-0.244592047,0,0,0
RGI60-05.16133,0.175,0.07105,52.42834127,4.96E-07,,0,0,0,0,1,1,-0.005888099,-0.005888595,-0.176809159,-0.176824064,33.302,0,-0.005888248,-0.176813631,-0.176813631,0,0,0
RGI60-05.16152,0.175,0.07105,172.5853651,0.00034864,,0,0,0,0,1,1,-0.000684206,-0.001032846,-0.105963382,-0.159957497,6.457,0,-0.000788798,-0.122161616,-0.122161616,0,0,0
RGI60-05.16229,0.175,0.07105,120.1966984,0.000345556,,0,0,0,0,1,1,-0.001858815,-0.002204371,-0.333120966,-0.395048613,5.58,0,-0.001962482,-0.35169926,-0.35169926,0,0,0
RGI60-05.16266,0.175,0.07105,60.34215845,3.77E-05,,0,0,0,0,1,1,-0.000126839,-0.000164561,-0.151903312,-0.197079148,0.835,0,-0.000138156,-0.165456063,-0.165456063,0,0,0
RGI60-05.16683,0.175,0.07105,28.47462337,0,,0,0,0,0,1,1,-3.19E-05,-3.19E-05,-0.182549281,-0.182549281,0.175,0,-3.19E-05,-0.182549281,-0.182549281,0,0,0
RGI60-05.16715,0.175,0.07105,79.13041558,2.31E-05,,0,0,0,0,1,1,-0.000172964,-0.000196059,-0.209399934,-0.237360031,0.826,0,-0.000179893,-0.217787963,-0.217787963,0,0,0
RGI60-05.16753,0.175,0.07105,100.9908653,7.82E-05,,0,0,0,0,1,1,-0.000278105,-0.00035633,-0.125782489,-0.161162462,2.211,0,-0.000301573,-0.136396481,-0.136396481,0,0,0
RGI60-05.16762,0.175,0.07105,58.38814767,5.35E-05,,0,0,0,0,1,1,-0.000228989,-0.000282489,-0.342285925,-0.42225611,0.669,0,-0.000245039,-0.366276981,-0.366276981,0,0,0
RGI60-05.16834,0.175,0.07105,143.7340708,0.000305754,,0,0,0,0,1,1,-0.000347699,-0.000653454,-0.368325679,-0.692217958,0.944,0,-0.000439426,-0.465493363,-0.465493363,0,0,0
RGI60-05.16876,0.175,0.07105,86.27585984,0.000204042,,0,0,0,0,1,1,-0.000712237,-0.000916279,-0.642233431,-0.82622062,1.109,0,-0.000773449,-0.697429588,-0.697429588,0,0,0
RGI60-05.16887,0.175,0.07105,260.6601291,0.003612643,,0,0,0,0,1,1,-0.001790812,-0.005403454,-0.836827959,-2.524978726,2.14,0,-0.002603407,-1.216545271,-1.216545271,0,0,0
RGI60-05.17073,0.175,0.07105,119.0695554,0.000119759,,0,0,0,0,1,1,-0.00033099,-0.000450749,-0.063166005,-0.086020715,5.24,0,-0.000366917,-0.070022418,-0.070022418,0,0,0
RGI60-05.17765,0.175,0.07105,106.5602175,0.001488103,,0,0,0,0,1,1,-0.003000345,-0.004488448,-0.495678965,-0.741524572,6.053,0,-0.003446776,-0.569432647,-0.569432647,0,0,0
RGI60-05.18077,0.175,0.07105,139.6724105,0.001334776,,0,0,0,0,1,1,-0.003043028,-0.004377805,-0.522497978,-0.751683482,5.824,0,-0.003443461,-0.591253629,-0.591253629,0,0,0
RGI60-05.18094,0.175,0.07105,123.3142607,0.001539241,,0,0,0,0,1,1,-0.001661394,-0.003200635,-0.496234725,-0.95598412,3.348,0,-0.002123166,-0.634159544,-0.634159544,0,0,0
RGI60-05.18882,0.175,0.07105,92.01419505,0.000225768,,0,0,0,0,1,1,-0.000187964,-0.000413732,-0.298830341,-0.657761613,0.629,0,-0.000187964,-0.298830341,-0.298830341,0,0,0
RGI60-07.00006,0.625,0.2248,136.1503562,0.007947385,0.007849217,0.004595613,0.007849217,6.42E-07,0.113959664,1,1,-0.000652421,-0.008501638,-0.047943985,-0.624753893,13.618,-0.008501638,-0.000652421,-0.624753893,-0.047943985,0.007947385,0.625,
RGI60-07.00025,0.1125,0.0320125,488.557759,0.418944864,0.409467595,0.208848006,0.409467595,0.000120265,5.279918078,1,1,-0.087892487,-0.497360082,-0.080263462,-0.45418947,1095.853,-0.497360082,-0.087892487,-0.45418947,-0.080263462,0.418944864,0.1125,
RGI60-07.00026,0.30625,0.09561875,0.24143676,0.508434515,0.477396267,0.089189425,0.220170993,8.62E-05,0.069424345,1,1,0.087616345,-0.132554648,0.570649254,-0.816377052,153.538,-0.132554648,0.344841619,-0.816377052,2.123809223,0.069424345,5,
RGI60-07.00027,0.30625,0.09561875,171.3861235,2.30640273,3.537188127,0.12740721,2.108875857,0.000204122,0.189082169,1,1,0.699825413,-1.409050444,0.570649254,-1.06949381,1226.367,-1.409050444,2.128137683,-1.06949381,1.61529354,0.189082169,5,
RGI60-07.00028,0.11875,0.0301625,503.8043638,0.090537175,0.090254711,0.040297248,0.090254711,7.35E-05,0.846748757,1,1,-0.12176727,-0.212021981,-0.489144988,-0.851702509,249.109,-0.212021981,-0.12176727,-0.851702509,-0.489144988,0.090537175,0.11875,
RGI60-07.00029,0.25,0.0312,439.0598462,0.450052581,0.472156742,0.09287292,0.472156742,2.75E-05,26.49265286,1,1,0.346848595,-0.125308146,0.523646526,-0.189181033,662.905,-0.125308146,0.346848595,-0.189181033,0.523646526,0.450052581,0.25,
RGI60-07.00030,0.2875,0.0464875,212.4014484,0.09959655,0.100416992,0.027134466,0.100416992,3.58E-05,5.747464316,1,1,0.007738677,-0.092678315,0.044003682,-0.526987632,175.992,-0.092678315,0.007738677,-0.526987632,0.044003682,0.09959655,0.2875,
RGI60-07.00031,0.2,0.0162,402.9300136,0.14547061,0.14204813,0.023988963,0.14204813,1.28E-05,0.240909627,1,1,0.054579161,-0.087468969,0.249883904,-0.400465801,218.616,-0.087468969,0.054579161,-0.400465801,0.249883904,0.14547061,0.2,
RGI60-07.00035,0.275,0.0649,427.7367314,0.07337871,0.076706861,0.026586396,0.076706861,3.46E-06,6.348670632,1,1,0.040050491,-0.03665637,0.178351792,-0.163237181,224.739,-0.03665637,0.040050491,-0.163237181,0.178351792,0.07337871,0.275,
RGI60-07.00036,0.3125,0.11619375,156.6968851,0.012698807,0.012974751,0.008385179,0.012974751,3.62E-06,0.800236084,1,1,0.01686832,0.00389357,0.250516552,0.057824589,67.387,0.00389357,0.01686832,0.057824589,0.250516552,0.012698807,0.3125,
RGI60-07.00042,0.6,0.039975,254.5664308,0.094695369,0.097921589,0.01242307,0.097921589,1.45E-05,1.695806899,1,1,0.028545187,-0.069376402,0.260086135,-0.632114975,109.841,-0.069376402,0.028545187,-0.632114975,0.260086135,0.094695369,0.6,
RGI60-07.00060,0.5,0.099875,187.0903398,0.055870149,0.0536353,0.018899837,0.0536353,5.85E-06,1.933350618,1,1,0.035893226,-0.017742075,0.44956385,-0.222220075,79.912,-0.017742075,0.035893226,-0.222220075,0.44956385,0.055870149,0.5,
RGI60-07.00061,0.475,0.164525,200.7799394,0.023125652,0.023761766,0.014748023,0.023761766,2.60E-06,1.50463534,1,1,0.044045693,0.020283927,0.520738343,0.239810478,84.651,0.020283927,0.044045693,0.239810478,0.520738343,0.023125652,0.475,
RGI60-07.00062,0.3,0.041175,310.9039342,0.332482724,0.432791288,0.081234456,0.33144775,7.95E-05,25.76338531,1,1,0.395266483,0.063818733,0.570649254,0.092207007,692.661,0.063818733,0.496610021,0.092207007,0.717515407,0.332482724,0.3,
RGI60-07.00064,0.3,0.1821,138.2034285,0.005674758,0.00592819,0.005763028,0.00592819,1.98E-06,0.844751323,1,1,-0.006729621,-0.012657811,-0.097478299,-0.183347903,69.091,-0.012657811,-0.006729621,-0.183347903,-0.097478299,0.005674758,0.3,
RGI60-07.00238,0.10625,0.0398,330.4559972,0.060503542,0.06012826,0.03530139,0.06012826,9.40E-06,1.16502845,1,1,-0.047711369,-0.107839628,-0.231186895,-0.522540213,206.536,-0.107839628,-0.047711369,-0.522540213,-0.231186895,0.060503542,0.10625,
RGI60-07.00239,0.45,0.0949,223.8783006,0.039638828,0.040503186,0.013075154,0.040503186,8.62E-06,1.093738076,1,1,-0.01563701,-0.056140196,-0.294790552,-1.058360881,53.086,-0.056140196,-0.01563701,-1.058360881,-0.294790552,0.039638828,0.45,
RGI60-07.00240,0.325,0.0368,278.1562277,0.031070686,0.030061921,0.006893384,0.030061921,6.35E-06,1.488621529,1,1,-0.045558534,-0.075620455,-0.710076994,-1.178623203,64.211,-0.075620455,-0.045558534,-1.178623203,-0.710076994,0.031070686,0.325,
RGI60-07.00242,0.2,0.02245,497.6490268,0.095758512,0.098705652,0.018021346,0.098705652,6.17E-06,0.221462674,1,1,-0.046939915,-0.145645567,-0.332936392,-1.033037869,141.099,-0.145645567,-0.046939915,-1.033037869,-0.332936392,0.095758512,0.2,
RGI60-07.00244,0.375,0.02185,464.555477,0.123985926,0.12734002,0.014298967,0.12734002,1.32E-06,2.58833113,1,1,-0.027034874,-0.154374894,-0.27255852,-1.556367264,99.268,-0.154374894,-0.027034874,-1.556367264,-0.27255852,0.123985926,0.375,
RGI60-07.00250,0.175,0.04485,420.0294159,0.022046631,0.021318878,0.010540238,0.021318878,5.06E-06,0.939526218,1,1,-0.038334661,-0.059653539,-0.705397025,-1.097686211,52.821,-0.059653539,-0.038334661,-1.097686211,-0.705397025,0.022046631,0.175,
RGI60-07.00251,0.275,0.1191,169.784934,0.007578069,0.007359768,0.005521758,0.007359768,2.19E-06,0.21823529,1,1,-0.002684954,-0.010044722,-0.162205693,-0.606830211,16.565,-0.010044722,-0.002684954,-0.606830211,-0.162205693,0.007578069,0.275,
RGI60-07.00254,0.65,0.303475,121.5925267,0.006089024,0.00609107,0.004655982,0.00609107,4.73E-07,0.079476041,1,1,-0.001852859,-0.007943929,-0.186293886,-0.798714612,9.954,-0.007943929,-0.001852859,-0.798714612,-0.186293886,0.006089024,0.65,
RGI60-07.00257,0.9,0.61465,93.72131395,0.000866463,0.000867509,0.000865937,0.000867509,0,0.005116236,1,1,-2.04E-05,-0.000887904,-0.010844503,-0.472102614,1.882,-0.000887904,-2.04E-05,-0.472102614,-0.010844503,0.000866463,0.9,
RGI60-07.00258,1,0.824675,99.96746005,0.002315017,0.002524816,0.001815791,0.002381347,1.03E-07,0.007634119,1,1,0.001393525,-0.000987821,0.570649254,-0.404873072,2.442,-0.000987821,0.001536995,-0.404873072,0.629959854,0.002315017,1,
RGI60-07.00259,0.45,0.2178625,183.5415125,0.033231414,0.032570913,0.022357791,0.032570913,1.56E-05,0.235141288,1,1,-0.002853324,-0.035424237,-0.151473862,-1.880559402,18.852,-0.035424237,-0.002853324,-1.880559402,-0.151473862,0.033231414,0.45,
RGI60-07.00265,0.1375,0.0326875,453.6957132,0.080598602,0.082969292,0.033399032,0.082969292,1.44E-05,0.355576169,1,1,-0.067321288,-0.15029058,-0.586103427,-1.308439378,114.95,-0.15029058,-0.067321288,-1.308439378,-0.586103427,0.080598602,0.1375,
RGI60-07.00275,0.3,0.0549,239.3830974,0.065302223,0.064317535,0.021770421,0.064317535,1.99E-05,0.316240224,1,1,0.005785418,-0.058532116,0.077067419,-0.779704931,75.12,-0.058532116,0.005785418,-0.779704931,0.077067419,0.065302223,0.3,
RGI60-07.00276,0.1625,0.0532625,215.4820809,0.013403892,0.013652393,0.006919021,0.013652393,9.01E-06,0.038085171,1,1,-0.003792335,-0.017444729,-0.155278506,-0.714280584,24.44,-0.017444729,-0.003792335,-0.714280584,-0.155278506,0.013403892,0.1625,
RGI60-07.00277,0.1625,0.05931875,163.1387206,0.006446192,0.006562201,0.004107145,0.006562201,5.07E-06,0.606686711,1,1,0.001443943,-0.005118258,0.049159379,-0.174252298,29.393,-0.005118258,0.001443943,-0.174252298,0.049159379,0.006446192,0.1625,
RGI60-07.00285,0.325,0.2083,153.8751254,0.012322812,0.011829586,0.011708848,0.011829586,3.72E-06,0.927937111,1,1,-0.019248727,-0.031078312,-0.398799197,-0.643887053,48.304,-0.031078312,-0.019248727,-0.643887053,-0.398799197,0.012322812,0.325,
RGI60-07.00294,0.275,0.07175,325.8188778,0.024849256,0.025693036,0.010488749,0.025693036,1.16E-06,0.884458508,1,1,-0.000557741,-0.026250777,-0.007942966,-0.373845748,37.556,-0.026250777,-0.000557741,-0.373845748,-0.007942966,0.024849256,0.275,
RGI60-07.00296,0.35,0.02995,358.1142833,0.124711783,0.122061619,0.015671112,0.122061619,1.14E-06,3.242677051,1,1,0.05916432,-0.0628973,0.464013715,-0.493290716,118.221,-0.0628973,0.05916432,-0.493290716,0.464013715,0.124711783,0.35,
RGI60-07.00298,0.001,0,128.5894273,3.45E-06,0,0.140242402,0,3.45E-06,0.70914846,1,1,-0.335501308,-0.335501308,-0.357018868,-0.357018868,50.583,-0.335501308,-0.335501308,-0.357018868,-0.357018868,3.45E-06,0.001,
RGI60-07.00299,0.2375,0.060475,185.2619302,0.08777001,0.086669623,0.039889151,0.086669623,2.94E-05,0.119504597,1,1,-0.005834549,-0.092504173,-0.042664968,-0.676433983,136.856,-0.092504173,-0.005834549,-0.676433983,-0.042664968,0.08777001,0.2375,
RGI60-07.00301,0.19375,0.056321875,207.6304971,0.029863693,0.029484367,0.016973535,0.029484367,1.90E-05,8.960669659,1,1,-0.129111687,-0.158596053,-0.413443903,-0.507859305,312.535,-0.158596053,-0.129111687,-0.507859305,-0.413443903,0.029863693,0.19375,
RGI60-07.00315,0.75,0.143625,205.3506489,0.044689703,0.04291506,0.015505741,0.04291506,1.69E-06,0.50336429,1,1,0.011477873,-0.031437186,0.385737584,-1.056511434,29.776,-0.031437186,0.011477873,-1.056511434,0.385737584,0.044689703,0.75,
RGI60-07.00319,0.175,0.02555,397.4870807,0.080716399,0.08224521,0.023957961,0.08224521,1.03E-05,0.23836693,1,1,-0.005887851,-0.088133061,-0.109989935,-1.646398687,53.57,-0.088133061,-0.005887851,-1.646398687,-0.109989935,0.080716399,0.175,
RGI60-07.00321,0.1625,0.05619375,445.7241708,0.029925772,0.02944065,0.018900506,0.02944065,4.41E-06,0.042148709,1,1,-0.012127811,-0.041568461,-0.286508053,-0.982015523,42.361,-0.041568461,-0.012127811,-0.982015523,-0.286508053,0.029925772,0.1625,
RGI60-07.00324,0.30625,0.09561875,0.178339724,0.201189241,0.1568514,0.03561987,0.1568514,3.01E-06,0,1,1,0.003669539,-0.153181862,0.021177292,-0.884028585,173.408,-0.153181862,0.003669539,-0.884028585,0.021177292,0,5,
RGI60-07.00422,0.10625,0.023846875,385.4724128,0.033827884,0.032532938,0.013090221,0.032532938,9.23E-06,0.178000599,1,1,-0.008559764,-0.041092702,-0.114761399,-0.550932956,76.765,-0.041092702,-0.008559764,-0.550932956,-0.114761399,0.033827884,0.10625,
RGI60-07.00424,0.15,0.0703625,262.8377441,0.024392032,0.025069328,0.018431075,0.025069328,1.85E-05,7.699228415,1,1,0.120030693,0.094961366,0.497656847,0.39371741,241.29,0.094961366,0.120030693,0.39371741,0.497656847,0.024392032,0.15,
RGI60-07.00425,0.19375,0.0158875,564.8909961,0.158888231,0.221917396,0.023566441,0.158981764,1.41E-05,19.13957241,1,1,0.269696256,0.110714492,0.570649254,0.234494092,472.613,0.110714492,0.332631888,0.234494092,0.704516736,0.158888231,0.19375,
RGI60-07.00429,0.3,0.0923375,169.8808072,0.01467996,0.015195763,0.007628046,0.015195763,4.95E-06,0.857978108,1,1,-0.022620491,-0.037816254,-0.263151988,-0.439929546,60.438,-0.037816254,-0.022620491,-0.439929546,-0.263151988,0.01467996,0.3,
RGI60-07.00440,0.25,0.0530125,221.5231985,0.024009716,0.024094414,0.008346766,0.024094414,8.32E-06,0.044056996,1,1,-0.007283267,-0.031377681,-0.194420442,-0.837599759,37.49,-0.031377681,-0.007283267,-0.837599759,-0.194420442,0.024009716,0.25,
RGI60-07.00448,0.2625,0.0963375,209.5602601,0.03281138,0.032682513,0.021115087,0.032682513,1.11E-05,0.196082262,1,1,-0.041721351,-0.074403865,-0.992881495,-1.770657429,42.052,-0.074403865,-0.041721351,-1.770657429,-0.992881495,0.03281138,0.2625,
RGI60-07.00463,0.5,0.0936625,136.5978502,0.020809047,0.021496008,0.006936908,0.021496008,2.91E-06,0.698166907,1,1,-0.012559154,-0.034055162,-0.329990769,-0.894796638,38.089,-0.034055162,-0.012559154,-0.894796638,-0.329990769,0.020809047,0.5,
RGI60-07.00464,0.4,0.0649,194.5344854,0.05413333,0.053063493,0.015697125,0.053063493,1.67E-05,2.466883141,1,1,-0.013803239,-0.066866732,-0.125296992,-0.606973514,110.25,-0.066866732,-0.013803239,-0.606973514,-0.125296992,0.05413333,0.4,
RGI60-07.00465,0.775,0.054025,335.4084225,0.098581108,0.097318558,0.018319225,0.097318558,5.78E-06,1.728291849,1,1,0.009746248,-0.08757231,0.08191146,-0.735993576,119.079,-0.08757231,0.009746248,-0.735993576,0.08191146,0.098581108,0.775,
RGI60-07.00468,1.7,0.2348875,202.3879671,0.046625484,0.047327038,0.017434798,0.047327038,3.74E-06,0.222895478,1,1,-0.064810921,-0.112137959,-0.348382494,-0.602782698,29.338,-0.112137959,-0.064810921,-0.602782698,-0.348382494,0.046625484,1.7,
RGI60-07.00470,0.35,0.081125,333.6168473,0.034678556,0.034567144,0.013956399,0.034567144,7.13E-07,1.002812223,1,1,-0.012291074,-0.046858217,-0.264007157,-1.006495034,46.591,-0.046858217,-0.012291074,-1.006495034,-0.264007157,0.034678556,0.35,
RGI60-07.00471,0.55,0.171075,96.31431759,0.003254626,0.003199287,0.001877768,0.003199287,3.86E-07,0.111839329,1,1,-0.009352929,-0.012552215,-0.440229958,-0.590816139,21.261,-0.012552215,-0.009352929,-0.590816139,-0.440229958,0.003254626,0.55,
RGI60-07.00474,0.14375,0.03034375,505.6130292,0.063206551,0.063423512,0.024588068,0.063423512,1.04E-05,0.382621188,1,1,-0.057769856,-0.121193368,-0.350051664,-0.734361193,165.161,-0.121193368,-0.057769856,-0.734361193,-0.350051664,0.063206551,0.14375,
RGI60-07.00501,0.3,0.074875,159.0808797,0.018278694,0.018793971,0.008099855,0.018793971,7.76E-06,1.446785121,1,1,-0.067642687,-0.086436658,-0.92392831,-1.18063429,73.265,-0.086436658,-0.067642687,-1.18063429,-0.92392831,0.018278694,0.3,
RGI60-07.00502,0.45,0.14235,206.6857521,0.039781163,0.041251829,0.020726312,0.041251829,9.55E-06,2.68159227,1,1,-0.033495393,-0.074747222,-0.264807348,-0.590935402,126.582,-0.074747222,-0.033495393,-0.590935402,-0.264807348,0.039781163,0.45,
RGI60-07.00511,0.0505,0.25,112.0426227,0.000182713,0.000279393,0.007890804,0.000279393,1.50E-06,0.929999355,1,1,-0.025188556,-0.025467949,-0.421734393,-0.426412298,57.86,-0.025467949,-0.025188556,-0.426412298,-0.421734393,0.000182713,0.0505,
RGI60-07.00524,0.7,0.1449,178.5471146,0.013764842,0.013862493,0.004358059,0.013862493,2.34E-06,0.268411895,1,1,-0.004333528,-0.018196021,-0.080327876,-0.337288169,53.988,-0.018196021,-0.004333528,-0.337288169,-0.080327876,0.013764842,0.7,
RGI60-07.00529,0.0938125,0.01865625,265.6093864,0.024943841,0.025002445,0.00839786,0.025002445,2.33E-05,0.193187574,1,1,-0.048856065,-0.07385851,-0.368340106,-0.556840823,132.743,-0.07385851,-0.048856065,-0.556840823,-0.368340106,0.024943841,0.0938125,
RGI60-07.00551,0.15,0.0411,286.9600321,0.016546177,0.016093367,0.007324078,0.016093367,1.22E-05,8.290008842,1,1,0.173117767,0.157024401,0.486043837,0.440860249,356.465,0.157024401,0.173117767,0.440860249,0.486043837,0.016546177,0.15,
RGI60-07.00552,0.3,0.117275,153.0583034,0.00834055,0.008399476,0.006105496,0.008399476,2.56E-06,1.363254459,1,1,0.137290062,0.128890585,0.416030754,0.390577779,328.261,0.128890585,0.137290062,0.390577779,0.416030754,0.00834055,0.3,
RGI60-07.00558,1.9,0.19495,209.7659012,0.035999788,0.036879834,0.008393019,0.036879834,3.97E-07,0.534082267,1,1,-0.031477133,-0.068356966,-0.353349555,-0.767347647,88.684,-0.068356966,-0.031477133,-0.767347647,-0.353349555,0.035999788,1.9,
RGI60-07.00570,0.675,0.259159375,110.3302124,0.018405581,0.017998094,0.015770353,0.017998094,2.60E-06,0.875387274,1,1,-0.012406309,-0.030404403,-0.060177095,-0.147477272,206.313,-0.030404403,-0.012406309,-0.147477272,-0.060177095,0.018405581,0.675,
RGI60-07.00645,0.30625,0.09561875,30.24607531,0,0.011756933,0.007251193,0.011756933,0,0,1,1,-0.013782433,-0.025539365,-0.271795501,-0.50364727,50.746,-0.025539365,-0.013782433,-0.50364727,-0.271795501,0,5,
RGI60-07.00659,1.45,0.40829375,78.58094936,0.004012897,0.003873536,0.002459582,0.003873536,0,0.079519911,1,1,-0.009739579,-0.013613115,-0.346453665,-0.484242015,28.133,-0.013613115,-0.009739579,-0.484242015,-0.346453665,0.004012897,1.45,
RGI60-07.00661,0.575,0.1074,268.3894221,0.19778578,0.1991171,0.05257829,0.1991171,1.37E-06,4.060998243,1,1,-0.117618906,-0.316736007,-0.475263026,-1.27983602,247.661,-0.316736007,-0.117618906,-1.27983602,-0.475263026,0.19778578,0.575,
RGI60-07.00664,0.11875,0.05425625,134.679016,0.004289916,0.004116085,0.003266905,0.004116085,6.80E-06,0.690591482,1,1,-0.024733394,-0.028849479,-0.652343768,-0.760905593,37.943,-0.028849479,-0.024733394,-0.760905593,-0.652343768,0.004289916,0.11875,
RGI60-07.00681,0.1125,0.020525,299.7930818,0.105693944,0.105903578,0.03491001,0.105903578,0.0001411,0.853992694,1,1,0.167464902,0.061561324,0.261443929,0.096108702,641.022,0.061561324,0.167464902,0.096108702,0.261443929,0.105693944,0.1125,
RGI60-07.00682,0.2625,0.1023,161.0804058,0.03023208,0.029372539,0.018529199,0.029372539,9.22E-06,1.997097049,1,1,0.004269641,-0.025102898,0.033087649,-0.194535304,129.146,-0.025102898,0.004269641,-0.194535304,0.033087649,0.03023208,0.2625,
RGI60-07.00703,0.725,0.2086,148.0198135,0.049613538,0.049344937,0.024883249,0.049344937,6.19E-06,0.827052573,1,1,-0.046892284,-0.09623722,-0.432147015,-0.886897039,108.589,-0.09623722,-0.046892284,-0.886897039,-0.432147015,0.049613538,0.725,
RGI60-07.00710,1,0.374775,119.1520374,0.022468713,0.023412301,0.015317187,0.023412301,2.19E-06,0.695292905,1,1,-0.034033586,-0.057445887,-0.514954607,-0.869200908,66.14,-0.057445887,-0.034033586,-0.869200908,-0.514954607,0.022468713,1,
RGI60-07.00712,0.575,0.35,94.86576428,0.002924507,0.002953791,0.00302613,0.002953791,4.47E-07,0.044192274,1,1,-0.005415383,-0.008369174,-0.71021559,-1.097598735,7.631,-0.008369174,-0.005415383,-1.097598735,-0.71021559,0.002924507,0.575,
RGI60-07.00714,0.9,0.5197,118.1545058,0.006717594,0.006953322,0.005683236,0.006953322,3.86E-07,0.066625487,1,1,-0.006109653,-0.013062975,-0.590616985,-1.262790987,10.352,-0.013062975,-0.006109653,-1.262790987,-0.590616985,0.006717594,0.9,
RGI60-07.00715,1.05,0.256125,211.0715613,0.022440271,0.022927995,0.008383077,0.022927995,1.37E-06,0.299073853,1,1,-0.03012074,-0.053048735,-0.824026134,-1.451277236,36.581,-0.053048735,-0.03012074,-1.451277236,-0.824026134,0.022440271,1.05,
RGI60-07.00721,1.15,0.5516125,109.8047913,0.008496285,0.008668307,0.006117621,0.008668307,3.29E-07,0.063860331,1,1,0.000930944,-0.007737364,0.101288328,-0.841838928,9.198,-0.007737364,0.000930944,-0.841838928,0.101288328,0.008496285,1.15,
RGI60-07.00733,0.525,0.2048,211.0454454,0.030177199,0.030231061,0.015577845,0.030231061,6.14E-06,0.654552704,1,1,-0.01764321,-0.047874271,-0.421912499,-1.14484571,41.848,-0.047874271,-0.01764321,-1.14484571,-0.421912499,0.030177199,0.525,
RGI60-07.00735,1.3,1,76.96948525,0.001090391,0.001157937,0.00151282,0.001157937,0,0.007062191,1,1,0.000997669,-0.000160268,0.334686296,-0.053764713,2.983,-0.000160268,0.000997669,-0.053764713,0.334686296,0.001090391,1.3,
RGI60-07.00766,0.3,0.15,90.46418655,0.000890997,0.000927371,0.000929001,0.000927371,2.59E-07,0.020905324,1,1,0.000394723,-0.000532648,0.074165043,-0.100079889,5.326,-0.000532648,0.000394723,-0.100079889,0.074165043,0.000890997,0.3,
RGI60-07.00775,0.45,0.21225,195.1229223,0.020532458,0.019770601,0.0125647,0.019770601,6.41E-06,0.20679236,1,1,0.00473248,-0.015038121,0.366163646,-1.163536496,12.934,-0.015038121,0.00473248,-1.163536496,0.366163646,0.020532458,0.45,
RGI60-07.00789,0.15,0.075,88.73020028,0.000263621,0.000241669,0.000340371,0.000241669,2.36E-07,0.017733259,1,1,-1.68E-05,-0.000258431,-0.004646927,-0.071641488,3.61,-0.000258431,-1.68E-05,-0.071641488,-0.004646927,0.000263621,0.15,
RGI60-07.00790,0.625,0.2763,108.3684074,0.00614038,0.006107165,0.00462751,0.006107165,6.75E-07,0.114294773,1,1,-0.001031553,-0.007138718,-0.061959074,-0.428779252,16.661,-0.007138718,-0.001031553,-0.428779252,-0.061959074,0.00614038,0.625,
RGI60-07.00791,0.4,0.17475,294.1448196,0.020986962,0.021338254,0.012884724,0.021338254,4.20E-06,0.389375012,1,1,-0.017307922,-0.038646175,-0.40137951,-0.896224465,43.152,-0.038646175,-0.017307922,-0.896224465,-0.40137951,0.020986962,0.4,
RGI60-07.00794,0.6,0.1873125,141.4552256,0.022659039,0.022299315,0.012617649,0.022299315,3.96E-06,0.518476444,1,1,-0.008185288,-0.030484603,-0.147239346,-0.548365912,55.632,-0.030484603,-0.008185288,-0.548365912,-0.147239346,0.022659039,0.6,
RGI60-07.00832,0.225,0.0767,172.7311272,0.013970676,0.01427268,0.007147089,0.01427268,1.11E-05,1.052230096,1,1,-0.00792651,-0.02219919,-0.080508466,-0.225474099,98.53,-0.02219919,-0.00792651,-0.225474099,-0.080508466,0.013970676,0.225,
RGI60-07.00849,0.6,0.2422625,120.9229578,0.007141745,0.007125639,0.004711435,0.007125639,1.69E-06,0.392964878,1,1,-0.002303866,-0.009429505,-0.027350124,-0.111941467,84.302,-0.009429505,-0.002303866,-0.111941467,-0.027350124,0.007141745,0.6,
RGI60-07.00854,0.3125,0.12398125,169.7917876,0.092298087,0.092094696,0.062960358,0.092094696,2.80E-05,4.466731046,1,1,0.073562703,-0.018531993,0.255131983,-0.064273114,288.546,-0.018531993,0.073562703,-0.064273114,0.255131983,0.092298087,0.3125,
RGI60-07.00859,1,0.374775,142.4438565,0.01579095,0.015234402,0.010257502,0.015234402,1.00E-06,0.443458958,1,1,0.004925276,-0.010309125,0.041931223,-0.087766492,117.553,-0.010309125,0.004925276,-0.087766492,0.041931223,0.01579095,1,
RGI60-07.00874,0.325,0.15,179.5343853,0.00425906,0.004200656,0.004524489,0.004200656,1.47E-06,0.464551911,1,1,0.011003005,0.006802349,0.101286627,0.062618078,108.712,0.006802349,0.011003005,0.062618078,0.101286627,0.00425906,0.325,
RGI60-07.00883,0.375,0.14665,110.8479565,0.004958435,0.005163107,0.00363446,0.005163107,1.08E-06,0.262493353,1,1,0.004364453,-0.000798654,0.121723414,-0.022274248,35.882,-0.000798654,0.004364453,-0.022274248,0.121723414,0.004958435,0.375,
RGI60-07.00884,0.225,0.1375,103.8960243,0.001965368,0.00201989,0.002370189,0.00201989,1.01E-06,0.128330621,1,1,0.002232492,0.000212602,0.150201872,0.014303819,14.874,0.000212602,0.002232492,0.014303819,0.150201872,0.001965368,0.225,
RGI60-07.00887,0.35,0.1753375,197.4246616,0.025588309,0.033832184,0.021151732,0.026796206,4.44E-06,0.538680748,1,1,0.018769795,-0.00802641,0.570649254,-0.244203125,32.892,-0.00802641,0.025805774,-0.244203125,0.785139341,0.025588309,0.35,
RGI60-07.00892,0.30625,0.09561875,0.304139414,0.218322578,0.169240075,0.069625015,0.169240075,5.25E-06,0,1,1,0.053217111,-0.116022964,0.239248749,-0.521605707,222.606,-0.116022964,0.053217111,-0.521605707,0.239248749,0,5,
RGI60-07.00893,0.2,0.076025,207.7198543,0.015369213,0.015713186,0.010255722,0.015713186,7.50E-06,1.229327331,1,1,0.008071515,-0.007641671,0.158752832,-0.15029853,50.88,-0.007641671,0.008071515,-0.15029853,0.158752832,0.015369213,0.2,
RGI60-07.00895,0.18125,0.08706875,195.8903086,0.007067392,0.007093441,0.00529799,0.007093441,4.29E-06,0.517714785,1,1,0.009184115,0.002090674,0.35885289,0.081689359,25.613,0.002090674,0.009184115,0.081689359,0.35885289,0.007067392,0.18125,
RGI60-07.00896,0.0814375,0.031603906,335.3332246,0.013366303,0.012848303,0.008330073,0.012848303,5.78E-06,0.022753306,1,1,0.010500765,-0.002347538,0.308984611,-0.06907622,34.014,-0.002347538,0.010500765,-0.06907622,0.308984611,0.013366303,0.0814375,
RGI60-07.00898,0.2375,0.060475,187.2150786,0.008786036,0.0086657,0.004162614,0.0086657,4.94E-06,1.530742258,1,1,-0.022139069,-0.030804769,-0.246974699,-0.343645828,89.712,-0.030804769,-0.022139069,-0.343645828,-0.246974699,0.008786036,0.2375,
RGI60-07.00903,0.375,0.1498,242.398336,0.029322357,0.029869272,0.017185833,0.029869272,6.51E-06,1.285157543,1,1,-0.067545066,-0.097414338,-0.346617943,-0.499896725,69.869,-0.097414338,-0.067545066,-0.499896725,-0.346617943,0.029322357,0.375,
RGI60-07.00909,0.2375,0.09991875,122.5373998,0.007784792,0.007639573,0.005705759,0.007639573,2.66E-06,0.802575148,1,1,0.002207411,-0.005432162,0.047222359,-0.116208289,46.784,-0.005432162,0.002207411,-0.116208289,0.047222359,0.007784792,0.2375,
RGI60-07.00910,0.35,0.0724,184.8398611,0.016024883,0.016634054,0.005941065,0.016634054,3.25E-06,0.769775886,1,1,0.004495852,-0.012138202,0.108089447,-0.291827134,41.627,-0.012138202,0.004495852,-0.291827134,0.108089447,0.016024883,0.35,
RGI60-07.00945,0.1125,0.0320125,505.4186432,0.039545541,0.038247335,0.019961491,0.038247335,1.09E-05,0.188595452,1,1,-0.004503934,-0.042751269,-0.048450937,-0.459895551,93.023,-0.042751269,-0.004503934,-0.459895551,-0.048450937,0.039545541,0.1125,
RGI60-07.00984,0.4,0.164775,177.6541994,0.012800728,0.013300006,0.010523121,0.013300006,2.03E-06,0.642198122,1,1,0.004912462,-0.008387544,0.131320917,-0.224217501,37.438,-0.008387544,0.004912462,-0.224217501,0.131320917,0.012800728,0.4,
RGI60-07.00986,0.1875,0.0576375,285.9297758,0.019530348,0.018971873,0.009443807,0.018971873,9.25E-07,1.820217087,1,1,0.014533177,-0.004438696,0.187842567,-0.057370534,77.429,-0.004438696,0.014533177,-0.057370534,0.187842567,0.019530348,0.1875,
RGI60-07.00993,0.425,0.2147,109.2628886,0.002804315,0.002874124,0.002317705,0.002874124,5.42E-07,0.078766225,1,1,0.001380892,-0.001493232,0.119790995,-0.129536351,11.536,-0.001493232,0.001380892,-0.129536351,0.119790995,0.002804315,0.425,
RGI60-07.01100,0.13125,0.0127625,380.7181959,0.015677902,0.015810668,0.002782146,0.015810668,1.22E-05,0.117969395,1,1,-0.04402759,-0.059838258,-0.87411833,-1.188021375,50.408,-0.059838258,-0.04402759,-1.188021375,-0.87411833,0.015677902,0.13125,
RGI60-07.01325,0.30625,0.09561875,19.51078038,0,0.000327491,0.000515285,0.000327491,0,0,1,1,0.00066487,0.000337379,0.185410252,0.094083951,3.589,0.000337379,0.00066487,0.094083951,0.185410252,0,5,
RGI60-07.01326,0.45,0.2428625,193.1849912,0.010449652,0.010631635,0.007664936,0.010631635,1.48E-06,0.139525933,1,1,0.002735336,-0.007896299,0.185530592,-0.53558499,14.754,-0.007896299,0.002735336,-0.53558499,0.185530592,0.010449652,0.45,
RGI60-07.01328,0.175,0.08535,229.6106648,0.005435537,0.00544057,0.004280619,0.00544057,1.26E-06,0.138899835,1,1,-0.004339491,-0.009780061,-0.307082034,-0.692081437,14.142,-0.009780061,-0.004339491,-0.692081437,-0.307082034,0.005435537,0.175,
RGI60-07.01353,0.2125,0.0850875,163.5904149,0.009697194,0.009619099,0.005972056,0.009619099,4.66E-06,0.013478226,1,1,-0.002314141,-0.01193324,-0.244658359,-1.261620196,9.466,-0.01193324,-0.002314141,-1.261620196,-0.244658359,0.009697194,0.2125,
RGI60-07.01354,0.7,0.4,80.43888594,0.004270605,0.004261036,0.004307693,0.004261036,5.09E-08,0.033089046,1,1,0.000658116,-0.00360292,0.07014226,-0.384000491,9.39,-0.00360292,0.000658116,-0.384000491,0.07014226,0.004270605,0.7,
RGI60-07.01357,0.30625,0.09561875,57.82216679,0.013589828,0.009683343,0.006771369,0.009683343,3.77E-06,0.006065986,1,1,-0.006105432,-0.015788775,-0.388142164,-1.003743797,15.742,-0.015788775,-0.006105432,-1.003743797,-0.388142164,0.006065986,5,
RGI60-07.01394,0.30625,0.09561875,82.36090357,0.577425726,1.034798137,0.192665617,1.034798137,5.46E-05,0,1,1,0.301757261,-0.733040876,0.467631982,-1.13599042,645.801,-0.733040876,0.301757261,-1.13599042,0.467631982,0,5,
RGI60-07.01396,0.30625,0.09561875,0.25428352,0.079441668,0.059909118,0.018698816,0.059909118,1.03E-05,0.008390664,1,1,0.011324237,-0.048584881,0.309259583,-1.32683019,36.645,-0.048584881,0.011324237,-1.32683019,0.309259583,0.008390664,5,
RGI60-07.01425,0.3625,0.0458625,273.4417779,0.144410715,0.142374459,0.032785465,0.142374459,2.59E-05,0.544924544,1,1,0.00065965,-0.141714809,0.005499953,-1.181573914,120.025,-0.141714809,0.00065965,-1.181573914,0.005499953,0.144410715,0.3625,
RGI60-07.01575,0.35,0.2,84.39980848,0.001338689,0.001298103,0.001427812,0.001298103,1.03E-06,0.022790384,1,1,0.001896348,0.000598244,0.231688332,0.073091145,8.191,0.000598244,0.001896348,0.073091145,0.231688332,0.001338689,0.35,
RGI60-07.01577,0.15,0.125,95.0639564,0.000523779,0.000586836,0.000971939,0.000586836,1.19E-06,0.02038375,1,1,0.000196444,-0.000390392,0.037318622,-0.074163279,5.268,-0.000390392,0.000196444,-0.074163279,0.037318622,0.000523779,0.15,
RGI60-07.01578,0.1,0.1,67.49646609,9.10E-05,0.000106701,0.000190647,0.000106701,3.99E-07,0.006918229,1,1,-1.11E-05,-0.000117785,-0.004510793,-0.047933667,2.459,-0.000117785,-1.11E-05,-0.047933667,-0.004510793,9.10E-05,0.1,
RGI60-07.01581,0.30625,0.09561875,23.15970877,0,0.00017423,0.000253143,0.00017423,0,0,1,1,-0.000226121,-0.000400351,-0.087946282,-0.15571034,2.573,-0.000400351,-0.000226121,-0.15571034,-0.087946282,0,5,
RGI60-07.01582,0.30625,0.09561875,24.88180657,0,0.000398027,0.000434605,0.000398027,0,0,1,1,0.000412919,1.49E-05,0.121112256,0.004367888,3.412,1.49E-05,0.000412919,0.004367888,0.121112256,0,5,
RGI60-07.00068,0.30625,0.09561875,148.1670353,0.001038081,,0,0,0,0,1,1,-0.003021112,-0.004059193,-0.101298003,-0.136104913,29.824,0,-0.003332536,-0.111740076,-0.111740076,0,0,0
RGI60-07.00235,0.30625,0.09561875,740.0966711,0.17227797,,0,0,0,0,1,1,-0.055185519,-0.227463489,-0.560111227,-2.308664603,98.526,0,-0.077922622,-0.790883849,-0.790883849,0,0,0
RGI60-07.00237,0.30625,0.09561875,668.9501755,0.123816375,,0,0,0,0,1,0,-0.052928722,-0.176745096,-0.450223472,-1.503433081,117.561,0,-0.08059207,-0.685534067,-0.685534067,0,0,0
RGI60-07.00247,0.30625,0.09561875,140.8522332,0.001104087,,0,0,0,0,1,1,-0.00598228,-0.007086366,-0.41708706,-0.494064447,14.343,0,-0.006313506,-0.440180276,-0.440180276,0,0,0
RGI60-07.00248,0.30625,0.09561875,91.82615469,0.000367397,,0,0,0,0,1,1,-0.000353399,-0.000720796,-0.060575756,-0.123550926,5.834,0,-0.000463618,-0.079468307,-0.079468307,0,0,0
RGI60-07.00263,0.30625,0.09561875,287.453921,0.040388235,,0,0,0,0,1,0,-0.018940249,-0.059328484,-0.335006253,-1.049374462,56.537,0,-0.031056719,-0.549316715,-0.549316715,0,0,0
RGI60-07.00264,0.30625,0.09561875,24.25885293,0,,0,0,0,0,1,1,1.36E-07,1.36E-07,0.007532716,0.007532716,0.018,0,1.36E-07,0.007532716,0.007532716,0,0,0
RGI60-07.00279,0.30625,0.09561875,469.4076924,0.025955342,,0,0,0,0,1,1,-0.01607445,-0.042029792,-0.673359988,-1.760631348,23.872,0,-0.019531521,-0.818176985,-0.818176985,0,0,0
RGI60-07.00280,0.30625,0.09561875,668.9501755,0.070445917,,0,0,0,0,1,0,-0.020894048,-0.091339965,-1.113161845,-4.86627409,18.77,0,-0.037950027,-2.021844789,-2.021844789,0,0,0
RGI60-07.00293,0.30625,0.09561875,409.5259209,0.019913464,,0,0,0,0,1,1,-0.008967332,-0.028880796,-0.274146497,-0.882934769,32.71,0,-0.012698625,-0.388218442,-0.388218442,0,0,0
RGI60-07.00322,0.30625,0.09561875,668.9501755,0.140233767,,0,0,0,0,1,1,-0.191910355,-0.332144121,-1.066838374,-1.846404249,179.887,0,-0.211297536,-1.174612598,-1.174612598,0,0,0
RGI60-07.00476,0.30625,0.09561875,129.9219764,0.001039622,,0,0,0,0,1,1,-0.029107232,-0.030146855,-0.391073804,-0.405041779,74.429,0,-0.029419119,-0.395264196,-0.395264196,0,0,0
RGI60-07.00482,0.30625,0.09561875,683.1325883,0.078403341,,0,0,0,0,1,1,-0.051188081,-0.129591422,-0.621139197,-1.572520598,82.41,0,-0.057768219,-0.700985553,-0.700985553,0,0,0
RGI60-07.00665,0.30625,0.09561875,60.327603,0.000149702,,0,0,0,0,1,1,-0.005895704,-0.006045407,-0.577500672,-0.592164436,10.209,0,-0.005940615,-0.581899801,-0.581899801,0,0,0
RGI60-07.00704,0.30625,0.09561875,59.31096684,6.15E-05,,0,0,0,0,1,1,0.000181288,0.000119818,0.030336024,0.020049786,5.976,0,0.000162847,0.027250153,0.027250153,0,0,0
RGI60-07.00722,0.30625,0.09561875,49.86605983,6.82E-05,,0,0,0,0,1,1,-0.002347145,-0.002415339,-0.444198594,-0.457104274,5.284,0,-0.002367603,-0.448070298,-0.448070298,0,0,0
RGI60-07.00723,0.30625,0.09561875,70.40414129,0.000454138,,0,0,0,0,1,1,-0.006293814,-0.006747952,-0.766043524,-0.821318369,8.216,0,-0.006430055,-0.782625978,-0.782625978,0,0,0
RGI60-07.00777,0.30625,0.09561875,42.90958504,3.20E-06,,0,0,0,0,1,1,-0.004726916,-0.004730115,-0.438530107,-0.438826885,10.779,0,-0.004727876,-0.43861914,-0.43861914,0,0,0
RGI60-07.00879,0.30625,0.09561875,136.2056316,0.004428459,,0,0,0,0,1,1,-0.002364258,-0.006792717,-0.051702637,-0.14854613,45.728,0,-0.003692796,-0.080755685,-0.080755685,0,0,0
RGI60-07.00888,0.30625,0.09561875,100.2778872,0.00241315,,0,0,0,0,1,1,-0.00159291,-0.00400606,-0.029869499,-0.075119733,53.329,0,-0.002316855,-0.043444569,-0.043444569,0,0,0
RGI60-07.01327,0.30625,0.09561875,50.35575135,0.000101862,,0,0,0,0,1,1,-0.00032375,-0.000425613,-0.113636531,-0.149390298,2.849,0,-0.000354309,-0.124362661,-0.124362661,0,0,0
RGI60-07.01437,0.30625,0.09561875,181.2483237,0.00016827,,0,0,0,0,1,1,-0.00041237,-0.00058064,-0.214218426,-0.30163119,1.925,0,-0.000462851,-0.240442255,-0.240442255,0,0,0
RGI60-07.01583,0.30625,0.09561875,32.02132338,0,,0,0,0,0,1,1,8.20E-05,8.20E-05,0.018356433,0.018356433,4.465,0,8.20E-05,0.018356433,0.018356433,0,0,0
RGI60-07.01584,0.30625,0.09561875,74.29711002,3.51E-05,,0,0,0,0,1,1,0.000282988,0.000247924,0.057646712,0.050504008,4.909,0,0.000272469,0.055503901,0.055503901,0,0,0
RGI60-09.00051,0.0814375,0.01741875,674.8539127,0.070613127,0.07396074,0.027851125,0.07396074,8.47E-05,2.528238302,1,1,-0.126924639,-0.200885379,-0.290086217,-0.459123462,437.891,-0.200885379,-0.126924639,-0.459123462,-0.290086217,0.070613127,0.0814375,
RGI60-09.00055,0.04740625,0.018833984,206.732407,0.010252726,0.01020381,0.006947778,0.01020381,7.28E-05,18.44592707,1,1,-0.069624019,-0.079827829,-0.181890857,-0.208548034,383.049,-0.079827829,-0.069624019,-0.208548034,-0.181890857,0.010252726,0.04740625,
RGI60-09.00057,0.0938125,0.024101563,595.5502847,0.154491213,0.157437159,0.060389914,0.157437159,6.93E-05,0.910326704,1,1,-0.052857134,-0.210294293,-0.133438618,-0.530891058,396.401,-0.210294293,-0.052857134,-0.530891058,-0.133438618,0.154491213,0.0938125,
RGI60-09.00061,0.0814375,0.026576563,578.6167446,0.063918837,0.066046716,0.035491529,0.066046716,3.26E-05,1.925297882,1,1,-0.053413922,-0.119460638,-0.160939707,-0.359942864,332.142,-0.119460638,-0.053413922,-0.359942864,-0.160939707,0.063918837,0.0814375,
RGI60-09.00065,0.07525,0.02236875,530.445903,0.158314363,0.152060708,0.070638184,0.152060708,9.00E-05,2.729403876,1,1,-0.093042974,-0.245103681,-0.097280517,-0.256266668,957.197,-0.245103681,-0.093042974,-0.256266668,-0.097280517,0.158314363,0.07525,
RGI60-09.00066,0.10625,0.023025,678.2065116,0.076163144,0.079510249,0.0282915,0.079510249,2.38E-05,0.162031997,1,1,-0.051674114,-0.131184363,-0.231902182,-0.588726885,222.998,-0.131184363,-0.051674114,-0.588726885,-0.231902182,0.076163144,0.10625,
RGI60-09.00069,0.087625,0.0180375,562.1202422,0.072108139,0.075535851,0.025530708,0.075535851,2.99E-05,0.970716431,1,1,-0.02584089,-0.10137674,-0.103529089,-0.406156355,249.782,-0.10137674,-0.02584089,-0.406156355,-0.103529089,0.072108139,0.087625,
RGI60-09.00070,0.15,0.017425,453.0371962,0.06412799,0.06234999,0.011826637,0.06234999,7.95E-06,0.604846545,1,1,-0.036042696,-0.098392686,-0.209357982,-0.571524792,132.985,-0.098392686,-0.036042696,-0.571524792,-0.209357982,0.06412799,0.15,
RGI60-09.00072,0.2625,0.0190375,1084.924455,0.324969286,0.328952876,0.025952918,0.328952876,5.35E-05,30.99118059,1,1,-0.101106854,-0.43005973,-0.151129646,-0.642832529,669.472,-0.43005973,-0.101106854,-0.642832529,-0.151129646,0.324969286,0.2625,
RGI60-09.00077,0.15625,0.026084375,846.4853782,0.242554681,0.24304201,0.07249516,0.24304201,3.81E-05,40.669889,1,1,-0.128122572,-0.371164582,-0.122086871,-0.353679464,757.677,-0.371164582,-0.128122572,-0.353679464,-0.122086871,0.242554681,0.15625,
RGI60-09.00080,0.11875,0.032392969,210.8366945,0.084831809,0.0533641,0.0222411,0.0533641,2.22E-05,0.030007981,1,1,-0.034212969,-0.087577069,-0.399203806,-1.02186687,85.768,-0.087577069,-0.034212969,-1.02186687,-0.399203806,0.030007981,5,
RGI60-09.00081,0.11875,0.032392969,0.437375621,0.041865392,0.095546614,0.027247111,0.095546614,1.72E-05,0.009491362,1,1,-0.01929999,-0.114846604,-0.234335315,-1.394436741,82.426,-0.114846604,-0.01929999,-1.394436741,-0.234335315,0.009491362,5,
RGI60-09.00087,0.0938125,0.013210938,554.8345201,0.111894874,0.111351333,0.030950457,0.111351333,5.57E-05,2.94234529,1,1,-0.095845667,-0.207197,-0.146003005,-0.315626002,656.979,-0.207197,-0.095845667,-0.315626002,-0.146003005,0.111894874,0.0938125,
RGI60-09.00088,0.11875,0.032392969,188.2033737,0.108529812,0.181028318,0.047625949,0.181028318,4.85E-05,0.020025638,1,1,0.014481314,-0.166547004,0.194434178,-2.23615267,74.533,-0.166547004,0.014481314,-2.23615267,0.194434178,0.020025638,5,
RGI60-09.00090,1,0.249875,177.1406729,0.02409171,0.02434953,0.009875705,0.02434953,8.62E-07,0.909832034,1,1,-0.004506868,-0.028856398,-0.081625737,-0.522630026,55.256,-0.028856398,-0.004506868,-0.522630026,-0.081625737,0.02409171,1,
RGI60-09.00092,0.2,0.076025,398.0540948,0.019265217,0.018744946,0.011787021,0.018744946,5.52E-07,1.506683468,1,1,-0.003321443,-0.022066389,-0.067054598,-0.445484952,49.57,-0.022066389,-0.003321443,-0.445484952,-0.067054598,0.019265217,0.2,
RGI60-09.00094,0.06596875,0.030366406,235.7403879,0.019296632,0.019248648,0.014577466,0.019248648,7.77E-05,26.95253145,1,1,-0.041523504,-0.060772151,-0.071239179,-0.104262834,583.313,-0.060772151,-0.041523504,-0.104262834,-0.071239179,0.019296632,0.06596875,
RGI60-09.00111,0.0505,0.024225,569.7729938,0.037015335,0.037355685,0.029558413,0.037355685,0.000102015,2.575699328,1,1,-0.117633511,-0.154989196,-0.196061043,-0.258322166,600.376,-0.154989196,-0.117633511,-0.258322166,-0.196061043,0.037015335,0.0505,
RGI60-09.00114,0.05978125,0.02113125,595.3196971,0.088594973,0.090035653,0.052268238,0.090035653,8.06E-05,1.648047647,1,1,0.030176769,-0.059858884,0.049761447,-0.098707208,606.883,-0.059858884,0.030176769,-0.098707208,0.049761447,0.088594973,0.05978125,
RGI60-09.00116,0.087625,0.017078125,567.374645,0.155322504,0.148836571,0.055888925,0.148836571,6.86E-05,81.97436976,1,1,0.093954383,-0.054882188,0.066547686,-0.038872935,1412.73,-0.054882188,0.093954383,-0.038872935,0.066547686,0.155322504,0.087625,
RGI60-09.00118,0.0505,0.0149125,566.5370267,0.036170517,0.034485921,0.016312535,0.034485921,4.15E-05,0.830625019,1,1,-0.041778793,-0.076264713,-0.113794909,-0.207725871,367.397,-0.076264713,-0.041778793,-0.207725871,-0.113794909,0.036170517,0.0505,
RGI60-09.00120,0.05978125,0.033073438,241.4252819,0.007909492,0.007748271,0.006875406,0.007748271,3.92E-05,19.11977665,1,1,-0.099230725,-0.106978996,-0.204385749,-0.220344881,485.868,-0.106978996,-0.099230725,-0.220344881,-0.204385749,0.007909492,0.05978125,
RGI60-09.00123,0.0690625,0.03135625,307.0544737,0.010789399,0.010366198,0.008135752,0.010366198,2.24E-05,11.82237181,1,1,-0.04642456,-0.056790758,-0.155199266,-0.189853904,299.365,-0.056790758,-0.04642456,-0.189853904,-0.155199266,0.010789399,0.0690625,
RGI60-09.00132,0.09690625,0.021363281,716.6703868,0.098142475,0.097678118,0.036803858,0.097678118,0.000111592,1.989791984,1,1,-0.18907681,-0.286754928,-0.470059243,-0.712894429,402.558,-0.286754928,-0.18907681,-0.712894429,-0.470059243,0.098142475,0.09690625,
RGI60-09.00134,0.0938125,0.024101563,659.6588782,0.135656361,0.140251342,0.057051674,0.140251342,5.68E-05,1.446314377,1,1,-0.05694087,-0.197192211,-0.09313833,-0.322547816,611.739,-0.197192211,-0.05694087,-0.322547816,-0.09313833,0.135656361,0.0938125,
RGI60-09.00136,0.125,0.024875,715.3670127,0.204189883,0.195163137,0.065491175,0.195163137,5.41E-05,0.541901858,1,1,0.024429878,-0.170733259,0.051962719,-0.363152214,431.435,-0.170733259,0.024429878,-0.363152214,0.051962719,0.204189883,0.125,
RGI60-09.00139,0.16875,0.02195625,387.4145973,0.125309987,0.123987781,0.027178423,0.123987781,7.46E-05,0.783350709,1,1,-0.017842009,-0.14182979,-0.060894569,-0.48406342,293.228,-0.14182979,-0.017842009,-0.48406342,-0.060894569,0.125309987,0.16875,
RGI60-09.00141,0.7,0.029975,280.3500238,0.083232998,0.080891599,0.008943924,0.080891599,3.61E-06,3.37920972,1,1,0.097862267,0.016970668,0.338298511,0.058665632,289.488,0.016970668,0.097862267,0.058665632,0.338298511,0.083232998,0.7,
RGI60-09.00149,0.2125,0.04254375,236.1426054,0.040222239,0.038979754,0.014305633,0.038979754,2.02E-05,13.09844451,1,1,0.130477995,0.091498241,0.337228215,0.2364827,387.211,0.091498241,0.130477995,0.2364827,0.337228215,0.040222239,0.2125,
RGI60-09.00367,0.06596875,0.02236875,648.4872935,0.028745111,0.028292574,0.017065087,0.028292574,4.15E-05,0.492800783,1,1,-0.047093815,-0.07538639,-0.484123645,-0.774970843,97.354,-0.07538639,-0.047093815,-0.774970843,-0.484123645,0.028745111,0.06596875,
RGI60-09.00369,0.0505,0.03168125,334.1656211,0.016888155,0.017311524,0.015787951,0.017311524,2.98E-05,0.658206524,1,1,-0.071177554,-0.088489078,-0.897897934,-1.116281132,79.333,-0.088489078,-0.071177554,-1.116281132,-0.897897934,0.016888155,0.0505,
RGI60-09.00493,0.11875,0.032392969,0.156687599,0.017549718,0.009858564,0.009232158,0.009858564,1.28E-05,0,1,1,0.012406982,0.002548418,0.381275527,0.078314733,32.566,0.002548418,0.012406982,0.078314733,0.381275527,0,5,
RGI60-09.00495,0.11875,0.032392969,155.5103483,0.117290462,0.040440693,0.018748397,0.040440693,3.35E-05,0,1,1,0.033045459,-0.007395235,0.267051792,-0.059763451,123.839,-0.007395235,0.033045459,-0.059763451,0.267051792,0,5,
RGI60-09.00498,0.11875,0.032392969,118.9164448,0.104508827,0.21342189,0.047352303,0.21342189,6.79E-05,0,1,1,0.079847482,-0.133574408,0.291256109,-0.487233424,274.36,-0.133574408,0.079847482,-0.487233424,0.291256109,0,5,
RGI60-09.00500,0.11875,0.032392969,132.4871876,0.034000869,0.020768964,0.007071134,0.020768964,5.73E-06,0.007460385,1,1,0.028642955,0.007873991,0.195408333,0.053718041,146.696,0.007873991,0.028642955,0.053718041,0.195408333,0.007460385,5,
RGI60-09.00502,0.7875,0.15,70.85548312,0.001347529,0.001285445,0.001617132,0.001285445,0,0.184059083,1,1,0.001167345,-0.0001181,0.065876155,-0.00666465,17.735,-0.0001181,0.001167345,-0.00666465,0.065876155,0.001347529,0.7875,
RGI60-09.00503,0.11875,0.032392969,0.238306937,0.023909118,0.024843229,0.012078407,0.024843229,3.95E-06,0,1,1,0.02578809,0.000944862,0.266548716,0.009766204,96.827,0.000944862,0.02578809,0.009766204,0.266548716,0,5,
RGI60-09.00505,0.05978125,0.024070312,255.8748155,0.001854231,0.001817276,0.001212957,0.001817276,1.19E-06,0.003764326,1,1,0.000766999,-0.001050277,0.040745896,-0.05579467,18.839,-0.001050277,0.000766999,-0.05579467,0.040745896,0.001854231,0.05978125,
RGI60-09.00506,0.0938125,0.04659375,196.6113084,0.00981247,0.009509499,0.007486007,0.009509499,9.12E-06,0.014736111,1,1,0.006234674,-0.003274825,0.113093117,-0.059403293,55.178,-0.003274825,0.006234674,-0.059403293,0.113093117,0.00981247,0.0938125,
RGI60-09.00507,0.0814375,0.0317125,255.3851195,0.067220813,0.070562939,0.04307215,0.070562939,9.87E-05,0.078052605,1,1,0.060531887,-0.010031052,0.168643738,-0.027946827,359.213,-0.010031052,0.060531887,-0.027946827,0.168643738,0.067220813,0.0814375,
RGI60-09.00508,0.2375,0.07559375,221.0151172,0.062262148,0.060979923,0.028394873,0.060979923,2.81E-06,4.291553467,1,1,0.033673129,-0.027306794,0.251659633,-0.204080163,133.914,-0.027306794,0.033673129,-0.204080163,0.251659633,0.062262148,0.2375,
RGI60-09.00515,0.11875,0.032392969,0.442996818,0.114681361,0.662003711,0.065707106,0.662003711,3.38E-05,0.005701869,1,1,0.146724544,-0.515279167,0.302529386,-1.062447262,485.378,-0.515279167,0.146724544,-1.062447262,0.302529386,0.005701869,5,
RGI60-09.00516,0.11875,0.032392969,0.407236268,0.172777408,0.027110688,0.018851481,0.027110688,4.77E-05,0,1,1,0.037238686,0.010127998,0.216850048,0.05897783,171.855,0.010127998,0.037238686,0.05897783,0.216850048,0,5,
RGI60-09.00517,0.11875,0.032392969,65.60871706,0.009830399,0.007883448,0.00728055,0.007883448,8.76E-07,0,1,1,0.008865576,0.000982129,0.23017654,0.025498963,38.546,0.000982129,0.008865576,0.025498963,0.23017654,0,5,
RGI60-09.00519,0.11875,0.032392969,0.192880584,1.241559743,0.032543173,0.020509719,0.032543173,0.000449999,0,1,1,-0.008259389,-0.040802562,-0.115962375,-0.572870709,71.278,-0.040802562,-0.008259389,-0.572870709,-0.115962375,0,5,
RGI60-09.00520,0.11875,0.032392969,146.734672,0.895805016,0.323847587,0.135626205,0.323847587,0.000197608,0.092960555,1,1,0.183683523,-0.140164064,0.453075143,-0.345729722,405.727,-0.140164064,0.183683523,-0.345729722,0.453075143,0.092960555,5,
RGI60-09.00526,0.25,0.1247,110.7628354,0.001639336,0.001562379,0.001179503,0.001562379,3.83E-07,0.065031917,1,1,0.001238474,-0.000323905,0.162529152,-0.042507136,7.626,-0.000323905,0.001238474,-0.042507136,0.162529152,0.001639336,0.25,
RGI60-09.00571,0.06596875,0.028742187,204.5962126,0.002377635,0.002363073,0.001617085,0.002363073,5.57E-07,1.633735581,1,1,-0.010790781,-0.013153854,-0.176128201,-0.214698508,61.311,-0.013153854,-0.010790781,-0.214698508,-0.176128201,0.002377635,0.06596875,
RGI60-09.00576,0.1125,0.0264375,339.7730574,0.022880257,0.022970231,0.009088986,0.022970231,2.29E-06,0.11864792,1,1,-0.012251195,-0.035221425,-0.111489578,-0.320525628,109.967,-0.035221425,-0.012251195,-0.320525628,-0.111489578,0.022880257,0.1125,
RGI60-09.00578,0.1125,0.037925,150.7463891,0.005840615,0.005612259,0.003420845,0.005612259,8.18E-06,1.519307963,1,1,-0.003838703,-0.009450963,-0.072188677,-0.177729942,53.215,-0.009450963,-0.003838703,-0.177729942,-0.072188677,0.005840615,0.1125,
RGI60-09.00583,0.11875,0.032392969,0.03240881,0.000846553,0.001571146,0.001410663,0.001571146,6.79E-07,0.000201909,1,1,0.000598773,-0.000972373,0.176191524,-0.286124754,3.401,-0.000972373,0.000598773,-0.286124754,0.176191524,0.000201909,5,
RGI60-09.00585,0.11875,0.032392969,0.359550659,0.054205237,0.024329178,0.015872787,0.024329178,2.00E-05,0.006392454,1,1,0.004153043,-0.020176134,0.168087869,-0.816597163,24.727,-0.020176134,0.004153043,-0.816597163,0.168087869,0.006392454,5,
RGI60-09.00586,0.11875,0.032392969,0.294776299,0.015588741,0.013598507,0.00778106,0.013598507,5.01E-06,0.002733198,1,1,0.005521371,-0.008077136,0.441141962,-0.645340417,12.526,-0.008077136,0.005521371,-0.645340417,0.441141962,0.002733198,5,
RGI60-09.00588,0.11875,0.032392969,0.393750541,0.478734343,0.146203992,0.080846412,0.134070158,0.000145595,0.05072682,1,1,0.088490541,-0.045579617,0.621815336,-0.320523346,142.31,-0.045579617,0.100624375,-0.320523346,0.707607114,0.05072682,5,
RGI60-09.00589,0.11875,0.032392969,174.3821891,0.160844748,0.088701343,0.052126578,0.088701343,5.04E-05,0.01295341,1,1,0.051060079,-0.037641264,0.573308542,-0.422640522,89.13,-0.037641264,0.051060079,-0.422640522,0.573308542,0.01295341,5,
RGI60-09.00592,0.11875,0.032392969,0.165459505,0.016974386,0.009904597,0.007131339,0.009904597,4.27E-06,0.001362923,1,1,0.003590522,-0.006314075,0.258268405,-0.45417528,13.913,-0.006314075,0.003590522,-0.45417528,0.258268405,0.001362923,5,
RGI60-09.00596,0.11875,0.032392969,102.9320306,0.018967886,0.0117085,0.007223209,0.010389107,7.67E-06,0.002328418,1,1,0.004851403,-0.005537704,0.621815336,-0.710344715,7.802,-0.005537704,0.006170796,-0.710344715,0.791554027,0.002328418,5,
RGI60-09.00600,0.75,0.4747,115.2534048,0.001319492,0.001404931,0.00123957,0.001278215,4.48E-08,0.009216946,1,1,0.000873651,-0.000404564,0.621815336,-0.288200259,1.405,-0.000404564,0.001000367,-0.288200259,0.712633651,0.001319492,0.75,
RGI60-09.00601,0.4,0.6,116.0230357,0.000506331,0.00072172,0.000804299,0.000539222,3.04E-08,0.003612799,1,1,0.000540358,1.14E-06,0.621815336,0.001308476,0.869,1.14E-06,0.000722856,0.001308476,0.832769509,0.000506331,0.4,
RGI60-09.00602,0.11875,0.032392969,0.173084018,0.008378507,0.005483159,0.005974767,0.005483159,4.92E-06,0.003865716,1,1,-0.002207256,-0.007690415,-0.195738053,-0.681980962,11.286,-0.007690415,-0.002207256,-0.681980962,-0.195738053,0.003865716,5,
RGI60-09.00603,0.0566875,0.06875,137.0744993,0.00114826,0.001233275,0.002881345,0.001233275,1.62E-06,0.001310908,1,1,1.87E-05,-0.001214542,0.003437104,-0.222843167,5.455,-0.001214542,1.87E-05,-0.222843167,0.003437104,0.00114826,0.0566875,
RGI60-09.00607,0.11875,0.032392969,83.62781145,0.031025995,0.032762511,0.026324167,0.032762511,1.13E-05,0.010445067,1,1,-0.035110709,-0.06787322,-0.105282441,-0.20352361,16.852,-0.06787322,-0.035110709,-0.20352361,-0.105282441,0.010445067,5,
RGI60-09.00608,0.11875,0.032392969,149.5632894,0.240842946,0.049237509,0.03759969,0.049237509,8.42E-05,0.026254171,1,1,0.031380851,-0.017856659,0.384526962,-0.218807538,81.675,-0.017856659,0.031380851,-0.218807538,0.384526962,0.026254171,5,
RGI60-09.00610,0.11875,0.032392969,184.2617327,0.520994705,0.175246383,0.077525641,0.175246383,0.000143284,0.013399858,1,1,0.123829203,-0.051417181,0.491616568,-0.204132283,252.081,-0.051417181,0.123829203,-0.204132283,0.491616568,0.013399858,5,
RGI60-09.00611,0.11875,0.032392969,0.32961681,0.33888086,0.133778506,0.05967133,0.133778506,0.000135908,0,1,1,0.083862074,-0.049916432,0.340295579,-0.202550928,246.63,-0.049916432,0.083862074,-0.202550928,0.340295579,0,5,
RGI60-09.00612,0.11875,0.032392969,0.12687113,0.005162503,0.010251278,0.007626957,0.009892041,3.87E-06,0.00369554,1,1,0.005002504,-0.004889537,0.621815336,-0.608214581,8.045,-0.004889537,0.005361741,-0.608214581,0.6669526,0.00369554,5,
RGI60-09.00613,0.11875,0.032392969,62.49673178,0.003984287,0.007047471,0.004029389,0.007047471,1.97E-06,0.000661112,1,1,0.000257616,-0.006789855,0.037454898,-0.987178903,6.883,-0.006789855,0.000257616,-0.987178903,0.037454898,0.000661112,5,
RGI60-09.00614,0.35,0.45,128.756627,0.003111211,0.005644143,0.004996918,0.002992232,7.75E-07,0.031389681,1,1,0.001736108,-0.001256124,0.621815336,-0.450194599,2.792,-0.001256124,0.00438802,-0.450194599,1.572666041,0.003111211,0.35,
RGI60-09.00615,0.11875,0.032392969,0.081865304,0.000746339,0.002938619,0.002125997,0.002938619,3.74E-07,0.000197452,1,1,0.00139508,-0.001543539,0.478576772,-0.529505099,2.917,-0.001543539,0.00139508,-0.529505099,0.478576772,0.000197452,5,
RGI60-09.00618,0.11875,0.032392969,0.073233486,0.001203526,0.001599721,0.001916644,0.001599721,8.44E-07,0.000158985,1,1,0.001705029,0.000105307,0.603265926,0.037259407,2.828,0.000105307,0.001705029,0.037259407,0.603265926,0.000158985,5,
RGI60-09.00619,0.11875,0.032392969,52.30159494,0.001296915,0.001658616,0.001558462,0.001658616,6.90E-07,0.000186616,1,1,0.001649544,-9.07E-06,0.58853426,-0.003236533,2.805,-9.07E-06,0.001649544,-0.003236533,0.58853426,0.000186616,5,
RGI60-09.00621,0.11875,0.032392969,0.103246356,0.000687178,0.002899593,0.003116908,0.002490396,3.54E-07,0.000268853,1,1,0.002823663,0.000333267,0.621815336,0.07344641,4.541,0.000333267,0.00323286,0.07344641,0.712467275,0.000268853,5,
RGI60-09.00622,0.11875,0.032392969,0.196475723,0.017799293,0.02380119,0.012375891,0.018800153,7.91E-06,0.007905676,1,1,0.009633163,-0.009166989,0.621815336,-0.592191554,15.492,-0.009166989,0.014634201,-0.592191554,0.945375816,0.007905676,5,
RGI60-09.00624,0.11875,0.032392969,63.23747024,0.004331551,0.006401614,0.006049794,0.003094806,1.66E-06,0.001633096,1,1,0.00279506,-0.000299746,0.621815336,-0.0667396,4.495,-0.000299746,0.006101868,-0.0667396,1.358603693,0.001633096,5,
RGI60-09.00625,0.11875,0.032392969,0.102346616,0.015690015,0.008163022,0.005805834,0.008163022,3.69E-06,0.002504838,1,1,0.000236029,-0.007926994,0.029272239,-0.983104483,8.069,-0.007926994,0.000236029,-0.983104483,0.029272239,0.002504838,5,
RGI60-09.00626,0.11875,0.032392969,0.196096329,0.038268179,0.009350552,0.005841213,0.009350552,9.67E-06,0.000632481,1,1,0.000489257,-0.008861296,0.028554636,-0.517174638,17.147,-0.008861296,0.000489257,-0.517174638,0.028554636,0.000632481,5,
RGI60-09.00627,0.11875,0.032392969,0.111032191,0.016503656,0.025662982,0.017032184,0.016177068,7.01E-06,0.006519944,1,1,0.007940582,-0.008236486,0.621815336,-0.645483061,12.77,-0.008236486,0.017426496,-0.645483061,1.3656926,0.006519944,5,
RGI60-09.00628,0.11875,0.032392969,43.6855897,0.00191798,0.007787966,0.006330788,0.003508491,1.92E-06,0.001607769,1,1,0.002200604,-0.001307887,0.621815336,-0.369801304,3.539,-0.001307887,0.006480079,-0.369801304,1.832224104,0.001607769,5,
RGI60-09.00629,0.11875,0.032392969,0.189900271,0.002226316,0.003876116,0.003019185,0.003150109,1.03E-06,0.00076913,1,1,0.001801399,-0.00134871,0.621815336,-0.465913444,2.897,-0.00134871,0.002527406,-0.465913444,0.87309539,0.00076913,5,
RGI60-09.00630,0.11875,0.032392969,0.213276013,0.052687691,0.017007111,0.010876951,0.017007111,1.44E-05,0.001745376,1,1,0.003671954,-0.013335158,0.180809385,-0.656631804,20.323,-0.013335158,0.003671954,-0.656631804,0.180809385,0.001745376,5,
RGI60-09.00631,0.11875,0.032392969,59.10859272,0.002333952,0.001884339,0.001674766,0.001884339,1.76E-06,0.000723794,1,1,0.000609218,-0.001275121,0.136705919,-0.286131991,4.46,-0.001275121,0.000609218,-0.286131991,0.136705919,0.000723794,5,
RGI60-09.00632,0.11875,0.032392969,0.41910029,0.030281486,0.006844238,0.005009996,0.006844238,6.33E-06,0.000182763,1,1,0.003213039,-0.003631198,0.383911536,-0.433875482,8.375,-0.003631198,0.003213039,-0.433875482,0.383911536,0.000182763,5,
RGI60-09.00642,0.11875,0.032392969,0.280987107,0.039835589,0.0093974,0.006780634,0.0093974,1.47E-05,0.006036849,1,1,0.002078454,-0.007318946,0.084292829,-0.296823849,24.677,-0.007318946,0.002078454,-0.296823849,0.084292829,0.006036849,5,
RGI60-09.00643,0.11875,0.032392969,0.069287878,0.000688163,0.001758725,0.001226423,0.001758725,2.26E-07,0.000187229,1,1,0.000781157,-0.000977567,0.24557098,-0.307316023,3.184,-0.000977567,0.000781157,-0.307316023,0.24557098,0.000187229,5,
RGI60-09.00645,0.11875,0.032392969,81.89904083,0.021745017,0.011046894,0.010726337,0.011046894,1.05E-05,0.010000441,1,1,0.003598727,-0.007448166,0.195152435,-0.40390049,18.455,-0.007448166,0.003598727,-0.40390049,0.195152435,0.010000441,5,
RGI60-09.00646,0.11875,0.032392969,133.5574193,0.060759802,0.016288659,0.008323396,0.016089913,1.88E-05,0.003201847,1,1,0.008215424,-0.007874489,0.621815336,-0.596481946,13.212,-0.007874489,0.00841417,-0.596481946,0.637362103,0.003201847,5,
RGI60-09.00647,0.11875,0.032392969,32.11757755,0.000171719,0.001898323,0.001885376,0.001261708,3.19E-07,0.000337412,1,1,0.000817065,-0.000444643,0.621815336,-0.338685,1.314,-0.000444643,0.001453681,-0.338685,1.107270971,0.000337412,5,
RGI60-09.00648,0.11875,0.032392969,0.296880139,0.127109432,0.029359403,0.023448258,0.029359403,3.99E-05,0.008774214,1,1,-2.61E-05,-0.029385527,-0.000485356,-0.545953794,53.867,-0.029385527,-2.61E-05,-0.545953794,-0.000485356,0.008774214,5,
RGI60-09.00649,0.11875,0.032392969,56.01067905,0.001605636,0.00132405,0.001492301,0.00132405,9.84E-07,0.000708043,1,1,-0.000425666,-0.001749715,-0.089036947,-0.365989851,4.785,-0.001749715,-0.000425666,-0.365989851,-0.089036947,0.000708043,5,
RGI60-09.00650,0.11875,0.032392969,0.19094324,0.027006892,0.018689309,0.010344793,0.018689309,7.92E-06,0.004444284,1,1,0.011317208,-0.007372101,0.435753141,-0.283852361,25.992,-0.007372101,0.011317208,-0.283852361,0.435753141,0.004444284,5,
RGI60-09.00651,0.11875,0.032392969,0.235999143,0.066645237,0.028959658,0.020339949,0.028959658,2.72E-05,0.012324641,1,1,0.003661155,-0.025298504,0.111288289,-0.768999732,32.924,-0.025298504,0.003661155,-0.768999732,0.111288289,0.012324641,5,
RGI60-09.00653,0.3,0.85,101.8649202,0.000447315,0.001210356,0.001213777,0.000500559,1.55E-07,0.003804243,1,1,0.000395475,-0.000105084,0.621815336,-0.165225464,0.636,-0.000105084,0.001105271,-0.165225464,1.737830133,0.000447315,0.3,
RGI60-09.00654,1,0.499725,120.7642126,0.007279612,0.007413949,0.00612304,0.007413949,0,0.211117502,1,1,0.005111035,-0.002302914,0.357959132,-0.161288087,14.289,-0.002302914,0.005111035,-0.161288087,0.357959132,0.007279612,1,
RGI60-09.00655,0.11875,0.032392969,0.246830114,0.039926838,0.044021306,0.028246725,0.032024505,1.50E-05,0.0084139,1,1,0.015656067,-0.016368438,0.621815336,-0.650595629,25.178,-0.016368438,0.027652867,-0.650595629,1.099117342,0.0084139,5,
RGI60-09.00656,0.11875,0.032392969,113.3763628,0.017301424,0.019796803,0.012392001,0.019796803,4.62E-06,0.000728205,1,1,0.010366497,-0.009430306,0.469570467,-0.427163912,22.093,-0.009430306,0.010366497,-0.427163912,0.469570467,0.000728205,5,
RGI60-09.00657,0.35,0.35,136.4719724,0.016388003,0.025695656,0.016327231,0.015609294,8.34E-06,0.449417481,1,1,0.014482701,-0.001126593,0.621815336,-0.048406733,23.291,-0.001126593,0.024569063,-0.048406733,1.055667942,0.016388003,0.35,
RGI60-09.00658,0.11875,0.032392969,0.085212394,0.002791174,0.007701711,0.004857709,0.007701711,2.25E-07,0.002182278,1,1,0.001765026,-0.005936686,0.214764256,-0.722362296,8.225,-0.005936686,0.001765026,-0.722362296,0.214764256,0.002182278,5,
RGI60-09.00659,0.11875,0.032392969,0.223808051,0.03008977,0.015120223,0.007857712,0.015120223,6.50E-06,0.000520942,1,1,0.000534157,-0.014586066,0.074284226,-2.028457871,7.196,-0.014586066,0.000534157,-2.028457871,0.074284226,0.000520942,5,
RGI60-09.00660,0.11875,0.032392969,0.091850893,0.003214741,0.015026973,0.010007015,0.011604756,6.88E-06,0.006127438,1,1,0.005509906,-0.00609485,0.621815336,-0.688346424,8.861,-0.00609485,0.008932122,-0.688346424,1.008785159,0.006127438,5,
RGI60-09.00661,0.3,0.105325,284.8543015,0.003887967,0.003714799,0.002599338,0.003714799,2.30E-07,0.079440104,1,1,0.002602418,-0.001112381,0.512893792,-0.219231987,5.078,-0.001112381,0.002602418,-0.219231987,0.512893792,0.003887967,0.3,
RGI60-09.00662,0.11875,0.032392969,60.81549267,0.0017912,0.003265167,0.002060006,0.003265167,5.89E-07,0,1,1,0.000843552,-0.002421615,0.22337339,-0.641246258,3.779,-0.002421615,0.000843552,-0.641246258,0.22337339,0,5,
RGI60-09.00663,0.11875,0.032392969,88.59925418,0.005234925,0.010135406,0.007847673,0.007945586,2.25E-06,0.000905334,1,1,0.00313768,-0.004807906,0.621815336,-0.953447839,5.046,-0.004807906,0.005327501,-0.953447839,1.056487915,0.000905334,5,
RGI60-09.00664,0.11875,0.032392969,0.337041387,0.07969631,0.055198697,0.033427582,0.055198697,2.03E-05,0,1,1,0.02302511,-0.032173587,0.374046258,-0.522664598,61.603,-0.032173587,0.02302511,-0.522664598,0.374046258,0,5,
RGI60-09.00665,0.11875,0.032392969,0.086202089,0.000598033,0.00352169,0.003426225,0.00181208,8.70E-07,0.00072625,1,1,0.001641592,-0.000170487,0.621815336,-0.064621289,2.64,-0.000170487,0.003351203,-0.064621289,1.270236794,0.00072625,5,
RGI60-09.00666,0.11875,0.032392969,0.073044392,0.000441727,0.006982048,0.00632389,0.003071755,6.99E-07,0.000756902,1,1,0.001979238,-0.001092516,0.621815336,-0.343535141,3.183,-0.001092516,0.005889531,-0.343535141,1.851927105,0.000756902,5,
RGI60-09.00667,0.11875,0.032392969,49.27859982,0.001677241,0.001650433,0.001612,0.00139218,6.93E-07,2.73E-05,1,1,0.000946403,-0.000445777,0.621815336,-0.293094021,1.522,-0.000445777,0.001204655,-0.293094021,0.792048257,2.73E-05,5,
RGI60-09.00670,0.11875,0.032392969,115.87799,0.077544045,0.070666898,0.044921048,0.050219772,2.15E-05,0.011339777,1,1,0.025722013,-0.024497759,0.621815336,-0.592687584,41.366,-0.024497759,0.046169139,-0.592687584,1.116995062,0.011339777,5,
RGI60-09.00671,0.11875,0.032392969,90.21138898,0.034940256,0.12139817,0.075829324,0.12021336,2.97E-05,0.035225208,1,1,0.06984292,-0.050370439,0.621815336,-0.448796197,112.321,-0.050370439,0.07102773,-0.448796197,0.632850848,0.035225208,5,
RGI60-09.00672,0.11875,0.032392969,178.2992369,0.380642715,0.084639539,0.051464394,0.074708386,0.000127915,0.026652325,1,1,0.036641091,-0.038067295,0.621815336,-0.646502808,58.926,-0.038067295,0.046572244,-0.646502808,0.790943674,0.026652325,5,
RGI60-09.00673,0.11875,0.032392969,0.500426321,0.021718436,0.011946738,0.007598864,0.010731262,8.86E-06,0.001775303,1,1,0.007168909,-0.003562353,0.621815336,-0.30921634,11.529,-0.003562353,0.008384384,-0.30921634,0.727774158,0.001775303,5,
RGI60-09.00674,0.35,0.2239125,201.2593065,0.026186925,0.028635557,0.025548872,0.026179893,1.44E-05,0.715151832,1,1,0.019052422,-0.007127471,0.621815336,-0.232793748,30.64,-0.007127471,0.021508087,-0.232793748,0.702485959,0.026186925,0.35,
RGI60-09.00675,0.11875,0.032392969,53.89420795,0.003377856,0.043968668,0.028314442,0.028688044,1.58E-05,0.01982643,1,1,0.021074565,-0.007613479,0.621815336,-0.224810382,33.892,-0.007613479,0.036355189,-0.224810382,1.073493998,0.01982643,5,
RGI60-09.00676,0.11875,0.032392969,0.204707554,0.011026584,0.021377507,0.015757391,0.012502503,4.05E-06,0.003100506,1,1,0.007457431,-0.005045072,0.621815336,-0.420981689,11.993,-0.005045072,0.016332435,-0.420981689,1.362845937,0.003100506,5,
RGI60-09.00677,0.11875,0.032392969,0.260028983,0.002106725,0.005052456,0.003312507,0.002683341,9.07E-07,0.000366528,1,1,0.001199482,-0.001483859,0.621815336,-0.769950292,1.929,-0.001483859,0.003568597,-0.769950292,1.851686665,0.000366528,5,
RGI60-09.00678,0.11875,0.032392969,0.141208995,0.040565944,0.036064968,0.021801066,0.036064968,5.35E-06,0.003201136,1,1,0.014673143,-0.021391825,0.415587116,-0.605880185,35.333,-0.021391825,0.014673143,-0.605880185,0.415587116,0.003201136,5,
RGI60-09.00679,0.11875,0.032392969,0.142140133,0.04270761,0.071155458,0.037335265,0.047700553,1.55E-05,0.013972897,1,1,0.022044597,-0.025655956,0.621815336,-0.724212873,35.452,-0.025655956,0.045499502,-0.724212873,1.284353808,0.013972897,5,
RGI60-09.00680,0.11875,0.032392969,56.17943765,0.005173043,0.031122809,0.023244516,0.011552715,1.01E-05,0.009020005,1,1,0.008426841,-0.003125873,0.621815336,-0.2308224,13.552,-0.003125873,0.027996935,-0.2308224,2.06736465,0.009020005,5,
RGI60-09.00681,0.175,0.1,120.3215922,0.018574517,0.033638282,0.026186481,0.018701586,2.35E-05,0.02111577,1,1,0.014983884,-0.003717701,0.621815336,-0.154392521,24.097,-0.003717701,0.029920581,-0.154392521,1.242572619,0.018574517,0.175,
RGI60-09.00682,0.11875,0.032392969,45.98243667,0.001017071,0.005591561,0.004557894,0.003030434,1.40E-06,0.001060563,1,1,0.001871042,-0.001159392,0.621815336,-0.385526866,3.009,-0.001159392,0.004432169,-0.385526866,1.473807467,0.001060563,5,
RGI60-09.00683,0.11875,0.032392969,67.65010344,0.005998316,0.010070914,0.008044635,0.00700076,2.96E-06,0.00266794,1,1,0.004448467,-0.002552293,0.621815336,-0.357028602,7.154,-0.002552293,0.007518622,-0.357028602,1.051745772,0.00266794,5,
RGI60-09.00684,0.11875,0.032392969,0.148633895,0.021897859,0.055770628,0.03276167,0.055770628,1.40E-05,0.010074412,1,1,0.031962872,-0.023807756,0.617812808,-0.460181939,51.773,-0.023807756,0.031962872,-0.460181939,0.617812808,0.010074412,5,
RGI60-09.00685,0.11875,0.032392969,90.129013,0.009235189,0.008538182,0.00620255,0.008538182,2.55E-06,0.001344966,1,1,0.004129502,-0.004408679,0.428397946,-0.45736001,9.647,-0.004408679,0.004129502,-0.45736001,0.428397946,0.001344966,5,
RGI60-09.00686,0.11875,0.032392969,0.309590506,0.032037428,0.03381443,0.021996339,0.03381443,1.11E-05,0.007088662,1,1,0.017163304,-0.016651126,0.487284327,-0.472743051,35.249,-0.016651126,0.017163304,-0.472743051,0.487284327,0.007088662,5,
RGI60-09.00687,0.11875,0.032392969,0.141713549,0.006031958,0.007196287,0.004590046,0.007196287,2.79E-06,0.000219388,1,1,0.004993378,-0.002202909,0.486430078,-0.214596469,10.273,-0.002202909,0.004993378,-0.214596469,0.486430078,0.000219388,5,
RGI60-09.00688,0.475,0.1448,180.896999,0.02202074,0.022326811,0.012177139,0.022326811,4.31E-06,0.340406281,1,1,0.022756847,0.000430036,0.576671743,0.010897372,14.882,0.000430036,0.022756847,0.010897372,0.576671743,0.02202074,0.475,
RGI60-09.00690,0.11875,0.032392969,0.426342038,0.041121165,0.02412079,0.016254503,0.02412079,1.16E-05,0.001323197,1,1,0.012357518,-0.011763271,0.519867689,-0.494868364,23.788,-0.011763271,0.012357518,-0.494868364,0.519867689,0.001323197,5,
RGI60-09.00691,0.11875,0.032392969,0.392696781,0.058474257,0.040732076,0.029890774,0.03189133,2.48E-05,0.01048011,1,1,0.024773745,-0.007117586,0.621815336,-0.178777328,39.841,-0.007117586,0.033614491,-0.178777328,0.844318446,0.01048011,5,
RGI60-09.00692,0.11875,0.032392969,94.36083729,0.040327504,0.047581378,0.032531474,0.047581378,1.29E-05,0.010070743,1,1,0.035862737,-0.011718641,0.59898006,-0.195724943,59.918,-0.011718641,0.035862737,-0.195724943,0.59898006,0.010070743,5,
RGI60-09.00693,0.11875,0.032392969,0.153870237,0.011502979,0.027831594,0.019575979,0.022126067,1.34E-05,0.010085304,1,1,0.018196182,-0.003929885,0.621815336,-0.134397454,29.263,-0.003929885,0.023901709,-0.134397454,0.81741035,0.010085304,5,
RGI60-09.00695,0.11875,0.032392969,165.6229649,0.103454874,0.072653485,0.037717685,0.059864322,4.49E-05,0.014920828,1,1,0.057632333,-0.002231989,0.621815336,-0.024100114,92.684,-0.002231989,0.070421495,-0.024100114,0.760382658,0.014920828,5,
RGI60-09.00696,0.11875,0.032392969,89.27295803,0.051850803,0.091093752,0.060263821,0.091093752,3.03E-05,0,1,1,0.03547582,-0.055617933,0.33508508,-0.525336401,105.958,-0.055617933,0.03547582,-0.525336401,0.33508508,0,5,
RGI60-09.00697,0.11875,0.032392969,0.391652079,0.772849023,0.602692752,0.236319712,0.602692752,0.000295804,0.128891152,1,1,0.289559877,-0.313132875,0.565963137,-0.612038056,512.015,-0.313132875,0.289559877,-0.612038056,0.565963137,0.128891152,5,
RGI60-09.00701,0.11875,0.032392969,73.73861993,0.045761094,0.062863921,0.040692649,0.062863921,3.65E-05,0.016559086,1,1,0.022973848,-0.039890073,0.356137734,-0.618370957,64.553,-0.039890073,0.022973848,-0.618370957,0.356137734,0.016559086,5,
RGI60-09.00702,0.11875,0.032392969,64.45519575,0.011642301,0.058923899,0.040768878,0.058923899,1.33E-05,0.013167375,1,1,0.008662662,-0.050261238,0.107043007,-0.621069389,24.033,-0.050261238,0.008662662,-0.621069389,0.107043007,0.013167375,5,
RGI60-09.00703,0.11875,0.032392969,60.392869,0.016599848,0.07232932,0.03668694,0.04827389,2.11E-05,0.025317507,1,1,0.031363744,-0.016910147,0.621815336,-0.33552023,50.439,-0.016910147,0.055419173,-0.33552023,1.099591523,0.025317507,5,
RGI60-09.00704,0.11875,0.032392969,60.28794711,0.008316328,0.022998223,0.014375951,0.014852826,1.00E-05,0.008411215,1,1,0.008558044,-0.006294782,0.621815336,-0.45774042,13.763,-0.006294782,0.016703441,-0.45774042,1.214631475,0.008411215,5,
RGI60-09.00705,0.11875,0.032392969,121.0954824,0.065904932,0.026567867,0.018005965,0.026567867,3.35E-05,0.013335554,1,1,0.000495071,-0.026072796,0.0156249,-0.822880945,31.71,-0.026072796,0.000495071,-0.822880945,0.0156249,0.013335554,5,
RGI60-09.00707,0.11875,0.032392969,0.173092143,0.02235082,0.036657852,0.020729743,0.034952346,1.28E-05,0.007155784,1,1,0.01250595,-0.022446396,0.621815336,-1.117010459,20.112,-0.022446396,0.014211457,-1.117010459,0.707211348,0.007155784,5,
RGI60-09.00708,0.11875,0.032392969,111.2992078,0.126433169,0.246425447,0.098514986,0.178758766,4.90E-05,0,1,1,0.126363447,-0.052395319,0.621815336,-0.258043004,203.217,-0.052395319,0.194030129,-0.258043004,0.955583793,0,5,
RGI60-09.00709,0.11875,0.032392969,0.292132009,0.066458671,0.046009704,0.025095607,0.046009704,2.72E-05,0.015180149,1,1,0.026576246,-0.019433458,0.500699512,-0.366128583,53.119,-0.019433458,0.026576246,-0.366128583,0.500699512,0.015180149,5,
RGI60-09.00710,0.11875,0.032392969,0.118512855,0.001620551,0.004315648,0.002926499,0.003551636,7.19E-07,0.000486829,1,1,0.00211355,-0.001438086,0.621815336,-0.423363431,3.399,-0.001438086,0.002877563,-0.423363431,0.847136488,0.000486829,5,
RGI60-09.00711,0.11875,0.032392969,0.085513239,0.0011879,0.003392679,0.001650201,0.003392679,4.46E-07,9.78E-05,1,1,0.00173887,-0.001653809,0.378394409,-0.359884476,4.599,-0.001653809,0.00173887,-0.359884476,0.378394409,9.78E-05,5,
RGI60-09.00712,0.11875,0.032392969,59.11406876,0.00146728,0.001804149,0.001685692,0.000916604,5.72E-07,0.00027914,1,1,0.000786596,-0.000130008,0.621815336,-0.102869666,1.265,-0.000130008,0.001674141,-0.102869666,1.324675973,0.00027914,5,
RGI60-09.00714,0.11875,0.032392969,0.211136522,0.022707522,0.014638317,0.008536569,0.014638317,4.78E-06,0.002138872,1,1,0.011300643,-0.003337674,0.502903148,-0.148533742,22.488,-0.003337674,0.011300643,-0.148533742,0.502903148,0.002138872,5,
RGI60-09.00715,0.11875,0.032392969,136.3688082,0.032060134,0.016682263,0.008918508,0.016682263,1.01E-05,0.002310684,1,1,0.00820973,-0.008472533,0.473545199,-0.488703973,17.35,-0.008472533,0.00820973,-0.488703973,0.473545199,0.002310684,5,
RGI60-09.00716,0.11875,0.032392969,0.2786658,0.023669154,0.008048263,0.004466158,0.008048263,6.79E-06,0.001024777,1,1,0.003622173,-0.00442609,0.29188738,-0.356669759,12.419,-0.00442609,0.003622173,-0.356669759,0.29188738,0.001024777,5,
RGI60-09.00717,0.11875,0.032392969,70.90305864,0.005264234,0.006774117,0.003774082,0.005855332,1.83E-06,0.001722662,1,1,0.003572329,-0.002283003,0.621815336,-0.397717581,5.745,-0.002283003,0.004491114,-0.397717581,0.782388294,0.001722662,5,
RGI60-09.00718,0.275,0.7,116.9410458,0.002110598,0.007290533,0.005297731,0.002157711,9.22E-07,0.018872668,1,1,0.001721185,-0.000436526,0.621815336,-0.157815955,2.768,-0.000436526,0.006854007,-0.157815955,2.477909043,0.002110598,0.275,
RGI60-09.00719,0.11875,0.032392969,98.14354532,0.02079189,0.016164042,0.00912613,0.016164042,8.01E-06,0.003323148,1,1,0.008021666,-0.008142376,0.620968909,-0.630313242,12.928,-0.008142376,0.008021666,-0.630313242,0.620968909,0.003323148,5,
RGI60-09.00720,0.11875,0.032392969,89.04967155,0.006616733,0.005961237,0.003429684,0.005961237,1.59E-06,2.84E-07,1,1,0.002847316,-0.003113921,0.298937546,-0.326928288,9.532,-0.003113921,0.002847316,-0.326928288,0.298937546,2.84E-07,5,
RGI60-09.00721,0.11875,0.032392969,0.059834643,0.000371991,0.001126885,0.000958881,0.000622666,3.85E-07,0.000217543,1,1,0.001155333,0.000532667,0.621815336,0.286963873,1.858,0.000532667,0.001659552,0.286963873,0.8940515,0.000217543,5,
RGI60-09.00722,0.11875,0.032392969,0.108878213,0.000727199,0.00291246,0.001676424,0.002380361,4.17E-07,0.000304432,1,1,0.002726038,0.000345678,0.621815336,0.078916861,4.384,0.000345678,0.003258138,0.078916861,0.743820393,0.000304432,5,
RGI60-09.00723,0.11875,0.032392969,0.085196903,0.003222486,0.004538932,0.002742256,0.004538932,1.84E-06,0,1,1,0.001474981,-0.003063951,0.177897314,-0.369542707,8.298,-0.003063951,0.001474981,-0.369542707,0.177897314,0,5,
RGI60-09.00724,0.2,0.11965,128.6119997,0.000674541,0.000749475,0.00073178,0.000749475,1.20E-07,0.021439462,1,1,0.000844219,9.47E-05,0.253087619,0.028403042,3.338,9.47E-05,0.000844219,0.028403042,0.253087619,0.000674541,0.2,
RGI60-09.00725,0.11875,0.032392969,0.342275299,0.036201298,0.022808394,0.013165779,0.022808394,1.64E-05,0.008788519,1,1,0.012711555,-0.010096839,0.492350501,-0.391075957,25.838,-0.010096839,0.012711555,-0.391075957,0.492350501,0.008788519,5,
RGI60-09.00726,0.11875,0.032392969,72.52864481,0.00445937,0.002481096,0.00168514,0.002481096,1.03E-06,0.000202269,1,1,0.00124445,-0.001236646,0.393783191,-0.391313738,3.163,-0.001236646,0.00124445,-0.391313738,0.393783191,0.000202269,5,
RGI60-09.00727,0.11875,0.032392969,149.3899215,0.098954482,0.025161897,0.015873814,0.025161897,3.10E-05,0.004716906,1,1,0.010599124,-0.014562773,0.580114498,-0.797054202,18.284,-0.014562773,0.010599124,-0.797054202,0.580114498,0.004716906,5,
RGI60-09.00730,0.11875,0.032392969,62.68856058,0.00348251,0.011646065,0.007119663,0.011184061,2.93E-06,0.002739033,1,1,0.01186548,0.000681419,0.621815336,0.035736676,19.082,0.000681419,0.012327484,0.035736676,0.646508615,0.002739033,5,
RGI60-09.00731,0.45,0.4,101.0705816,0.001623765,0.002492532,0.002250635,0.001647729,2.36E-07,0.025389932,1,1,0.002701788,0.001054059,0.621815336,0.242780816,4.345,0.001054059,0.003546591,0.242780816,0.816884179,0.001623765,0.45,
RGI60-09.00734,0.11875,0.032392969,0.187323702,0.081347208,0.049561145,0.031106575,0.049561145,3.99E-05,0.022356859,1,1,0.023043378,-0.026517767,0.532655246,-0.612966894,43.295,-0.026517767,0.023043378,-0.612966894,0.532655246,0.022356859,5,
RGI60-09.00735,0.11875,0.032392969,0.162073177,0.070212203,0.076553472,0.040635433,0.076553472,5.88E-05,0.054492779,1,1,0.02559242,-0.050961053,0.320562705,-0.638322329,79.899,-0.050961053,0.02559242,-0.638322329,0.320562705,0.054492779,5,
RGI60-09.00736,0.11875,0.032392969,0.296070086,0.026108005,0.037208434,0.023763429,0.036204483,1.73E-05,0.009127177,1,1,0.020957042,-0.01524744,0.621815336,-0.452762895,33.703,-0.01524744,0.021960993,-0.452762895,0.652117515,0.009127177,5,
RGI60-09.00737,0.11875,0.032392969,0.324086851,0.048281659,0.034292784,0.016333903,0.034292784,1.78E-05,0.006406172,1,1,0.006222944,-0.02806984,0.237772852,-1.072522229,26.192,-0.02806984,0.006222944,-1.072522229,0.237772852,0.006406172,5,
RGI60-09.00738,0.3,0.15,131.5747529,0.003481662,0.003318382,0.003354804,0.003318382,7.28E-07,0.078117981,1,1,0.001337136,-0.001981246,0.228535439,-0.338622895,5.855,-0.001981246,0.001337136,-0.338622895,0.228535439,0.003481662,0.3,
RGI60-09.00739,0.11875,0.032392969,50.89047162,0.001960396,0.004765754,0.003851879,0.004765754,1.70E-06,0.001180971,1,1,0.002618637,-0.002147117,0.48926195,-0.401163932,5.356,-0.002147117,0.002618637,-0.401163932,0.48926195,0.001180971,5,
RGI60-09.00743,0.11875,0.032392969,175.7950584,0.510938921,0.111309729,0.074602049,0.111309729,0.000113618,0,1,1,0.020169035,-0.091140695,0.092227048,-0.416759522,218.862,-0.091140695,0.020169035,-0.416759522,0.092227048,0,5,
RGI60-09.00744,0.11875,0.032392969,0.359282608,0.632257865,0.470068291,0.080302068,0.470068291,0.000178199,1.32E-05,1,1,0.102849419,-0.367218872,0.205195573,-0.732640861,501.615,-0.367218872,0.102849419,-0.732640861,0.205195573,1.32E-05,5,
RGI60-09.00746,0.11875,0.032392969,0.292784878,0.127664598,0.131790324,0.032360788,0.119605319,4.78E-05,0.017347156,1,1,0.077789099,-0.04181622,0.621815336,-0.334509602,125.1,-0.04181622,0.089974104,-0.334509602,0.719749453,0.017347156,5,
RGI60-09.00747,0.11875,0.032392969,0.502750342,0.446507147,0.19625224,0.074310396,0.19625224,0.000152231,0.076434791,1,1,0.04219658,-0.15405566,0.16776535,-0.612495173,251.708,-0.15405566,0.04219658,-0.612495173,0.16776535,0.076434791,5,
RGI60-09.00748,0.087625,0.0625,152.3452089,0.001455538,0.001485007,0.0023412,0.001485007,2.40E-06,0.354219096,1,1,-0.00267722,-0.004162227,-0.131413461,-0.204306207,20.388,-0.004162227,-0.00267722,-0.204306207,-0.131413461,0.001455538,0.087625,
RGI60-09.00750,0.11875,0.032392969,169.1407171,0.252913475,0.137995242,0.035086322,0.137995242,7.34E-05,0,1,1,0.048215314,-0.089779928,0.183665198,-0.341996076,262.72,-0.089779928,0.048215314,-0.341996076,0.183665198,0,5,
RGI60-09.00752,0.11875,0.032392969,47.59428328,0.005771884,0.037380433,0.024899397,0.027562751,1.14E-05,0.009280752,1,1,0.018409465,-0.009153287,0.621815336,-0.309420581,29.606,-0.009153287,0.028227147,-0.309420581,0.954199353,0.009280752,5,
RGI60-09.00755,0.11875,0.032392969,48.2459248,0.001788099,0.003071783,0.002615741,0.003071783,1.03E-06,0.00022473,1,1,0.002030939,-0.001040844,0.322129926,-0.165089557,6.31,-0.001040844,0.002030939,-0.165089557,0.322129926,0.00022473,5,
RGI60-09.00759,0.11875,0.032392969,69.75450138,0.012616272,0.024693065,0.01608222,0.021701106,1.46E-05,0.011478261,1,1,0.015428482,-0.006272623,0.621815336,-0.252999288,24.812,-0.006272623,0.018420441,-0.252999288,0.742968003,0.011478261,5,
RGI60-09.00760,0.11875,0.032392969,49.21861485,0.002722473,0.00403078,0.002480248,0.00403078,1.88E-06,0,1,1,0.001073621,-0.002957159,0.104830456,-0.288742941,10.25,-0.002957159,0.001073621,-0.288742941,0.104830456,0,5,
RGI60-09.00761,0.11875,0.032392969,0.086932269,0.000944499,0.001701195,0.001537891,0.001701195,4.96E-07,0,1,1,0.000660298,-0.001040897,0.21074818,-0.332224612,3.136,-0.001040897,0.000660298,-0.332224612,0.21074818,0,5,
RGI60-09.00762,0.2125,0.11345,112.0427199,0.002447701,0.002459037,0.001957142,0.002459037,5.39E-07,0.071401613,1,1,0.002078651,-0.000380385,0.31980524,-0.058523106,6.505,-0.000380385,0.002078651,-0.058523106,0.31980524,0.002447701,0.2125,
RGI60-09.00763,0.2,0.1097,102.4318042,0.001204868,0.001204908,0.001070654,0.001204908,1.58E-07,0.048026623,1,1,0.001567436,0.000362529,0.351037562,0.08119066,4.469,0.000362529,0.001567436,0.08119066,0.351037562,0.001204868,0.2,
RGI60-09.00764,0.11875,0.032392969,70.49563117,0.009180196,0.019001933,0.015223623,0.016291081,8.52E-06,0.005766913,1,1,0.010476967,-0.005814114,0.621815336,-0.345347812,16.849,-0.005814114,0.013187818,-0.345347812,0.783332382,0.005766913,5,
RGI60-09.00765,0.11875,0.032392969,114.5995867,0.101524244,0.065244564,0.039752452,0.065244564,5.06E-05,0.02419978,1,1,0.037408375,-0.027836189,0.500411491,-0.372364447,74.815,-0.027836189,0.037408375,-0.372364447,0.500411491,0.02419978,5,
RGI60-09.00766,0.3,0.20465,134.888613,0.005444568,0.005476948,0.004768047,0.005476948,9.67E-07,0.061846942,1,1,0.003717177,-0.001759771,0.530327351,-0.251065519,7.015,-0.001759771,0.003717177,-0.251065519,0.530327351,0.005444568,0.3,
RGI60-09.00767,0.11875,0.032392969,58.49637331,0.001858542,0.002147459,0.001687688,0.002147459,2.20E-07,0.00019346,1,1,0.000700482,-0.001446977,0.37989957,-0.7847542,1.845,-0.001446977,0.000700482,-0.7847542,0.37989957,0.00019346,5,
RGI60-09.00771,0.11875,0.032392969,0.308660744,0.124625151,0.024784701,0.016654043,0.024784701,3.95E-05,0.007363903,1,1,0.008959997,-0.015824704,0.340769783,-0.601850789,26.314,-0.015824704,0.008959997,-0.601850789,0.340769783,0.007363903,5,
RGI60-09.00772,0.11875,0.032392969,97.29959115,0.014709309,0.003411192,0.00257888,0.003411192,3.42E-06,0.000671727,1,1,6.67E-05,-0.003344496,0.010644577,-0.533781486,6.271,-0.003344496,6.67E-05,-0.533781486,0.010644577,0.000671727,5,
RGI60-09.00773,0.11875,0.032392969,93.52259799,0.006584076,0.003164247,0.002339798,0.003164247,1.35E-06,0.000171165,1,1,0.000631989,-0.002532258,0.139210829,-0.557791261,4.543,-0.002532258,0.000631989,-0.557791261,0.139210829,0.000171165,5,
RGI60-09.00774,0.11875,0.032392969,0.051000271,0.004941863,0.030232031,0.022911068,0.02097962,1.71E-05,0.018699181,1,1,0.017754071,-0.003225548,0.621815336,-0.113061441,28.552,-0.003225548,0.027006482,-0.113061441,0.946627239,0.018699181,5,
RGI60-09.00775,0.11875,0.032392969,94.55248209,0.033783538,0.013373468,0.010373996,0.013373468,1.20E-05,0.004082981,1,1,0.00726516,-0.006108307,0.482804132,-0.405925814,15.06,-0.006108307,0.00726516,-0.405925814,0.482804132,0.004082981,5,
RGI60-09.00776,0.11875,0.032392969,47.57112433,0.001571228,0.003647646,0.002904144,0.003647646,1.49E-06,0.00083075,1,1,0.002706797,-0.000940849,0.340513507,-0.118358252,7.955,-0.000940849,0.002706797,-0.118358252,0.340513507,0.00083075,5,
RGI60-09.00777,0.11875,0.032392969,0.270162992,0.055172589,0.031831616,0.021975692,0.026631032,1.73E-05,0.006764312,1,1,0.019921098,-0.006709934,0.621815336,-0.209607516,32.037,-0.006709934,0.025121682,-0.209607516,0.784760806,0.006764312,5,
RGI60-09.00778,0.11875,0.032392969,0.406129432,0.111427598,0.027683306,0.01997423,0.027683306,3.14E-05,0.002985666,1,1,0.007392391,-0.020290914,0.181360578,-0.497805341,40.793,-0.020290914,0.007392391,-0.497805341,0.181360578,0.002985666,5,
RGI60-09.00779,0.11875,0.032392969,44.36276643,0.002083724,0.009395994,0.00696878,0.005973312,3.58E-06,0.003712827,1,1,0.005112566,-0.000860746,0.621815336,-0.104775409,8.222,-0.000860746,0.008535247,-0.104775409,1.038963397,0.003712827,5,
RGI60-09.00780,0.11875,0.032392969,0.082139009,0.005199804,0.006128091,0.004652608,0.006128091,2.59E-06,0.000899148,1,1,0.003188996,-0.002939095,0.507108823,-0.467370072,6.294,-0.002939095,0.003188996,-0.467370072,0.507108823,0.000899148,5,
RGI60-09.00782,0.11875,0.032392969,50.07670182,0.001438625,0.007602626,0.004062802,0.006927271,1.17E-06,0.000630754,1,1,0.004852025,-0.002075246,0.621815336,-0.266152919,7.803,-0.002075246,0.00552738,-0.266152919,0.708893596,0.000630754,5,
RGI60-09.00783,0.11875,0.032392969,85.06381816,0.012836315,0.013635542,0.008820706,0.013635542,5.54E-06,0.002556843,1,1,0.008520253,-0.005115289,0.574567008,-0.344951728,14.841,-0.005115289,0.008520253,-0.344951728,0.574567008,0.002556843,5,
RGI60-09.00784,0.11875,0.032392969,53.04623329,0.009492172,0.021023042,0.014524145,0.014611435,1.12E-05,0.009552297,1,1,0.011111218,-0.003500217,0.621815336,-0.196043248,17.869,-0.003500217,0.017522825,-0.196043248,0.981433998,0.009552297,5,
RGI60-09.00787,0.11875,0.032392969,0.544056575,0.083363512,0.040537595,0.020251201,0.040537595,2.81E-05,0.005590117,1,1,0.00622923,-0.034308366,0.141118829,-0.777231984,44.177,-0.034308366,0.00622923,-0.777231984,0.141118829,0.005590117,5,
RGI60-09.00788,0.11875,0.032392969,92.19994284,0.004581778,0.007755973,0.004166286,0.007755973,1.47E-06,0.000631927,1,1,0.005438555,-0.002317418,0.464578772,-0.197961284,11.716,-0.002317418,0.005438555,-0.197961284,0.464578772,0.000631927,5,
RGI60-09.00789,0.11875,0.032392969,0.249414952,0.053504611,0.033739196,0.01970578,0.032692119,1.88E-05,0.008282202,1,1,0.023484722,-0.009207397,0.621815336,-0.24398189,37.768,-0.009207397,0.024531799,-0.24398189,0.65005499,0.008282202,5,
RGI60-09.00790,0.11875,0.032392969,0.301822864,0.039274343,0.007685514,0.004098472,0.007685514,8.83E-06,0.000680722,1,1,0.002395033,-0.005290482,0.300252958,-0.663240518,7.983,-0.005290482,0.002395033,-0.663240518,0.300252958,0.000680722,5,
RGI60-09.00791,0.11875,0.032392969,72.47237502,0.00261796,0.002265999,0.00144516,0.002265999,4.76E-07,0.000421146,1,1,0.000900741,-0.001365258,0.204356901,-0.309744919,4.411,-0.001365258,0.000900741,-0.309744919,0.204356901,0.000421146,5,
RGI60-09.00792,0.11875,0.032392969,177.1506464,0.154709095,0.037085925,0.019764512,0.037085925,4.39E-05,0.003419268,1,1,0.003509367,-0.033576557,0.055701843,-0.53293824,63.053,-0.033576557,0.003509367,-0.53293824,0.055701843,0.003419268,5,
RGI60-09.00793,0.2625,0.1469125,133.2826388,0.012874052,0.013025102,0.010025452,0.013025102,2.68E-06,0.456604778,1,1,0.012594971,-0.000430131,0.547065442,-0.018682817,23.04,-0.000430131,0.012594971,-0.018682817,0.547065442,0.012874052,0.2625,
RGI60-09.00795,0.11875,0.032392969,0.256961622,0.080810753,0.079886687,0.046353078,0.064840935,4.02E-05,0.035584846,1,1,0.042809499,-0.022031436,0.621815336,-0.320258471,68.846,-0.022031436,0.057855251,-0.320258471,0.841008925,0.035584846,5,
RGI60-09.00797,0.11875,0.032392969,0.298646592,0.025459484,0.017028141,0.011519074,0.017028141,6.78E-06,0.00234728,1,1,0.012843579,-0.004184563,0.423253022,-0.137899952,30.369,-0.004184563,0.012843579,-0.137899952,0.423253022,0.00234728,5,
RGI60-09.00798,0.11875,0.032392969,136.0177291,0.147396637,0.051927099,0.031149988,0.048483406,5.27E-05,0.011855339,1,1,0.025445305,-0.0230381,0.621815336,-0.563436768,40.921,-0.0230381,0.028888999,-0.563436768,0.706530656,0.011855339,5,
RGI60-09.00799,0.11875,0.032392969,0.119616861,0.002694758,0.000804655,0.000515677,0.000804655,7.90E-07,4.25E-05,1,1,0.000598911,-0.000205743,0.302336615,-0.103861427,1.983,-0.000205743,0.000598911,-0.103861427,0.302336615,4.25E-05,5,
RGI60-09.00800,0.11875,0.032392969,0.158500326,0.013010105,0.011754929,0.008059998,0.011754929,3.68E-06,0.000915155,1,1,0.005291596,-0.006463333,0.408945731,-0.499500091,12.95,-0.006463333,0.005291596,-0.499500091,0.408945731,0.000915155,5,
RGI60-09.00801,0.11875,0.032392969,145.9006698,0.15711968,0.073834696,0.040558843,0.073834696,5.08E-05,0.01149754,1,1,0.003125091,-0.070709606,0.058336681,-1.319950112,53.613,-0.070709606,0.003125091,-1.319950112,0.058336681,0.01149754,5,
RGI60-09.00802,0.11875,0.032392969,0.48605916,0.106982746,0.029714583,0.018472076,0.029714583,2.96E-05,0.002391534,1,1,0.018309365,-0.011405218,0.308681441,-0.192282972,59.362,-0.011405218,0.018309365,-0.192282972,0.308681441,0.002391534,5,
RGI60-09.00803,0.11875,0.032392969,0.313296385,0.236655694,0.056319092,0.031622455,0.056319092,7.78E-05,0.01745801,1,1,0.033354224,-0.022964869,0.613119093,-0.422141431,54.443,-0.022964869,0.033354224,-0.422141431,0.613119093,0.01745801,5,
RGI60-09.00804,0.11875,0.032392969,0.052234822,0.005958594,0.010662493,0.008107201,0.008858609,6.25E-06,0.005596297,1,1,0.007343017,-0.001515591,0.621815336,-0.128440437,11.809,-0.001515591,0.009146902,-0.128440437,0.77516416,0.005596297,5,
RGI60-09.00805,0.11875,0.032392969,45.91160966,0.001293041,0.004857469,0.003284089,0.004857469,5.54E-07,0.000457722,1,1,0.004644673,-0.000212796,0.43971794,-0.02014575,10.571,-0.000212796,0.004644673,-0.02014575,0.43971794,0.000457722,5,
RGI60-09.00807,0.11875,0.032392969,0.342597866,0.789927682,0.191404799,0.094824132,0.191404799,0.000211533,0.081034948,1,1,0.183037314,-0.008367484,0.42353348,-0.019361679,432.494,-0.008367484,0.183037314,-0.019361679,0.42353348,0.081034948,5,
RGI60-09.00808,0.11875,0.032392969,160.4081231,0.427726372,0.070220975,0.058674416,0.070220975,0.000118916,0.028388164,1,1,-0.018436851,-0.088657826,-0.175584203,-0.84433691,105.082,-0.088657826,-0.018436851,-0.84433691,-0.175584203,0.028388164,5,
RGI60-09.00809,0.11875,0.032392969,0.148379986,0.011123022,0.008018009,0.005022952,0.008018009,2.04E-06,0.00070863,1,1,0.005886381,-0.002131629,0.357043972,-0.129295955,16.5,-0.002131629,0.005886381,-0.129295955,0.357043972,0.00070863,5,
RGI60-09.00810,0.11875,0.032392969,121.9803913,0.020112463,0.009250134,0.005412889,0.009250134,5.00E-06,0.007481037,1,1,0.001931771,-0.007318363,0.149391286,-0.565957115,12.941,-0.007318363,0.001931771,-0.565957115,0.149391286,0.007481037,5,
RGI60-09.00812,0.11875,0.032392969,0.16681201,0.02890599,0.029109539,0.01672745,0.028004701,1.90E-05,0.018498126,1,1,0.017864755,-0.010139946,0.621815336,-0.353222017,28.73,-0.010139946,0.018969593,-0.353222017,0.660800145,0.018498126,5,
RGI60-09.00813,0.11875,0.032392969,0.109292008,0.006506382,0.014688809,0.009154072,0.012080372,7.78E-06,0.006237439,1,1,0.005781017,-0.006299355,0.621815336,-0.678118206,9.297,-0.006299355,0.008389453,-0.678118206,0.903114817,0.006237439,5,
RGI60-09.00814,0.4,0.1597875,130.7635469,0.008281507,0.008300969,0.005344356,0.008300969,9.49E-07,0.090710522,1,1,0.005241064,-0.003059905,0.526064121,-0.30713345,9.971,-0.003059905,0.005241064,-0.30713345,0.526064121,0.008281507,0.4,
RGI60-09.00815,0.11875,0.032392969,0.127703096,0.024308392,0.04423395,0.026245789,0.036979189,3.12E-05,0.029680669,1,1,0.026736194,-0.010242995,0.621815336,-0.238413398,42.997,-0.010242995,0.033990955,-0.238413398,0.791164987,0.029680669,5,
RGI60-09.00818,0.11875,0.032392969,0.120616393,0.035910896,0.061183198,0.038896251,0.044616776,5.12E-05,0.031219471,1,1,0.041109456,-0.003507321,0.621815336,-0.053092871,66.112,-0.003507321,0.057675877,-0.053092871,0.873081847,0.031219471,5,
RGI60-09.00820,0.11875,0.032392969,119.4233961,0.564713491,0.074202022,0.046374751,0.02718406,0.00022901,0.023089383,1,1,0.013865238,-0.013318822,0.621815336,-0.597732692,22.298,-0.013318822,0.0608832,-0.597732692,2.732364749,0.023089383,5,
RGI60-09.00822,0.325,0.17995,221.1613179,0.013450884,0.016485509,0.011577277,0.013421162,3.61E-06,0.315431055,1,1,0.011525347,-0.001895815,0.621815336,-0.102365442,18.535,-0.001895815,0.014589694,-0.102365442,0.78777755,0.013450884,0.325,
RGI60-09.00823,0.11875,0.032392969,0.220710226,0.022753016,0.011883275,0.007638631,0.011883275,8.52E-06,0.005036925,1,1,0.006954147,-0.004929128,0.579138185,-0.410495512,12.017,-0.004929128,0.006954147,-0.410495512,0.579138185,0.005036925,5,
RGI60-09.00824,0.11875,0.032392969,37.51526883,0.001616221,0.00742615,0.006261827,0.002842055,2.20E-06,0.001690485,1,1,0.002400829,-0.000441226,0.621815336,-0.11436787,3.861,-0.000441226,0.006984923,-0.11436787,1.81052416,0.001690485,5,
RGI60-09.00826,0.11875,0.032392969,0.267902321,0.019926757,0.015147807,0.010614146,0.015147807,5.01E-06,0.001668041,1,1,0.008183332,-0.006964475,0.413663498,-0.352050888,19.799,-0.006964475,0.008183332,-0.352050888,0.413663498,0.001668041,5,
RGI60-09.00827,0.11875,0.032392969,0.239826436,0.034927088,0.028392338,0.01950437,0.025400595,1.91E-05,0.016650849,1,1,0.013916849,-0.011483746,0.621815336,-0.513523366,22.381,-0.011483746,0.016908592,-0.513523366,0.756108403,0.016650849,5,
RGI60-09.00829,0.11875,0.032392969,0.201326078,0.296543195,0.109614777,0.063122645,0.109614777,0.000125942,0.100187378,1,1,0.061965314,-0.047649463,0.613220318,-0.47154798,101.13,-0.047649463,0.061965314,-0.47154798,0.613220318,0.100187378,5,
RGI60-09.00830,0.11875,0.032392969,56.86150932,0.001558996,0.008912269,0.005491091,0.006997612,1.61E-06,0.001545607,1,1,0.005248743,-0.001748868,0.621815336,-0.207348967,8.441,-0.001748868,0.0071634,-0.207348967,0.849305602,0.001545607,5,
RGI60-09.00831,0.11875,0.032392969,0.187758543,0.021608018,0.054654056,0.031296266,0.03548459,1.16E-05,0.010872552,1,1,0.019429242,-0.016055348,0.621815336,-0.514248069,31.246,-0.016055348,0.038598708,-0.514248069,1.236305293,0.010872552,5,
RGI60-09.00834,0.325,0.225,105.6280826,0.005331372,0.008056694,0.006185117,0.005089994,1.33E-06,0.07426782,1,1,0.004683513,-0.000406481,0.621815336,-0.054009005,7.532,-0.000406481,0.007650213,-0.054009005,1.016482174,0.005331372,0.325,
RGI60-09.00836,0.11875,0.032392969,0.106811436,0.003950093,0.00840307,0.004307977,0.00840307,3.08E-06,0.0017096,1,1,0.007598924,-0.000804146,0.422146079,-0.044673017,18.015,-0.000804146,0.007598924,-0.044673017,0.422146079,0.0017096,5,
RGI60-09.00837,0.11875,0.032392969,0.119421241,0.011382921,0.02154224,0.014834368,0.012015647,7.60E-06,0.008607129,1,1,0.013075533,0.001059885,0.621815336,0.050444707,21.028,0.001059885,0.022602126,0.050444707,1.075736674,0.008607129,5,
RGI60-09.00838,0.11875,0.032392969,0.151746318,0.004379972,0.013845792,0.0099713,0.006237867,2.65E-06,0.002470118,1,1,0.005467622,-0.000770245,0.621815336,-0.08766682,8.793,-0.000770245,0.013075548,-0.08766682,1.488217649,0.002470118,5,
RGI60-09.00839,0.11875,0.032392969,88.2808053,0.00645707,0.010810296,0.010186876,0.010810296,9.28E-07,0.005730572,1,1,0.000572038,-0.010238257,0.019574078,-0.350333903,29.247,-0.010238257,0.000572038,-0.350333903,0.019574078,0.005730572,5,
RGI60-09.00840,0.11875,0.032392969,0.300450121,0.076947831,0.03726886,0.024738372,0.03726886,2.37E-05,0.005756359,1,1,0.010154866,-0.027113994,0.190373529,-0.508306719,53.385,-0.027113994,0.010154866,-0.508306719,0.190373529,0.005756359,5,
RGI60-09.00841,0.11875,0.032392969,62.78101059,0.020945287,0.059808239,0.04043437,0.040300811,3.34E-05,0.039554775,1,1,0.030439104,-0.009861707,0.621815336,-0.201600754,48.952,-0.009861707,0.049946532,-0.201600754,1.021046226,0.039554775,5,
RGI60-09.00842,0.11875,0.032392969,0.366181628,0.22808516,0.105083214,0.054138054,0.105083214,7.61E-05,0.036501912,1,1,0.021652035,-0.083431179,0.212642335,-0.819368746,101.9,-0.083431179,0.021652035,-0.819368746,0.212642335,0.036501912,5,
RGI60-09.00843,0.11875,0.032392969,104.4692576,0.061688306,0.041463992,0.024617477,0.041463992,3.05E-05,0.024629304,1,1,0.026008427,-0.015455565,0.554417002,-0.329463524,46.946,-0.015455565,0.026008427,-0.329463524,0.554417002,0.024629304,5,
RGI60-09.00844,0.11875,0.032392969,0.127452976,0.027297873,0.02915926,0.024010559,0.02915926,2.42E-05,0.023098967,1,1,0.01575447,-0.01340479,0.425353781,-0.361914957,37.067,-0.01340479,0.01575447,-0.361914957,0.425353781,0.023098967,5,
RGI60-09.00846,0.11875,0.032392969,0.299313041,0.026449707,0.018415399,0.011098471,0.016950299,1.12E-05,0.004678085,1,1,0.011774073,-0.005176226,0.621815336,-0.273580639,18.935,-0.005176226,0.013239174,-0.273580639,0.699734097,0.004678085,5,
RGI60-09.00847,0.11875,0.032392969,0.20136027,0.005575762,0.009506526,0.007950202,0.009506526,3.59E-06,0.002717299,1,1,0.007771899,-0.001734627,0.523996058,-0.116951837,14.844,-0.001734627,0.007771899,-0.116951837,0.523996058,0.002717299,5,
RGI60-09.00848,0.11875,0.032392969,0.297246923,0.067431193,0.022760832,0.014733364,0.022760832,1.46E-05,0.00338898,1,1,0.00710177,-0.015659062,0.195412084,-0.430874283,36.372,-0.015659062,0.00710177,-0.430874283,0.195412084,0.00338898,5,
RGI60-09.00849,0.11875,0.032392969,101.3416357,0.162809321,0.099248084,0.062648964,0.099248084,9.85E-05,0.076437414,1,1,0.068716367,-0.030531717,0.580332001,-0.257850254,118.498,-0.030531717,0.068716367,-0.257850254,0.580332001,0.076437414,5,
RGI60-09.00850,0.11875,0.032392969,0.125271969,0.164029514,0.119940641,0.073926204,0.041433462,3.79E-05,0.023748557,1,1,0.022588064,-0.018845398,0.621815336,-0.519207654,36.326,-0.018845398,0.101095243,-0.519207654,2.785264809,0.023748557,5,
RGI60-09.00851,0.11875,0.032392969,62.29621282,0.032424004,0.038454131,0.023568518,0.031347994,3.04E-05,0.027366145,1,1,0.015110734,-0.016237259,0.621815336,-0.668709782,24.301,-0.016237259,0.022216871,-0.668709782,0.914972089,0.027366145,5,
RGI60-09.00852,0.11875,0.032392969,119.1886356,0.104885128,0.177895098,0.115570547,0.128864929,3.74E-05,0.02594053,1,1,0.05225363,-0.076611299,0.621815336,-0.912396764,84.034,-0.076611299,0.101283799,-0.912396764,1.206232129,0.02594053,5,
RGI60-09.00853,0.11875,0.032392969,0.118716861,0.007410572,0.050564125,0.032428782,0.04079072,1.75E-05,0.016359904,1,1,0.026424043,-0.014366677,0.621815336,-0.338336063,42.495,-0.014366677,0.036197448,-0.338336063,0.852451957,0.016359904,5,
RGI60-09.00854,0.11875,0.032392969,77.21404888,0.016834905,0.060840464,0.039614257,0.047997567,1.93E-05,0.0175361,1,1,0.023506485,-0.024491082,0.621815336,-0.64839235,37.803,-0.024491082,0.036349382,-0.64839235,0.962336474,0.0175361,5,
RGI60-09.00857,0.11875,0.032392969,108.1888303,0.035405626,0.035551713,0.0182552,0.035551713,1.57E-05,0.013107449,1,1,0.028598442,-0.006953271,0.58218341,-0.141548937,49.162,-0.006953271,0.028598442,-0.141548937,0.58218341,0.013107449,5,
RGI60-09.00858,0.11875,0.032392969,48.87979626,0.000974171,0.003967663,0.002308296,0.003967663,3.62E-07,0,1,1,0.00253193,-0.001435733,0.395584999,-0.22431683,6.406,-0.001435733,0.00253193,-0.22431683,0.395584999,0,5,
RGI60-09.00859,0.11875,0.032392969,0.302397258,0.009923458,0.003429435,0.002274736,0.003429435,2.60E-06,0,1,1,-0.000257057,-0.003686492,-0.051065699,-0.732339369,5.038,-0.003686492,-0.000257057,-0.732339369,-0.051065699,0,5,
RGI60-09.00860,0.11875,0.032392969,120.3709445,0.221110187,0.147328486,0.06908588,0.147328486,5.80E-05,0,1,1,0.070539116,-0.076789371,0.554324864,-0.60344189,127.349,-0.076789371,0.070539116,-0.60344189,0.554324864,0,5,
RGI60-09.00861,0.11875,0.032392969,70.51137469,0.007876304,0.011001302,0.007080912,0.010933086,2.04E-06,0.002376512,1,1,0.006789602,-0.004143485,0.621815336,-0.379768215,10.919,-0.004143485,0.006857817,-0.379768215,0.628548465,0.002376512,5,
RGI60-09.00862,0.11875,0.032392969,151.9179529,0.11687014,0.079302029,0.035347598,0.079302029,4.56E-05,0.015094779,1,1,0.027952472,-0.051349558,0.528181678,-0.970286119,52.965,-0.051349558,0.027952472,-0.970286119,0.528181678,0.015094779,5,
RGI60-09.00863,0.11875,0.032392969,0.168767581,0.019553001,0.04997884,0.03240324,0.026926087,2.18E-05,0.021530715,1,1,0.016767251,-0.010158837,0.621815336,-0.377043135,26.965,-0.010158837,0.039820003,-0.377043135,1.477911222,0.021530715,5,
RGI60-09.00864,0.11875,0.032392969,99.64574206,0.130141845,0.23317376,0.134448808,0.195401935,6.69E-05,0.064551325,1,1,0.065115258,-0.130286677,0.621815336,-1.245162157,104.718,-0.130286677,0.102887084,-1.245162157,0.983301641,0.064551325,5,
RGI60-09.00865,0.11875,0.032392969,0.144755942,0.005227871,0.020376356,0.01299046,0.007605732,5.41E-06,0.004428211,1,1,0.004755644,-0.002850088,0.621815336,-0.372934392,7.648,-0.002850088,0.017526268,-0.372934392,2.293314502,0.004428211,5,
RGI60-09.00866,0.11875,0.032392969,44.6338422,0.000933684,0.004444181,0.004461793,0.001820328,8.17E-07,0.000589092,1,1,0.001423335,-0.000396993,0.621815336,-0.173534337,2.289,-0.000396993,0.004047188,-0.173534337,1.769114589,0.000589092,5,
RGI60-09.00868,0.11875,0.032392969,0.110961782,0.008103397,0.018375769,0.013445052,0.018375769,9.22E-06,0.006038536,1,1,0.009474466,-0.008901303,0.609677281,-0.572794513,15.552,-0.008901303,0.009474466,-0.572794513,0.609677281,0.006038536,5,
RGI60-09.00870,0.11875,0.032392969,0.09364733,0.000487846,0.000718589,0.000867605,0.000543743,1.57E-07,9.45E-05,1,1,0.000575179,3.14E-05,0.621815336,0.03400325,0.925,3.14E-05,0.000750025,0.03400325,0.811269601,9.45E-05,5,
RGI60-09.00872,0.11875,0.032392969,0.12486344,0.004200928,0.004956421,0.003201323,0.004956421,1.30E-06,0.00046012,1,1,0.000708604,-0.004247817,0.164140323,-0.983960363,4.32,-0.004247817,0.000708604,-0.983960363,0.164140323,0.00046012,5,
RGI60-09.00873,0.11875,0.032392969,0.120165424,0.001125216,0.002367833,0.002206218,0.001371759,3.51E-07,0.000265553,1,1,0.000955108,-0.000416651,0.621815336,-0.271488434,1.536,-0.000416651,0.001951182,-0.271488434,1.271384329,0.000265553,5,
RGI60-09.00874,0.11875,0.032392969,61.12191571,0.012275599,0.05867939,0.043830402,0.039857175,2.58E-05,0.02738821,1,1,0.025675377,-0.014181798,0.621815336,-0.343710448,41.291,-0.014181798,0.044497591,-0.343710448,1.078444842,0.02738821,5,
RGI60-09.00875,0.11875,0.032392969,0.199424719,0.005398782,0.006385805,0.004737113,0.006385805,8.96E-07,0,1,1,0.003557394,-0.002828411,0.41685796,-0.331435264,8.54,-0.002828411,0.003557394,-0.331435264,0.41685796,0,5,
RGI60-09.00876,0.11875,0.032392969,61.42699877,0.00191706,0.004282097,0.002832602,0.004282097,7.59E-07,9.33E-05,1,1,0.001053004,-0.003229093,0.153649777,-0.47117518,6.859,-0.003229093,0.001053004,-0.47117518,0.153649777,9.33E-05,5,
RGI60-09.00877,0.11875,0.032392969,50.93157623,0.00418023,0.020759182,0.017127115,0.013552098,8.74E-06,0.008934799,1,1,0.008886363,-0.004665735,0.621815336,-0.32674076,14.291,-0.004665735,0.016093447,-0.32674076,1.127021801,0.008934799,5,
RGI60-09.00878,0.11875,0.032392969,49.61072226,0.000558914,0.001256797,0.00121119,0.001256797,7.16E-08,0.000198491,1,1,0.000868609,-0.000388189,0.453652228,-0.202741066,1.916,-0.000388189,0.000868609,-0.202741066,0.453652228,0.000198491,5,
RGI60-09.00879,0.11875,0.032392969,0.095976021,0.001076689,0.003065119,0.002349443,0.003065119,6.97E-07,0.000378895,1,1,0.000293001,-0.002772118,0.069348566,-0.656114813,4.228,-0.002772118,0.000293001,-0.656114813,0.069348566,0.000378895,5,
RGI60-09.00880,0.11875,0.032392969,0.19235226,0.002398258,0.002319825,0.001736908,0.002319825,4.89E-07,0.000234431,1,1,0.001497552,-0.000822273,0.5928816,-0.325538549,2.528,-0.000822273,0.001497552,-0.325538549,0.5928816,0.000234431,5,
RGI60-09.00882,0.11875,0.032392969,0.472851235,0.111993008,0.029644974,0.014679858,0.029644974,3.18E-05,0.005385985,1,1,0.015405488,-0.014239486,0.272078273,-0.251485379,56.667,-0.014239486,0.015405488,-0.251485379,0.272078273,0.005385985,5,
RGI60-09.00883,0.11875,0.032392969,157.2436692,0.051800626,0.013977564,0.009790635,0.013977564,1.49E-05,0.001655639,1,1,0.004361886,-0.009615678,0.278152401,-0.613180583,15.694,-0.009615678,0.004361886,-0.613180583,0.278152401,0.001655639,5,
RGI60-09.00884,0.11875,0.032392969,130.791525,0.163639432,0.105072897,0.059088033,0.080581814,4.80E-05,0.043228449,1,1,0.06454381,-0.016038003,0.621815336,-0.154633724,103.799,-0.016038003,0.089034894,-0.154633724,0.858448324,0.043228449,5,
RGI60-09.00885,0.11875,0.032392969,0.359570605,0.134380662,0.119042476,0.056743324,0.119042476,4.74E-05,0.014074508,1,1,-0.0073509,-0.126393376,-0.055689281,-0.957536677,132.104,-0.126393376,-0.0073509,-0.957536677,-0.055689281,0.014074508,5,
RGI60-09.00886,0.11875,0.032392969,83.98726824,0.052098951,0.086539306,0.051283952,0.07109935,5.41E-05,0.04269714,1,1,0.044314292,-0.026785059,0.621815336,-0.376150343,71.266,-0.026785059,0.059754248,-0.376150343,0.839146222,0.04269714,5,
RGI60-09.00887,0.11875,0.032392969,0.105084833,0.021988899,0.113837167,0.070161492,0.097311884,3.90E-05,0,1,1,0.071502546,-0.025809338,0.621815336,-0.224626661,114.99,-0.025809338,0.088027828,-0.224626661,0.76613344,0,5,
RGI60-09.00889,0.11875,0.032392969,77.28476201,0.005947445,0.010569492,0.006420022,0.010569492,2.19E-06,0.00102056,1,1,0.007797204,-0.002772288,0.572634476,-0.203599625,13.627,-0.002772288,0.007797204,-0.203599625,0.572634476,0.00102056,5,
RGI60-09.00890,0.11875,0.032392969,39.58880669,0.000639959,0.003993355,0.003343651,0.002977008,1.03E-06,0.00108639,1,1,0.001912704,-0.001064304,0.621815336,-0.346269417,3.076,-0.001064304,0.002929051,-0.346269417,0.952961806,0.00108639,5,
RGI60-09.00891,0.11875,0.032392969,31.90892423,0.000177135,0.000547608,0.000603963,0.000547608,1.27E-08,0,1,1,0.000347329,-0.00020028,0.416331887,-0.240068887,0.835,-0.00020028,0.000347329,-0.240068887,0.416331887,0,5,
RGI60-09.00895,0.11875,0.032392969,0.231330274,0.212156981,0.162127918,0.07863759,0.152913402,6.63E-05,0.067231713,1,1,0.115949284,-0.036964118,0.621815336,-0.198390874,186.469,-0.036964118,0.125163799,-0.198390874,0.671769182,0.067231713,5,
RGI60-09.00896,0.11875,0.032392969,90.13136438,0.038643082,0.022195194,0.012776422,0.022195194,2.46E-05,0.017036812,1,1,-0.006672218,-0.028867412,-0.165961786,-0.71803519,40.233,-0.028867412,-0.006672218,-0.71803519,-0.165961786,0.017036812,5,
RGI60-09.00897,0.11875,0.032392969,164.9883063,0.152401909,0.018891429,0.010653292,0.018891429,4.14E-05,0,1,1,-0.004103373,-0.022994802,-0.06625604,-0.371290739,61.981,-0.022994802,-0.004103373,-0.371290739,-0.06625604,0,5,
RGI60-09.00898,0.11875,0.032392969,0.42198747,0.226777659,0.075182658,0.044005744,0.075182658,7.20E-05,0.017286145,1,1,0.032897559,-0.042285099,0.374630409,-0.481533725,87.884,-0.042285099,0.032897559,-0.481533725,0.374630409,0.017286145,5,
RGI60-09.00900,0.35,0.2396,119.281002,0.009054837,0.011353002,0.009033857,0.009202063,2.12E-06,0.223956501,1,1,0.008960359,-0.000241704,0.621815336,-0.016787455,14.41,-0.000241704,0.011111299,-0.016787455,0.771732145,0.009054837,0.35,
RGI60-09.00901,0.11875,0.032392969,0.155116544,0.018398533,0.019582001,0.019233632,0.019582001,1.12E-05,0.01191856,1,1,0.014758406,-0.004823594,0.47244311,-0.154411929,31.264,-0.004823594,0.014758406,-0.154411929,0.47244311,0.01191856,5,
RGI60-09.00904,0.11875,0.032392969,142.8060052,0.105325231,0.111932279,0.042980246,0.086197326,3.50E-05,0.017345415,1,1,0.048195041,-0.038002285,0.621815336,-0.49070542,77.507,-0.038002285,0.073929994,-0.49070542,0.954622834,0.017345415,5,
RGI60-09.00907,0.11875,0.032392969,0.156071511,0.046454385,0.026932445,0.015668625,0.01764967,2.11E-05,0.00702644,1,1,0.009335314,-0.008314356,0.621815336,-0.554244401,15.013,-0.008314356,0.018618089,-0.554244401,1.241102978,0.00702644,5,
RGI60-09.00908,0.11875,0.032392969,0.176559776,0.090291412,0.101914311,0.050731711,0.101914311,4.08E-05,0.053292611,1,1,0.050415144,-0.051499167,0.581195459,-0.593692294,86.809,-0.051499167,0.050415144,-0.593692294,0.581195459,0.053292611,5,
RGI60-09.00909,0.11875,0.032392969,0.264554481,1.503952264,0.282732014,0.133484454,0.282732014,0.00043953,0,1,1,0.187030844,-0.09570117,0.586998433,-0.300359209,318.871,-0.09570117,0.187030844,-0.300359209,0.586998433,0,5,
RGI60-09.00910,0.11875,0.032392969,0.21243578,0.115635537,0.125882443,0.038552697,0.100718186,2.55E-05,0.012332894,1,1,0.097394936,-0.003323249,0.621815336,-0.021232077,156.63,-0.003323249,0.122559193,-0.021232077,0.783024632,0.012332894,5,
RGI60-09.00911,0.11875,0.032392969,0.352494664,0.764246728,0.091615166,0.023716198,0.091615166,0.00019422,0,1,1,0.185716266,0.0941011,0.262808795,0.133163332,707.191,0.0941011,0.185716266,0.133163332,0.262808795,0,5,
RGI60-09.00912,0.11875,0.032392969,114.4746364,0.116780866,0.102896877,0.065375888,0.102896877,9.59E-05,0.039871423,1,1,0.084303897,-0.01859298,0.416664827,-0.091894222,202.467,-0.01859298,0.084303897,-0.091894222,0.416664827,0.039871423,5,
RGI60-09.00914,0.11875,0.032392969,72.4396073,0.015582621,0.034020386,0.020304678,0.024757225,1.01E-05,0.00755769,1,1,0.029278797,0.004521572,0.621815336,0.096095309,47.086,0.004521572,0.038541958,0.096095309,0.819118101,0.00755769,5,
RGI60-09.00915,0.11875,0.032392969,0.447937613,0.171257037,0.265809249,0.015114042,0.265809249,5.20E-05,0,1,1,-0.000538065,-0.266347314,-0.001953852,-0.967175817,275.584,-0.266347314,-0.000538065,-0.967175817,-0.001953852,0,5,
RGI60-09.00916,0.11875,0.032392969,96.56986337,0.028402883,0.023948034,0.015149654,0.022831978,9.90E-06,0.009926648,1,1,0.024508851,0.001676874,0.621815336,0.042575767,39.415,0.001676874,0.025624908,0.042575767,0.650615604,0.009926648,5,
RGI60-09.00917,0.11875,0.032392969,212.9049692,0.242201591,0.253071055,0.041683216,0.253071055,9.10E-05,0.036032461,1,1,0.173520425,-0.07955063,0.420504839,-0.192780907,412.902,-0.07955063,0.173520425,-0.192780907,0.420504839,0.036032461,5,
RGI60-09.00919,0.11875,0.032392969,0.367992811,0.479731062,0.457281752,0.049980653,0.457281752,0.000136971,0,1,1,0.033138642,-0.42414311,0.069786179,-0.893196742,475.154,-0.42414311,0.033138642,-0.893196742,0.069786179,0,5,
RGI60-09.00920,0.11875,0.032392969,193.1100585,0.382039941,0.827036467,0.050640361,0.827036467,0.000104091,0.073134606,1,1,0.248859806,-0.578176661,0.300275586,-0.697631081,829.413,-0.578176661,0.248859806,-0.697631081,0.300275586,0.073134606,5,
RGI60-09.00927,0.125,0.04045,345.9635762,0.065153975,0.067083845,0.035498031,0.067083845,1.18E-05,15.49657173,1,1,-0.028572937,-0.095656782,-0.089666371,-0.300186033,318.883,-0.095656782,-0.028572937,-0.300186033,-0.089666371,0.065153975,0.125,
RGI60-09.00946,0.2,0.06735,186.1905585,0.011581497,0.011752158,0.005521721,0.011752158,5.80E-06,3.105142956,1,1,0.009703003,-0.002049155,0.088250448,-0.018637408,110.032,-0.002049155,0.009703003,-0.018637408,0.088250448,0.011581497,0.2,
RGI60-09.00962,0.1,0.075,114.7796951,0.000718844,0.000690895,0.001113901,0.000690895,6.85E-07,0.000695098,1,1,0.000306292,-0.000384604,0.077739115,-0.097615237,3.943,-0.000384604,0.000306292,-0.097615237,0.077739115,0.000718844,0.1,
RGI60-09.00967,0.11875,0.032392969,69.84539846,0.004148628,0.007724338,0.003479828,0.007724338,1.10E-06,0.000527406,1,1,0.002609602,-0.005114736,0.320038004,-0.627264076,8.161,-0.005114736,0.002609602,-0.627264076,0.320038004,0.000527406,5,
RGI60-09.00968,0.25,0.09975,169.6110375,0.008526512,0.008270941,0.005380183,0.008270941,2.32E-06,0.658197981,1,1,0.005137698,-0.003133243,0.100260913,-0.061144463,51.284,-0.003133243,0.005137698,-0.061144463,0.100260913,0.008526512,0.25,
RGI60-09.00969,0.11875,0.032392969,203.5077352,1.233268419,0.63175032,0.146432732,0.63175032,0.000363094,0.045184793,1,1,0.630786644,-0.000963676,0.611224025,-0.00093379,1032.805,-0.000963676,0.630786644,-0.00093379,0.611224025,0.045184793,5,
RGI60-09.00971,0.1875,0.0374,440.2891041,0.183870044,0.268531211,0.0602137,0.187807718,5.23E-06,0.585978117,1,1,0.220525565,0.032717848,0.621815336,0.092330224,354.648,0.032717848,0.301249059,0.092330224,0.850129051,0.183870044,0.1875,
RGI60-09.00972,0.125,0.04355,175.589787,0.039107604,0.037332209,0.02137332,0.037332209,5.31E-05,0.053288727,1,1,0.001632222,-0.035699988,0.009551827,-0.208917763,171.01,-0.035699988,0.001632222,-0.208917763,0.009551827,0.039107604,0.125,
RGI60-09.00975,0.11875,0.032392969,174.7094507,0.064606473,0.056791441,0.0138174,0.037642856,1.76E-05,0.003632442,1,1,0.033855358,-0.003787498,0.621815336,-0.069619775,54.446,-0.003787498,0.053003942,-0.069619775,0.974290226,0.003632442,5,
RGI60-09.00983,0.225,0.0739,141.5354274,0.005868404,0.00617147,0.003271419,0.00617147,6.94E-07,0.336623665,1,1,0.004628346,-0.001543124,0.292120393,-0.097395049,15.856,-0.001543124,0.004628346,-0.097395049,0.292120393,0.005868404,0.225,
RGI60-09.00986,0.11875,0.032392969,0.456553661,0.871481367,0.111444773,0.052213439,0.111444773,0.00021529,0.067117484,1,1,0.143905217,0.032460443,0.580112749,0.130854999,248.263,0.032460443,0.143905217,0.130854999,0.580112749,0.067117484,5,
RGI60-09.00987,0.11875,0.032392969,0.178158537,0.209029728,0.192915332,0.080684003,0.096103397,6.31E-05,0.068687126,1,1,0.113002501,0.016899104,0.621815336,0.093047534,181.73,0.016899104,0.209814436,0.093047534,1.155251569,0.068687126,5,
RGI60-09.00990,0.11875,0.032392969,0.076130052,0.119555315,0.060618425,0.039792863,0.060618425,7.06E-05,0,1,1,0.023488841,-0.037129584,0.193640951,-0.306094616,121.393,-0.037129584,0.023488841,-0.306094616,0.193640951,0,5,
RGI60-09.00991,0.11875,0.032392969,108.3943541,0.125431172,0.103788091,0.052131367,0.103788091,4.80E-05,0.009528949,1,1,0.053631992,-0.0501561,0.509141613,-0.476144122,105.42,-0.0501561,0.053631992,-0.476144122,0.509141613,0.009528949,5,
RGI60-09.00992,0.02265625,0.021875,348.4811209,0.005131628,0.005072697,0.010068382,0.005072697,2.28E-05,0.065230863,1,1,-0.005937645,-0.011010343,-0.15601937,-0.289311102,38.088,-0.011010343,-0.005937645,-0.289311102,-0.15601937,0.005131628,0.02265625,
RGI60-09.00997,0.11875,0.032392969,204.6607881,0.229927566,0.111264077,0.029486907,0.111264077,6.24E-05,5.35E-05,1,1,0.080025568,-0.031238509,0.363598159,-0.141932944,220.259,-0.031238509,0.080025568,-0.141932944,0.363598159,5.35E-05,5,
RGI60-09.01006,0.11875,0.032392969,0.181212164,0.003971939,0.004040937,0.0032636,0.004040937,6.82E-07,0.000395188,1,1,0.001100266,-0.00294067,0.167137545,-0.446706709,6.588,-0.00294067,0.001100266,-0.446706709,0.167137545,0.000395188,5,
RGI60-09.01011,0.11875,0.032392969,0.066889497,0.003584907,0.015213833,0.011895296,0.007375178,4.73E-06,0.004789923,1,1,0.004349598,-0.00302558,0.621815336,-0.432871766,6.995,-0.00302558,0.012188254,-0.432871766,1.74378184,0.004789923,5,
RGI60-09.01014,0.11875,0.032392969,79.7011717,0.024694785,0.034725652,0.026031406,0.034725652,1.63E-05,0.018140286,1,1,0.007832221,-0.026893431,0.217435112,-0.746605074,36.051,-0.026893431,0.007832221,-0.746605074,0.217435112,0.018140286,5,
RGI60-09.01017,0.4,0.125,196.7399547,0.025881417,0.048640835,0.031245618,0.02622677,1.68E-05,0.790890204,1,1,0.02325465,-0.00297212,0.621815336,-0.079536751,37.398,-0.00297212,0.045668715,-0.079536751,1.222138026,0.025881417,0.4,
RGI60-09.01022,0.11875,0.032392969,189.1427871,0.251676476,0.093331426,0.035476585,0.093331426,7.40E-05,0.013070029,1,1,0.051484983,-0.041846443,0.508466182,-0.413275872,101.339,-0.041846443,0.051484983,-0.413275872,0.508466182,0.013070029,5,
RGI60-09.01025,0.11875,0.032392969,38.52097984,0.001212298,0.012671151,0.009611165,0.003057698,2.22E-06,0.001914199,1,1,0.001882857,-0.001174842,0.621815336,-0.388284868,3.028,-0.001174842,0.011496309,-0.388284868,3.799527764,0.001914199,5,
RGI60-09.01027,0.275,0.1322,245.0191062,0.009413404,0.010478309,0.007041076,0.009009824,1.29E-06,0.211478477,1,1,0.006948786,-0.002061038,0.621815336,-0.184580644,11.175,-0.002061038,0.008417271,-0.184580644,0.753826697,0.009413404,0.275,
RGI60-09.01029,0.11875,0.032392969,161.779943,0.046245661,0.015720351,0.010821285,0.015720351,1.28E-05,0.001385658,1,1,0.004003849,-0.011716503,0.213717236,-0.625402887,18.749,-0.011716503,0.004003849,-0.625402887,0.213717236,0.001385658,5,
RGI60-09.01031,0.11875,0.032392969,99.52821833,0.009587322,0.006324206,0.003761673,0.006324206,2.11E-06,0,1,1,0.002172061,-0.004152145,0.172241353,-0.329259216,12.621,-0.004152145,0.002172061,-0.329259216,0.172241353,0,5,
RGI60-09.01033,0.11875,0.032392969,108.7114644,0.01221609,0.003577034,0.002238891,0.003577034,2.58E-06,0.002602485,1,1,0.001229703,-0.002347331,0.157278897,-0.300223263,7.825,-0.002347331,0.001229703,-0.300223263,0.157278897,0.002602485,5,
RGI60-09.01034,0.11875,0.032392969,72.80073875,0.003084103,0.00591427,0.005683967,0.00591427,4.04E-07,0,1,1,0.004580575,-0.001333695,0.45598045,-0.132764786,10.053,-0.001333695,0.004580575,-0.132764786,0.45598045,0,5,
RGI60-09.01035,0.11875,0.032392969,0.082074655,0.002101075,0.003882687,0.002967764,0.003882687,4.12E-07,0.000509854,1,1,0.002276339,-0.001606349,0.427813645,-0.301896153,5.325,-0.001606349,0.002276339,-0.301896153,0.427813645,0.000509854,5,
RGI60-09.01040,0.11875,0.032392969,38.99726485,0.000656289,0.001407456,0.001526026,0.001407456,4.85E-07,0.00021259,1,1,0.001430124,2.27E-05,0.581249389,0.009212929,2.462,2.27E-05,0.001430124,0.009212929,0.581249389,0.00021259,5,
RGI60-09.01041,0.11875,0.032392969,0.085928489,0.001632914,0.004372884,0.002785526,0.004372884,8.34E-07,0.000607338,1,1,0.001876968,-0.002495917,0.299270636,-0.397958196,6.277,-0.002495917,0.001876968,-0.397958196,0.299270636,0.000607338,5,
RGI60-09.01042,0.2875,0.1269625,127.512508,0.003577645,0.003695338,0.00249122,0.003695338,4.11E-07,0.090848127,1,1,0.00098989,-0.002705447,0.135400464,-0.370060059,7.316,-0.002705447,0.00098989,-0.370060059,0.135400464,0.003577645,0.2875,
RGI60-09.01044,0.11875,0.032392969,158.1756259,0.030931589,0.005145677,0.00408854,0.005145677,1.00E-05,0.001086871,1,1,0.000737776,-0.004407901,0.053273484,-0.318286404,13.86,-0.004407901,0.000737776,-0.318286404,0.053273484,0.001086871,5,
RGI60-09.01045,0.11875,0.032392969,0.168751899,0.01594701,0.023116257,0.015738419,0.019679445,9.14E-06,0.008124677,1,1,0.015916607,-0.003762838,0.621815336,-0.147123394,25.597,-0.003762838,0.019353419,-0.147123394,0.756700237,0.008124677,5,
RGI60-09.01046,0.11875,0.032392969,0.502110533,0.066592412,0.023638374,0.016745398,0.023638374,1.42E-05,0.002174146,1,1,0.000116763,-0.023521612,0.007665294,-1.544158403,15.244,-0.023521612,0.000116763,-1.544158403,0.007665294,0.002174146,5,
RGI60-09.01047,0.11875,0.032392969,117.4394204,0.192198418,0.116053069,0.064111682,0.11097208,8.09E-05,0.045147211,1,1,0.058169581,-0.052802499,0.621815336,-0.564895587,93.548,-0.052802499,0.06325057,-0.564895587,0.676671903,0.045147211,5,
RGI60-09.01050,0.11875,0.032392969,126.7206281,0.058545277,0.040491448,0.024015827,0.038439426,2.03E-05,0.009974787,1,1,0.024125813,-0.014313613,0.621815336,-0.369205969,38.799,-0.014313613,0.026177835,-0.369205969,0.675232225,0.009974787,5,
RGI60-09.01053,0.275,0.131,120.8493664,0.001110883,0.00115071,0.000815682,0.00115071,8.05E-08,0.014844214,1,1,0.000620695,-0.000530015,0.290437477,-0.248006339,2.139,-0.000530015,0.000620695,-0.248006339,0.290437477,0.001110883,0.275,
RGI60-09.01056,0.11875,0.032392969,42.04386,0.000781483,0.003790503,0.002632322,0.002492419,9.89E-07,0.000700168,1,1,0.00218195,-0.000310469,0.621815336,-0.088552477,3.509,-0.000310469,0.003480034,-0.088552477,0.992581963,0.000700168,5,
RGI60-09.01058,0.11875,0.032392969,89.7397353,0.020342893,0.02293506,0.015054932,0.02293506,9.65E-06,0.002335599,1,1,0.010394001,-0.012541059,0.285718806,-0.344738894,36.407,-0.012541059,0.010394001,-0.344738894,0.285718806,0.002335599,5,
RGI60-09.01061,0.11875,0.032392969,0.294183445,0.191419642,0.062948767,0.042142982,0.044399873,7.55E-05,0.020344896,1,1,0.030279298,-0.014120575,0.621815336,-0.290219714,48.695,-0.014120575,0.048828192,-0.290219714,1.003564202,0.020344896,5,
RGI60-09.01062,0.0566875,0.0375,270.0354314,0.022420922,0.039522779,0.03033097,0.022914621,2.76E-05,0.026099899,1,1,0.020131272,-0.002783349,0.621815336,-0.086043586,32.375,-0.002783349,0.036739429,-0.086043586,1.135751239,0.022420922,0.0566875,
RGI60-09.01065,0.11875,0.032392969,63.93513218,0.010055437,0.305655392,0.144181747,0.133515132,1.23E-05,0.014678942,1,1,0.02289835,-0.110616783,0.621815336,-0.425163189,36.825,-0.110616783,0.195038609,-0.425163189,0.749644268,0.014678942,5,
RGI60-09.01067,0.11875,0.032392969,0.271924515,0.125318006,0.06624121,0.04732543,0.06624121,3.75E-05,0.038930168,1,1,0.0306441,-0.03559711,0.380179207,-0.441627616,80.673,-0.03559711,0.0306441,-0.441627616,0.380179207,0.038930168,5,
RGI60-09.01068,0.11875,0.032392969,0.11609098,0.046547233,0.082892983,0.036734095,0.056738749,3.97E-05,0.027270271,1,1,0.047523481,-0.009215268,0.621815336,-0.120674458,76.427,-0.009215268,0.073677714,-0.120674458,0.964813839,0.027270271,5,
RGI60-09.01069,0.11875,0.032392969,0.152343242,0.030312875,0.006579478,0.003387224,0.006579478,8.12E-06,0.002356494,1,1,0.002131362,-0.004448116,0.34961915,-0.729649208,6.101,-0.004448116,0.002131362,-0.729649208,0.34961915,0.002356494,5,
RGI60-09.00062,0.11875,0.032392969,612.771071,0.115742314,,0,0,0,0,1,1,-0.081952317,-0.197694631,-0.354606146,-0.855420978,231.108,0,-0.085560637,-0.370219279,-0.370219279,0,0,0
RGI60-09.00064,0.11875,0.032392969,354.9143952,0.029928307,,0,0,0,0,1,1,-0.031052841,-0.060981148,-0.132850358,-0.260889731,233.743,0,-0.032500096,-0.139042007,-0.139042007,0,0,0
RGI60-09.00494,0.11875,0.032392969,255.00019,0.006089229,,0,0,0,0,1,1,0.013161991,0.007072763,0.233837146,0.125655349,56.287,0,0.01200692,0.213316038,0.213316038,0,0,0
RGI60-09.00501,0.11875,0.032392969,764.6653708,0.139772146,,0,0,0,0,1,1,-0.002236132,-0.142008279,-0.007240916,-0.459843075,308.819,0,-0.004417493,-0.014304473,-0.014304473,0,0,0
RGI60-09.00504,0.11875,0.032392969,93.166021,0.000267025,,0,0,0,0,1,1,-0.000177474,-0.0004445,-0.022016401,-0.055141997,8.061,0,-0.000230668,-0.028615344,-0.028615344,0,0,0
RGI60-09.00587,0.11875,0.032392969,126.8302273,0.002062568,,0,0,0,0,1,1,-0.000442539,-0.002505107,-0.040179671,-0.227447531,11.014,0,-0.001061309,-0.096360029,-0.096360029,0,0,0
RGI60-09.00604,0.11875,0.032392969,223.6254222,0.001896962,,0,0,0,0,1,1,-0.00039974,-0.002296702,-0.147723597,-0.848744188,2.706,0,-0.000676739,-0.2500884,-0.2500884,0,0,0
RGI60-09.00617,0.11875,0.032392969,78.07316136,9.23E-05,,0,0,0,0,1,1,-4.88E-05,-0.000141086,-0.030191008,-0.087305396,1.616,0,-7.65E-05,-0.047325325,-0.047325325,0,0,0
RGI60-09.00633,0.11875,0.032392969,122.8723908,0.000897316,,0,0,0,0,1,1,-0.000371199,-0.001268515,-0.088718669,-0.3031823,4.184,0,-0.000640394,-0.153057758,-0.153057758,0,0,0
RGI60-09.00635,0.0304375,0.032392969,310.7318952,0.011862053,,0,0,3.19E-05,0,1,0,0.002350589,-0.009511464,0.288628371,-1.167910558,8.144,0,0.000289836,0.035588851,0.035588851,0,0,0
RGI60-09.00689,0.11875,0.032392969,115.8204484,0.002976459,,0,0,0,0,1,1,0.003077254,0.000100795,0.12503571,0.00409553,24.611,0,0.002184316,0.088753656,0.088753656,0,0,0
RGI60-09.00706,0.11875,0.032392969,222.7285728,0.003615809,,0,0,0,0,1,1,-0.00381532,-0.007431129,-0.721505234,-1.405281605,5.288,0,-0.00473336,-0.895113523,-0.895113523,0,0,0
RGI60-09.00728,0.11875,0.032392969,37.81574095,0,,0,0,0,0,1,1,0.000337941,0.000337941,0.127188903,0.127188903,2.657,0,0.000337941,0.127188903,0.127188903,0,0,0
RGI60-09.00729,0.11875,0.032392969,104.8469503,0.000585381,,0,0,0,0,1,1,3.94E-05,-0.000546,0.005348432,-0.074154593,7.363,0,-0.000136234,-0.018502475,-0.018502475,0,0,0
RGI60-09.00732,0.11875,0.032392969,91.01821489,0.000221274,,0,0,0,0,1,1,-0.000315834,-0.000537108,-0.173726248,-0.29543895,1.818,0,-0.000382216,-0.210240059,-0.210240059,0,0,0
RGI60-09.00745,0.11875,0.032392969,196.612219,0.010835353,,0,0,0,0,1,1,0.000963943,-0.00987141,0.020023317,-0.205052039,48.141,0,9.01E-05,0.00187195,0.00187195,0,0,0
RGI60-09.00754,0.11875,0.032392969,42.33342843,4.73E-06,,0,0,0,0,1,1,-0.001325162,-0.001329897,-0.090739671,-0.091063881,14.604,0,-0.001326583,-0.090836934,-0.090836934,0,0,0
RGI60-09.00757,0.11875,0.032392969,136.8327121,0.000264805,,0,0,0,0,1,1,0.000541366,0.000276561,0.260522472,0.133089753,2.078,0,0.000461924,0.222292657,0.222292657,0,0,0
RGI60-09.00785,0.11875,0.032392969,56.89152164,2.05E-05,,0,0,0,0,1,1,-7.34E-06,-2.78E-05,-0.007667716,-0.02909798,0.957,0,-1.35E-05,-0.014096795,-0.014096795,0,0,0
RGI60-09.00794,0.11875,0.032392969,57.14147739,2.43E-05,,0,0,0,0,1,1,-0.000101599,-0.00012588,-0.063065821,-0.078137624,1.611,0,-0.000108883,-0.067587362,-0.067587362,0,0,0
RGI60-09.00811,0.11875,0.032392969,233.1434921,0.006732651,,0,0,0,0,1,1,0.000495556,-0.006237096,0.092488901,-1.164071609,5.358,0,-0.00044763,-0.08354431,-0.08354431,0,0,0
RGI60-09.00816,0.0481,0.032392969,547.145454,0.187624065,,0,0,0.000309294,0.075518087,1,0,0.003700179,-0.183923885,0.218738442,-10.87277639,16.916,0,-0.00299174,-0.176858601,-0.176858601,0,0,0
RGI60-09.00821,0.059875,0.032392969,179.0486096,0.004827114,,0,0,1.14E-06,0.011336367,1,0,0.000681823,-0.004145291,0.273824488,-1.664775517,2.49,0,-0.000766311,-0.307755514,-0.307755514,0,0,0
RGI60-09.00832,0.11875,0.032392969,276.3753065,0.01819197,,0,0,0,0,1,1,0.000500797,-0.017691172,0.032627359,-1.152594467,15.349,0,-0.000936505,-0.061014095,-0.061014095,0,0,0
RGI60-09.00833,0.11875,0.032392969,374.2966822,0.001875737,,0,0,0,0,1,0,0.000197897,-0.001677839,0.094326676,-0.799732823,2.098,0,5.60E-06,0.002669252,0.002669252,0,0,0
RGI60-09.00855,0.11875,0.032392969,92.84869157,0.003325521,,0,0,0,0,1,0,0.00059944,-0.002726081,0.261421917,-1.188870697,2.293,0,-0.000398216,-0.173665867,-0.173665867,0,0,0
RGI60-09.00856,0.11875,0.032392969,243.2180885,0.061638714,,0,0,0,0,1,1,-0.024231695,-0.085870409,-0.297898931,-1.055671226,81.342,0,-0.02858283,-0.351390792,-0.351390792,0,0,0
RGI60-09.00892,0.0893125,0.032392969,303.7119325,0.00397262,,0,0,8.00E-07,0.01616616,1,0,0.000838448,-0.003134172,0.289819617,-1.083363818,2.893,0,-0.000353338,-0.122135414,-0.122135414,0,0,0
RGI60-09.00902,0.11875,0.032392969,158.6575775,0.028895316,,0,0,0,0,1,1,-0.002761999,-0.031657315,-0.073543482,-0.842936278,37.556,0,-0.008002798,-0.21308973,-0.21308973,0,0,0
RGI60-09.00935,0.11875,0.032392969,799.4339063,0.092681021,,0,0,0,0,1,1,-0.157195555,-0.249876576,-0.478738054,-0.760997509,328.354,0,-0.160112922,-0.487622876,-0.487622876,0,0,0
RGI60-09.01000,0.11875,0.032392969,123.7057207,0.003392099,,0,0,0,0,1,1,0.001250787,-0.002141312,0.25126304,-0.430155049,4.978,0,0.000233158,0.046837613,0.046837613,0,0,0
RGI60-09.01015,0.11875,0.032392969,257.6666158,0.024088728,,0,0,0,0,1,1,-0.029246243,-0.053334971,-0.513560494,-0.936555655,56.948,0,-0.03173142,-0.55719991,-0.55719991,0,0,0
RGI60-09.01021,0.11875,0.032392969,137.3705915,0.000198186,,0,0,0,0,1,1,-0.001793439,-0.001991624,-0.266960204,-0.296460911,6.718,0,-0.001852894,-0.275810416,-0.275810416,0,0,0
RGI60-09.01026,0.11875,0.032392969,176.2116395,0.017856165,,0,0,0,0,1,1,-0.001940877,-0.019797042,-0.101739104,-1.037743989,19.077,0,-0.007297726,-0.38254057,-0.38254057,0,0,0
RGI60-09.01064,0.11875,0.032392969,369.8715305,0.073068382,,0,0,0,0,1,1,-0.002643698,-0.07571208,-0.057319672,-1.641561082,46.122,0,-0.007197985,-0.156064033,-0.156064033,0,0,0
RGI60-09.01066,0.11875,0.032392969,181.9954588,0.016188485,,0,0,0,0,1,1,-0.011301164,-0.027489649,-0.193053582,-0.469595467,58.539,0,-0.012988467,-0.221877155,-0.221877155,0,0,0
RGI60-17.00456,2.9,0.83485,49.01676081,0,0.34,0.11,0.34,0,0,1,1,0,0,0,0,113.7,0,0,0,0,0,5,
RGI60-17.04876,2.9,0.83485,410.7852861,0.419354789,0.41,0.14,0.41,1.99E-05,0.771246685,1,1,0,0,0,0,163.403,0,0,0,0,0.419354789,2.9,
RGI60-17.04877,2.9,0.83485,142.9840484,0.041668988,0.72,0.2,0.72,4.34E-06,0.084496306,1,1,0,0,0,0,153.243,0,0,0,0,0.084496306,5,
RGI60-17.04882,2.9,0.83485,115.776189,0.018921773,0.42,0.12,0.42,2.40E-06,0.037372387,1,1,0,0,0,0,104.276,0,0,0,0,0.037372387,5,
RGI60-17.04889,2.9,0.83485,107.5488688,0.008413963,1.24,0.33,1.24,9.54E-07,0.025339448,1,1,0,0,0,0,166.962,0,0,0,0,0.025339448,5,
RGI60-17.04918,2.9,0.83485,84.08374764,0.00031551,1.86,0.5,1.86,1.13E-07,0.003496466,1,1,0,0,0,0,405.862,0,0,0,0,0.003496466,5,
RGI60-17.04936,2.9,0.83485,128.6783776,0.031031381,3.15,0.83,3.15,3.82E-06,0.073684677,1,1,0,0,0,0,469.756,0,0,0,0,0.073684677,5,
RGI60-17.04967,2.9,0.83485,114.9973298,0.005473221,0.41,0.12,0.41,7.79E-07,0.016203368,1,1,0,0,0,0,163.248,0,0,0,0,0.016203368,5,
RGI60-17.04971,2.9,0.83485,41.73989278,0,0.69,0.21,0.69,0,0,1,1,0,0,0,0,99.318,0,0,0,0,0,5,
RGI60-17.04997,2.9,0.83485,51.00189386,0.000286733,0.94,0.25,0.94,9.88E-08,0.000494367,1,1,0,0,0,0,213.824,0,0,0,0,0.000494367,5,
RGI60-17.05031,2.9,0.83485,216.1676148,0.027602516,0.2,0.06,0.2,7.01E-07,0.07401361,1,1,0,0,0,0,165.106,0,0,0,0,0.07401361,5,
RGI60-17.05181,3.5,0.562425,363.1000134,2.428431695,2.48,0.76,2.48,3.43E-05,3.775936908,1,1,0,0,0,0,1234.714,0,0,0,0,2.428431695,3.5,
RGI60-17.06074,2.9,0.83485,180.6741051,0.035955196,1.58,0.44,1.58,1.08E-06,0.139599497,1,1,0,0,0,0,488.615,0,0,0,0,0.139599497,5,
RGI60-17.15771,1.2,1,203.1245576,0.029109225,0.03,0.05,0.03,5.29E-06,0.392918508,1,1,0,0,0,0,166.546,0,0,0,0,0.029109225,1.2,
RGI60-17.15808,2.9,0.83485,218.4337575,0.060102229,0.9903,0.3,0.9903,2.38E-06,0.168691462,1,1,0,0,0,0,721.95,0,0,0,0,0.168691462,5,
RGI60-17.01573,2.9,0.83485,699.6872032,0.092444903,,0,0,0,0,1,1,-0.062402167,-0.15484707,-0.947166443,-2.350334226,65.883,0,-0.090135638,-1.368116778,-1.368116778,0,0,0
RGI60-17.01596,2.9,0.83485,69.54296303,0.000119488,,0,0,0,0,1,1,-0.005324613,-0.005444101,-0.214201164,-0.219007996,24.858,0,-0.005360459,-0.215643213,-0.215643213,0,0,0
RGI60-17.01599,2.9,0.83485,485.694253,0.020242842,,0,0,0,0,1,1,-0.010541226,-0.030784069,-0.584357569,-1.70652855,18.039,0,-0.016614079,-0.921008863,-0.921008863,0,0,0
RGI60-17.01652,2.9,0.83485,411.6306195,0.016903597,,0,0,0,0,1,1,-0.007539512,-0.024443109,-0.422784278,-1.370667228,17.833,0,-0.012610591,-0.707149163,-0.707149163,0,0,0
RGI60-17.01660,2.9,0.83485,304.7805628,0.005465458,,0,0,0,0,1,1,0.001178416,-0.004287042,0.475935268,-1.73143878,2.476,0,-0.000461222,-0.186276947,-0.186276947,0,0,0
RGI60-17.01665,2.9,0.83485,240.0220189,0.006710166,,0,0,0,0,1,1,0.000383078,-0.006327088,0.034054401,-0.562457782,11.249,0,-0.001629972,-0.144899254,-0.144899254,0,0,0
RGI60-17.01676,2.9,0.83485,97.40981792,0.000167179,,0,0,0,0,1,1,-0.01136974,-0.011536919,-0.764969402,-0.776217402,14.863,0,-0.011419894,-0.768343802,-0.768343802,0,0,0
RGI60-17.01723,2.9,0.83485,41.5687183,0,,0,0,0,0,1,1,-0.007485477,-0.007485477,-0.402401731,-0.402401731,18.602,0,-0.007485477,-0.402401731,-0.402401731,0,0,0
RGI60-17.02074,2.9,0.83485,37.00596295,1.71E-05,,0,0,0,0,1,1,-0.000455194,-0.000472267,-0.024299038,-0.025210442,18.733,0,-0.000460316,-0.024572459,-0.024572459,0,0,0
RGI60-17.02279,2.9,0.83485,252.4832337,0.006146463,,0,0,0,0,1,1,-0.009026421,-0.015172884,-0.391143609,-0.657489461,23.077,0,-0.01087036,-0.471047364,-0.471047364,0,0,0
RGI60-17.02376,2.9,0.83485,97.89767967,0.000420047,,0,0,0,0,1,1,-0.004462114,-0.004882162,-0.24621279,-0.269390367,18.123,0,-0.004588129,-0.253166063,-0.253166063,0,0,0
RGI60-17.02389,2.9,0.83485,53.98761095,2.91E-05,,0,0,0,0,1,1,-0.015396903,-0.01542598,-0.270068995,-0.270579007,57.011,0,-0.015405626,-0.270221999,-0.270221999,0,0,0
RGI60-17.02474,2.9,0.83485,877.7500121,0.052864976,,0,0,0,0,1,1,0.006651837,-0.046213139,0.285327382,-1.982290524,23.313,0,-0.009207656,-0.39495799,-0.39495799,0,0,0
RGI60-17.02531,2.9,0.83485,149.2607153,0.006622389,,0,0,0,0,1,1,-0.135462616,-0.142085005,-2.664488912,-2.794748335,50.84,0,-0.137449333,-2.703566739,-2.703566739,0,0,0
RGI60-17.02538,2.9,0.83485,64.96910516,5.52E-05,,0,0,0,0,1,1,-0.003473001,-0.003528159,-0.321098468,-0.326198152,10.816,0,-0.003489548,-0.322628373,-0.322628373,0,0,0
RGI60-17.02551,2.9,0.83485,32.0686658,0,,0,0,0,0,1,1,-0.003721514,-0.003721514,-2.25000819,-2.25000819,1.654,0,-0.003721514,-2.25000819,-2.25000819,0,0,0
RGI60-17.02561,2.9,0.83485,484.4714521,0.05987916,,0,0,0,0,1,1,0.005123131,-0.054756029,0.146819825,-1.569210426,34.894,0,-0.012840617,-0.367989251,-0.367989251,0,0,0
RGI60-17.02570,2.9,0.83485,131.760703,0.002232479,,0,0,0,0,1,1,-0.015261515,-0.017493995,-0.369215325,-0.423224745,41.335,0,-0.015931259,-0.385418151,-0.385418151,0,0,0
RGI60-17.02584,2.9,0.83485,737.3144585,0.042597173,,0,0,0,0,1,1,0.008410042,-0.034187131,0.441170948,-1.793376232,19.063,0,-0.00436911,-0.229193206,-0.229193206,0,0,0
RGI60-17.02587,2.9,0.83485,22.62994775,0,,0,0,0,0,1,1,-0.000101992,-0.000101992,-0.05368007,-0.05368007,1.9,0,-0.000101992,-0.05368007,-0.05368007,0,0,0
RGI60-17.02593,2.9,0.83485,136.8698718,0.000376081,,0,0,0,0,1,1,-0.001153426,-0.001529507,-0.287709198,-0.381518318,4.009,0,-0.00126625,-0.315851934,-0.315851934,0,0,0
RGI60-17.02619,2.9,0.83485,115.8660938,0.001499333,,0,0,0,0,1,1,-0.013457915,-0.014957247,-0.569719522,-0.633191395,23.622,0,-0.013907714,-0.588761084,-0.588761084,0,0,0
RGI60-17.02633,2.9,0.83485,85.93080373,0.000578788,,0,0,0,0,1,1,-0.031312857,-0.031891645,-0.724432182,-0.737822617,43.224,0,-0.031486493,-0.728449313,-0.728449313,0,0,0
RGI60-17.02656,2.9,0.83485,136.1558075,0.001742514,,0,0,0,0,1,1,-0.00181668,-0.003559194,-0.100669419,-0.197228992,18.046,0,-0.002339435,-0.129637291,-0.129637291,0,0,0
RGI60-17.02659,2.9,0.83485,291.8686221,0.012825113,,0,0,0,0,1,1,-0.001588605,-0.014413718,-0.057408407,-0.520877352,27.672,0,-0.005436139,-0.196449091,-0.196449091,0,0,0
RGI60-17.02668,2.9,0.83485,329.8895429,0.0054524,,0,0,0,0,1,1,-0.001007668,-0.006460067,-0.065877847,-0.422337025,15.296,0,-0.002643387,-0.1728156,-0.1728156,0,0,0
RGI60-17.02670,2.9,0.83485,144.5040154,0.000427303,,0,0,0,0,1,1,-0.001548417,-0.00197572,-0.251898055,-0.32141206,6.147,0,-0.001676608,-0.272752257,-0.272752257,0,0,0
RGI60-17.02677,2.9,0.83485,301.0624353,0.011561009,,0,0,0,0,1,1,0.00627797,-0.005283039,0.614102532,-0.51677969,10.223,0,0.002809667,0.274837865,0.274837865,0,0,0
RGI60-17.02681,2.9,0.83485,47.94477311,6.82E-05,,0,0,0,0,1,1,0.015263227,0.015194989,0.214220729,0.21326301,71.25,0,0.015242756,0.213933413,0.213933413,0,0,0
RGI60-17.02683,2.9,0.83485,297.6872599,0.004827546,,0,0,0,0,1,1,0.00099076,-0.003836786,0.094664675,-0.366595238,10.466,0,-0.000457503,-0.043713299,-0.043713299,0,0,0
RGI60-17.02705,2.9,0.83485,120.5937957,0.002066938,,0,0,0,0,1,1,-0.329020118,-0.331087056,-2.416192036,-2.431370799,136.173,0,-0.329640199,-2.420745665,-2.420745665,0,0,0
RGI60-17.02711,2.9,0.83485,140.1715915,0.000889721,,0,0,0,0,1,1,-0.005584424,-0.006474144,-0.684281778,-0.793302824,8.161,0,-0.00585134,-0.716988091,-0.716988091,0,0,0
RGI60-17.02733,2.9,0.83485,32.57968098,0,,0,0,0,0,1,1,-0.007592293,-0.007592293,-0.328187644,-0.328187644,23.134,0,-0.007592293,-0.328187644,-0.328187644,0,0,0
RGI60-17.02736,2.9,0.83485,84.59702398,0.000221941,,0,0,0,0,1,1,-0.00010679,-0.000328731,-0.005032283,-0.015490837,21.221,0,-0.000173372,-0.00816985,-0.00816985,0,0,0
RGI60-17.02737,2.9,0.83485,130.5915805,0.001770635,,0,0,0,0,1,1,-0.018394908,-0.020165543,-0.492870374,-0.540312502,37.322,0,-0.018926099,-0.507103013,-0.507103013,0,0,0
RGI60-17.02776,2.9,0.83485,765.9413532,0.146884583,,0,0,0,0,1,1,0.028023639,-0.118860944,0.446300248,-1.892961476,62.791,0,-0.016041736,-0.255478269,-0.255478269,0,0,0
RGI60-17.02858,2.9,0.83485,356.7488899,0.129966965,,0,0,0,0,1,1,-0.322740994,-0.452707959,-2.351773943,-3.298827241,137.233,0,-0.361731083,-2.635889932,-2.635889932,0,0,0
RGI60-17.02879,2.9,0.83485,199.5230771,0.048022026,,0,0,0,0,1,1,0.01570101,-0.032321015,0.220662372,-0.454240315,71.154,0,0.001294403,0.018191566,0.018191566,0,0,0
RGI60-17.02888,2.9,0.83485,99.05032857,0.000415789,,0,0,0,0,1,1,0.002462757,0.002046968,0.154666677,0.128554174,15.923,0,0.002338021,0.146832926,0.146832926,0,0,0
RGI60-17.02905,2.9,0.83485,119.9091714,0.000173347,,0,0,0,0,1,1,-0.000114649,-0.000287997,-0.018975377,-0.047665772,6.042,0,-0.000166653,-0.027582496,-0.027582496,0,0,0
RGI60-17.02933,2.9,0.83485,111.8162625,0.000212024,,0,0,0,0,1,1,-0.009207355,-0.009419378,-0.509087399,-0.520810473,18.086,0,-0.009270962,-0.512604321,-0.512604321,0,0,0
RGI60-17.02960,2.9,0.83485,86.43777877,0.000263593,,0,0,0,0,1,1,0.01515735,0.014893757,0.494853096,0.486247375,30.63,0,0.015078272,0.49227138,0.49227138,0,0,0
RGI60-17.03379,2.9,0.83485,148.6288116,5.22E-05,,0,0,0,0,1,1,-0.002489078,-0.002541297,-0.131294347,-0.134048804,18.958,0,-0.002504744,-0.132120684,-0.132120684,0,0,0
RGI60-17.03438,2.9,0.83485,35.0086452,0,,0,0,0,0,1,1,-0.010063586,-0.010063586,-0.207873785,-0.207873785,48.412,0,-0.010063586,-0.207873785,-0.207873785,0,0,0
RGI60-17.03457,2.9,0.83485,39.5703374,0,,0,0,0,0,1,1,-0.019648821,-0.019648821,-0.965923739,-0.965923739,20.342,0,-0.019648821,-0.965923739,-0.965923739,0,0,0
RGI60-17.03474,2.9,0.83485,38.58252203,0,,0,0,0,0,1,1,-0.020196557,-0.020196557,-0.577523015,-0.577523015,34.971,0,-0.020196557,-0.577523015,-0.577523015,0,0,0
RGI60-17.03587,2.9,0.83485,37.39853471,0,,0,0,0,0,1,1,0.000564945,0.000564945,0.0424739,0.0424739,13.301,0,0.000564945,0.0424739,0.0424739,0,0,0
RGI60-17.04112,2.9,0.83485,76.71332135,0.000673329,,0,0,0,0,1,1,0.003707671,0.003034342,0.131147491,0.107330555,28.271,0,0.003505672,0.12400241,0.12400241,0,0,0
RGI60-17.04116,2.9,0.83485,111.7774471,0.00047216,,0,0,0,0,1,1,-0.011018651,-0.011490811,-0.575356419,-0.600011016,19.151,0,-0.011160299,-0.582752798,-0.582752798,0,0,0
RGI60-17.04504,2.9,0.83485,83.1912261,2.80E-05,,0,0,0,0,1,1,-0.003686628,-0.003714663,-0.705304835,-0.71066821,5.227,0,-0.003695039,-0.706913847,-0.706913847,0,0,0
RGI60-17.04541,2.9,0.83485,498.5908629,0.006995901,,0,0,0,0,1,1,-0.004995817,-0.011991718,-0.497789666,-1.194870269,10.036,0,-0.007094587,-0.706913847,-0.706913847,0,0,0
RGI60-17.04543,2.9,0.83485,30.97873812,0,,0,0,0,0,1,1,-0.001661248,-0.001661248,-0.706913847,-0.706913847,2.35,0,-0.001661248,-0.706913847,-0.706913847,0,0,0
RGI60-17.04562,2.9,0.83485,111.6644216,0.000103488,,0,0,0,0,1,1,-0.003125324,-0.003228812,-0.699960547,-0.723138213,4.465,0,-0.00315637,-0.706913847,-0.706913847,0,0,0
RGI60-17.04564,2.9,0.83485,21.7252689,0,,0,0,0,0,1,1,-0.000207126,-0.000207126,-0.706913847,-0.706913847,0.293,0,-0.000207126,-0.706913847,-0.706913847,0,0,0
RGI60-17.04746,2.9,0.83485,23.76396568,0,,0,0,0,0,1,1,8.39E-05,8.39E-05,0.016042533,0.016042533,5.228,0,8.39E-05,0.016042533,0.016042533,0,0,0
RGI60-17.04879,2.9,0.83485,29.49233306,0,,0,0,0,0,1,1,0.002704359,0.002704359,0.129469497,0.129469497,20.888,0,0.002704359,0.129469497,0.129469497,0,0,0
RGI60-17.04881,2.9,0.83485,24.46760972,0,,0,0,0,0,1,1,-0.000275362,-0.000275362,-0.048840414,-0.048840414,5.638,0,-0.000275362,-0.048840414,-0.048840414,0,0,0
RGI60-17.04884,2.9,0.83485,34.09472443,0,,0,0,0,0,1,1,0.000397168,0.000397168,0.023412398,0.023412398,16.964,0,0.000397168,0.023412398,0.023412398,0,0,0
RGI60-17.04890,2.9,0.83485,34.16685245,0,,0,0,0,0,1,1,-0.0005926,-0.0005926,-0.035052648,-0.035052648,16.906,0,-0.0005926,-0.035052648,-0.035052648,0,0,0
RGI60-17.04896,2.9,0.83485,143.401897,0.005548548,,0,0,0,0,1,1,0.023865902,0.018317354,0.300464589,0.23061002,79.43,0,0.022201338,0.279508218,0.279508218,0,0,0
RGI60-17.04903,2.9,0.83485,166.8015988,0.002901135,,0,0,0,0,1,1,-0.005286753,-0.008187888,-0.076904938,-0.11910695,68.744,0,-0.006157094,-0.089565542,-0.089565542,0,0,0
RGI60-17.04915,2.9,0.83485,53.05375095,2.16E-05,,0,0,0,0,1,1,-0.007959667,-0.007981219,-0.205405465,-0.205961636,38.751,0,-0.007966133,-0.205572316,-0.205572316,0,0,0
RGI60-17.04963,2.9,0.83485,76.04951076,0.00056809,,0,0,1.82E-06,0.027210886,1,1,0.034922566,0.034354476,0.863906733,0.84985345,40.424,0,0.034752139,0.859690748,0.859690748,0,0,0
RGI60-17.04982,2.9,0.83485,87.97084338,0.000655802,,0,0,3.01E-06,0.038837984,1,1,0.061195236,0.060539434,0.987434025,0.976852136,61.974,0,0.060998496,0.984259458,0.984259458,0,0,0
RGI60-17.04991,2.9,0.83485,77.19841186,6.21E-05,,0,0,0,0,1,1,0.00441934,0.004357216,0.315734776,0.311296408,13.997,0,0.004400703,0.314403266,0.314403266,0,0,0
RGI60-17.04995,2.9,0.83485,29.86396147,0,,0,0,0,0,1,1,0.005989324,0.005989324,0.371384892,0.371384892,16.127,0,0.005989324,0.371384892,0.371384892,0,0,0
RGI60-17.05460,2.9,0.83485,656.7283208,0.554644837,,0,0,0,0,1,1,-0.333892056,-0.888536894,-0.997529439,-2.654575611,334.719,0,-0.493655757,-1.474836375,-1.474836375,0,0,0
RGI60-17.15792,2.9,0.83485,35.78767062,0,,0,0,0,0,1,1,-0.004062019,-0.004062019,-0.229000966,-0.229000966,17.738,0,-0.004062019,-0.229000966,-0.229000966,0,0,0
RGI60-17.15793,2.9,0.83485,33.90098805,0,,0,0,0,0,1,1,-0.000941856,-0.000941856,-0.144500761,-0.144500761,6.518,0,-0.000941856,-0.144500761,-0.144500761,0,0,0
RGI60-17.15802,2.9,0.83485,42.62286353,0,,0,0,0,0,1,1,-0.00220827,-0.00220827,-0.507648382,-0.507648382,4.35,0,-0.00220827,-0.507648382,-0.507648382,0,0,0
RGI60-19.01941,0.1625,0.0438875,327.9903014,0.013144949,0.013,0.007,0.013,6.70E-06,0.039871962,1,1,0,0,0,0,27.55,0,0,0,0,0.013144949,0.1625,
RGI60-19.01972,0.109375,0.040425,1071.380229,0.112823714,0.101,0.059,0.101,0.000196717,0.185362383,1,0,0,0,0,0,41.282,0,0,0,0,0.112823714,0.109375,
RGI60-19.01973,0.07525,0.02735,562.6993835,0.098608325,0.096,0.057,0.096,0.000147517,0.448930887,1,1,0,0,0,0,71.108,0,0,0,0,0.098608325,0.07525,
RGI60-19.01982,0.15,0.0666375,432.86598,0.111991444,0.107,0.068,0.107,1.45E-05,0.331719171,1,1,0,0,0,0,55.274,0,0,0,0,0.111991444,0.15,
RGI60-19.01987,0.1125,0.03965625,370.0240384,0.025369431,0.026,0.014,0.026,3.22E-05,0.050401834,1,1,0,0,0,0,42.32,0,0,0,0,0.025369431,0.1125,
RGI60-19.01990,0.2125,0.0850875,306.9324386,0.100616625,0.101,0.061,0.101,3.40E-05,0.146632866,1,1,0,0,0,0,73.483,0,0,0,0,0.100616625,0.2125,
RGI60-19.01991,0.0814375,0.027582031,483.0527743,0.082452203,0.08,0.047,0.08,0.000172967,0.13238456,1,1,0,0,0,0,114.805,0,0,0,0,0.082452203,0.0814375,
RGI60-19.02021,0.030390625,0.014332422,516.2379041,0.041974506,0.0427,0.0313,0.0427,0.000121719,0.471733571,1,1,0,0,0,0,78.207,0,0,0,0,0.041974506,0.030390625,
RGI60-19.02022,0.04121875,0.018872656,303.0201273,0.005207788,0.0053,0.0039,0.0053,1.58E-05,0.036624333,1,1,0,0,0,0,7.659,0,0,0,0,0.005207788,0.04121875,
RGI60-19.02023,0.036578125,0.016478711,523.1572663,0.071234074,0.0698,0.0512,0.0698,0.00015318,0.465104979,1,1,0,0,0,0,94.089,0,0,0,0,0.071234074,0.036578125,
RGI60-19.02024,0.0319375,0.014757812,674.7268473,0.05958816,0.0588,0.0432,0.0588,0.000313642,0.446911588,1,1,0,0,0,0,81.541,0,0,0,0,0.05958816,0.0319375,
RGI60-19.02027,0.038125,0.016459375,403.0513552,0.019238194,0.0188,0.0138,0.0188,3.66E-05,0.079333051,1,1,0,0,0,0,21.53,0,0,0,0,0.019238194,0.038125,
RGI60-19.02028,0.0505,0.0229875,602.277571,0.053653853,0.0531,0.039,0.0531,0.000131213,0.172760576,1,1,0,0,0,0,67.828,0,0,0,0,0.053653853,0.0505,
RGI60-19.02029,0.048953125,0.022562109,285.240976,0.024432757,0.1454,0.1141,0.1454,2.61E-05,0.037700163,1,1,0,0,0,0,58.016,0,0,0,0,0.037700163,5,
RGI60-19.02030,0.02265625,0.008539063,188.0883324,0.000712217,0.0007,0.0005,0.0007,2.42E-06,0.006062393,1,1,0,0,0,0,4.937,0,0,0,0,0.000712217,0.02265625,
RGI60-19.02031,0.04121875,0.017867188,219.2676818,0.001249569,0.0013,0.0009,0.0013,3.85E-06,0.001965916,1,1,0,0,0,0,2.16,0,0,0,0,0.001249569,0.04121875,
RGI60-19.02033,0.048953125,0.022562109,0.16990271,0.001375277,0.0048,0.0035,0.0048,1.05E-05,0.003421702,1,1,0,0,0,0,5.878,0,0,0,0,0.003421702,5,
RGI60-19.02037,0.048953125,0.022562109,50.07483973,0,0.0018,0.0013,0.0018,0,0,1,1,0,0,0,0,2.227,0,0,0,0,0,5,
RGI60-19.02041,0.048953125,0.022562109,82.98047889,0.000369558,0.0041,0.003,0.0041,7.16E-07,0.000312109,1,1,0,0,0,0,8.654,0,0,0,0,0.000312109,5,
RGI60-19.02042,0.048953125,0.022562109,0.137276034,2.83E-05,0.0004,0.0003,0.0004,5.90E-07,0.00036325,1,1,0,0,0,0,1.068,0,0,0,0,0.00036325,5,
RGI60-19.02044,0.5,0.3309875,171.6853517,0.00498927,0.0048,0.0035,0.0048,2.44E-07,0.024158661,1,1,0,0,0,0,4.458,0,0,0,0,0.00498927,0.5,
RGI60-19.02046,0.05359375,0.023838281,188.2793435,0.002449905,0.0024,0.0018,0.0024,8.08E-07,0.005505308,1,1,0,0,0,0,30.152,0,0,0,0,0.002449905,0.05359375,
RGI60-19.02047,0.048953125,0.022562109,0.484610704,0.022200028,0.0087,0.0064,0.0087,1.62E-05,0.000242539,1,1,0,0,0,0,12.663,0,0,0,0,0.000242539,5,
RGI60-19.02049,0.1,0.0448,92.58397281,0.000915018,0.001,0.0007,0.001,1.57E-06,0.076032676,1,1,0,0,0,0,6.792,0,0,0,0,0.000915018,0.1,
RGI60-19.02052,0.04740625,0.022136719,759.0358329,0.015282739,0.0152,0.0112,0.0152,5.80E-05,0.384991988,1,1,0,0,0,0,42.448,0,0,0,0,0.015282739,0.04740625,
RGI60-19.02059,0.125,0.0498,101.2680394,0.000396921,0.0004,0.0003,0.0004,5.07E-07,0.092632301,1,1,0,0,0,0,5.493,0,0,0,0,0.000396921,0.125,
RGI60-19.02061,0.039671875,0.017480469,274.4355961,0.00256842,0.0026,0.0019,0.0026,4.59E-06,0.011119482,1,1,0,0,0,0,13.862,0,0,0,0,0.00256842,0.039671875,
RGI60-19.02062,0.04740625,0.022136719,759.0358329,0.022711829,0.0238,0.0175,0.0238,6.12E-05,0.096048622,1,1,0,0,0,0,36.537,0,0,0,0,0.022711829,0.04740625,
RGI60-19.02063,0.0443125,0.0132604,664.4327817,0.00971423,0.01,0.0073,0.01,8.32E-06,0.019087304,1,0,0,0,0,0,9.119,0,0,0,0,0.00971423,0.0443125,
RGI60-19.02064,0.048953125,0.022562109,72.34448759,0.002647325,0.0069,0.0051,0.0069,9.48E-06,0.004075465,1,1,0,0,0,0,12.472,0,0,0,0,0.004075465,5,
RGI60-19.02066,0.030390625,0.012769922,675.5090361,0.026792487,0.0261,0.0192,0.0261,7.50E-05,0.25732205,1,1,0,0,0,0,51.779,0,0,0,0,0.026792487,0.030390625,
RGI60-19.00001,0.048953125,0.016053778,119.8423155,0.005237217,,0,0,0,0,1,1,-0.004534388,0,-0.070183075,-0.151244505,64.608,-0.009771605,-0.009771605,-0.151244505,-0.151244505,0,0,0
RGI60-19.00002,0.027374219,0.016053778,663.3166182,0.012921704,,0,0,2.12E-05,0.10135399,1,0,0.01180989,-0.001111814,0.975540251,-0.091839913,12.106,-0.001111814,-0.001111814,-0.091839913,-0.091839913,0,0,0
RGI60-19.00003,0.032169531,0.016053778,659.6545794,0.015273611,,0,0,1.81E-05,0.06100395,1,0,0.012828652,-0.002444959,0.959941015,-0.182951159,13.364,-0.002444959,-0.002444959,-0.182951159,-0.182951159,0,0,0
RGI60-19.00005,0.044157813,0.016053778,727.0969702,0.028112943,,0,0,1.40E-05,0.188094019,1,0,0.023038888,-0.005074056,1.054266586,-0.232190346,21.853,-0.005074056,-0.005074056,-0.232190346,-0.232190346,0,0,0
RGI60-19.00006,0.048953125,0.016053778,95.82491207,0.000508872,,0,0,0,0,1,1,0.000583671,0,0.034080994,0.004367599,17.126,7.48E-05,7.48E-05,0.004367599,0.004367599,0,0,0
RGI60-19.00007,0.048953125,0.016053778,126.012605,0.000890832,,0,0,0,0,1,1,-0.002122144,0,-0.259177352,-0.367974603,8.188,-0.003012976,-0.003012976,-0.367974603,-0.367974603,0,0,0
RGI60-19.00009,0.048953125,0.016053778,175.3900443,0.001800113,,0,0,0,0,1,1,0.002239794,0,0.245726138,0.048237027,9.115,0.000439681,0.000439681,0.048237027,0.048237027,0,0,0
RGI60-19.00010,0.048953125,0.016053778,82.00057951,7.34E-05,,0,0,0,0,1,1,-0.000227459,0,-0.066489124,-0.087940628,3.421,-0.000300845,-0.000300845,-0.087940628,-0.087940628,0,0,0
RGI60-19.00011,0.048953125,0.016053778,80.96449266,0.000793162,,0,0,0,0,1,1,-0.000465324,0,-0.050191344,-0.135744385,9.271,-0.001258486,-0.001258486,-0.135744385,-0.135744385,0,0,0
RGI60-19.00012,0.048953125,0.016053778,161.9112214,0.006329982,,0,0,0,0,1,1,-0.001496539,0,-0.079977497,-0.418262144,18.712,-0.007826521,-0.007826521,-0.418262144,-0.418262144,0,0,0
RGI60-19.00013,0.048953125,0.016053778,79.57140357,0.000168805,,0,0,0,0,1,1,-0.000414611,0,-0.061115992,-0.085998854,6.784,-0.000583416,-0.000583416,-0.085998854,-0.085998854,0,0,0
RGI60-19.00014,0.048953125,0.016053778,61.1542311,0.000310612,,0,0,0,0,1,1,-0.000982661,0,-0.149841525,-0.197205423,6.558,-0.001293273,-0.001293273,-0.197205423,-0.197205423,0,0,0
RGI60-19.00015,0.048953125,0.016053778,82.31123263,0.000368203,,0,0,0,0,1,1,-0.003641609,0,-0.162760765,-0.179217497,22.374,-0.004009812,-0.004009812,-0.179217497,-0.179217497,0,0,0
RGI60-19.00016,0.048953125,0.016053778,221.0817205,0.003116964,,0,0,0,0,1,1,0.001631574,0,0.152170658,-0.138536656,10.722,-0.00148539,-0.00148539,-0.138536656,-0.138536656,0,0,0
RGI60-19.00017,0.048953125,0.016053778,299.5707343,0.003523993,,0,0,0,0,1,1,-0.003146223,0,-0.170286997,-0.361020565,18.476,-0.006670216,-0.006670216,-0.361020565,-0.361020565,0,0,0
RGI60-19.00020,0.048953125,0.016053778,263.8814329,0.009152455,,0,0,0,0,1,1,0.006658627,0,0.215664042,-0.080771745,30.875,-0.002493828,-0.002493828,-0.080771745,-0.080771745,0,0,0
RGI60-19.00023,0.046555469,0.016053778,827.3245304,0.045520741,,0,0,0.000229046,0.162378503,1,0,0.02422399,-0.021296751,0.976340737,-0.858359247,24.811,-0.021296751,-0.021296751,-0.858359247,-0.858359247,0,0,0
RGI60-19.00024,0.048953125,0.016053778,709.3927256,0.019183654,,0,0,0,0,1,1,-0.015182671,0,-0.275913118,-0.624535687,55.027,-0.034366325,-0.034366325,-0.624535687,-0.624535687,0,0,0
RGI60-19.00025,0.048953125,0.016053778,165.8191764,0.001660705,,0,0,0,0,1,1,0.001629219,0,0.267128929,-0.005162495,6.099,-3.15E-05,-3.15E-05,-0.005162495,-0.005162495,0,0,0
RGI60-19.00026,0.048953125,0.016053778,94.96986545,0.000246863,,0,0,0,0,1,1,0.002786327,0,0.536968052,0.489393849,5.189,0.002539465,0.002539465,0.489393849,0.489393849,0,0,0
RGI60-19.00027,0.048953125,0.016053778,44.6594219,7.55E-06,,0,0,0,0,1,1,-0.000298099,0,-0.058646229,-0.060131619,5.083,-0.000305649,-0.000305649,-0.060131619,-0.060131619,0,0,0
RGI60-19.00028,0.048953125,0.016053778,162.4959818,0.001586877,,0,0,0,0,1,1,-0.000688091,0,-0.11674426,-0.385980325,5.894,-0.002274968,-0.002274968,-0.385980325,-0.385980325,0,0,0
RGI60-19.00029,0.048953125,0.016053778,768.4297637,1.277270945,,0,0,0,0,1,1,-1.607316115,0,-0.630346742,-1.131258524,2549.892,-2.88458706,-2.88458706,-1.131258524,-1.131258524,0,0,0
RGI60-19.00030,0.048953125,0.016053778,318.1435692,0.008912312,,0,0,0,0,1,1,0.006046625,0,0.616939613,-0.292387228,9.801,-0.002865687,-0.002865687,-0.292387228,-0.292387228,0,0,0
RGI60-19.00031,0.048953125,0.016053778,161.641807,0.001718006,,0,0,0,0,1,1,0.003163803,0,0.410830095,0.187741406,7.701,0.001445797,0.001445797,0.187741406,0.187741406,0,0,0
RGI60-19.00032,0.048953125,0.016053778,273.9600715,0.004070805,,0,0,0,0,1,1,-0.000708824,0,-0.1042848,-0.703196874,6.797,-0.004779629,-0.004779629,-0.703196874,-0.703196874,0,0,0
RGI60-19.00033,0.0393625,0.016053778,698.4639992,0.01475595,,0,0,2.24E-05,0.050755689,1,1,0.013444758,-0.001311192,1.035486588,-0.100985236,12.984,-0.001311192,-0.001311192,-0.100985236,-0.100985236,0,0,0
RGI60-19.00034,0.048953125,0.016053778,166.585587,0.001245839,,0,0,0,0,1,1,0.002444964,0,0.597206714,0.292898228,4.094,0.001199125,0.001199125,0.292898228,0.292898228,0,0,0
RGI60-19.00035,0.048953125,0.016053778,382.8624326,0.031935942,,0,0,0,0,1,1,0.025159598,0,0.494450082,-0.133172383,50.884,-0.006776344,-0.006776344,-0.133172383,-0.133172383,0,0,0
RGI60-19.00036,0.048953125,0.016053778,381.4690215,0.018777466,,0,0,0,0,1,1,0.01695428,0,0.553681461,-0.059540386,30.621,-0.001823186,-0.001823186,-0.059540386,-0.059540386,0,0,0
RGI60-19.00037,0.048953125,0.016053778,302.4745921,0.053205181,,0,0,0,0,1,1,0.0534956,0,0.210875779,0.001144811,253.683,0.000290419,0.000290419,0.001144811,0.001144811,0,0,0
RGI60-19.00038,0.048953125,0.016053778,362.9045949,0.004903804,,0,0,0,0,1,1,0.00640781,0,0.203642338,0.047797817,31.466,0.001504006,0.001504006,0.047797817,0.047797817,0,0,0
RGI60-19.00039,0.048953125,0.016053778,767.2399641,0.036546127,,0,0,0,0,1,0,0.015417314,0,0.387983854,-0.531716343,39.737,-0.021128812,-0.021128812,-0.531716343,-0.531716343,0,0,0
RGI60-19.00040,0.048953125,0.016053778,71.6058276,3.96E-06,,0,0,0,0,1,1,5.70E-05,0,0.263863262,0.245512904,0.216,5.30E-05,5.30E-05,0.245512904,0.245512904,0,0,0
RGI60-19.00041,0.048953125,0.016053778,266.9503387,0.021631156,,0,0,0,0,1,1,0.022872499,0,0.353538071,0.019187326,64.696,0.001241343,0.001241343,0.019187326,0.019187326,0,0,0
RGI60-19.00042,0.048953125,0.016053778,314.7779784,0.056543934,,0,0,0,0,1,1,-0.010862825,0,-0.041406799,-0.256940349,262.344,-0.067406759,-0.067406759,-0.256940349,-0.256940349,0,0,0
RGI60-19.00047,0.048953125,0.016053778,106.8231906,0.003001729,,0,0,0,0,1,1,-0.009536543,0,-0.11861962,-0.155956413,80.396,-0.012538272,-0.012538272,-0.155956413,-0.155956413,0,0,0
RGI60-19.00048,0.048953125,0.016053778,90.70433503,0.0004578,,0,0,0,0,1,1,0.000967917,0,0.178912558,0.094291568,5.41,0.000510117,0.000510117,0.094291568,0.094291568,0,0,0
RGI60-19.00049,0.048953125,0.016053778,403.3435276,0.004005594,,0,0,0,0,1,0,-0.000268866,0,-0.056722711,-0.901784696,4.74,-0.004274459,-0.004274459,-0.901784696,-0.901784696,0,0,0
RGI60-19.00050,0.048953125,0.016053778,475.0114284,0.006577864,,0,0,0,0,1,1,0.000821345,0,0.040321326,-0.282597866,20.37,-0.005756519,-0.005756519,-0.282597866,-0.282597866,0,0,0
RGI60-19.00051,0.048953125,0.016053778,93.54713313,0.001391874,,0,0,0,0,1,1,-0.005279788,0,-0.157071092,-0.19847865,33.614,-0.006671661,-0.006671661,-0.19847865,-0.19847865,0,0,0
RGI60-19.00052,0.048953125,0.016053778,785.0777647,0.086126048,,0,0,0,0,1,0,0.007567143,0,0.211834238,-2.19917433,35.722,-0.078558905,-0.078558905,-2.19917433,-2.19917433,0,0,0
RGI60-19.00053,0.048953125,0.016053778,84.94617464,0.001136449,,0,0,0,0,1,1,0.000309913,0,0.021411691,-0.057104902,14.474,-0.000826536,-0.000826536,-0.057104902,-0.057104902,0,0,0
RGI60-19.00054,0.048953125,0.016053778,301.4960172,0.010262704,,0,0,0,0,1,1,0.006051888,0,0.236208115,-0.164350195,25.621,-0.004210816,-0.004210816,-0.164350195,-0.164350195,0,0,0
RGI60-19.00055,0.048953125,0.016053778,253.9039969,0.002618571,,0,0,0,0,1,1,0.001051537,0,0.176018927,-0.262309039,5.974,-0.001567034,-0.001567034,-0.262309039,-0.262309039,0,0,0
RGI60-19.00056,0.048953125,0.016053778,47.36581351,1.39E-05,,0,0,0,0,1,1,-0.000384961,0,-0.069701411,-0.072221432,5.523,-0.000398879,-0.000398879,-0.072221432,-0.072221432,0,0,0
RGI60-19.00057,0.048953125,0.016053778,208.5155627,0.002773345,,0,0,0,0,1,1,0.005783144,0,0.150842337,0.078504906,38.339,0.0030098,0.0030098,0.078504906,0.078504906,0,0,0
RGI60-19.00059,0.048953125,0.016053778,95.60551146,0.000152559,,0,0,0,0,1,1,0.000567666,0,0.086232123,0.063057404,6.583,0.000415107,0.000415107,0.063057404,0.063057404,0,0,0
RGI60-19.00060,0.048953125,0.016053778,115.4265231,0.000371326,,0,0,0,0,1,1,0.003000106,0,0.101351498,0.08880713,29.601,0.00262878,0.00262878,0.08880713,0.08880713,0,0,0
RGI60-19.00061,0.048953125,0.016053778,101.750445,0.000754064,,0,0,0,0,1,1,0.002382443,0,0.244428347,0.167064668,9.747,0.001628379,0.001628379,0.167064668,0.167064668,0,0,0
RGI60-19.00062,0.048953125,0.016053778,43.62449915,2.74E-05,,0,0,0,0,1,1,0.000703338,0,0.118726949,0.114099461,5.924,0.000675925,0.000675925,0.114099461,0.114099461,0,0,0
RGI60-19.00063,0.048953125,0.016053778,185.1997431,0.000649512,,0,0,0,0,1,1,-0.000227933,0,-0.041128302,-0.158326499,5.542,-0.000877445,-0.000877445,-0.158326499,-0.158326499,0,0,0
RGI60-19.00064,0.0393625,0.016053778,246.3135757,0.000983628,,0,0,2.13E-06,0.001348359,1,1,0.000506911,-0.000476718,0.860629196,-0.809367855,0.589,-0.000476718,-0.000476718,-0.809367855,-0.809367855,0,0,0
RGI60-19.00065,0.048953125,0.016053778,205.8767063,0.001631877,,0,0,0,0,1,1,0.000651734,0,0.147886006,-0.222406062,4.407,-0.000980144,-0.000980144,-0.222406062,-0.222406062,0,0,0
RGI60-19.00066,0.048953125,0.016053778,97.6920078,0.000234843,,0,0,0,0,1,1,-0.000462677,0,-0.077461375,-0.116778826,5.973,-0.00069752,-0.00069752,-0.116778826,-0.116778826,0,0,0
RGI60-19.00067,0.048953125,0.016053778,82.63360653,3.29E-06,,0,0,0,0,1,1,-0.000443211,0,-0.198038787,-0.199508214,2.238,-0.000446499,-0.000446499,-0.199508214,-0.199508214,0,0,0
RGI60-19.00068,0.048953125,0.016053778,100.742538,0.001246358,,0,0,0,0,1,1,-0.004523569,0,-0.270419014,-0.344926295,16.728,-0.005769927,-0.005769927,-0.344926295,-0.344926295,0,0,0
RGI60-19.00069,0.048953125,0.016053778,71.39277383,0.000954582,,0,0,0,0,1,1,-0.056570297,0,-0.146585173,-0.149058689,385.921,-0.057524878,-0.057524878,-0.149058689,-0.149058689,0,0,0
RGI60-19.00070,0.048953125,0.016053778,144.6543818,0.00936996,,0,0,0,0,1,1,-0.039576071,0,-0.290360025,-0.359105146,136.3,-0.048946031,-0.048946031,-0.359105146,-0.359105146,0,0,0
RGI60-19.00071,0.048953125,0.016053778,705.1658172,0.012033074,,0,0,0,0,1,1,-0.004637263,0,-0.19409272,-0.697737222,23.892,-0.016670338,-0.016670338,-0.697737222,-0.697737222,0,0,0
RGI60-19.00072,0.048953125,0.016053778,44.73237641,2.43E-05,,0,0,0,0,1,1,0.000133497,0,0.038818524,0.031740309,3.439,0.000109155,0.000109155,0.031740309,0.031740309,0,0,0
RGI60-19.00073,0.048953125,0.016053778,59.13939676,4.45E-05,,0,0,0,0,1,1,0.000359902,0,0.074699372,0.065465482,4.818,0.000315413,0.000315413,0.065465482,0.065465482,0,0,0
RGI60-19.00074,0.048953125,0.016053778,46.13736436,0.000120507,,0,0,0,0,1,1,-0.000357185,0,-0.083964402,-0.112292393,4.254,-0.000477692,-0.000477692,-0.112292393,-0.112292393,0,0,0
RGI60-19.00075,0.048953125,0.016053778,73.64549066,0.000225677,,0,0,0,0,1,1,0.000445569,0,0.129714272,0.064014953,3.435,0.000219891,0.000219891,0.064014953,0.064014953,0,0,0
RGI60-19.00076,0.048953125,0.016053778,196.4118765,0.002442405,,0,0,0,0,1,1,0.002820781,0,0.225843179,0.030294301,12.49,0.000378376,0.000378376,0.030294301,0.030294301,0,0,0
RGI60-19.00077,0.048953125,0.016053778,91.62246109,0.000107631,,0,0,0,0,1,1,0.002326107,0,0.451934517,0.431023033,5.147,0.002218476,0.002218476,0.431023033,0.431023033,0,0,0
RGI60-19.00079,0.048953125,0.016053778,51.9024979,7.76E-05,,0,0,0,0,1,1,0.000731802,0,0.147184722,0.131583901,4.972,0.000654235,0.000654235,0.131583901,0.131583901,0,0,0
RGI60-19.00080,0.048953125,0.016053778,51.96057004,5.92E-05,,0,0,0,0,1,1,-0.000698135,0,-0.084112622,-0.091250084,8.3,-0.000757376,-0.000757376,-0.091250084,-0.091250084,0,0,0
RGI60-19.00081,0.048953125,0.016053778,406.1187819,0.008086685,,0,0,0,0,1,1,0.00549512,0,1.053310394,-0.496753891,5.217,-0.002591565,-0.002591565,-0.496753891,-0.496753891,0,0,0
RGI60-19.00082,0.048953125,0.016053778,84.76785824,3.88E-05,,0,0,0,0,1,1,-0.000353217,0,-0.147913302,-0.164164457,2.388,-0.000392025,-0.000392025,-0.164164457,-0.164164457,0,0,0
RGI60-19.00084,0.048953125,0.016053778,125.7065538,0.000419535,,0,0,0,0,1,1,-7.21E-05,0,-0.026086591,-0.177817311,2.765,-0.000491665,-0.000491665,-0.177817311,-0.177817311,0,0,0
RGI60-19.00087,0.048953125,0.016053778,75.45385808,2.40E-05,,0,0,0,0,1,1,0.000107726,0,0.034616428,0.026916287,3.112,8.38E-05,8.38E-05,0.026916287,0.026916287,0,0,0
RGI60-19.00088,0.048953125,0.016053778,84.44617976,0.000689757,,0,0,0,0,1,1,-0.000889591,0,-0.01528035,-0.027128183,58.218,-0.001579349,-0.001579349,-0.027128183,-0.027128183,0,0,0
RGI60-19.00089,0.048953125,0.016053778,195.5444777,0.003423476,,0,0,0,0,1,1,0.002989567,0,0.247829501,-0.035970206,12.063,-0.000433909,-0.000433909,-0.035970206,-0.035970206,0,0,0
RGI60-19.00090,0.048953125,0.016053778,95.4492018,0.001323801,,0,0,0,0,1,1,0.000382866,0,0.02327313,-0.057196173,16.451,-0.000940934,-0.000940934,-0.057196173,-0.057196173,0,0,0
RGI60-19.00091,0.048953125,0.016053778,142.6625936,0.001957946,,0,0,0,0,1,1,0.001124103,0,0.030498198,-0.022623132,36.858,-0.000833843,-0.000833843,-0.022623132,-0.022623132,0,0,0
RGI60-19.00096,0.027374219,0.016053778,639.0998782,0.051835285,,0,0,0.000182467,0.258245752,1,1,0.054007903,0.002172619,1.104591635,0.044435287,48.894,0.002172619,0.002172619,0.044435287,0.044435287,0,0,0
RGI60-19.00097,0.048953125,0.016053778,659.7089906,0.031571632,,0,0,0,0,1,1,-0.001685962,0,-0.005426596,-0.107046025,310.685,-0.033257594,-0.033257594,-0.107046025,-0.107046025,0,0,0
RGI60-19.00098,0.048953125,0.016053778,786.4993284,0.061708737,,0,0,0,0,1,1,0.048357975,0,0.328322569,-0.090643928,147.288,-0.013350763,-0.013350763,-0.090643928,-0.090643928,0,0,0
RGI60-19.00099,0.048953125,0.016053778,354.9924863,0.010382165,,0,0,0,0,1,1,0.00207197,0,0.028383542,-0.113839845,72.999,-0.008310195,-0.008310195,-0.113839845,-0.113839845,0,0,0
RGI60-19.00101,0.048953125,0.016053778,673.694471,0.461934396,,0,0,0,0,1,1,0.391112344,0,0.313295656,-0.056731119,1248.381,-0.070822051,-0.070822051,-0.056731119,-0.056731119,0,0,0
RGI60-19.00102,0.048953125,0.016053778,780.6195283,0.08876623,,0,0,0,0,1,1,0.126222604,0,0.200097342,0.059378595,630.806,0.037456374,0.037456374,0.059378595,0.059378595,0,0,0
RGI60-19.00103,0.048953125,0.016053778,771.4302235,0.327612978,,0,0,0,0,1,1,0.583290488,0,0.271916987,0.11919114,2145.105,0.25567751,0.25567751,0.11919114,0.11919114,0,0,0
RGI60-19.00106,0.029771875,0.016053778,674.1825364,0.019418949,,0,0,5.27E-05,0.05264672,1,1,0.015510211,-0.003908739,1.017530064,-0.256428431,15.243,-0.003908739,-0.003908739,-0.256428431,-0.256428431,0,0,0
RGI60-19.00107,0.048953125,0.016053778,778.0886756,0.102389259,,0,0,0,0,1,1,0.114657926,0,0.511735521,0.054756901,224.057,0.012268667,0.012268667,0.054756901,0.054756901,0,0,0
RGI60-19.00109,0.048953125,0.016053778,778.8291423,0.105100342,,0,0,0,0,1,1,0.115026648,0,0.151353441,0.013061153,759.987,0.009926306,0.009926306,0.013061153,0.013061153,0,0,0
RGI60-19.00110,0.048953125,0.016053778,282.7743542,0.014707688,,0,0,0,0,1,1,0.002393357,0,0.074293246,-0.382254573,32.215,-0.012314331,-0.012314331,-0.382254573,-0.382254573,0,0,0
RGI60-19.00111,0.027374219,0.016053778,673.5426682,0.010989609,,0,0,3.32E-05,0.031616021,1,1,0.012201951,0.001212343,0.970025554,0.096378322,12.579,0.001212343,0.001212343,0.096378322,0.096378322,0,0,0
RGI60-19.00112,0.048953125,0.016053778,760.4708359,0.008751622,,0,0,0,0,1,1,0.019049388,0,0.023812449,0.012872594,799.976,0.010297766,0.010297766,0.012872594,0.012872594,0,0,0
RGI60-19.00113,0.048953125,0.016053778,786.9774575,0.077194617,,0,0,0,0,1,1,-0.025717791,0,-0.019327341,-0.077340359,1330.643,-0.102912408,-0.102912408,-0.077340359,-0.077340359,0,0,0
RGI60-19.00115,0.048953125,0.016053778,763.9321487,0.892370491,,0,0,0,0,1,1,1.224689785,0,0.57210182,0.155239699,2140.685,0.332319294,0.332319294,0.155239699,0.155239699,0,0,0
RGI60-19.00116,0.048953125,0.016053778,779.7574535,0.090218081,,0,0,0,0,1,1,0.072517686,0,0.193040743,-0.047118127,375.66,-0.017700396,-0.017700396,-0.047118127,-0.047118127,0,0,0
RGI60-19.00117,0.048953125,0.016053778,491.5895496,0.056628878,,0,0,0,0,1,1,0.02658396,0,0.091526488,-0.103442296,290.451,-0.030044918,-0.030044918,-0.103442296,-0.103442296,0,0,0
RGI60-19.00118,0.048953125,0.016053778,763.0629822,0.603556672,,0,0,0,0,1,1,0.5631253,0,0.286364408,-0.020560444,1966.464,-0.040431373,-0.040431373,-0.020560444,-0.020560444,0,0,0
RGI60-19.00119,0.048953125,0.016053778,765.6131601,0.488235938,,0,0,0,0,1,0,0.721529899,0,0.320504746,0.103629554,2251.23,0.23329396,0.23329396,0.103629554,0.103629554,0,0,0
RGI60-19.00120,0.048953125,0.016053778,145.9016114,3.26E-05,,0,0,0,0,1,1,-0.001069833,0,-0.066969218,-0.06900841,15.975,-0.001102409,-0.001102409,-0.06900841,-0.06900841,0,0,0
RGI60-19.00121,0.048953125,0.016053778,416.9233166,0.075807134,,0,0,0,0,1,1,0.138585619,0,0.214026885,0.096952943,647.515,0.062778485,0.062778485,0.096952943,0.096952943,0,0,0
RGI60-19.00122,0.048953125,0.016053778,264.7135878,0.008653974,,0,0,0,0,1,1,0.005841244,0,0.224283682,-0.107999135,26.044,-0.002812729,-0.002812729,-0.107999135,-0.107999135,0,0,0
RGI60-19.00123,0.048953125,0.016053778,316.1865321,0.012456666,,0,0,0,0,1,1,0.019065104,0,0.533976693,0.185089573,35.704,0.006608438,0.006608438,0.185089573,0.185089573,0,0,0
RGI60-19.00124,0.048953125,0.016053778,765.9521681,0.467024751,,0,0,0,0,1,1,0.338452204,0,0.071011775,-0.026976231,4766.142,-0.128572547,-0.128572547,-0.026976231,-0.026976231,0,0,0
RGI60-19.00125,0.048953125,0.016053778,347.5662097,0.014879222,,0,0,0,0,1,1,0.017638891,0,0.432686341,0.067695374,40.766,0.00275967,0.00275967,0.067695374,0.067695374,0,0,0
RGI60-19.00126,0.048953125,0.016053778,349.5933366,0.019827266,,0,0,0,0,1,1,0.021490871,0,0.223209885,0.017278647,96.281,0.001663605,0.001663605,0.017278647,0.017278647,0,0,0
RGI60-19.00127,0.048953125,0.016053778,230.9662393,0.017472587,,0,0,0,0,1,1,0.000511228,0,0.003388712,-0.112429631,150.862,-0.016961359,-0.016961359,-0.112429631,-0.112429631,0,0,0
RGI60-19.00128,0.046555469,0.016053778,715.0837462,0.062413533,,0,0,7.71E-05,0.243591612,1,1,0.081557695,0.019144162,1.077195393,0.25285171,75.713,0.019144162,0.019144162,0.25285171,0.25285171,0,0,0
RGI60-19.00129,0.048953125,0.016053778,227.9885037,0.005570533,,0,0,0,0,1,1,0.007532232,0,0.227931718,0.059362674,33.046,0.001961699,0.001961699,0.059362674,0.059362674,0,0,0
RGI60-19.00130,0.0393625,0.016053778,727.2575582,0.057288705,,0,0,0.00010055,0.113504685,1,1,0.078363127,0.021074422,1.062219607,0.285665786,73.773,0.021074422,0.021074422,0.285665786,0.285665786,0,0,0
RGI60-19.00131,0.048953125,0.016053778,509.2507137,0.018319478,,0,0,0,0,1,1,0.030140564,0,0.532358896,0.208790389,56.617,0.011821085,0.011821085,0.208790389,0.208790389,0,0,0
RGI60-19.00132,0.041760156,0.016053778,394.4829989,0.02283088,,0,0,3.68E-05,0.094655052,1,1,0.026316153,0.003485273,1.055009349,0.139723891,24.944,0.003485273,0.003485273,0.139723891,0.139723891,0,0,0
RGI60-19.00133,0.048953125,0.016053778,649.4923255,0.584330872,,0,0,0,0,1,1,0.589321161,0,0.921057531,0.007799386,639.831,0.004990289,0.004990289,0.007799386,0.007799386,0,0,0
RGI60-19.00134,0.048953125,0.016053778,764.2735368,0.597216969,,0,0,0,0,1,1,-0.507918831,0,-0.127604106,-0.277642524,3980.427,-1.105135799,-1.105135799,-0.277642524,-0.277642524,0,0,0
RGI60-19.00135,0.048953125,0.016053778,768.1461632,0.253243622,,0,0,0,0,1,1,-0.230478971,0,-0.217856167,-0.457230217,1057.941,-0.483722593,-0.483722593,-0.457230217,-0.457230217,0,0,0
RGI60-19.00136,0.048953125,0.016053778,765.131291,0.366123563,,0,0,0,0,1,1,0.16136828,0,0.106207921,-0.134763989,1519.362,-0.204755283,-0.204755283,-0.134763989,-0.134763989,0,0,0
RGI60-19.00137,0.048953125,0.016053778,596.4142379,0.146816887,,0,0,0,0,1,1,-0.102720086,0,-0.132003982,-0.320676075,778.159,-0.249536974,-0.249536974,-0.320676075,-0.320676075,0,0,0
RGI60-19.00138,0.048953125,0.016053778,772.4600783,0.177296326,,0,0,0,0,1,1,0.027473048,0,0.02742155,-0.149542437,1001.878,-0.149823278,-0.149823278,-0.149542437,-0.149542437,0,0,0
RGI60-19.00139,0.048953125,0.016053778,328.2937397,0.158210752,,0,0,0,0,1,1,0.182543988,0,0.168881477,0.022512014,1080.9,0.024333236,0.024333236,0.022512014,0.022512014,0,0,0
RGI60-19.00140,0.048953125,0.016053778,407.6418861,0.587818436,,0,0,0,0,1,1,0.405963254,0,0.152747715,-0.068424822,2657.737,-0.181855182,-0.181855182,-0.068424822,-0.068424822,0,0,0
RGI60-19.00141,0.048953125,0.016053778,53.58987126,4.36E-06,,0,0,0,0,1,1,-4.98E-05,0,-0.009679154,-0.010526956,5.144,-5.42E-05,-5.42E-05,-0.010526956,-0.010526956,0,0,0
RGI60-19.00142,0.048953125,0.016053778,165.3955054,0.023624167,,0,0,0,0,1,1,-0.052004193,0,-0.094953782,-0.138088843,547.679,-0.075628359,-0.075628359,-0.138088843,-0.138088843,0,0,0
RGI60-19.00143,0.048953125,0.016053778,162.6506543,0.00563533,,0,0,0,0,1,1,0.026549113,0,0.078260792,0.061649112,339.239,0.020913783,0.020913783,0.061649112,0.061649112,0,0,0
RGI60-19.00144,0.048953125,0.016053778,88.59573945,0.00094063,,0,0,0,0,1,1,0.021320805,0,0.111032559,0.106134033,192.023,0.020380175,0.020380175,0.106134033,0.106134033,0,0,0
RGI60-19.00145,0.048953125,0.016053778,285.6895369,0.005005377,,0,0,0,0,1,1,0.00115949,0,0.056155076,-0.186259554,20.648,-0.003845887,-0.003845887,-0.186259554,-0.186259554,0,0,0
RGI60-19.00146,0.048953125,0.016053778,72.69542004,5.55E-05,,0,0,0,0,1,1,-0.004417811,0,-0.182690063,-0.184984469,24.182,-0.004473294,-0.004473294,-0.184984469,-0.184984469,0,0,0
RGI60-19.00147,0.048953125,0.016053778,729.8825739,0.043332534,,0,0,0,0,1,1,0.072475784,0,0.269139559,0.108223757,269.287,0.029143251,0.029143251,0.108223757,0.108223757,0,0,0
RGI60-19.00148,0.048953125,0.016053778,339.197181,0.012480436,,0,0,0,0,1,1,0.042858671,0,0.09179077,0.065061316,466.917,0.030378235,0.030378235,0.065061316,0.065061316,0,0,0
RGI60-19.00149,0.048953125,0.016053778,136.1902114,0.000327357,,0,0,0,0,1,1,0.002371961,0,0.188895513,0.162825804,12.557,0.002044604,0.002044604,0.162825804,0.162825804,0,0,0
RGI60-19.00150,0.048953125,0.016053778,116.4285238,0.000616782,,0,0,0,0,1,1,-0.000142759,0,-0.019085472,-0.101543006,7.48,-0.000759542,-0.000759542,-0.101543006,-0.101543006,0,0,0
RGI60-19.00151,0.048953125,0.016053778,769.1822587,0.250650721,,0,0,0,0,1,1,0.223298123,0,0.326608702,-0.040007486,683.687,-0.027352598,-0.027352598,-0.040007486,-0.040007486,0,0,0
RGI60-19.00153,0.048953125,0.016053778,773.4941476,0.141281775,,0,0,0,0,1,1,0.142369663,0,0.415282571,0.003173294,342.826,0.001087888,0.001087888,0.003173294,0.003173294,0,0,0
RGI60-19.00154,0.046555469,0.016053778,801.0136018,0.032253627,,0,0,3.90E-05,0.071158895,1,1,0.030112826,-0.002140801,1.016192271,-0.07224382,29.633,-0.002140801,-0.002140801,-0.07224382,-0.07224382,0,0,0
RGI60-19.00155,0.048953125,0.016053778,138.6728481,0.001006251,,0,0,0,0,1,1,0.009918574,0,0.289213402,0.259872365,34.295,0.008912323,0.008912323,0.259872365,0.259872365,0,0,0
RGI60-19.00156,0.048953125,0.016053778,761.7662477,0.148214653,,0,0,0,0,1,1,-0.178238529,0,-0.050440403,-0.092384235,3533.646,-0.326453183,-0.326453183,-0.092384235,-0.092384235,0,0,0
RGI60-19.00157,0.048953125,0.016053778,787.3653335,0.069606926,,0,0,0,0,1,1,0.049765739,0,0.488291949,-0.194677944,101.918,-0.019841187,-0.019841187,-0.194677944,-0.194677944,0,0,0
RGI60-19.00158,0.048953125,0.016053778,86.17435731,0.000160727,,0,0,0,0,1,1,0.007435594,0,0.331324946,0.324163045,22.442,0.007274867,0.007274867,0.324163045,0.324163045,0,0,0
RGI60-19.00159,0.048953125,0.016053778,69.7887646,0.000121041,,0,0,0,0,1,1,0.00329527,0,0.245897354,0.23686511,13.401,0.003174229,0.003174229,0.23686511,0.23686511,0,0,0
RGI60-19.00160,0.048953125,0.016053778,820.4654881,0.041648417,,0,0,0,0,1,1,-0.090888344,0,-0.070367984,-0.102613209,1291.615,-0.132536761,-0.132536761,-0.102613209,-0.102613209,0,0,0
RGI60-19.00161,0.048953125,0.016053778,274.1734869,0.005043329,,0,0,0,0,1,1,0.023355229,0,0.147695448,0.115802087,158.131,0.0183119,0.0183119,0.115802087,0.115802087,0,0,0
RGI60-19.00162,0.048953125,0.016053778,802.494083,0.054797162,,0,0,0,0,1,1,0.088905996,0,0.541383485,0.207702072,164.22,0.034108834,0.034108834,0.207702072,0.207702072,0,0,0
RGI60-19.00163,0.048953125,0.016053778,189.6601463,0.00489655,,0,0,0,0,1,1,0.064007927,0,0.292421851,0.270051838,218.889,0.059111377,0.059111377,0.270051838,0.270051838,0,0,0
RGI60-19.00164,0.048953125,0.016053778,868.7290458,0.025072144,,0,0,0,0,1,1,0.085843042,0,0.797960943,0.564900795,107.578,0.060770898,0.060770898,0.564900795,0.564900795,0,0,0
RGI60-19.00165,0.029771875,0.016053778,666.0908742,0.022258275,,0,0,6.09E-05,0.108101881,1,1,0.020597617,-0.001660658,0.989651528,-0.07978947,20.813,-0.001660658,-0.001660658,-0.07978947,-0.07978947,0,0,0
RGI60-19.00166,0.048953125,0.016053778,621.0607777,0.083272633,,0,0,0,0,1,1,0.168193596,0,0.307473604,0.155243453,547.018,0.084920963,0.084920963,0.155243453,0.155243453,0,0,0
RGI60-19.00167,0.048953125,0.016053778,764.8141349,0.080390679,,0,0,0,0,1,1,0.09446772,0,0.242365371,0.036115907,389.774,0.014077041,0.014077041,0.036115907,0.036115907,0,0,0
RGI60-19.00168,0.048953125,0.016053778,764.8055604,0.128340727,,0,0,0,0,1,1,0.052355476,0,0.066022287,-0.095820352,792.997,-0.075985251,-0.075985251,-0.095820352,-0.095820352,0,0,0
RGI60-19.00169,0.048953125,0.016053778,776.9569526,0.121087958,,0,0,0,0,1,1,0.210067515,0,0.088005414,0.037276981,2386.984,0.088979558,0.088979558,0.037276981,0.037276981,0,0,0
RGI60-19.00170,0.048953125,0.016053778,763.9965013,0.016624581,,0,0,0,0,1,1,0.011813487,0,0.191702693,-0.07807176,61.624,-0.004811094,-0.004811094,-0.07807176,-0.07807176,0,0,0
RGI60-19.00172,0.048953125,0.016053778,776.8823465,0.107300882,,0,0,0,0,1,1,0.079270538,0,0.137788716,-0.048722582,575.305,-0.028030345,-0.028030345,-0.048722582,-0.048722582,0,0,0
RGI60-19.00173,0.048953125,0.016053778,771.3656631,0.164956173,,0,0,0,0,1,1,0.124640815,0,0.246736298,-0.079807423,505.158,-0.040315358,-0.040315358,-0.079807423,-0.079807423,0,0,0
RGI60-19.00174,0.032169531,0.016053778,715.2257763,0.015512856,,0,0,3.43E-05,0.057931283,1,1,0.012457897,-0.003054959,0.989821757,-0.242726755,12.586,-0.003054959,-0.003054959,-0.242726755,-0.242726755,0,0,0
RGI60-19.00175,0.02018125,0.016053778,424.3071837,0.000549109,,0,0,4.27E-06,0.001433412,1,0,0.000356675,-0.000192434,1.090749075,-0.588484511,0.327,-0.000192434,-0.000192434,-0.588484511,-0.588484511,0,0,0
RGI60-19.00176,0.015385938,0.016053778,91.28194793,9.17E-06,,0,0,8.50E-08,1.05E-05,1,0,1.21E-05,2.93E-06,0.930603474,0.225089748,0.013,2.93E-06,2.93E-06,0.225089748,0.225089748,0,0,0
RGI60-19.00179,0.048953125,0.016053778,91.00916379,0.000118555,,0,0,0,0,1,1,-0.003463547,0,-0.679393202,-0.702648361,5.098,-0.003582101,-0.003582101,-0.702648361,-0.702648361,0,0,0
RGI60-19.00180,0.048953125,0.016053778,49.24188446,1.64E-05,,0,0,0,0,1,1,-0.005133682,0,-0.648192233,-0.65025687,7.92,-0.005150034,-0.005150034,-0.65025687,-0.65025687,0,0,0
RGI60-19.00181,0.048953125,0.016053778,59.84497094,3.11E-05,,0,0,0,0,1,1,-0.003534245,0,-0.62365364,-0.629148987,5.667,-0.003565387,-0.003565387,-0.629148987,-0.629148987,0,0,0
RGI60-19.00182,0.048953125,0.016053778,130.2885768,0.000668699,,0,0,0,0,1,1,-0.001517534,0,-0.240572966,-0.34658105,6.308,-0.002186233,-0.002186233,-0.34658105,-0.34658105,0,0,0
RGI60-19.00183,0.048953125,0.016053778,105.3499503,0.000381933,,0,0,0,0,1,1,-0.002403211,0,-0.205824816,-0.238535767,11.676,-0.002785144,-0.002785144,-0.238535767,-0.238535767,0,0,0
RGI60-19.00184,0.048953125,0.016053778,468.1147873,0.003783914,,0,0,0,0,1,0,0.001082667,0,0.291745408,-0.727902547,3.711,-0.002701246,-0.002701246,-0.727902547,-0.727902547,0,0,0
RGI60-19.00185,0.048953125,0.016053778,88.25704641,0.000284581,,0,0,0,0,1,1,-2.52E-05,0,-0.004290955,-0.052680779,5.881,-0.000309816,-0.000309816,-0.052680779,-0.052680779,0,0,0
RGI60-19.00186,0.048953125,0.016053778,82.52121049,0.000244407,,0,0,0,0,1,1,0.000836866,0,0.319414423,0.226129355,2.62,0.000592459,0.000592459,0.226129355,0.226129355,0,0,0
RGI60-19.00187,0.048953125,0.016053778,61.7065384,2.51E-05,,0,0,0,0,1,1,-0.000814464,0,-0.270856029,-0.279217436,3.007,-0.000839607,-0.000839607,-0.279217436,-0.279217436,0,0,0
RGI60-19.00188,0.048953125,0.016053778,479.2419533,0.004157443,,0,0,0,0,1,0,0.003468611,0,0.785642326,-0.156020859,4.415,-0.000688832,-0.000688832,-0.156020859,-0.156020859,0,0,0
RGI60-19.00189,0.048953125,0.016053778,72.21379982,0.000434163,,0,0,0,0,1,1,-0.00362362,0,-0.33065243,-0.370269489,10.959,-0.004057783,-0.004057783,-0.370269489,-0.370269489,0,0,0
RGI60-19.00190,0.048953125,0.016053778,100.0159953,0.000345623,,0,0,0,0,1,1,-0.000928462,0,-0.192267958,-0.263840383,4.829,-0.001274085,-0.001274085,-0.263840383,-0.263840383,0,0,0
RGI60-19.00191,0.048953125,0.016053778,136.1014228,0.000715684,,0,0,0,0,1,1,-0.001252091,0,-0.362819626,-0.570204212,3.451,-0.001967775,-0.001967775,-0.570204212,-0.570204212,0,0,0
RGI60-19.00193,0.048953125,0.016053778,496.8320624,0.0178577,,0,0,0,0,1,0,0.011504774,0,0.757540913,-0.418313407,15.187,-0.006352926,-0.006352926,-0.418313407,-0.418313407,0,0,0
RGI60-19.00194,0.048953125,0.016053778,69.70166658,9.78E-05,,0,0,0,0,1,1,0.000421264,0,0.151479391,0.116324174,2.781,0.000323498,0.000323498,0.116324174,0.116324174,0,0,0
RGI60-19.00195,0.048953125,0.016053778,57.03301138,0.000102262,,0,0,0,0,1,1,-0.000148173,0,-0.070828297,-0.11971048,2.092,-0.000250434,-0.000250434,-0.11971048,-0.11971048,0,0,0
RGI60-19.00197,0.048953125,0.016053778,80.26717097,0.000766347,,0,0,0,0,1,1,0.033250168,0,0.301342834,0.294397515,110.34,0.032483822,0.032483822,0.294397515,0.294397515,0,0,0
RGI60-19.00198,0.048953125,0.016053778,55.12731103,5.35E-07,,0,0,0,0,1,1,-1.18E-06,0,-0.107400033,-0.156020859,0.011,-1.72E-06,-1.72E-06,-0.156020859,-0.156020859,0,0,0
RGI60-19.00199,0.048953125,0.016053778,309.7481343,0.01068355,,0,0,0,0,1,1,-0.024984036,0,-0.391888009,-0.559465214,63.753,-0.035667586,-0.035667586,-0.559465214,-0.559465214,0,0,0
RGI60-19.00201,0.048953125,0.016053778,55.35207249,3.13E-05,,0,0,0,0,1,1,-0.008388398,0,-0.298413301,-0.29952577,28.11,-0.008419669,-0.008419669,-0.29952577,-0.29952577,0,0,0
RGI60-19.00202,0.048953125,0.016053778,109.5318924,1.20E-05,,0,0,0,0,1,0,1.57E-06,0,0.043665969,-0.289058124,0.036,-1.04E-05,-1.04E-05,-0.289058124,-0.289058124,0,0,0
RGI60-19.00203,0.048953125,0.016053778,61.48911914,7.96E-05,,0,0,0,0,1,1,0.00116449,0,0.216891349,0.202061009,5.369,0.001084866,0.001084866,0.202061009,0.202061009,0,0,0
RGI60-19.00205,0.015385938,0.016053778,520.5593944,0.003908236,,0,0,2.09E-05,0.000370543,1,0,0.009180307,0.005272072,1.031379305,0.592301039,8.901,0.005272072,0.005272072,0.592301039,0.592301039,0,0,0
RGI60-19.00206,0.048953125,0.016053778,242.5701556,0.002518764,,0,0,0,0,1,1,0.003271422,0,0.433473158,0.099729477,7.547,0.000752658,0.000752658,0.099729477,0.099729477,0,0,0
RGI60-19.00207,0.048953125,0.016053778,89.94318257,0.000825009,,0,0,0,0,1,1,-0.001188037,0,-0.149645726,-0.253564201,7.939,-0.002013046,-0.002013046,-0.253564201,-0.253564201,0,0,0
RGI60-19.00210,0.048953125,0.016053778,84.02432079,0.001370031,,0,0,0,0,1,1,-0.188569012,0,-1.047111151,-1.054718841,180.085,-0.189939043,-0.189939043,-1.054718841,-1.054718841,0,0,0
RGI60-19.00212,0.048953125,0.016053778,144.2523724,0.036756119,,0,0,0,0,1,1,-0.54104724,0,-0.549399207,-0.586722718,984.798,-0.577803359,-0.577803359,-0.586722718,-0.586722718,0,0,0
RGI60-19.00213,0.048953125,0.016053778,36.22125053,0,,0,0,0,0,1,1,-0.000913711,0,-0.459613158,-0.459613158,1.988,-0.000913711,-0.000913711,-0.459613158,-0.459613158,0,0,0
RGI60-19.00214,0.048953125,0.016053778,126.9951035,0.000676766,,0,0,0,0,1,1,-0.002411667,0,-0.530036755,-0.678776431,4.55,-0.003088433,-0.003088433,-0.678776431,-0.678776431,0,0,0
RGI60-19.00215,0.048953125,0.016053778,187.1408482,0.005325174,,0,0,0,0,1,1,0.0098365,0,0.437897869,0.200833649,22.463,0.004511326,0.004511326,0.200833649,0.200833649,0,0,0
RGI60-19.00216,0.048953125,0.016053778,108.6675354,0.000835621,,0,0,0,0,1,1,-0.001307934,0,-0.171825295,-0.281602144,7.612,-0.002143556,-0.002143556,-0.281602144,-0.281602144,0,0,0
RGI60-19.00217,0.048953125,0.016053778,94.10691766,0.001700899,,0,0,0,0,1,1,0.005570328,0,0.160968891,0.111817069,34.605,0.00386943,0.00386943,0.111817069,0.111817069,0,0,0
RGI60-19.00218,0.048953125,0.016053778,767.2399641,0.007457581,,0,0,0,0,1,0,0.002094387,0,0.502010243,-1.285521113,4.172,-0.005363194,-0.005363194,-1.285521113,-1.285521113,0,0,0
RGI60-19.00220,0.048953125,0.016053778,109.7595443,0.00049626,,0,0,0,0,1,1,-0.006918794,0,-0.583028052,-0.624846504,11.867,-0.007415053,-0.007415053,-0.624846504,-0.624846504,0,0,0
RGI60-19.00221,0.048953125,0.016053778,767.2399641,0.005199897,,0,0,0,0,1,0,0.002911138,0,0.861028796,-0.676947156,3.381,-0.002288758,-0.002288758,-0.676947156,-0.676947156,0,0,0
RGI60-19.00222,0.048953125,0.016053778,97.07206519,0.000648098,,0,0,0,0,1,1,-0.022018317,0,-0.562050202,-0.578593858,39.175,-0.022666414,-0.022666414,-0.578593858,-0.578593858,0,0,0
RGI60-19.00223,0.048953125,0.016053778,137.7540355,0.000553796,,0,0,0,0,1,1,-0.001256913,0,-0.123651052,-0.17813171,10.165,-0.001810709,-0.001810709,-0.17813171,-0.17813171,0,0,0
RGI60-19.00224,0.048953125,0.016053778,100.427433,0.00042731,,0,0,0,0,1,1,-0.002909875,0,-0.175219774,-0.200950493,16.607,-0.003337185,-0.003337185,-0.200950493,-0.200950493,0,0,0
RGI60-19.00225,0.048953125,0.016053778,137.3395356,0.000846054,,0,0,0,0,1,1,0.002940457,0,0.114316825,0.0814246,25.722,0.002094404,0.002094404,0.0814246,0.0814246,0,0,0
RGI60-19.00226,0.048953125,0.016053778,82.66234295,0.000516807,,0,0,0,0,1,1,0.002207231,0,0.061699294,0.047252849,35.774,0.001690423,0.001690423,0.047252849,0.047252849,0,0,0
RGI60-19.00227,0.048953125,0.016053778,294.9196906,0.00050246,,0,0,2.18E-06,0.001139945,1,1,0.007630755,0.007128295,1.404519616,1.312036675,5.433,0.007128295,0.007128295,1.312036675,1.312036675,0,0,0
RGI60-19.00229,0.048953125,0.016053778,18.00866653,0,,0,0,0,0,1,1,-8.27E-06,0,-0.156020859,-0.156020859,0.053,-8.27E-06,-8.27E-06,-0.156020859,-0.156020859,0,0,0
RGI60-19.00230,0.048953125,0.016053778,239.030894,2.31E-05,,0,0,0,0,1,0,2.00E-05,0,1.000208597,-0.156020859,0.02,-3.12E-06,-3.12E-06,-0.156020859,-0.156020859,0,0,0
RGI60-19.00231,0.048953125,0.016053778,100.5124131,0.000866406,,0,0,0,0,1,1,-0.003664868,0,-0.053366947,-0.065983343,68.673,-0.004531274,-0.004531274,-0.065983343,-0.065983343,0,0,0
RGI60-19.00232,0.048953125,0.016053778,,,,0,0,0,0,0,0,,-2.03E-06,,-0.156020859,0.013,-2.03E-06,-2.03E-06,-0.156020859,-0.156020859,0,0,0
RGI60-19.00233,0.048953125,0.016053778,18.96098173,0,,0,0,0,0,1,1,-2.50E-06,0,-0.156020859,-0.156020859,0.016,-2.50E-06,-2.50E-06,-0.156020859,-0.156020859,0,0,0
RGI60-19.00235,0.048953125,0.016053778,28.21801892,2.07E-09,,0,0,0,0,1,1,-2.99E-05,0,-0.398101235,-0.398128796,0.075,-2.99E-05,-2.99E-05,-0.398128796,-0.398128796,0,0,0
RGI60-19.00236,0.048953125,0.016053778,45.85171816,1.11E-05,,0,0,0,0,1,1,-0.001184834,0,-0.282574368,-0.285218534,4.193,-0.001195921,-0.001195921,-0.285218534,-0.285218534,0,0,0
RGI60-19.00238,0.048953125,0.016053778,466.7286026,0.010558682,,0,0,0,0,1,1,0.010753027,0,0.996942971,0.01801828,10.786,0.000194345,0.000194345,0.01801828,0.01801828,0,0,0
RGI60-19.00239,0.048953125,0.016053778,474.1435972,0.002575785,,0,0,0,0,1,0,-0.002311169,0,-0.592151948,-1.252101881,3.903,-0.004886954,-0.004886954,-1.252101881,-1.252101881,0,0,0
RGI60-19.00241,0.048953125,0.016053778,72.74762848,0.000435067,,0,0,0,0,1,1,-0.001676889,0,-0.162175,-0.204251087,10.34,-0.002111956,-0.002111956,-0.204251087,-0.204251087,0,0,0
RGI60-19.00243,0.048953125,0.016053778,67.69981902,7.31E-05,,0,0,0,0,1,1,-0.001076385,0,-0.111346363,-0.118908401,9.667,-0.001149488,-0.001149488,-0.118908401,-0.118908401,0,0,0
RGI60-19.00244,0.048953125,0.016053778,62.97649356,2.11E-05,,0,0,0,0,1,1,4.18E-05,0,0.015552729,0.007685281,2.685,2.06E-05,2.06E-05,0.007685281,0.007685281,0,0,0
RGI60-19.00245,0.048953125,0.016053778,62.33181668,5.20E-05,,0,0,0,0,1,1,-0.000849336,0,-0.226429342,-0.2403038,3.751,-0.00090138,-0.00090138,-0.2403038,-0.2403038,0,0,0
RGI60-19.00246,0.048953125,0.016053778,48.16673791,9.54E-06,,0,0,0,0,1,1,-0.003452624,0,-0.284564753,-0.285351018,12.133,-0.003462164,-0.003462164,-0.285351018,-0.285351018,0,0,0
RGI60-19.00247,0.048953125,0.016053778,78.27661474,0.000348851,,0,0,0,0,1,1,-0.001205925,0,-0.094176118,-0.121419439,12.805,-0.001554776,-0.001554776,-0.121419439,-0.121419439,0,0,0
RGI60-19.00248,0.048953125,0.016053778,42.23845471,2.84E-05,,0,0,0,0,1,1,-0.000767057,0,-0.102822602,-0.106632876,7.46,-0.000795481,-0.000795481,-0.106632876,-0.106632876,0,0,0
RGI60-19.00249,0.048953125,0.016053778,144.8601529,0.000701656,,0,0,0,0,1,1,-0.006683617,0,-0.216634815,-0.239377449,30.852,-0.007385273,-0.007385273,-0.239377449,-0.239377449,0,0,0
RGI60-19.00250,0.048953125,0.016053778,135.7412785,0.001315932,,0,0,0,0,1,1,-0.010107514,0,-0.269311063,-0.30437361,37.531,-0.011423446,-0.011423446,-0.30437361,-0.30437361,0,0,0
RGI60-19.00251,0.048953125,0.016053778,51.81195129,8.40E-05,,0,0,0,0,1,1,0.002442352,0,0.272980003,0.263586085,8.947,0.002358305,0.002358305,0.263586085,0.263586085,0,0,0
RGI60-19.00252,0.048953125,0.016053778,104.4230223,0.001356663,,0,0,0,0,1,1,0.025561549,0,0.903075401,0.855145265,28.305,0.024204887,0.024204887,0.855145265,0.855145265,0,0,0
RGI60-19.00256,0.048953125,0.016053778,767.2399641,0.020286602,,0,0,0,0,1,1,0.018204076,0,0.421820285,-0.048255765,43.156,-0.002082526,-0.002082526,-0.048255765,-0.048255765,0,0,0
RGI60-19.00257,0.046555469,0.016053778,657.1084579,0.012027534,,0,0,1.67E-05,0.037324312,1,1,0.015251118,0.003223584,1.110626101,0.234749789,13.732,0.003223584,0.003223584,0.234749789,0.234749789,0,0,0
RGI60-19.00258,0.048953125,0.016053778,84.11294993,0.0004285,,0,0,0,0,1,1,0.023267002,0,0.407157271,0.399658801,57.145,0.022838502,0.022838502,0.399658801,0.399658801,0,0,0
RGI60-19.00260,0.048953125,0.016053778,52.3393747,0.00024865,,0,0,0,0,1,1,0.007273975,0,1.008593335,0.974116028,7.212,0.007025325,0.007025325,0.974116028,0.974116028,0,0,0
RGI60-19.00261,0.048953125,0.016053778,588.9272909,0.003552876,,0,0,0,0,1,1,0.009315422,0,0.851034378,0.526452253,10.946,0.005762546,0.005762546,0.526452253,0.526452253,0,0,0
RGI60-19.00267,0.048953125,0.016053778,126.1536677,0.001180577,,0,0,0,0,1,1,0.001635519,0,0.14012325,0.038977164,11.672,0.000454941,0.000454941,0.038977164,0.038977164,0,0,0
RGI60-19.00268,0.048953125,0.016053778,48.36869046,1.70E-05,,0,0,0,0,1,1,0.007664649,0,0.996055718,0.993846261,7.695,0.007647647,0.007647647,0.993846261,0.993846261,0,0,0
RGI60-19.00270,0.048953125,0.016053778,56.62292753,1.93E-05,,0,0,1.02E-06,0.025440944,1,1,0.008954185,0.008934886,1.771702537,1.76788404,5.054,0.008934886,0.008934886,1.76788404,1.76788404,0,0,0
RGI60-19.00271,0.048953125,0.016053778,49.67511994,3.79E-06,,0,0,0,0,1,1,0.006701333,0,0.719335856,0.718928543,9.316,0.006697538,0.006697538,0.718928543,0.718928543,0,0,0
RGI60-19.00273,0.048953125,0.016053778,60.13094505,0.000329213,,0,0,0,0,1,1,0.016900574,0,0.722246737,0.708177813,23.4,0.016571361,0.016571361,0.708177813,0.708177813,0,0,0
RGI60-19.00275,0.048953125,0.016053778,97.13767492,0.000607164,,0,0,0,0,1,1,-0.000694012,0,-0.042585241,-0.079841413,16.297,-0.001301176,-0.001301176,-0.079841413,-0.079841413,0,0,0
RGI60-19.00276,0.048953125,0.016053778,62.15635598,0.000163571,,0,0,0,0,1,1,0.005505364,0,0.574253016,0.557191265,9.587,0.005341793,0.005341793,0.557191265,0.557191265,0,0,0
RGI60-19.00277,0.046555469,0.016053778,754.447269,0.02638385,,0,0,2.95E-05,0.16637272,1,1,0.045884153,0.019500303,1.077269802,0.457828814,42.593,0.019500303,0.019500303,0.457828814,0.457828814,0,0,0
RGI60-19.00278,0.048953125,0.016053778,423.0044901,0.00826079,,0,0,0,0,1,1,-0.007379236,0,-0.370517976,-0.785299544,19.916,-0.015640026,-0.015640026,-0.785299544,-0.785299544,0,0,0
RGI60-19.00280,0.048953125,0.016053778,37.95364515,1.91E-06,,0,0,8.91E-07,0.012221749,1,1,0.00569884,0.005696935,1.684552295,1.683989139,3.383,0.005696935,0.005696935,1.683989139,1.683989139,0,0,0
RGI60-19.00281,0.048953125,0.016053778,124.638778,0.000683311,,0,0,5.10E-06,0.005839215,1,1,0.023092909,0.022409599,1.734092448,1.682781304,13.317,0.022409599,0.022409599,1.682781304,1.682781304,0,0,0
RGI60-19.00282,0.048953125,0.016053778,46.4430283,1.07E-05,,0,0,0,0,1,1,-0.001106393,0,-0.213218915,-0.215285377,5.189,-0.001117116,-0.001117116,-0.215285377,-0.215285377,0,0,0
RGI60-19.00283,0.048953125,0.016053778,181.0457292,0.000794519,,0,0,0,0,1,1,-0.000779462,0,-0.128624116,-0.259732856,6.06,-0.001573981,-0.001573981,-0.259732856,-0.259732856,0,0,0
RGI60-19.00284,0.048953125,0.016053778,50.21762043,1.83E-05,,0,0,0,0,1,1,-0.001921073,0,-0.314517562,-0.317516116,6.108,-0.001939388,-0.001939388,-0.317516116,-0.317516116,0,0,0
RGI60-19.00285,0.048953125,0.016053778,428.38175,0.001549055,,0,0,0,0,1,0,-0.00876737,0,-1.158938573,-1.363704568,7.565,-0.010316425,-0.010316425,-1.363704568,-1.363704568,0,0,0
RGI60-19.00286,0.048953125,0.016053778,103.1329995,0.000285025,,0,0,0,0,1,1,0.000584858,0,0.167773271,0.086010627,3.486,0.000299833,0.000299833,0.086010627,0.086010627,0,0,0
RGI60-19.00287,0.048953125,0.016053778,241.8138504,0.003476143,,0,0,0,0,1,1,-0.000213489,0,-0.037219213,-0.643241299,5.736,-0.003689632,-0.003689632,-0.643241299,-0.643241299,0,0,0
RGI60-19.00288,0.048953125,0.016053778,66.49301228,1.70E-05,,0,0,0,0,1,1,-0.000905806,0,-0.293425835,-0.29894523,3.087,-0.000922844,-0.000922844,-0.29894523,-0.29894523,0,0,0
RGI60-19.00289,0.048953125,0.016053778,144.8788876,0.00204322,,0,0,0,0,1,1,-0.000267191,0,-0.02901093,-0.25085892,9.21,-0.002310411,-0.002310411,-0.25085892,-0.25085892,0,0,0
RGI60-19.00290,0.048953125,0.016053778,177.5332565,0.002517,,0,0,0,0,1,1,-0.003311234,0,-0.29963209,-0.52739428,11.051,-0.005828234,-0.005828234,-0.52739428,-0.52739428,0,0,0
RGI60-19.00296,0.041760156,0.016053778,607.1319606,0.010280193,,0,0,4.50E-05,0.025801972,1,0,0.005532424,-0.004747769,1.053393823,-0.903992586,5.252,-0.004747769,-0.004747769,-0.903992586,-0.903992586,0,0,0
RGI60-19.00297,0.048953125,0.016053778,52.55441465,6.64E-05,,0,0,0,0,1,1,0.000325637,0,0.076208134,0.060673733,4.273,0.000259259,0.000259259,0.060673733,0.060673733,0,0,0
RGI60-19.00298,0.048953125,0.016053778,51.52605301,4.34E-06,,0,0,0,0,1,1,-0.000389854,0,-0.08303609,-0.08396071,4.695,-0.000394196,-0.000394196,-0.08396071,-0.08396071,0,0,0
RGI60-19.00299,0.048953125,0.016053778,125.3023973,0.000495512,,0,0,0,0,1,1,0.000688094,0,0.170955064,0.047846402,4.025,0.000192582,0.000192582,0.047846402,0.047846402,0,0,0
RGI60-19.00300,0.048953125,0.016053778,184.4009721,0.00075517,,0,0,0,0,1,1,0.000501481,0,0.116813698,-0.059093584,4.293,-0.000253689,-0.000253689,-0.059093584,-0.059093584,0,0,0
RGI60-19.00301,0.048953125,0.016053778,71.35604204,0.000271855,,0,0,0,0,1,1,-0.000339012,0,-0.103832121,-0.18709564,3.265,-0.000610867,-0.000610867,-0.18709564,-0.18709564,0,0,0
RGI60-19.00302,0.048953125,0.016053778,44.04181292,1.66E-05,,0,0,0,0,1,1,0.002976769,0,0.342314781,0.340407319,8.696,0.002960182,0.002960182,0.340407319,0.340407319,0,0,0
RGI60-19.00303,0.048953125,0.016053778,62.22226931,0.000340355,,0,0,0,0,1,1,-0.040463592,0,-0.602235364,-0.607300998,67.189,-0.040803947,-0.040803947,-0.607300998,-0.607300998,0,0,0
RGI60-19.00304,0.048953125,0.016053778,75.73640037,0.000319318,,0,0,0,0,1,1,-0.001601298,0,-0.130081109,-0.156020859,12.31,-0.001920617,-0.001920617,-0.156020859,-0.156020859,0,0,0
RGI60-19.00305,0.048953125,0.016053778,100.2202806,8.28E-05,,0,0,0,0,1,1,-0.000470328,0,-0.096220989,-0.113159027,4.888,-0.000553121,-0.000553121,-0.113159027,-0.113159027,0,0,0
RGI60-19.00306,0.048953125,0.016053778,256.6889643,0.001658095,,0,0,0,0,1,1,0.000672437,0,0.079110243,-0.115959779,8.5,-0.000985658,-0.000985658,-0.115959779,-0.115959779,0,0,0
RGI60-19.00307,0.048953125,0.016053778,153.0112163,0.001058599,,0,0,0,0,1,1,-0.082504171,0,-0.355889877,-0.360456247,231.825,-0.083562769,-0.083562769,-0.360456247,-0.360456247,0,0,0
RGI60-19.00308,0.048953125,0.016053778,53.19204103,4.21E-05,,0,0,0,0,1,1,0.009517919,0,0.725395883,0.722187663,13.121,0.009475824,0.009475824,0.722187663,0.722187663,0,0,0
RGI60-19.00310,0.048953125,0.016053778,45.08739216,1.37E-05,,0,0,0,0,1,1,-0.002550751,0,-1.093803933,-1.099686664,2.332,-0.002564469,-0.002564469,-1.099686664,-1.099686664,0,0,0
RGI60-19.00311,0.048953125,0.016053778,177.5058273,0.000861874,,0,0,0,0,1,1,0.00821082,0,0.713798164,0.638872119,11.503,0.007348946,0.007348946,0.638872119,0.638872119,0,0,0
RGI60-19.00312,0.048953125,0.016053778,82.92712159,7.37E-05,,0,0,0,0,1,1,0.003228977,0,0.790253813,0.772214027,4.086,0.003155267,0.003155267,0.772214027,0.772214027,0,0,0
RGI60-19.00313,0.048953125,0.016053778,62.10111013,5.52E-05,,0,0,0,0,1,1,-0.0016204,0,-0.250835884,-0.259378817,6.46,-0.001675587,-0.001675587,-0.259378817,-0.259378817,0,0,0
RGI60-19.00314,0.048953125,0.016053778,156.3552657,0.001214123,,0,0,0,0,1,1,0.014011065,0,1.113757158,1.017245032,12.58,0.012796943,0.012796943,1.017245032,1.017245032,0,0,0
RGI60-19.00315,0.044157813,0.016053778,700.8447581,0.004472087,,0,0,3.34E-06,0.012232889,1,0,0.003025666,-0.001446421,0.993977143,-0.475171051,3.044,-0.001446421,-0.001446421,-0.475171051,-0.475171051,0,0,0
RGI60-19.00316,0.048953125,0.016053778,60.03064144,0.000206056,,0,0,0,0,1,1,0.002679315,0,0.26506871,0.244683291,10.108,0.002473259,0.002473259,0.244683291,0.244683291,0,0,0
RGI60-19.00318,0.048953125,0.016053778,232.5149827,0.003043223,,0,0,0,0,1,1,-0.008320166,0,-0.340390531,-0.464893393,24.443,-0.011363389,-0.011363389,-0.464893393,-0.464893393,0,0,0
RGI60-19.00319,0.048953125,0.016053778,91.30040178,0.0003925,,0,0,0,0,1,1,0.00083476,0,0.189073701,0.100172147,4.415,0.00044226,0.00044226,0.100172147,0.100172147,0,0,0
RGI60-19.00320,0.048953125,0.016053778,86.51597092,9.51E-06,,0,0,0,0,1,1,5.92E-06,0,0.257315471,-0.156020859,0.023,-3.59E-06,-3.59E-06,-0.156020859,-0.156020859,0,0,0
RGI60-19.00321,0.048953125,0.016053778,264.706631,0.003300176,,0,0,0,0,1,1,0.003289405,0,0.642838509,-0.002105089,5.117,-1.08E-05,-1.08E-05,-0.002105089,-0.002105089,0,0,0
RGI60-19.00322,0.048953125,0.016053778,216.1583437,0.003514636,,0,0,0,0,1,1,0.005285838,0,0.842767516,0.28239819,6.272,0.001771201,0.001771201,0.28239819,0.28239819,0,0,0
RGI60-19.00323,0.048953125,0.016053778,51.97238202,5.98E-05,,0,0,0,0,1,1,0.005677439,0,0.755480847,0.747518818,7.515,0.005617604,0.005617604,0.747518818,0.747518818,0,0,0
RGI60-19.00327,0.048953125,0.016053778,85.98570322,0.000239833,,0,0,0,0,1,1,-0.007676617,0,-1.282000248,-1.322052455,5.988,-0.00791645,-0.00791645,-1.322052455,-1.322052455,0,0,0
RGI60-19.00328,0.048953125,0.016053778,67.82658509,4.60E-05,,0,0,0,0,1,1,0.002685975,0,0.985678762,0.968782733,2.725,0.002639933,0.002639933,0.968782733,0.968782733,0,0,0
RGI60-19.00330,0.048953125,0.016053778,78.00516215,0.000625754,,0,0,0,0,1,1,0.025794763,0,1.086919063,1.060551545,23.732,0.025169009,0.025169009,1.060551545,1.060551545,0,0,0
RGI60-19.00332,0.048953125,0.016053778,802.9451747,0.057884437,,0,0,0,0,1,1,0.000313654,0,0.002275244,-0.417618387,137.855,-0.057570783,-0.057570783,-0.417618387,-0.417618387,0,0,0
RGI60-19.00333,0.048953125,0.016053778,60.7513926,4.46E-05,,0,0,0,0,1,1,0.002324999,0,0.644401078,0.632028683,3.608,0.002280359,0.002280359,0.632028683,0.632028683,0,0,0
RGI60-19.00334,0.048953125,0.016053778,73.27094762,0.000154132,,0,0,0,0,1,1,0.013181475,0,0.381342203,0.376883134,34.566,0.013027342,0.013027342,0.376883134,0.376883134,0,0,0
RGI60-19.00335,0.048953125,0.016053778,164.6865525,0.000738904,,0,0,0,0,1,1,-0.000962006,0,-0.140152363,-0.247801557,6.864,-0.00170091,-0.00170091,-0.247801557,-0.247801557,0,0,0
RGI60-19.00336,0.048953125,0.016053778,146.8019402,0.002262559,,0,0,0,0,1,1,0.007827095,0,0.581119257,0.413136562,13.469,0.005564536,0.005564536,0.413136562,0.413136562,0,0,0
RGI60-19.00337,0.048953125,0.016053778,54.23762624,7.41E-05,,0,0,0,0,1,1,0.008564806,0,0.714925346,0.708738035,11.98,0.008490682,0.008490682,0.708738035,0.708738035,0,0,0
RGI60-19.00338,0.048953125,0.016053778,101.3386434,0.000319279,,0,0,0,0,1,1,-0.054947754,0,-1.341268691,-1.349062265,40.967,-0.055267034,-0.055267034,-1.349062265,-1.349062265,0,0,0
RGI60-19.00339,0.048953125,0.016053778,192.9347862,0.002323676,,0,0,0,0,1,1,0.003083901,0,0.473426663,0.116706377,6.514,0.000760225,0.000760225,0.116706377,0.116706377,0,0,0
RGI60-19.00340,0.048953125,0.016053778,89.78413361,0.000412106,,0,0,0,0,1,1,0.002194002,0,0.70888593,0.575733891,3.095,0.001781896,0.001781896,0.575733891,0.575733891,0,0,0
RGI60-19.00341,0.048953125,0.016053778,67.26641416,5.11E-05,,0,0,0,0,1,1,0.001176005,0,0.365559619,0.349672861,3.217,0.001124898,0.001124898,0.349672861,0.349672861,0,0,0
RGI60-19.00342,0.048953125,0.016053778,767.2399641,0.020095795,,0,0,0,0,1,0,0.002183831,0,0.116185919,-0.952966821,18.796,-0.017911964,-0.017911964,-0.952966821,-0.952966821,0,0,0
RGI60-19.00343,0.048953125,0.016053778,45.7165642,7.06E-05,,0,0,0,0,1,1,0.003606471,0,0.365545369,0.358391652,9.866,0.003535892,0.003535892,0.358391652,0.358391652,0,0,0
RGI60-19.00344,0.048953125,0.016053778,76.5223044,0.000365297,,0,0,0,0,1,1,0.002458462,0,0.262235945,0.223270938,9.375,0.002093165,0.002093165,0.223270938,0.223270938,0,0,0
RGI60-19.00345,0.02018125,0.016053778,611.8691757,0.008386912,,0,0,3.53E-05,0.057691325,1,0,0.012471826,0.004084914,1.032777879,0.338267108,12.076,0.004084914,0.004084914,0.338267108,0.338267108,0,0,0
RGI60-19.00346,0.048953125,0.016053778,85.80408507,0.000317522,,0,0,0,0,1,1,-0.060400241,0,-0.925404726,-0.930269546,65.269,-0.060717763,-0.060717763,-0.930269546,-0.930269546,0,0,0
RGI60-19.00347,0.048953125,0.016053778,371.160056,0.001953739,,0,0,0,0,1,1,0.000363079,0,0.114211719,-0.500365014,3.179,-0.00159066,-0.00159066,-0.500365014,-0.500365014,0,0,0
RGI60-19.00348,0.048953125,0.016053778,90.602545,0.000401415,,0,0,0,0,1,1,-0.002653059,0,-0.420453118,-0.484068793,6.31,-0.003054474,-0.003054474,-0.484068793,-0.484068793,0,0,0
RGI60-19.00349,0.048953125,0.016053778,60.22038584,5.86E-05,,0,0,0,0,1,1,0.008034898,0,0.829280456,0.823233654,9.689,0.007976311,0.007976311,0.823233654,0.823233654,0,0,0
RGI60-19.00350,0.048953125,0.016053778,159.8993751,0.000914474,,0,0,0,0,1,1,-0.002146603,0,-0.204263285,-0.291281438,10.509,-0.003061077,-0.003061077,-0.291281438,-0.291281438,0,0,0
RGI60-19.00351,0.048953125,0.016053778,68.33069509,0.000116359,,0,0,0,0,1,1,0.001370685,0,0.276626673,0.253143501,4.955,0.001254326,0.001254326,0.253143501,0.253143501,0,0,0
RGI60-19.00353,0.048953125,0.016053778,19.31209521,4.26E-05,,0,0,0,0,1,1,0.000716369,0,0.21813903,0.205158421,3.284,0.00067374,0.00067374,0.205158421,0.205158421,0,0,0
RGI60-19.00375,0.048953125,0.016053778,8.305734118,0,,0,0,0,0,1,1,-3.64E-06,0,-0.090922615,-0.090922615,0.04,-3.64E-06,-3.64E-06,-0.090922615,-0.090922615,0,0,0
RGI60-19.00376,0.048953125,0.016053778,770.6450389,0.132749824,,0,0,0,0,1,1,0.124411554,0,0.439069125,-0.029427146,283.353,-0.00833827,-0.00833827,-0.029427146,-0.029427146,0,0,0
RGI60-19.00377,0.048953125,0.016053778,668.1546188,0.050415817,,0,0,0,0,1,1,0.029746254,0,0.083462178,-0.057994755,356.404,-0.020669563,-0.020669563,-0.057994755,-0.057994755,0,0,0
RGI60-19.00383,0.048953125,0.016053778,112.9902118,0.002981429,,0,0,0,0,1,1,0.000744479,0,0.003243141,-0.009744724,229.555,-0.00223695,-0.00223695,-0.009744724,-0.009744724,0,0,0
RGI60-19.00386,0.048953125,0.016053778,56.60721501,8.21E-05,,0,0,0,0,1,1,-0.006846327,0,-0.016376578,-0.01657294,418.056,-0.006928417,-0.006928417,-0.01657294,-0.01657294,0,0,0
RGI60-19.00387,0.048953125,0.016053778,790.6048735,0.07150026,,0,0,0,0,1,1,0.080746641,0,0.309086334,0.035393796,261.243,0.009246381,0.009246381,0.035393796,0.035393796,0,0,0
RGI60-19.00395,0.048953125,0.016053778,96.03224293,0.004170235,,0,0,0,0,1,1,-0.013150592,0,-0.066489328,-0.087574016,197.785,-0.017320827,-0.017320827,-0.087574016,-0.087574016,0,0,0
RGI60-19.00396,0.048953125,0.016053778,258.8586632,0.011235087,,0,0,0,0,1,1,0.011538816,0,0.379603779,0.009992084,30.397,0.000303729,0.000303729,0.009992084,0.009992084,0,0,0
RGI60-19.00397,0.048953125,0.016053778,82.12361746,4.34E-05,,0,0,0,0,1,1,4.64E-05,0,0.133259373,0.00859896,0.348,2.99E-06,2.99E-06,0.00859896,0.00859896,0,0,0
RGI60-19.00404,0.048953125,0.016053778,0.153991927,6.69E-06,,0,0,0,0,1,1,3.88E-06,0,0.215429098,-0.156020859,0.018,-2.81E-06,-2.81E-06,-0.156020859,-0.156020859,0,0,0
RGI60-19.00405,0.034567188,0.016053778,682.8457681,0.002248675,,0,0,2.76E-06,0.009669485,1,0,0.002256331,7.66E-06,1.061803037,0.003602816,2.125,7.66E-06,7.66E-06,0.003602816,0.003602816,0,0,0
RGI60-19.00406,0.005795313,0.016053778,200.2464506,8.07E-05,,0,0,3.61E-06,0.000106088,1,1,8.17E-05,1.02E-06,1.034714573,0.012904161,0.079,1.02E-06,1.02E-06,0.012904161,0.012904161,0,0,0
RGI60-19.00413,0.017783594,0.016053778,231.444635,0.00043509,,0,0,2.82E-06,0.001330873,1,1,0.000423745,-1.13E-05,1.001760476,-0.02682199,0.423,-1.13E-05,-1.13E-05,-0.02682199,-0.02682199,0,0,0
RGI60-19.00415,0.048953125,0.016053778,192.1096123,0.024776051,,0,0,0,0,1,1,0.008283223,0,0.025262816,-0.050301108,327.882,-0.016492828,-0.016492828,-0.050301108,-0.050301108,0,0,0
RGI60-19.00416,0.048953125,0.016053778,349.1675109,0.02767864,,0,0,0,0,1,1,0.02484977,0,0.271176166,-0.030870389,91.637,-0.00282887,-0.00282887,-0.030870389,-0.030870389,0,0,0
RGI60-19.00417,0.048953125,0.016053778,768.075623,1.653810254,,0,0,0,0,1,1,2.641903398,0,0.899181279,0.336301039,2938.121,0.988093144,0.988093144,0.336301039,0.336301039,0,0,0
RGI60-19.00418,0.048953125,0.016053778,780.5190358,0.114695706,,0,0,0,0,1,1,-0.675418756,0,-0.279731987,-0.327234455,2414.521,-0.790114463,-0.790114463,-0.327234455,-0.327234455,0,0,0
RGI60-19.00419,0.048953125,0.016053778,717.2798017,0.244873684,,0,0,0,0,1,1,0.14835299,0,0.431797182,-0.280933764,343.571,-0.096520694,-0.096520694,-0.280933764,-0.280933764,0,0,0
RGI60-19.00420,0.048953125,0.016053778,255.3389389,0.046236192,,0,0,0,0,1,1,0.042658022,0,0.129464854,-0.010859557,329.495,-0.00357817,-0.00357817,-0.010859557,-0.010859557,0,0,0
RGI60-19.00421,0.048953125,0.016053778,768.6074212,0.464840528,,0,0,0,0,1,1,0.31029626,0,0.256072203,-0.127537764,1211.753,-0.154544268,-0.154544268,-0.127537764,-0.127537764,0,0,0
RGI60-19.00422,0.048953125,0.016053778,586.4869566,0.255187969,,0,0,0,0,1,1,0.203240124,0,0.544215833,-0.139100681,373.455,-0.051947845,-0.051947845,-0.139100681,-0.139100681,0,0,0
RGI60-19.00423,0.048953125,0.016053778,767.1687089,1.000427428,,0,0,0,0,1,1,0.466125393,0,0.088604816,-0.101564373,5260.723,-0.534302034,-0.534302034,-0.101564373,-0.101564373,0,0,0
RGI60-19.00424,0.048953125,0.016053778,775.6351164,0.159673558,,0,0,0,0,1,1,0.137103507,0,0.265794614,-0.043755249,515.825,-0.022570051,-0.022570051,-0.043755249,-0.043755249,0,0,0
RGI60-19.00425,0.048953125,0.016053778,771.8031578,0.315179497,,0,0,0,0,1,1,0.202191249,0,0.175059329,-0.097826424,1154.987,-0.112988248,-0.112988248,-0.097826424,-0.097826424,0,0,0
RGI60-19.00426,0.048953125,0.016053778,788.028288,0.06763152,,0,0,0,0,1,1,0.040381913,0,0.085739459,-0.057856756,470.984,-0.027249606,-0.027249606,-0.057856756,-0.057856756,0,0,0
RGI60-19.00427,0.048953125,0.016053778,609.3337815,0.140404922,,0,0,0,0,1,1,0.12960848,0,0.500376337,-0.041681564,259.022,-0.010796442,-0.010796442,-0.041681564,-0.041681564,0,0,0
RGI60-19.00428,0.048953125,0.016053778,760.0063892,0.016878562,,0,0,0,0,1,1,-0.063886738,0,-0.3253419,-0.41129563,196.368,-0.0807653,-0.0807653,-0.41129563,-0.41129563,0,0,0
RGI60-19.00429,0.048953125,0.016053778,774.6635002,0.0634719,,0,0,0,0,1,1,-0.020920475,0,-0.055992193,-0.225870308,373.632,-0.084392375,-0.084392375,-0.225870308,-0.225870308,0,0,0
RGI60-19.00430,0.048953125,0.016053778,401.7373136,0.024574894,,0,0,0,0,1,1,-0.014422959,0,-0.059901234,-0.16196534,240.779,-0.038997853,-0.038997853,-0.16196534,-0.16196534,0,0,0
RGI60-19.00431,0.048953125,0.016053778,759.9014037,0.19180336,,0,0,0,0,1,1,0.133518693,0,0.331768795,-0.144826417,402.445,-0.058284667,-0.058284667,-0.144826417,-0.144826417,0,0,0
RGI60-19.00432,0.048953125,0.016053778,799.6341018,0.0471894,,0,0,0,0,1,1,0.546757657,0,0.505748064,0.462098108,1081.087,0.499568257,0.499568257,0.462098108,0.462098108,0,0,0
RGI60-19.00433,0.046555469,0.016053778,248.6054464,0.003916816,,0,0,3.72E-06,0.016398782,1,1,0.003690427,-0.000226388,1.099978329,-0.067477886,3.355,-0.000226388,-0.000226388,-0.067477886,-0.067477886,0,0,0
RGI60-19.00434,0.048953125,0.016053778,257.9235179,0.007858716,,0,0,0,0,1,1,0.007095899,0,0.915718011,-0.098440772,7.749,-0.000762818,-0.000762818,-0.098440772,-0.098440772,0,0,0
RGI60-19.00435,0.027374219,0.016053778,376.0552236,0.005236258,,0,0,1.77E-05,0.028503896,1,1,0.004994113,-0.000242145,0.993457955,-0.048168925,5.027,-0.000242145,-0.000242145,-0.048168925,-0.048168925,0,0,0
RGI60-19.00436,0.048953125,0.016053778,115.7825608,0.001023899,,0,0,0,0,1,1,-0.000861355,0,-0.047850412,-0.104730546,18.001,-0.001885255,-0.001885255,-0.104730546,-0.104730546,0,0,0
RGI60-19.00437,0.048953125,0.016053778,109.9365255,0.002454845,,0,0,0,0,1,1,0.010470539,0,0.637204195,0.487810032,16.432,0.008015694,0.008015694,0.487810032,0.487810032,0,0,0
RGI60-19.00438,0.044157813,0.016053778,156.1847973,0.000103974,,0,0,0,0,1,0,8.97E-05,-1.43E-05,1.068102318,-0.169677727,0.084,-1.43E-05,-1.43E-05,-0.169677727,-0.169677727,0,0,0
RGI60-19.00440,0.048953125,0.016053778,104.519309,0.000315089,,0,0,0,0,1,1,-0.000633228,0,-0.144243389,-0.216017705,4.39,-0.000948318,-0.000948318,-0.216017705,-0.216017705,0,0,0
RGI60-19.00441,0.008192969,0.016053778,453.7304793,0.000759692,,0,0,2.51E-05,0.003513779,1,0,0.000855599,9.59E-05,0.908279643,0.101812748,0.942,9.59E-05,9.59E-05,0.101812748,0.101812748,0,0,0
RGI60-19.00442,0.048953125,0.016053778,70.99196536,0.000482676,,0,0,0,0,1,1,-0.007232807,0,-0.217429937,-0.231939948,33.265,-0.007715482,-0.007715482,-0.231939948,-0.231939948,0,0,0
RGI60-19.00443,0.048953125,0.016053778,74.21944496,0.00037438,,0,0,0,0,1,1,0.000802753,0,0.17512069,0.093449753,4.584,0.000428374,0.000428374,0.093449753,0.093449753,0,0,0
RGI60-19.00444,0.048953125,0.016053778,,,,0,0,0,0,0,0,,-3.12E-06,,-0.156020859,0.02,-3.12E-06,-3.12E-06,-0.156020859,-0.156020859,0,0,0
RGI60-19.00455,0.048953125,0.016053778,119.6383198,0.001420894,,0,0,0,0,1,1,0.001571404,0,0.395720064,0.03790239,3.971,0.00015051,0.00015051,0.03790239,0.03790239,0,0,0
RGI60-19.00456,0.048953125,0.016053778,155.551891,0.000317208,,0,0,0,0,1,1,0.000305843,0,0.907545032,-0.033723871,0.337,-1.14E-05,-1.14E-05,-0.033723871,-0.033723871,0,0,0
RGI60-19.00457,0.008192969,0.016053778,188.0226826,0.000105959,,0,0,2.59E-06,0.00019508,1,1,0.000104365,-1.59E-06,0.948774569,-0.01449181,0.11,-1.59E-06,-1.59E-06,-0.01449181,-0.01449181,0,0,0
RGI60-19.00458,0.0393625,0.016053778,162.9097243,0.00059458,,0,0,6.49E-07,0.000568998,1,1,0.0005565,-3.81E-05,1.064053535,-0.072811288,0.523,-3.81E-05,-3.81E-05,-0.072811288,-0.072811288,0,0,0
RGI60-19.00459,0.048953125,0.016053778,88.29826442,7.68E-05,,0,0,0,0,1,1,4.15E-05,0,0.087155609,-0.074231592,0.476,-3.53E-05,-3.53E-05,-0.074231592,-0.074231592,0,0,0
RGI60-19.00460,0.048953125,0.016053778,100.8234263,5.76E-05,,0,0,0,0,1,1,5.51E-05,0,0.491771862,-0.022868423,0.112,-2.56E-06,-2.56E-06,-0.022868423,-0.022868423,0,0,0
RGI60-19.00461,0.027374219,0.016053778,156.4836763,0.000463834,,0,0,8.52E-07,0.000552909,1,1,0.000434824,-2.90E-05,1.015943806,-0.067780712,0.428,-2.90E-05,-2.90E-05,-0.067780712,-0.067780712,0,0,0
RGI60-19.00462,0.032169531,0.016053778,194.2861285,0.00080924,,0,0,1.26E-06,0.000877343,1,1,0.000766372,-4.29E-05,1.027307976,-0.057464428,0.746,-4.29E-05,-4.29E-05,-0.057464428,-0.057464428,0,0,0
RGI60-19.00464,0.015385938,0.016053778,288.3240702,0.000442269,,0,0,3.24E-06,0.00015419,1,1,0.000454086,1.18E-05,1.046280336,0.02722777,0.434,1.18E-05,1.18E-05,0.02722777,0.02722777,0,0,0
RGI60-19.00468,0.048953125,0.016053778,141.264102,0.000222933,,0,0,0,0,1,1,0.000191469,0,0.607837741,-0.099886028,0.315,-3.15E-05,-3.15E-05,-0.099886028,-0.099886028,0,0,0
RGI60-19.00496,0.005795313,0.016053778,376.4188526,0.006408939,,0,0,0.000330062,0,1,1,0.007014146,0.000605207,0.661774359,0.057100396,10.599,0.000605207,0.000605207,0.057100396,0.057100396,0,0,0
RGI60-19.00501,0.048953125,0.016053778,767.6294362,0.302561883,,0,0,0,0,1,1,0.285062638,0,0.939767971,-0.057689883,303.333,-0.017499245,-0.017499245,-0.057689883,-0.057689883,0,0,0
RGI60-19.00502,0.048953125,0.016053778,19.07754199,0,,0,0,0,0,1,1,7.26E-05,0,0.864308477,0.864308477,0.084,7.26E-05,7.26E-05,0.864308477,0.864308477,0,0,0
RGI60-19.00503,0.048953125,0.016053778,35.66794395,0,,0,0,0,0,1,1,0.000188631,0,0.580403599,0.580403599,0.325,0.000188631,0.000188631,0.580403599,0.580403599,0,0,0
RGI60-19.00504,0.048953125,0.016053778,22.12854692,0,,0,0,0,0,1,1,-5.44E-05,0,-0.327561356,-0.327561356,0.166,-5.44E-05,-5.44E-05,-0.327561356,-0.327561356,0,0,0
RGI60-19.00505,0.048953125,0.016053778,149.7792915,0.000693314,,0,0,0,0,1,1,0.000953028,0,1.095434611,0.298521964,0.87,0.000259714,0.000259714,0.298521964,0.298521964,0,0,0
RGI60-19.00506,0.048953125,0.016053778,100.817209,6.93E-06,,0,0,0,0,1,1,-8.07E-05,0,-0.085364326,-0.092701471,0.945,-8.76E-05,-8.76E-05,-0.092701471,-0.092701471,0,0,0
RGI60-19.00507,0.048953125,0.016053778,110.0602093,9.19E-05,,0,0,0,0,1,1,-0.000161286,0,-0.683417003,-1.072817122,0.236,-0.000253185,-0.000253185,-1.072817122,-1.072817122,0,0,0
RGI60-19.00508,0.048953125,0.016053778,27.21805914,0,,0,0,0,0,1,1,-0.000120033,0,-0.992012377,-0.992012377,0.121,-0.000120033,-0.000120033,-0.992012377,-0.992012377,0,0,0
RGI60-19.00510,0.048953125,0.016053778,78.25337844,5.99E-05,,0,0,0,0,1,1,-1.60E-05,0,-0.10891715,-0.516672301,0.147,-7.60E-05,-7.60E-05,-0.516672301,-0.516672301,0,0,0
RGI60-19.00511,0.048953125,0.016053778,,,,0,0,0,0,0,0,,-2.03E-06,,-0.156020859,0.013,-2.03E-06,-2.03E-06,-0.156020859,-0.156020859,0,0,0
RGI60-19.00512,0.048953125,0.016053778,782.7365488,0.072433747,,0,0,0,0,1,1,0.300771523,0,0.240350526,0.182467755,1251.387,0.228337776,0.228337776,0.182467755,0.182467755,0,0,0
RGI60-19.00515,0.048953125,0.016053778,239.6537302,0.116821893,,0,0,0,0,1,1,0.108207782,0,0.486442982,-0.03872433,222.447,-0.008614111,-0.008614111,-0.03872433,-0.03872433,0,0,0
RGI60-19.00516,0.048953125,0.016053778,59.99279322,0.000113089,,0,0,0,0,1,1,0.000695032,0,0.075211782,0.062973987,9.241,0.000581943,0.000581943,0.062973987,0.062973987,0,0,0
RGI60-19.00517,0.012988281,0.016053778,405.0927704,0.000103188,,0,0,1.09E-06,0.000656859,1,0,0.00010889,5.70E-06,0.955177804,0.050024259,0.114,5.70E-06,5.70E-06,0.050024259,0.050024259,0,0,0
RGI60-19.00518,0.048953125,0.016053778,106.4411617,0.002520928,,0,0,0,0,1,1,-0.003513394,0,-0.121891287,-0.209350643,28.824,-0.006034323,-0.006034323,-0.209350643,-0.209350643,0,0,0
RGI60-19.00519,0.034567188,0.016053778,681.0509684,0.47678806,,0,0,0.001111638,2.952983074,1,1,0.317083749,-0.159704311,0.941546726,-0.474225095,336.769,-0.159704311,-0.159704311,-0.474225095,-0.474225095,0,0,0
RGI60-19.00520,0.048953125,0.016053778,95.74950325,0.000962376,,0,0,0,0,1,1,-0.026994445,0,-1.32015086,-1.367215422,20.448,-0.027956821,-0.027956821,-1.367215422,-1.367215422,0,0,0
RGI60-19.00521,0.0393625,0.016053778,442.9799988,0.222156022,,0,0,0.000356841,0.424394225,1,1,0.177535556,-0.044620467,1.027113583,-0.258147091,172.849,-0.044620467,-0.044620467,-0.258147091,-0.258147091,0,0,0
RGI60-19.00522,0.048953125,0.016053778,73.25683571,0.000385825,,0,0,0,0,1,1,0.008203892,0,0.207851327,0.198076169,39.47,0.007818066,0.007818066,0.198076169,0.198076169,0,0,0
RGI60-19.00523,0.048953125,0.016053778,,,,0,0,0,0,0,0,,-1.56E-06,,-0.156020859,0.01,-1.56E-06,-1.56E-06,-0.156020859,-0.156020859,0,0,0
RGI60-19.00524,0.048953125,0.016053778,66.29347984,2.10E-05,,0,0,0,0,1,1,1.23E-05,0,0.218854172,-0.156090955,0.056,-8.74E-06,-8.74E-06,-0.156090955,-0.156090955,0,0,0
RGI60-19.00525,0.048953125,0.016053778,98.82783645,0.000628045,,0,0,0,0,1,1,0.000746844,0,0.299456199,0.047633772,2.494,0.000118799,0.000118799,0.047633772,0.047633772,0,0,0
RGI60-19.00526,0.048953125,0.016053778,210.0913273,0.000871997,,0,0,0,0,1,0,0.000601637,0,0.423688299,-0.190393973,1.42,-0.000270359,-0.000270359,-0.190393973,-0.190393973,0,0,0
RGI60-19.00528,0.048953125,0.016053778,94.4464793,0.000856934,,0,0,0,0,1,1,0.000137387,0,0.012886868,-0.067493369,10.661,-0.000719547,-0.000719547,-0.067493369,-0.067493369,0,0,0
RGI60-19.00529,0.048953125,0.016053778,80.23679121,0.001086341,,0,0,0,0,1,1,0.000850766,0,0.17028941,-0.047152802,4.996,-0.000235575,-0.000235575,-0.047152802,-0.047152802,0,0,0
RGI60-19.00530,0.048953125,0.016053778,72.53407189,0.000260142,,0,0,0,0,1,1,-0.000223097,0,-0.032973293,-0.071421704,6.766,-0.000483239,-0.000483239,-0.071421704,-0.071421704,0,0,0
RGI60-19.00531,0.048953125,0.016053778,66.8919744,9.10E-05,,0,0,0,0,1,1,0.001421006,0,0.605198346,0.566445895,2.348,0.001330015,0.001330015,0.566445895,0.566445895,0,0,0
RGI60-19.00533,0.048953125,0.016053778,70.48416843,0.000487291,,0,0,0,0,1,1,0.000510212,0,0.042806607,0.001923068,11.919,2.29E-05,2.29E-05,0.001923068,0.001923068,0,0,0
RGI60-19.00534,0.048953125,0.016053778,276.2364606,0.135872819,,0,0,0,0,1,1,0.21258475,0,0.564893696,0.203843814,376.327,0.076711931,0.076711931,0.203843814,0.203843814,0,0,0
RGI60-19.00535,0.048953125,0.016053778,171.1152066,0.002001066,,0,0,0,0,1,1,-0.002189952,0,-0.204305669,-0.39098973,10.719,-0.004191019,-0.004191019,-0.39098973,-0.39098973,0,0,0
RGI60-19.00536,0.048953125,0.016053778,,,,0,0,0,0,0,0,,-1.51E-05,,-0.279993352,0.054,-1.51E-05,-1.51E-05,-0.279993352,-0.279993352,0,0,0
RGI60-19.00537,0.048953125,0.016053778,,,,0,0,0,0,0,0,,9.01E-07,,0.069295224,0.013,9.01E-07,9.01E-07,0.069295224,0.069295224,0,0,0
RGI60-19.00538,0.048953125,0.016053778,,,,0,0,0,0,0,0,,-1.27E-06,,-0.014454852,0.088,-1.27E-06,-1.27E-06,-0.014454852,-0.014454852,0,0,0
RGI60-19.00543,0.048953125,0.016053778,,,,0,0,0,0,0,0,,-1.92E-05,,-0.05670588,0.339,-1.92E-05,-1.92E-05,-0.05670588,-0.05670588,0,0,0
RGI60-19.00544,0.048953125,0.016053778,,,,0,0,0,0,0,0,,-2.73E-05,,-0.123728304,0.221,-2.73E-05,-2.73E-05,-0.123728304,-0.123728304,0,0,0
RGI60-19.00554,0.048953125,0.016053778,394.2600702,0.729183485,,0,0,0,0,1,1,-1.012881139,0,-0.31006306,-0.533280627,3266.694,-1.742064624,-1.742064624,-0.533280627,-0.533280627,0,0,0
RGI60-19.00558,0.048953125,0.016053778,765.3706394,0.391410531,,0,0,0,0,1,1,0.348628754,0,0.658755863,-0.080838847,529.223,-0.042781777,-0.042781777,-0.080838847,-0.080838847,0,0,0
RGI60-19.00559,0.048953125,0.016053778,,,,0,0,0,0,0,0,,-2.74E-05,,-0.028668349,0.956,-2.74E-05,-2.74E-05,-0.028668349,-0.028668349,0,0,0
RGI60-19.00560,0.048953125,0.016053778,,,,0,0,0,0,0,0,,-0.000162522,,-0.256748216,0.633,-0.000162522,-0.000162522,-0.256748216,-0.256748216,0,0,0
RGI60-19.00561,0.003397656,0.016053778,321.4063449,0.000383876,,0,0,4.41E-05,0.000312937,1,0,0.000652564,0.000268688,1.071534054,0.441196044,0.609,0.000268688,0.000268688,0.441196044,0.441196044,0,0,0
RGI60-19.00562,0.048953125,0.016053778,798.0886402,0.049069474,,0,0,0,0,1,1,-0.086195358,0,-0.123484805,-0.193782495,698.024,-0.135264832,-0.135264832,-0.193782495,-0.193782495,0,0,0
RGI60-19.00563,0.048953125,0.016053778,512.6255042,0.223803679,,0,0,0,0,1,1,0.171192376,0,0.887273769,-0.272679372,192.942,-0.052611303,-0.052611303,-0.272679372,-0.272679372,0,0,0
RGI60-19.00564,0.003397656,0.016053778,302.8511055,5.29E-05,,0,0,6.12E-06,8.82E-06,1,0,5.98E-05,6.87E-06,1.048761316,0.120463924,0.057,6.87E-06,6.87E-06,0.120463924,0.120463924,0,0,0
RGI60-19.00565,0.048953125,0.016053778,,,,0,0,0,0,0,0,,-1.72E-06,,-0.156020859,0.011,-1.72E-06,-1.72E-06,-0.156020859,-0.156020859,0,0,0
RGI60-19.00566,0.048953125,0.016053778,,,,0,0,0,0,0,0,,-5.34E-08,,-0.003142342,0.017,-5.34E-08,-5.34E-08,-0.003142342,-0.003142342,0,0,0
RGI60-19.00567,0.048953125,0.016053778,770.1446741,0.495293628,,0,0,0,0,1,1,0.561833323,0,0.61233104,0.072520299,917.532,0.066539695,0.066539695,0.072520299,0.072520299,0,0,0
RGI60-19.00570,0.041760156,0.016053778,110.4564831,0.000147687,,0,0,1.41E-07,0.000160328,1,1,0.000176705,2.90E-05,1.111352938,0.182501292,0.159,2.90E-05,2.90E-05,0.182501292,0.182501292,0,0,0
RGI60-19.00572,0.048953125,0.016053778,140.8880748,0.000124836,,0,0,0,0,1,1,7.04E-05,0,0.837645173,-0.648500283,0.084,-5.45E-05,-5.45E-05,-0.648500283,-0.648500283,0,0,0
RGI60-19.00573,0.048953125,0.016053778,161.6758936,0.120614507,,0,0,0,0,1,1,0.503087503,0,0.341579032,0.259685949,1472.829,0.382472996,0.382472996,0.259685949,0.259685949,0,0,0
RGI60-19.00574,0.048953125,0.016053778,378.8195546,0.357774835,,0,0,0,0,1,1,0.466088928,0,0.314495283,0.073085347,1482.022,0.108314092,0.108314092,0.073085347,0.073085347,0,0,0
RGI60-19.00575,0.048953125,0.016053778,283.9510435,0.114719597,,0,0,0,0,1,1,0.129358694,0,0.365755832,0.041391382,353.675,0.014639097,0.014639097,0.041391382,0.041391382,0,0,0
RGI60-19.00576,0.048953125,0.016053778,124.682914,0.006273705,,0,0,0,0,1,1,0.006311977,0,0.168292458,0.001020434,37.506,3.83E-05,3.83E-05,0.001020434,0.001020434,0,0,0
RGI60-19.00577,0.048953125,0.016053778,299.1131993,0.027898449,,0,0,0,0,1,1,0.022705164,0,0.430111646,-0.09837818,52.789,-0.005193286,-0.005193286,-0.09837818,-0.09837818,0,0,0
RGI60-19.00582,0.005795313,0.016053778,214.7840738,7.11E-05,,0,0,4.12E-06,0.000306939,1,0,8.35E-05,1.24E-05,0.720085184,0.107127869,0.116,1.24E-05,1.24E-05,0.107127869,0.107127869,0,0,0
RGI60-19.00583,0.048953125,0.016053778,56.94360618,1.68E-06,,0,0,0,0,1,1,7.77E-06,0,0.095960346,0.075280885,0.081,6.10E-06,6.10E-06,0.075280885,0.075280885,0,0,0
RGI60-19.00584,0.048953125,0.016053778,140.6575942,8.59E-05,,0,0,0,0,1,0,8.83E-05,0,1.090437214,0.030342985,0.081,2.46E-06,2.46E-06,0.030342985,0.030342985,0,0,0
RGI60-19.00585,0.003397656,0.016053778,313.2808381,3.30E-05,,0,0,4.02E-06,9.31E-05,1,0,3.19E-05,-1.14E-06,0.817126861,-0.029255813,0.039,-1.14E-06,-1.14E-06,-0.029255813,-0.029255813,0,0,0
RGI60-19.00586,0.005795313,0.016053778,374.9870947,6.78E-05,,0,0,2.95E-06,0.000166117,1,0,6.18E-05,-6.00E-06,0.997141177,-0.09670652,0.062,-6.00E-06,-6.00E-06,-0.09670652,-0.09670652,0,0,0
RGI60-19.00589,0.048953125,0.016053778,265.0008264,0.000588472,,0,0,0,0,1,0,7.96E-05,0,0.090909055,-0.580862163,0.876,-0.000508835,-0.000508835,-0.580862163,-0.580862163,0,0,0
RGI60-19.00595,0.048953125,0.016053778,177.0072912,0.026342066,,0,0,0,0,1,1,-0.025665561,0,-0.13481936,-0.273192352,190.37,-0.052007628,-0.052007628,-0.273192352,-0.273192352,0,0,0
RGI60-19.00602,0.048953125,0.016053778,170.6270626,0.000582738,,0,0,0,0,1,1,0.000462631,0,0.560764905,-0.145583977,0.825,-0.000120107,-0.000120107,-0.145583977,-0.145583977,0,0,0
RGI60-19.00610,0.048953125,0.016053778,329.2356131,0.006455367,,0,0,0,0,1,1,0.005428513,0,0.919307905,-0.17389568,5.905,-0.001026854,-0.001026854,-0.17389568,-0.17389568,0,0,0
RGI60-19.00627,0.044157813,0.016053778,167.2875459,0.000194953,,0,0,1.69E-07,0.00016509,1,0,0.000173972,-2.10E-05,1.087324722,-0.131129241,0.16,-2.10E-05,-2.10E-05,-0.131129241,-0.131129241,0,0,0
RGI60-19.00633,0.008192969,0.016053778,421.2820995,2.56E-05,,0,0,6.82E-07,0.000118255,1,0,2.18E-05,-3.74E-06,0.909733313,-0.156020859,0.024,-3.74E-06,-3.74E-06,-0.156020859,-0.156020859,0,0,0
RGI60-19.00654,0.048953125,0.016053778,,,,0,0,0,0,0,0,,-4.70E-06,,-0.247306055,0.019,-4.70E-06,-4.70E-06,-0.247306055,-0.247306055,0,0,0
RGI60-19.00679,0.005795313,0.016053778,212.0152399,1.22E-05,,0,0,7.03E-07,3.32E-05,1,0,1.26E-05,4.46E-07,0.602249839,0.02122299,0.021,4.46E-07,4.46E-07,0.02122299,0.02122299,0,0,0
RGI60-19.00680,0.003397656,0.016053778,186.8824037,2.01E-05,,0,0,2.34E-06,3.03E-05,1,0,2.04E-05,2.67E-07,0.887622234,0.011618338,0.023,2.67E-07,2.67E-07,0.011618338,0.011618338,0,0,0
RGI60-19.00681,0.003397656,0.016053778,335.0261557,0.000133209,,0,0,1.95E-05,0.001378696,1,0,0.000135044,1.83E-06,0.432834286,0.005881108,0.312,1.83E-06,1.83E-06,0.005881108,0.005881108,0,0,0
RGI60-19.00684,0.048953125,0.016053778,,,,0,0,0,0,0,0,,-8.07E-06,,-0.110528283,0.073,-8.07E-06,-8.07E-06,-0.110528283,-0.110528283,0,0,0
RGI60-19.00687,0.015385938,0.016053778,183.5973701,6.16E-05,,0,0,4.76E-07,0.000119169,1,0,5.76E-05,-3.98E-06,0.993115072,-0.068702862,0.058,-3.98E-06,-3.98E-06,-0.068702862,-0.068702862,0,0,0
RGI60-19.00691,0.015385938,0.016053778,534.3072805,0.007258109,,0,0,6.21E-05,0.048275601,1,0,0.007374158,0.000116049,1.076519413,0.01694142,6.85,0.000116049,0.000116049,0.01694142,0.01694142,0,0,0
RGI60-19.00696,0.001,0.016053778,213.6118912,1.99E-05,,0,0,2.55E-05,0.000288991,1,0,6.22E-05,4.23E-05,0.425966923,0.289403452,0.146,4.23E-05,4.23E-05,0.289403452,0.289403452,0,0,0
RGI60-19.00700,0.010590625,0.016053778,240.8965953,0.000158761,,0,0,2.79E-06,0.000414047,1,0,0.000163503,4.74E-06,1.090018157,0.031613526,0.15,4.74E-06,4.74E-06,0.031613526,0.031613526,0,0,0
RGI60-19.00706,0.048953125,0.016053778,102.8363474,8.86E-05,,0,0,0,0,1,1,9.25E-05,0,0.270367293,0.011303117,0.342,3.87E-06,3.87E-06,0.011303117,0.011303117,0,0,0
RGI60-19.00707,0.048953125,0.016053778,767.7919683,1.298752856,,0,0,0,0,1,1,0.845774853,0,0.438068017,-0.234619384,1930.693,-0.452978003,-0.452978003,-0.234619384,-0.234619384,0,0,0
RGI60-19.00708,0.048953125,0.016053778,51.56027301,2.49E-05,,0,0,0,0,1,1,0.0019199,0,0.382984215,0.378013966,5.013,0.001894984,0.001894984,0.378013966,0.378013966,0,0,0
RGI60-19.00716,0.0393625,0.016053778,263.7823063,0.01574129,,0,0,2.05E-05,0.032945266,1,1,0.011890543,-0.003850747,1.040383498,-0.336927699,11.429,-0.003850747,-0.003850747,-0.336927699,-0.336927699,0,0,0
RGI60-19.00717,0.048953125,0.016053778,66.27523853,0.000395622,,0,0,0,0,1,1,-0.001025207,0,-0.040316464,-0.055874382,25.429,-0.00142083,-0.00142083,-0.055874382,-0.055874382,0,0,0
RGI60-19.00720,0.048953125,0.016053778,158.4157691,0.001209812,,0,0,0,0,1,1,0.001080031,0,0.979175712,-0.11766236,1.103,-0.000129782,-0.000129782,-0.11766236,-0.11766236,0,0,0
RGI60-19.00722,0.048953125,0.016053778,,,,0,0,0,0,0,0,,1.81E-06,,0.067143634,0.027,1.81E-06,1.81E-06,0.067143634,0.067143634,0,0,0
RGI60-19.00723,0.02018125,0.016053778,183.2699642,0.000294836,,0,0,2.35E-06,0.00018164,1,0,0.000532739,0.000237903,1.065477983,0.475806538,0.5,0.000237903,0.000237903,0.475806538,0.475806538,0,0,0
RGI60-19.00727,0.048953125,0.016053778,401.9744285,0.002280845,,0,0,0,0,1,1,0.000736599,0,0.042076928,-0.088212379,17.506,-0.001544246,-0.001544246,-0.088212379,-0.088212379,0,0,0
RGI60-19.00729,0.008192969,0.016053778,421.2820995,0.000155072,,0,0,3.64E-06,0.000602088,1,0,0.000172943,1.79E-05,1.101546276,0.113825474,0.157,1.79E-05,1.79E-05,0.113825474,0.113825474,0,0,0
RGI60-19.00730,0.008192969,0.016053778,222.7633571,0.000349827,,0,0,1.09E-05,0.0013669,1,0,0.000393006,4.32E-05,0.926899912,0.10183636,0.424,4.32E-05,4.32E-05,0.10183636,0.10183636,0,0,0
RGI60-19.00732,0.048953125,0.016053778,563.5689255,0.157364128,,0,0,0,0,1,1,0.083197734,0,0.690002442,-0.615100796,120.576,-0.074166394,-0.074166394,-0.615100796,-0.615100796,0,0,0
RGI60-19.00733,0.048953125,0.016053778,,,,0,0,0,0,0,0,,9.27E-06,,0.154436564,0.06,9.27E-06,9.27E-06,0.154436564,0.154436564,0,0,0
RGI60-19.00734,0.048953125,0.016053778,51.7692894,0.000115297,,0,0,0,0,1,1,0.000256218,0,0.012779582,0.007028798,20.049,0.00014092,0.00014092,0.007028798,0.007028798,0,0,0
RGI60-19.00736,0.048953125,0.016053778,59.88656111,8.91E-05,,0,0,0,0,1,1,4.74E-07,0,0.000210552,-0.039361721,2.251,-8.86E-05,-8.86E-05,-0.039361721,-0.039361721,0,0,0
RGI60-19.00737,0.048953125,0.016053778,762.013845,1.032962669,,0,0,0,0,1,1,0.912735497,0,0.904012678,-0.119078187,1009.649,-0.120227172,-0.120227172,-0.119078187,-0.119078187,0,0,0
RGI60-19.00738,0.048953125,0.016053778,456.1931481,0.07483391,,0,0,0,0,1,1,0.143393848,0,1.069337254,0.511275049,134.096,0.068559939,0.068559939,0.511275049,0.511275049,0,0,0
RGI60-19.00739,0.048953125,0.016053778,284.4838662,0.086702998,,0,0,0,0,1,1,0.043215169,0,0.215687606,-0.217048461,200.36,-0.04348783,-0.04348783,-0.217048461,-0.217048461,0,0,0
RGI60-19.00740,0.048953125,0.016053778,164.9868378,0.002726682,,0,0,0,0,1,1,0.003145896,0,0.492778134,0.06566636,6.384,0.000419214,0.000419214,0.06566636,0.06566636,0,0,0
RGI60-19.00742,0.048953125,0.016053778,,,,0,0,0,0,0,0,,-2.39E-06,,-0.199543662,0.012,-2.39E-06,-2.39E-06,-0.199543662,-0.199543662,0,0,0
RGI60-19.00743,0.048953125,0.016053778,,,,0,0,0,0,0,0,,-1.72E-06,,-0.156020859,0.011,-1.72E-06,-1.72E-06,-0.156020859,-0.156020859,0,0,0
RGI60-19.00744,0.015385938,0.016053778,365.3195694,0.019058514,,0,0,0.000175956,0.020991844,1,1,0.048705165,0.029646651,1.058301792,0.644184326,46.022,0.029646651,0.029646651,0.644184326,0.644184326,0,0,0
RGI60-19.00745,0.048953125,0.016053778,336.8374622,0.019307889,,0,0,0,0,1,1,0.035392201,0,0.664929478,0.30218334,53.227,0.016084313,0.016084313,0.30218334,0.30218334,0,0,0
RGI60-19.00746,0.048953125,0.016053778,654.4866859,2.579762796,,0,0,0,0,1,1,1.53784246,0,0.447515036,-0.303200769,3436.404,-1.041920336,-1.041920336,-0.303200769,-0.303200769,0,0,0
RGI60-19.00747,0.048953125,0.016053778,22.35998883,0,,0,0,0,0,1,1,9.14E-06,0,0.380760513,0.380760513,0.024,9.14E-06,9.14E-06,0.380760513,0.380760513,0,0,0
RGI60-19.00748,0.048953125,0.016053778,684.0079662,1.570778884,,0,0,0,0,1,1,0.710736989,0,0.380153556,-0.46001262,1869.605,-0.860041895,-0.860041895,-0.46001262,-0.46001262,0,0,0
RGI60-19.00749,0.048953125,0.016053778,,,,0,0,0,0,0,0,,-0.000746414,,-1.633291419,0.457,-0.000746414,-0.000746414,-1.633291419,-1.633291419,0,0,0
RGI60-19.00762,0.044157813,0.016053778,739.6851171,0.292802472,,0,0,0.000445698,0.717837754,1,1,0.365553066,0.072750594,1.105050954,0.219921868,330.802,0.072750594,0.072750594,0.219921868,0.219921868,0,0,0
RGI60-19.00766,0.048953125,0.016053778,470.6937922,1.00983047,,0,0,0,0,1,1,0.037225223,0,0.01124085,-0.293696298,3311.602,-0.972605247,-0.972605247,-0.293696298,-0.293696298,0,0,0
RGI60-19.00767,0.048953125,0.016053778,771.6911165,0.305750294,,0,0,0,0,1,1,0.262543906,0,0.800353333,-0.131712739,328.035,-0.043206388,-0.043206388,-0.131712739,-0.131712739,0,0,0
RGI60-19.00768,0.048953125,0.016053778,772.1290091,0.132317555,,0,0,0,0,1,1,-0.021050544,0,-0.01854533,-0.135115841,1135.086,-0.153368099,-0.153368099,-0.135115841,-0.135115841,0,0,0
RGI60-19.00769,0.048953125,0.016053778,,,,0,0,0,0,0,0,,-3.24E-05,,-0.233254094,0.139,-3.24E-05,-3.24E-05,-0.233254094,-0.233254094,0,0,0
RGI60-19.00770,0.048953125,0.016053778,98.58504355,0.000142183,,0,0,0,0,1,1,0.000176987,0,0.912305691,0.179402543,0.194,3.48E-05,3.48E-05,0.179402543,0.179402543,0,0,0
RGI60-19.00771,0.048953125,0.016053778,,,,0,0,0,0,0,0,,2.95E-06,,0.022882943,0.129,2.95E-06,2.95E-06,0.022882943,0.022882943,0,0,0
RGI60-19.00772,0.048953125,0.016053778,329.0884622,0.382520772,,0,0,0,0,1,1,0.321497918,0,0.859502896,-0.163140466,374.051,-0.061022854,-0.061022854,-0.163140466,-0.163140466,0,0,0
RGI60-19.00774,0.048953125,0.016053778,776.0923792,0.159297124,,0,0,0,0,1,1,0.040625425,0,0.057319339,-0.167436605,708.756,-0.118671698,-0.118671698,-0.167436605,-0.167436605,0,0,0
RGI60-19.00775,0.044157813,0.016053778,736.8858508,0.097827674,,0,0,0.000119058,0.450273561,1,1,0.093040296,-0.004787377,1.034562739,-0.053233301,89.932,-0.004787377,-0.004787377,-0.053233301,-0.053233301,0,0,0
RGI60-19.00776,0.048953125,0.016053778,760.4584304,0.00485418,,0,0,0,0,1,1,-0.036294783,0,-0.121876778,-0.138176967,297.799,-0.041148963,-0.041148963,-0.138176967,-0.138176967,0,0,0
RGI60-19.00777,0.048953125,0.016053778,775.3408361,0.107294329,,0,0,0,0,1,1,0.050328049,0,0.209095568,-0.236675115,240.694,-0.05696628,-0.05696628,-0.236675115,-0.236675115,0,0,0
RGI60-19.00778,0.048953125,0.016053778,760.2521282,0.016670823,,0,0,0,0,1,1,0.029815791,0,0.115317906,0.050840513,258.553,0.013144967,0.013144967,0.050840513,0.050840513,0,0,0
RGI60-19.00779,0.048953125,0.016053778,794.1224501,0.059982533,,0,0,0,0,1,1,0.053168278,0,0.159622317,-0.02045782,333.088,-0.006814254,-0.006814254,-0.02045782,-0.02045782,0,0,0
RGI60-19.00780,0.008192969,0.016053778,421.579937,0.055575296,,0,0,0.001564872,0.077990982,1,0,0.012131055,-0.043444241,0.482309769,-1.727267835,25.152,-0.043444241,-0.043444241,-1.727267835,-1.727267835,0,0,0
RGI60-19.00781,0.048953125,0.016053778,836.5870622,0.032660964,,0,0,0,0,1,1,0.019413516,0,0.203760824,-0.139042862,95.276,-0.013247448,-0.013247448,-0.139042862,-0.139042862,0,0,0
RGI60-19.00782,0.048953125,0.016053778,,,,0,0,0,0,0,0,,-1.60E-05,,-0.728346136,0.022,-1.60E-05,-1.60E-05,-0.728346136,-0.728346136,0,0,0
RGI60-19.00783,0.048953125,0.016053778,772.9714339,0.253052286,,0,0,0,0,1,1,0.151892544,0,0.416787978,-0.277578896,364.436,-0.101159743,-0.101159743,-0.277578896,-0.277578896,0,0,0
RGI60-19.00784,0.048953125,0.016053778,,,,0,0,0,0,0,0,,-0.00284385,,-0.872614293,3.259,-0.00284385,-0.00284385,-0.872614293,-0.872614293,0,0,0
RGI60-19.00785,0.048953125,0.016053778,772.3956283,0.228988962,,0,0,0,0,1,1,0.02283105,0,0.045220925,-0.408332135,504.878,-0.206157912,-0.206157912,-0.408332135,-0.408332135,0,0,0
RGI60-19.00786,0.048953125,0.016053778,466.4357021,0.020149344,,0,0,0,0,1,1,0.01545331,0,0.561509749,-0.170634563,27.521,-0.004696034,-0.004696034,-0.170634563,-0.170634563,0,0,0
RGI60-19.00787,0.046555469,0.016053778,762.9398287,0.139444115,,0,0,0.000212568,1.179657074,1,1,0.09894821,-0.040495904,1.039623125,-0.425479942,95.177,-0.040495904,-0.040495904,-0.425479942,-0.425479942,0,0,0
RGI60-19.00788,0.027374219,0.016053778,700.3539296,0.022037631,,0,0,2.33E-05,0.119639483,1,0,0.016715738,-0.005321893,0.978902446,-0.311659223,17.076,-0.005321893,-0.005321893,-0.311659223,-0.311659223,0,0,0
RGI60-19.00789,0.048953125,0.016053778,773.6621632,0.230592791,,0,0,0,0,1,1,0.185856336,0,0.436934804,-0.10517217,425.364,-0.044736455,-0.044736455,-0.10517217,-0.10517217,0,0,0
RGI60-19.00790,0.024976563,0.016053778,617.0864914,0.062934418,,0,0,0.000280252,0.01006286,1,1,0.108935362,0.046000944,1.10320994,0.465860649,98.744,0.046000944,0.046000944,0.465860649,0.465860649,0,0,0
RGI60-19.00791,0.048953125,0.016053778,504.630725,0.157870914,,0,0,0,0,1,1,0.205744058,0,0.311850129,0.072562223,659.753,0.047873144,0.047873144,0.072562223,0.072562223,0,0,0
RGI60-19.00792,0.036964844,0.016053778,705.6795466,0.106358868,,0,0,0.00022851,0.860391572,1,1,0.089384814,-0.016974054,1.014963763,-0.192740231,88.067,-0.016974054,-0.016974054,-0.192740231,-0.192740231,0,0,0
RGI60-19.00793,0.048953125,0.016053778,770.626157,0.186283547,,0,0,0,0,1,1,0.066906274,0,0.151163043,-0.269712099,442.61,-0.119377272,-0.119377272,-0.269712099,-0.269712099,0,0,0
RGI60-19.00794,0.048953125,0.016053778,418.9621337,0.078685445,,0,0,0,0,1,1,-0.048793902,0,-0.200877308,-0.524813701,242.904,-0.127479347,-0.127479347,-0.524813701,-0.524813701,0,0,0
RGI60-19.00795,0.048953125,0.016053778,792.6210821,0.067422824,,0,0,0,0,1,1,0.05092055,0,1.043667751,-0.33823067,48.79,-0.016502274,-0.016502274,-0.33823067,-0.33823067,0,0,0
RGI60-19.00796,0.017783594,0.016053778,396.6996869,0.025213505,,0,0,0.000172506,0,1,1,0.026746169,0.001532663,1.007009357,0.057705687,26.56,0.001532663,0.001532663,0.057705687,0.057705687,0,0,0
RGI60-19.00797,0.048953125,0.016053778,782.5300182,0.04953831,,0,0,0,0,1,1,0.167842799,0,0.890148279,0.627423622,188.556,0.118304488,0.118304488,0.627423622,0.627423622,0,0,0
RGI60-19.00798,0.048953125,0.016053778,783.1440795,0.076825272,,0,0,0,0,1,1,0.071252587,0,0.306036264,-0.023935181,232.824,-0.005572685,-0.005572685,-0.023935181,-0.023935181,0,0,0
RGI60-19.00799,0.029771875,0.016053778,639.5196156,0.116300445,,0,0,0.000295096,0,1,1,0.288046826,0.171746382,1.063331105,0.634005492,270.891,0.171746382,0.171746382,0.634005492,0.634005492,0,0,0
RGI60-19.00823,0.027374219,0.016053778,650.2698578,0.021628295,,0,0,7.77E-05,0.130661961,1,1,0.020478159,-0.001150136,0.971403598,-0.054557934,21.081,-0.001150136,-0.001150136,-0.054557934,-0.054557934,0,0,0
RGI60-19.00843,0.034567188,0.016053778,725.0160744,0.022094082,,0,0,4.77E-05,0.107370779,1,1,0.022188371,9.43E-05,1.033122434,0.004390193,21.477,9.43E-05,9.43E-05,0.004390193,0.004390193,0,0,0
RGI60-19.00889,0.048953125,0.016053778,,,,0,0,0,0,0,0,,-1.25E-06,,-0.001594791,0.785,-1.25E-06,-1.25E-06,-0.001594791,-0.001594791,0,0,0
RGI60-19.00890,0.010590625,0.016053778,80.11773934,2.24E-05,,0,0,3.33E-07,0,1,1,2.11E-05,-1.37E-06,0.877351346,-0.057112167,0.024,-1.37E-06,-1.37E-06,-0.057112167,-0.057112167,0,0,0
RGI60-19.00891,0.048953125,0.016053778,,,,0,0,0,0,0,0,,-3.47E-06,,-0.204328883,0.017,-3.47E-06,-3.47E-06,-0.204328883,-0.204328883,0,0,0
RGI60-19.00892,0.048953125,0.016053778,285.9519271,0.051535064,,0,0,0,0,1,1,0.018336518,0,0.180372799,-0.326567694,101.659,-0.033198545,-0.033198545,-0.326567694,-0.326567694,0,0,0
RGI60-19.00893,0.048953125,0.016053778,200.3178869,0.072323177,,0,0,0,0,1,1,0.169041974,0,0.39056133,0.223462973,432.818,0.096718797,0.096718797,0.223462973,0.223462973,0,0,0
RGI60-19.00894,0.048953125,0.016053778,52.43386304,4.16E-05,,0,0,0,0,1,1,3.61E-05,0,0.209895495,-0.032033817,0.172,-5.51E-06,-5.51E-06,-0.032033817,-0.032033817,0,0,0
RGI60-19.00895,0.048953125,0.016053778,59.55524048,1.71E-06,,0,0,0,0,1,1,-7.21E-06,0,-0.092405849,-0.114268898,0.078,-8.91E-06,-8.91E-06,-0.114268898,-0.114268898,0,0,0
RGI60-19.00896,0.024976563,0.016053778,95.02569903,1.48E-05,,0,0,4.21E-08,5.97E-06,1,1,1.30E-05,-1.87E-06,1.08125917,-0.156020859,0.012,-1.87E-06,-1.87E-06,-0.156020859,-0.156020859,0,0,0
RGI60-19.00897,0.029771875,0.016053778,615.439204,0.00080849,,0,0,1.52E-06,0.00294818,1,0,0.000719275,-8.92E-05,0.950164662,-0.117853393,0.757,-8.92E-05,-8.92E-05,-0.117853393,-0.117853393,0,0,0
RGI60-19.00898,0.048953125,0.016053778,22.83760621,6.43E-08,,0,0,0,0,1,1,-6.78E-06,0,-0.119032954,-0.120161215,0.057,-6.85E-06,-6.85E-06,-0.120161215,-0.120161215,0,0,0
RGI60-19.00899,0.003397656,0.016053778,320.739979,0.00012899,,0,0,1.47E-05,0.000349093,1,0,0.000103957,-2.50E-05,0.852108995,-0.205184684,0.122,-2.50E-05,-2.50E-05,-0.205184684,-0.205184684,0,0,0
RGI60-19.00900,0.008192969,0.016053778,421.2820995,6.33E-05,,0,0,1.00E-06,0.000128721,1,0,5.83E-05,-4.99E-06,1.099751305,-0.094090622,0.053,-4.99E-06,-4.99E-06,-0.094090622,-0.094090622,0,0,0
RGI60-19.00901,0.048953125,0.016053778,,,,0,0,0,0,0,0,,-1.35E-05,,-0.189641997,0.071,-1.35E-05,-1.35E-05,-0.189641997,-0.189641997,0,0,0
RGI60-19.00902,0.005795313,0.016053778,392.0947702,0.000570073,,0,0,2.16E-05,0.002667378,1,0,0.000508119,-6.20E-05,0.7853463,-0.095756058,0.647,-6.20E-05,-6.20E-05,-0.095756058,-0.095756058,0,0,0
RGI60-19.00903,0.048953125,0.016053778,,,,0,0,0,0,0,0,,-2.54E-05,,-0.330199831,0.077,-2.54E-05,-2.54E-05,-0.330199831,-0.330199831,0,0,0
RGI60-19.00907,0.048953125,0.016053778,120.294643,0.001577032,,0,0,0,0,1,1,0.001815896,0,0.207507295,0.027295684,8.751,0.000238865,0.000238865,0.027295684,0.027295684,0,0,0
RGI60-19.00908,0.048953125,0.016053778,231.7557143,0.001780192,,0,0,0,0,1,1,0.002007686,0,0.488488093,0.055351433,4.11,0.000227494,0.000227494,0.055351433,0.055351433,0,0,0
RGI60-19.00909,0.048953125,0.016053778,67.979697,0.000287196,,0,0,0,0,1,1,0.004289635,0,0.419524193,0.39143653,10.225,0.004002439,0.004002439,0.39143653,0.39143653,0,0,0
RGI60-19.00912,0.048953125,0.016053778,109.1384097,0.0001134,,0,0,0,0,1,0,2.95E-05,0,0.187733578,-0.534562193,0.157,-8.39E-05,-8.39E-05,-0.534562193,-0.534562193,0,0,0
RGI60-19.00913,0.048953125,0.016053778,82.1604792,0.003262029,,0,0,0,0,1,1,-0.031599945,0,-0.220348409,-0.24309474,143.409,-0.034861974,-0.034861974,-0.24309474,-0.24309474,0,0,0
RGI60-19.00914,0.048953125,0.016053778,277.9113961,0.000767126,,0,0,0,0,1,0,0.000819545,0,0.406520107,0.02600106,2.016,5.24E-05,5.24E-05,0.02600106,0.02600106,0,0,0
RGI60-19.00915,0.012988281,0.016053778,392.7924851,0.003085093,,0,0,3.83E-05,0.009013097,1,0,0.001925101,-0.001159991,1.094429489,-0.659460508,1.759,-0.001159991,-0.001159991,-0.659460508,-0.659460508,0,0,0
RGI60-19.00916,0.027374219,0.016053778,419.4040712,0.014224985,,0,0,4.06E-05,0.035600054,1,0,0.010987972,-0.003237013,1.045179472,-0.307905776,10.513,-0.003237013,-0.003237013,-0.307905776,-0.307905776,0,0,0
RGI60-19.00917,0.048953125,0.016053778,350.5881214,0.046486775,,0,0,0,0,1,1,0.00851133,0,0.06485218,-0.289354363,131.242,-0.037975445,-0.037975445,-0.289354363,-0.289354363,0,0,0
RGI60-19.00918,0.048953125,0.016053778,255.6502682,0.001676363,,0,0,0,0,1,1,0.001611448,0,0.925587586,-0.037286202,1.741,-6.49E-05,-6.49E-05,-0.037286202,-0.037286202,0,0,0
RGI60-19.00919,0.048953125,0.016053778,36.27977264,1.71E-06,,0,0,0,0,1,1,0.000166521,0,0.228110805,0.22576556,0.73,0.000164809,0.000164809,0.22576556,0.22576556,0,0,0
RGI60-19.00921,0.034567188,0.016053778,294.7394765,0.001475501,,0,0,4.61E-06,0.004357415,1,0,0.001771383,0.000295881,1.061980034,0.17738682,1.668,0.000295881,0.000295881,0.17738682,0.17738682,0,0,0
RGI60-19.00923,0.048953125,0.016053778,279.261396,0.000723161,,0,0,0,0,1,1,0.000612779,0,0.355853179,-0.064101082,1.722,-0.000110382,-0.000110382,-0.064101082,-0.064101082,0,0,0
RGI60-19.00924,0.027374219,0.016053778,631.5001779,0.000782162,,0,0,1.97E-06,0.003808205,1,0,0.000601385,-0.000180777,1.028007981,-0.309020469,0.585,-0.000180777,-0.000180777,-0.309020469,-0.309020469,0,0,0
RGI60-19.00925,0.048953125,0.016053778,,,,0,0,0,0,0,0,,-2.18E-07,,-0.007021114,0.031,-2.18E-07,-2.18E-07,-0.007021114,-0.007021114,0,0,0
RGI60-19.00926,0.048953125,0.016053778,51.73351813,1.85E-05,,0,0,0,0,1,1,3.00E-06,0,0.018733701,-0.096609245,0.16,-1.55E-05,-1.55E-05,-0.096609245,-0.096609245,0,0,0
RGI60-19.00934,0.048953125,0.016053778,51.73574514,5.15E-06,,0,0,0,0,1,1,7.66E-07,0,0.040295232,-0.230636149,0.019,-4.38E-06,-4.38E-06,-0.230636149,-0.230636149,0,0,0
RGI60-19.00935,0.02018125,0.016053778,124.0410813,5.82E-05,,0,0,3.97E-07,0.000104493,1,0,6.45E-05,6.34E-06,0.921743928,0.090502223,0.07,6.34E-06,6.34E-06,0.090502223,0.090502223,0,0,0
RGI60-19.00936,0.041760156,0.016053778,306.4946192,0.000919275,,0,0,1.89E-06,0.002331532,1,0,0.000778616,-0.000140659,0.996947402,-0.180101698,0.781,-0.000140659,-0.000140659,-0.180101698,-0.180101698,0,0,0
RGI60-19.00939,0.022578906,0.016053778,130.8983404,5.50E-05,,0,0,0,0,1,0,4.77E-05,-7.33E-06,1.014193557,-0.156020859,0.047,-7.33E-06,-7.33E-06,-0.156020859,-0.156020859,0,0,0
RGI60-19.00941,0.048953125,0.016053778,60.43783106,3.48E-05,,0,0,0,0,1,1,-0.000137102,0,-0.274204428,-0.343799541,0.5,-0.0001719,-0.0001719,-0.343799541,-0.343799541,0,0,0
RGI60-19.00942,0.048953125,0.016053778,55.60403907,1.07E-05,,0,0,0,0,1,1,-1.49E-05,0,-0.116234136,-0.199855065,0.128,-2.56E-05,-2.56E-05,-0.199855065,-0.199855065,0,0,0
RGI60-19.00943,0.024976563,0.016053778,132.472604,3.70E-05,,0,0,2.75E-08,4.29E-05,1,0,2.67E-05,-1.03E-05,0.955279941,-0.367334803,0.028,-1.03E-05,-1.03E-05,-0.367334803,-0.367334803,0,0,0
RGI60-19.00944,0.048953125,0.016053778,135.6775667,0.000608206,,0,0,0,0,1,1,-0.000269044,0,-0.077333607,-0.252155762,3.479,-0.00087725,-0.00087725,-0.252155762,-0.252155762,0,0,0
RGI60-19.00945,0.048953125,0.016053778,210.7532988,1.62E-05,,0,0,0,0,1,0,1.45E-05,0,0.438611337,-0.052933255,0.033,-1.75E-06,-1.75E-06,-0.052933255,-0.052933255,0,0,0
RGI60-19.00950,0.048953125,0.016053778,48.23348874,2.65E-05,,0,0,0,0,1,1,-3.95E-05,0,-0.075890528,-0.126767571,0.521,-6.60E-05,-6.60E-05,-0.126767571,-0.126767571,0,0,0
RGI60-19.00954,0.003397656,0.016053778,158.8243461,2.92E-05,,0,0,4.24E-06,0.000101782,1,0,9.36E-05,6.45E-05,0.743057224,0.511563568,0.126,6.45E-05,6.45E-05,0.511563568,0.511563568,0,0,0
RGI60-19.00955,0.017783594,0.016053778,162.4034272,5.84E-05,,0,0,5.65E-07,7.57E-05,1,0,5.06E-05,-7.80E-06,1.011114389,-0.156020859,0.05,-7.80E-06,-7.80E-06,-0.156020859,-0.156020859,0,0,0
RGI60-19.00956,0.048953125,0.016053778,0.171375809,9.61E-06,,0,0,0,0,1,1,1.06E-05,0,0.459542327,0.041775871,0.023,9.61E-07,9.61E-07,0.041775871,0.041775871,0,0,0
RGI60-19.00957,0.012988281,0.016053778,147.3320061,9.44E-05,,0,0,1.37E-06,0.000122851,1,0,5.99E-05,-3.45E-05,0.7488325,-0.431539782,0.08,-3.45E-05,-3.45E-05,-0.431539782,-0.431539782,0,0,0
RGI60-19.00958,0.0393625,0.016053778,91.54278193,0.00017942,,0,0,3.46E-08,0.00043698,1,0,0.000109238,-7.02E-05,0.949899134,-0.610275421,0.115,-7.02E-05,-7.02E-05,-0.610275421,-0.610275421,0,0,0
RGI60-19.00959,0.048953125,0.016053778,52.21647029,2.98E-05,,0,0,0,0,1,1,-4.02E-06,0,-0.009375046,-0.078796332,0.429,-3.38E-05,-3.38E-05,-0.078796332,-0.078796332,0,0,0
RGI60-19.00960,0.02018125,0.016053778,187.2935809,0.000102809,,0,0,5.07E-07,0.000114644,1,0,5.37E-05,-4.91E-05,1.073321625,-0.982853734,0.05,-4.91E-05,-4.91E-05,-0.982853734,-0.982853734,0,0,0
RGI60-19.00961,0.048953125,0.016053778,0.153967903,2.32E-05,,0,0,0,0,1,1,1.60E-06,0,0.027123108,-0.366296469,0.059,-2.16E-05,-2.16E-05,-0.366296469,-0.366296469,0,0,0
RGI60-19.00962,0.048953125,0.016053778,,,,0,0,0,0,0,0,,-8.58E-06,,-0.156020859,0.055,-8.58E-06,-8.58E-06,-0.156020859,-0.156020859,0,0,0
RGI60-19.00963,0.010590625,0.016053778,338.4508788,0.000558462,,0,0,1.22E-05,0.001225535,1,0,0.000247801,-0.000310661,0.85448492,-1.0712458,0.29,-0.000310661,-0.000310661,-1.0712458,-1.0712458,0,0,0
RGI60-19.00964,0.027374219,0.016053778,71.66181743,6.13E-05,,0,0,2.25E-07,0.000149692,1,0,0.000125309,6.40E-05,1.061937501,0.542394282,0.118,6.40E-05,6.40E-05,0.542394282,0.542394282,0,0,0
RGI60-19.00965,0.012988281,0.016053778,118.0163482,6.97E-05,,0,0,9.63E-07,7.87E-05,1,0,5.57E-05,-1.40E-05,0.898467695,-0.226193256,0.062,-1.40E-05,-1.40E-05,-0.226193256,-0.226193256,0,0,0
RGI60-19.00966,0.048953125,0.016053778,,,,0,0,0,0,0,0,,-2.50E-06,,-0.156020859,0.016,-2.50E-06,-2.50E-06,-0.156020859,-0.156020859,0,0,0
RGI60-19.00967,0.048953125,0.016053778,185.7544554,1.55E-05,,0,0,0,0,1,0,1.34E-05,0,0.536165701,-0.083845656,0.025,-2.10E-06,-2.10E-06,-0.083845656,-0.083845656,0,0,0
RGI60-19.00968,0.008192969,0.016053778,162.1323036,1.11E-05,,0,0,3.38E-07,1.57E-05,1,0,2.63E-05,1.52E-05,1.053709818,0.608575533,0.025,1.52E-05,1.52E-05,0.608575533,0.608575533,0,0,0
RGI60-19.00969,0.024976563,0.016053778,237.9769477,0.000146142,,0,0,5.54E-07,1.16E-05,1,0,0.000186902,4.08E-05,1.021324874,0.222732055,0.183,4.08E-05,4.08E-05,0.222732055,0.222732055,0,0,0
RGI60-19.00970,0.02018125,0.016053778,476.1148509,0.000916933,,0,0,3.18E-06,0.002059316,1,0,0.000803038,-0.000113895,1.100052044,-0.156020859,0.73,-0.000113895,-0.000113895,-0.156020859,-0.156020859,0,0,0
RGI60-19.00971,0.027374219,0.016053778,344.397168,0.000939409,,0,0,2.03E-06,0.001718411,1,0,0.001317162,0.000377753,1.040412137,0.298382831,1.266,0.000377753,0.000377753,0.298382831,0.298382831,0,0,0
RGI60-19.00972,0.048953125,0.016053778,142.2947069,0.000191794,,0,0,0,0,1,0,0.000196085,0,1.089363728,0.023842205,0.18,4.29E-06,4.29E-06,0.023842205,0.023842205,0,0,0
RGI60-19.00973,0.048953125,0.016053778,,,,0,0,0,0,0,0,,-1.08E-05,,-0.156020859,0.069,-1.08E-05,-1.08E-05,-0.156020859,-0.156020859,0,0,0
RGI60-19.00974,0.048953125,0.016053778,,,,0,0,0,0,0,0,,1.59E-05,,0.268819487,0.059,1.59E-05,1.59E-05,0.268819487,0.268819487,0,0,0
RGI60-19.00975,0.048953125,0.016053778,64.35708256,8.00E-05,,0,0,0,0,1,1,0.000622111,0,0.354681091,0.309083454,1.754,0.000542132,0.000542132,0.309083454,0.309083454,0,0,0
RGI60-19.00976,0.005795313,0.016053778,274.9832655,0.000190597,,0,0,1.06E-05,0.000684049,1,0,0.00015787,-3.27E-05,0.817981574,-0.169566721,0.193,-3.27E-05,-3.27E-05,-0.169566721,-0.169566721,0,0,0
RGI60-19.00977,0.048953125,0.016053778,0.209711846,4.96E-05,,0,0,0,0,1,0,2.70E-05,0,0.730631647,-0.610822919,0.037,-2.26E-05,-2.26E-05,-0.610822919,-0.610822919,0,0,0
RGI60-19.00980,0.048953125,0.016053778,,,,0,0,0,0,0,0,,-4.13E-05,,-0.210708813,0.196,-4.13E-05,-4.13E-05,-0.210708813,-0.210708813,0,0,0
RGI60-19.00982,0.048953125,0.016053778,,,,0,0,0,0,0,0,,-1.14E-05,,-0.949603861,0.012,-1.14E-05,-1.14E-05,-0.949603861,-0.949603861,0,0,0
RGI60-19.00987,0.008192969,0.016053778,416.1779775,4.75E-05,,0,0,1.47E-06,0.000261992,1,0,3.06E-05,-1.69E-05,0.62482251,-0.34500292,0.049,-1.69E-05,-1.69E-05,-0.34500292,-0.34500292,0,0,0
RGI60-19.00988,0.048953125,0.016053778,232.8551754,0.001638218,,0,0,0,0,1,0,-0.000898042,0,-0.320729238,-0.90580707,2.8,-0.00253626,-0.00253626,-0.90580707,-0.90580707,0,0,0
RGI60-19.00994,0.005795313,0.016053778,374.9870947,0.000107312,,0,0,6.61E-06,0.00037318,1,0,2.83E-05,-7.90E-05,0.27243243,-0.75941777,0.104,-7.90E-05,-7.90E-05,-0.75941777,-0.75941777,0,0,0
RGI60-19.00999,0.048953125,0.016053778,32.09814465,6.02E-06,,0,0,0,0,1,1,0.000459906,0,0.560860636,0.55351619,0.82,0.000453883,0.000453883,0.55351619,0.55351619,0,0,0
RGI60-19.01003,0.008192969,0.016053778,421.2820995,0.000160636,,0,0,5.34E-06,2.09E-05,1,0,0.00020243,4.18E-05,1.02237446,0.211081418,0.198,4.18E-05,4.18E-05,0.211081418,0.211081418,0,0,0
RGI60-19.01004,0.008192969,0.016053778,155.0355205,2.53E-05,,0,0,6.49E-07,1.96E-05,1,0,3.37E-05,8.41E-06,0.909720372,0.227166091,0.037,8.41E-06,8.41E-06,0.227166091,0.227166091,0,0,0
RGI60-19.01005,0.048953125,0.016053778,,,,0,0,0,0,0,0,,-2.88E-05,,-0.480697348,0.06,-2.88E-05,-2.88E-05,-0.480697348,-0.480697348,0,0,0
RGI60-19.01006,0.048953125,0.016053778,,,,0,0,0,0,0,0,,-9.67E-06,,-0.50882109,0.019,-9.67E-06,-9.67E-06,-0.50882109,-0.50882109,0,0,0
RGI60-19.01007,0.048953125,0.016053778,106.153129,0.000432776,,0,0,0,0,1,1,-0.000631995,0,-0.465044504,-0.783496507,1.359,-0.001064772,-0.001064772,-0.783496507,-0.783496507,0,0,0
RGI60-19.01009,0.048953125,0.016053778,75.98416411,0.00020241,,0,0,0,0,1,1,-2.96E-05,0,-0.033131853,-0.259540803,0.894,-0.000232029,-0.000232029,-0.259540803,-0.259540803,0,0,0
RGI60-19.01010,0.048953125,0.016053778,,,,0,0,0,0,0,0,,2.15E-05,,0.896561277,0.024,2.15E-05,2.15E-05,0.896561277,0.896561277,0,0,0
RGI60-19.01012,0.048953125,0.016053778,154.8950199,0.00010294,,0,0,0,0,1,0,4.93E-05,0,0.231669687,-0.251616126,0.213,-5.36E-05,-5.36E-05,-0.251616126,-0.251616126,0,0,0
RGI60-19.01013,0.048953125,0.016053778,36.31917157,3.22E-06,,0,0,0,0,1,1,-3.85E-05,0,-0.152022359,-0.164768226,0.253,-4.17E-05,-4.17E-05,-0.164768226,-0.164768226,0,0,0
RGI60-19.01014,0.008192969,0.016053778,421.2820995,0.000307536,,0,0,1.35E-05,0.001151695,1,0,0.000325085,1.75E-05,1.101984458,0.059488757,0.295,1.75E-05,1.75E-05,0.059488757,0.059488757,0,0,0
RGI60-19.01016,0.003397656,0.016053778,350.8735061,0.000114485,,0,0,1.46E-05,4.87E-05,1,0,0.000166069,5.16E-05,0.822123401,0.255367532,0.202,5.16E-05,5.16E-05,0.255367532,0.255367532,0,0,0
RGI60-19.01017,0.048953125,0.016053778,63.75557441,5.90E-05,,0,0,0,0,1,1,0.000591557,0,0.400241573,0.360350487,1.478,0.000532598,0.000532598,0.360350487,0.360350487,0,0,0
RGI60-19.01019,0.012988281,0.016053778,491.7906119,0.000591036,,0,0,4.38E-06,3.68E-05,1,0,0.001130657,0.000539621,1.045936598,0.499187253,1.081,0.000539621,0.000539621,0.499187253,0.499187253,0,0,0
RGI60-19.01020,0.048953125,0.016053778,,,,0,0,0,0,0,0,,7.09E-06,,0.017869858,0.397,7.09E-06,7.09E-06,0.017869858,0.017869858,0,0,0
RGI60-19.01022,0.048953125,0.016053778,65.32358006,8.44E-05,,0,0,0,0,1,1,0.000414187,0,0.278351368,0.221605253,1.488,0.000329749,0.000329749,0.221605253,0.221605253,0,0,0
RGI60-19.01023,0.015385938,0.016053778,513.8789533,7.11E-05,,0,0,1.02E-06,9.69E-07,1,0,8.88E-05,1.77E-05,0.853772368,0.17038343,0.104,1.77E-05,1.77E-05,0.17038343,0.17038343,0,0,0
RGI60-19.01024,0.048953125,0.016053778,124.2227557,4.04E-05,,0,0,0,0,1,0,0.000130811,0,0.739044588,0.510925725,0.177,9.04E-05,9.04E-05,0.510925725,0.510925725,0,0,0
RGI60-19.01025,0.048953125,0.016053778,,,,0,0,0,0,0,0,,0.000142515,,1.295589506,0.11,0.000142515,0.000142515,1.295589506,1.295589506,0,0,0
RGI60-19.01026,0.005795313,0.016053778,394.7383007,0.000417201,,0,0,2.94E-05,0.002305959,1,0,0.000445995,2.88E-05,0.910193035,0.058762844,0.49,2.88E-05,2.88E-05,0.058762844,0.058762844,0,0,0
RGI60-19.01027,0.048953125,0.016053778,,,,0,0,0,0,0,0,,-2.18E-06,,-0.156020859,0.014,-2.18E-06,-2.18E-06,-0.156020859,-0.156020859,0,0,0
RGI60-19.01028,0.017783594,0.016053778,276.9787117,0.001022157,,0,0,1.12E-05,0.000108733,1,0,0.001297173,0.000275015,0.987193777,0.209296329,1.314,0.000275015,0.000275015,0.209296329,0.209296329,0,0,0
RGI60-19.01029,0.015385938,0.016053778,439.2236841,0.000394046,,0,0,2.32E-06,9.70E-06,1,0,0.000482003,8.80E-05,1.092976973,0.199449203,0.441,8.80E-05,8.80E-05,0.199449203,0.199449203,0,0,0
RGI60-19.01030,0.048953125,0.016053778,136.9324563,0.000441912,,0,0,0,0,1,1,0.000845988,0,0.823746936,0.39345262,1.027,0.000404076,0.000404076,0.39345262,0.39345262,0,0,0
RGI60-19.01031,0.003397656,0.016053778,307.6510549,9.79E-06,,0,0,1.19E-06,2.15E-06,1,0,2.04E-05,1.07E-05,0.73001606,0.380501315,0.028,1.07E-05,1.07E-05,0.380501315,0.380501315,0,0,0
RGI60-19.01032,0.048953125,0.016053778,,,,0,0,0,0,0,0,,1.24E-05,,0.354994889,0.035,1.24E-05,1.24E-05,0.354994889,0.354994889,0,0,0
RGI60-19.01034,0.048953125,0.016053778,129.8133405,0.000163293,,0,0,0,0,1,0,7.87E-05,0,0.174488021,-0.187580244,0.451,-8.46E-05,-8.46E-05,-0.187580244,-0.187580244,0,0,0
RGI60-19.01035,0.048953125,0.016053778,54.71767289,3.06E-05,,0,0,0,0,1,1,5.17E-05,0,0.080446662,0.032861653,0.643,2.11E-05,2.11E-05,0.032861653,0.032861653,0,0,0
RGI60-19.01036,0.001,0.016053778,201.7005892,2.10E-05,,0,0,3.03E-05,8.99E-05,1,0,7.70E-05,5.60E-05,0.423089888,0.307680085,0.182,5.60E-05,5.60E-05,0.307680085,0.307680085,0,0,0
RGI60-19.01037,0.005795313,0.016053778,218.576691,0.000275242,,0,0,1.42E-05,0.000926738,1,0,0.000269303,-5.94E-06,0.792067071,-0.017466911,0.34,-5.94E-06,-5.94E-06,-0.017466911,-0.017466911,0,0,0
RGI60-19.01038,0.048953125,0.016053778,0.243768212,3.74E-05,,0,0,0,0,1,1,4.82E-05,0,0.312963351,0.069999209,0.154,1.08E-05,1.08E-05,0.069999209,0.069999209,0,0,0
RGI60-19.01039,0.048953125,0.016053778,65.06536917,4.11E-05,,0,0,0,0,1,1,0.000345847,0,0.523217906,0.46106697,0.661,0.000304765,0.000304765,0.46106697,0.46106697,0,0,0
RGI60-19.01040,0.024976563,0.016053778,89.79021567,2.25E-05,,0,0,6.14E-08,2.58E-05,1,0,2.59E-05,3.39E-06,0.996314016,0.130409565,0.026,3.39E-06,3.39E-06,0.130409565,0.130409565,0,0,0
RGI60-19.01041,0.017783594,0.016053778,76.95679788,1.51E-05,,0,0,8.79E-08,3.36E-05,1,0,2.64E-05,1.13E-05,0.979007844,0.419354658,0.027,1.13E-05,1.13E-05,0.419354658,0.419354658,0,0,0
RGI60-19.01043,0.003397656,0.016053778,174.0221953,1.13E-05,,0,0,1.34E-06,9.85E-06,1,0,2.09E-05,9.61E-06,0.948565488,0.43693496,0.022,9.61E-06,9.61E-06,0.43693496,0.43693496,0,0,0
RGI60-19.01044,0.048953125,0.016053778,54.22558008,4.92E-05,,0,0,0,0,1,1,0.000723696,0,0.488323684,0.455155488,1.482,0.00067454,0.00067454,0.455155488,0.455155488,0,0,0
RGI60-19.01045,0.048953125,0.016053778,61.99229938,7.22E-05,,0,0,0,0,1,1,0.000239639,0,0.806864749,0.563757991,0.297,0.000167436,0.000167436,0.563757991,0.563757991,0,0,0
RGI60-19.01047,0.048953125,0.016053778,41.91306849,2.55E-05,,0,0,0,0,1,1,0.000600155,0,0.27631432,0.264591764,2.172,0.000574693,0.000574693,0.264591764,0.264591764,0,0,0
RGI60-19.01049,0.017783594,0.016053778,566.819865,0.006218988,,0,0,4.31E-05,0.037396903,1,1,0.007106,0.000887013,0.952802386,0.118934389,7.458,0.000887013,0.000887013,0.118934389,0.118934389,0,0,0
RGI60-19.01050,0.048953125,0.016053778,73.5180314,2.47E-05,,0,0,0,0,1,1,2.59E-05,0,0.05693422,0.002545606,0.455,1.16E-06,1.16E-06,0.002545606,0.002545606,0,0,0
RGI60-19.01051,0.048953125,0.016053778,128.7577196,0.000591419,,0,0,0,0,1,1,0.000657712,0,0.377344563,0.038033716,1.743,6.63E-05,6.63E-05,0.038033716,0.038033716,0,0,0
RGI60-19.01052,0.046555469,0.016053778,119.7698412,0.000846686,,0,0,2.43E-07,0.001692518,1,1,0.000733585,-0.000113102,1.096539,-0.169061122,0.669,-0.000113102,-0.000113102,-0.169061122,-0.169061122,0,0,0
RGI60-19.01053,0.048953125,0.016053778,131.9688375,0.001209533,,0,0,0,0,1,1,0.000880429,0,0.429477578,-0.160538494,2.05,-0.000329104,-0.000329104,-0.160538494,-0.160538494,0,0,0
RGI60-19.01054,0.048953125,0.016053778,120.4483188,0.000582946,,0,0,0,0,1,0,0.000487441,0,0.963321512,-0.188745057,0.506,-9.55E-05,-9.55E-05,-0.188745057,-0.188745057,0,0,0
RGI60-19.01055,0.048953125,0.016053778,103.0049325,0.000239264,,0,0,0,0,1,1,0.000351498,0,0.486166633,0.155234177,0.723,0.000112234,0.000112234,0.155234177,0.155234177,0,0,0
RGI60-19.01056,0.027374219,0.016053778,167.9340581,0.000375088,,0,0,1.70E-06,0.000775894,1,0,0.000285265,-8.98E-05,0.905603489,-0.285151604,0.315,-8.98E-05,-8.98E-05,-0.285151604,-0.285151604,0,0,0
RGI60-19.01057,0.012988281,0.016053778,195.6724918,0.000351658,,0,0,6.22E-06,0.00119873,1,0,0.000452671,0.000101013,1.080360501,0.24108057,0.419,0.000101013,0.000101013,0.24108057,0.24108057,0,0,0
RGI60-19.01058,0.048953125,0.016053778,102.531831,0.000526887,,0,0,0,0,1,1,-0.000816142,0,-0.168346164,-0.277027534,4.848,-0.001343029,-0.001343029,-0.277027534,-0.277027534,0,0,0
RGI60-19.01059,0.048953125,0.016053778,55.19979333,2.74E-05,,0,0,0,0,1,0,9.70E-06,0,0.030228914,-0.055067965,0.321,-1.77E-05,-1.77E-05,-0.055067965,-0.055067965,0,0,0
RGI60-19.01060,0.048953125,0.016053778,63.46276482,0.000186011,,0,0,0,0,1,1,-0.002960796,0,-0.480492689,-0.51067952,6.162,-0.003146807,-0.003146807,-0.51067952,-0.51067952,0,0,0
RGI60-19.01061,0.048953125,0.016053778,91.50256294,0.00019954,,0,0,0,0,1,0,8.47E-05,0,0.13098295,-0.177424934,0.647,-0.000114794,-0.000114794,-0.177424934,-0.177424934,0,0,0
RGI60-19.01062,0.048953125,0.016053778,117.4784426,6.74E-05,,0,0,0,0,1,1,0.000238984,0,0.68476704,0.491617365,0.349,0.000171574,0.000171574,0.491617365,0.491617365,0,0,0
RGI60-19.01063,0.048953125,0.016053778,94.94067154,0.000383494,,0,0,0,0,1,1,0.000460727,0,0.144564588,0.024233809,3.187,7.72E-05,7.72E-05,0.024233809,0.024233809,0,0,0
RGI60-19.01064,0.048953125,0.016053778,70.3240972,8.24E-05,,0,0,0,0,1,1,-0.000543781,0,-0.258328476,-0.297494157,2.105,-0.000626225,-0.000626225,-0.297494157,-0.297494157,0,0,0
RGI60-19.01065,0.048953125,0.016053778,124.6116037,0.000191781,,0,0,0,0,1,0,-7.67E-05,0,-0.065191346,-0.228131484,1.177,-0.000268511,-0.000268511,-0.228131484,-0.228131484,0,0,0
RGI60-19.01066,0.048953125,0.016053778,22.58362642,0,,0,0,0,0,1,1,-1.84E-05,0,-0.119224767,-0.119224767,0.154,-1.84E-05,-1.84E-05,-0.119224767,-0.119224767,0,0,0
RGI60-19.01067,0.048953125,0.016053778,76.60099882,0.000177856,,0,0,0,0,1,1,-0.001873911,0,-0.447447773,-0.489915666,4.188,-0.002051767,-0.002051767,-0.489915666,-0.489915666,0,0,0
RGI60-19.01068,0.048953125,0.016053778,84.31538286,0.000217853,,0,0,0,0,1,1,0.000100322,0,0.184415513,-0.216049335,0.544,-0.000117531,-0.000117531,-0.216049335,-0.216049335,0,0,0
RGI60-19.01069,0.048953125,0.016053778,,,,0,0,0,0,0,0,,-5.40E-06,,-0.138489839,0.039,-5.40E-06,-5.40E-06,-0.138489839,-0.138489839,0,0,0
RGI60-19.01070,0.048953125,0.016053778,109.6978478,0.000593903,,0,0,0,0,1,1,0.000263973,0,0.296266497,-0.370291417,0.891,-0.00032993,-0.00032993,-0.370291417,-0.370291417,0,0,0
RGI60-19.01071,0.048953125,0.016053778,79.23506279,0.0001883,,0,0,0,0,1,1,7.95E-05,0,0.037303004,-0.051059114,2.131,-0.000108807,-0.000108807,-0.051059114,-0.051059114,0,0,0
RGI60-19.01072,0.048953125,0.016053778,80.65415039,0.000106983,,0,0,0,0,1,1,0.000136982,0,0.17859497,0.039112486,0.767,3.00E-05,3.00E-05,0.039112486,0.039112486,0,0,0
RGI60-19.01073,0.048953125,0.016053778,67.62264164,0.000108885,,0,0,0,0,1,1,-0.000463478,0,-0.332242595,-0.41029604,1.395,-0.000572363,-0.000572363,-0.41029604,-0.41029604,0,0,0
RGI60-19.01074,0.048953125,0.016053778,163.2147491,0.000175898,,0,0,0,0,1,0,0.000123412,0,0.927907951,-0.394633569,0.133,-5.25E-05,-5.25E-05,-0.394633569,-0.394633569,0,0,0
RGI60-19.01075,0.048953125,0.016053778,64.88249983,0.00021744,,0,0,0,0,1,1,-0.000466772,0,-0.26795157,-0.392773653,1.742,-0.000684212,-0.000684212,-0.392773653,-0.392773653,0,0,0
RGI60-19.01077,0.048953125,0.016053778,127.5667926,0.000410351,,0,0,0,0,1,1,0.000637104,0,0.502447988,0.178827351,1.268,0.000226753,0.000226753,0.178827351,0.178827351,0,0,0
RGI60-19.01078,0.048953125,0.016053778,131.8350671,0.031663794,,0,0,0,0,1,1,-0.140469879,0,-0.284786079,-0.348980679,493.247,-0.172133673,-0.172133673,-0.348980679,-0.348980679,0,0,0
RGI60-19.01080,0.048953125,0.016053778,63.1683623,0.00010921,,0,0,0,0,1,1,0.000173105,0,0.176637641,0.065199215,0.98,6.39E-05,6.39E-05,0.065199215,0.065199215,0,0,0
RGI60-19.01088,0.048953125,0.016053778,82.79932651,0.00017215,,0,0,0,0,1,1,0.000140328,0,0.250586359,-0.056825078,0.56,-3.18E-05,-3.18E-05,-0.056825078,-0.056825078,0,0,0
RGI60-19.01090,0.048953125,0.016053778,52.54214532,2.92E-05,,0,0,0,0,1,1,-0.000567997,0,-0.512170139,-0.538503199,1.109,-0.0005972,-0.0005972,-0.538503199,-0.538503199,0,0,0
RGI60-19.01092,0.017783594,0.016053778,123.0071989,5.61E-05,,0,0,5.14E-07,0.000107225,1,0,6.97E-05,1.35E-05,0.995393467,0.193567141,0.07,1.35E-05,1.35E-05,0.193567141,0.193567141,0,0,0
RGI60-19.01096,0.003397656,0.016053778,223.7440097,9.55E-05,,0,0,1.41E-05,0.000777632,1,0,0.00011516,1.96E-05,0.500694579,0.085356961,0.23,1.96E-05,1.96E-05,0.085356961,0.085356961,0,0,0
RGI60-19.01097,0.048953125,0.016053778,102.6301294,9.56E-05,,0,0,0,0,1,0,7.16E-05,0,0.929406151,-0.312185781,0.077,-2.40E-05,-2.40E-05,-0.312185781,-0.312185781,0,0,0
RGI60-19.01098,0.017783594,0.016053778,110.7513033,2.92E-05,,0,0,2.44E-07,3.21E-05,1,0,2.65E-05,-2.71E-06,0.913085755,-0.093594325,0.029,-2.71E-06,-2.71E-06,-0.093594325,-0.093594325,0,0,0
RGI60-19.01099,0.048953125,0.016053778,71.4651562,5.67E-05,,0,0,0,0,1,0,2.80E-05,0,0.682889567,-0.700200467,0.041,-2.87E-05,-2.87E-05,-0.700200467,-0.700200467,0,0,0
RGI60-19.01100,0.048953125,0.016053778,90.76012485,9.81E-05,,0,0,0,0,1,1,0.000101131,0,0.352372205,0.010421273,0.287,2.99E-06,2.99E-06,0.010421273,0.010421273,0,0,0
RGI60-19.01103,0.048953125,0.016053778,58.19962443,6.21E-05,,0,0,0,0,1,1,-4.67E-05,0,-0.014872361,-0.034624895,3.143,-0.000108826,-0.000108826,-0.034624895,-0.034624895,0,0,0
RGI60-19.01106,0.022578906,0.016053778,50.90683685,1.79E-06,,0,0,2.18E-08,1.65E-05,1,1,9.92E-06,8.14E-06,0.763424505,0.625924158,0.013,8.14E-06,8.14E-06,0.625924158,0.625924158,0,0,0
RGI60-19.01107,0.041760156,0.016053778,73.11630378,2.16E-05,,0,0,2.43E-08,1.05E-05,1,0,2.05E-05,-1.10E-06,1.023421366,-0.05514578,0.02,-1.10E-06,-1.10E-06,-0.05514578,-0.05514578,0,0,0
RGI60-19.01108,0.048953125,0.016053778,47.4610038,1.90E-06,,0,0,0,0,1,1,9.74E-06,0,0.221394334,0.178324752,0.044,7.85E-06,7.85E-06,0.178324752,0.178324752,0,0,0
RGI60-19.01109,0.048953125,0.016053778,18.449061,0,,0,0,0,0,1,1,-1.87E-06,0,-0.156020859,-0.156020859,0.012,-1.87E-06,-1.87E-06,-0.156020859,-0.156020859,0,0,0
RGI60-19.01110,0.048953125,0.016053778,77.39337459,9.85E-05,,0,0,0,0,1,1,0.000180958,0,0.344026988,0.156851983,0.526,8.25E-05,8.25E-05,0.156851983,0.156851983,0,0,0
RGI60-19.01111,0.048953125,0.016053778,107.0487506,0.000139389,,0,0,0,0,1,1,0.000122451,0,0.838706029,-0.116010625,0.146,-1.69E-05,-1.69E-05,-0.116010625,-0.116010625,0,0,0
RGI60-19.01113,0.048953125,0.016053778,52.73692446,5.26E-05,,0,0,0,0,1,1,0.001077499,0,0.349837221,0.332752007,3.08,0.001024876,0.001024876,0.332752007,0.332752007,0,0,0
RGI60-19.01114,0.048953125,0.016053778,43.7320273,1.72E-06,,0,0,0,0,1,1,3.84E-05,0,0.479661861,0.458118993,0.08,3.66E-05,3.66E-05,0.458118993,0.458118993,0,0,0
RGI60-19.01115,0.048953125,0.016053778,76.52426059,0.000112772,,0,0,0,0,1,1,3.53E-05,0,0.036133612,-0.079293464,0.977,-7.75E-05,-7.75E-05,-0.079293464,-0.079293464,0,0,0
RGI60-19.01116,0.036964844,0.016053778,107.686988,0.000130455,,0,0,1.40E-07,0.00014975,1,0,0.00010363,-2.68E-05,0.986950402,-0.255475853,0.105,-2.68E-05,-2.68E-05,-0.255475853,-0.255475853,0,0,0
RGI60-19.01118,0.048953125,0.016053778,200.6736615,0.009654284,,0,0,0,0,1,1,-0.002304225,0,-0.12150524,-0.630590032,18.964,-0.011958509,-0.011958509,-0.630590032,-0.630590032,0,0,0
RGI60-19.01119,0.048953125,0.016053778,63.09606491,1.83E-05,,0,0,0,0,1,1,0.000190482,0,0.490934228,0.443826518,0.388,0.000172205,0.000172205,0.443826518,0.443826518,0,0,0
RGI60-19.01120,0.048953125,0.016053778,46.56562507,3.56E-06,,0,0,0,0,1,1,3.35E-05,0,0.331994961,0.296782299,0.101,3.00E-05,3.00E-05,0.296782299,0.296782299,0,0,0
RGI60-19.01121,0.044157813,0.016053778,202.7248467,0.002065082,,0,0,4.34E-06,0.004360144,1,0,0.001043456,-0.001021626,0.931656788,-0.912166037,1.12,-0.001021626,-0.001021626,-0.912166037,-0.912166037,0,0,0
RGI60-19.01122,0.048953125,0.016053778,63.99911662,9.24E-05,,0,0,0,0,1,1,0.000279969,0,0.085906294,0.057539604,3.259,0.000187522,0.000187522,0.057539604,0.057539604,0,0,0
RGI60-19.01123,0.048953125,0.016053778,102.5043795,0.000107084,,0,0,0,0,1,1,0.000138122,0,0.525178352,0.118013161,0.263,3.10E-05,3.10E-05,0.118013161,0.118013161,0,0,0
RGI60-19.01124,0.048953125,0.016053778,358.9055326,0.125345975,,0,0,0,0,1,1,-0.04280787,0,-0.229747163,-0.90247118,186.326,-0.168153845,-0.168153845,-0.90247118,-0.90247118,0,0,0
RGI60-19.01125,0.0393625,0.016053778,90.25506105,9.44E-05,,0,0,1.92E-07,8.09E-05,1,1,0.000189437,9.50E-05,1.10782142,0.555647329,0.171,9.50E-05,9.50E-05,0.555647329,0.555647329,0,0,0
RGI60-19.01126,0.048953125,0.016053778,83.5249967,3.76E-05,,0,0,0,0,1,1,9.91E-05,0,0.230982798,0.14322701,0.429,6.14E-05,6.14E-05,0.14322701,0.14322701,0,0,0
RGI60-19.01127,0.048953125,0.016053778,196.4653913,0.011030076,,0,0,0,0,1,1,-0.002712768,0,-0.085860686,-0.43496896,31.595,-0.013742844,-0.013742844,-0.43496896,-0.43496896,0,0,0
RGI60-19.01128,0.036964844,0.016053778,693.1753131,0.002297567,,0,0,3.43E-06,1.57E-05,1,0,0.003282914,0.000985347,1.0617446,0.31867624,3.092,0.000985347,0.000985347,0.31867624,0.31867624,0,0,0
RGI60-19.01129,0.048953125,0.016053778,228.285121,0.016264372,,0,0,0,0,1,1,-0.019530104,0,-0.588717194,-1.078991857,33.174,-0.035794476,-0.035794476,-1.078991857,-1.078991857,0,0,0
RGI60-19.01130,0.048953125,0.016053778,65.22759659,0.000102955,,0,0,0,0,1,1,0.004886075,0,0.75976908,0.743759904,6.431,0.00478312,0.00478312,0.743759904,0.743759904,0,0,0
RGI60-19.01131,0.048953125,0.016053778,73.127763,9.76E-05,,0,0,0,0,1,1,-0.000868457,0,-0.409070839,-0.455066001,2.123,-0.000966105,-0.000966105,-0.455066001,-0.455066001,0,0,0
RGI60-19.01132,0.02018125,0.016053778,570.1529963,0.000672554,,0,0,5.27E-06,0.002736767,1,0,0.000376452,-0.000296103,0.832857621,-0.65509426,0.452,-0.000296103,-0.000296103,-0.65509426,-0.65509426,0,0,0
RGI60-19.01133,0.048953125,0.016053778,114.1169394,0.001155844,,0,0,0,0,1,1,0.003510656,0,0.570096819,0.382398856,6.158,0.002354812,0.002354812,0.382398856,0.382398856,0,0,0
RGI60-19.01134,0.048953125,0.016053778,205.3851857,0.008108954,,0,0,0,0,1,1,0.00636275,0,0.686454882,-0.188391781,9.269,-0.001746203,-0.001746203,-0.188391781,-0.188391781,0,0,0
RGI60-19.01135,0.048953125,0.016053778,,,,0,0,0,0,0,0,,6.97E-06,,0.078338353,0.089,6.97E-06,6.97E-06,0.078338353,0.078338353,0,0,0
RGI60-19.01136,0.048953125,0.016053778,281.7505784,0.038224843,,0,0,0,0,1,1,0.033908314,0,0.904583527,-0.115153526,37.485,-0.00431653,-0.00431653,-0.115153526,-0.115153526,0,0,0
RGI60-19.01137,0.046555469,0.016053778,325.3854538,0.009813293,,0,0,1.71E-05,0.019808859,1,1,0.007074768,-0.002738525,0.992392768,-0.384138686,7.129,-0.002738525,-0.002738525,-0.384138686,-0.384138686,0,0,0
RGI60-19.01138,0.048953125,0.016053778,162.8438806,0.000244536,,0,0,0,0,1,1,8.81E-05,0,0.33881951,-0.601704159,0.26,-0.000156443,-0.000156443,-0.601704159,-0.601704159,0,0,0
RGI60-19.01139,0.048953125,0.016053778,33.25248053,8.05E-07,,0,0,0,0,1,1,-1.80E-05,0,-0.067160636,-0.070165525,0.268,-1.88E-05,-1.88E-05,-0.070165525,-0.070165525,0,0,0
RGI60-19.01140,0.048953125,0.016053778,48.00845424,3.53E-06,,0,0,0,0,1,1,3.03E-05,0,0.343963103,0.30386932,0.088,2.67E-05,2.67E-05,0.30386932,0.30386932,0,0,0
RGI60-19.01141,0.048953125,0.016053778,42.36550929,0,,0,0,0,0,1,1,0.000109424,0,0.34302219,0.34302219,0.319,0.000109424,0.000109424,0.34302219,0.34302219,0,0,0
RGI60-19.01142,0.048953125,0.016053778,30.63462343,0,,0,0,0,0,1,1,1.69E-05,0,0.153649575,0.153649575,0.11,1.69E-05,1.69E-05,0.153649575,0.153649575,0,0,0
RGI60-19.01143,0.048953125,0.016053778,31.11614063,0,,0,0,0,0,1,1,-1.80E-06,0,-0.009117499,-0.009117499,0.197,-1.80E-06,-1.80E-06,-0.009117499,-0.009117499,0,0,0
RGI60-19.01144,0.048953125,0.016053778,61.30754252,8.04E-05,,0,0,0,0,1,1,0.0003073,0,0.191822586,0.141629053,1.602,0.00022689,0.00022689,0.141629053,0.141629053,0,0,0
RGI60-19.01145,0.048953125,0.016053778,39.82713976,0,,0,0,0,0,1,1,2.10E-05,0,0.231087182,0.231087182,0.091,2.10E-05,2.10E-05,0.231087182,0.231087182,0,0,0
RGI60-19.01146,0.008192969,0.016053778,102.2310547,1.33E-05,,0,0,3.37E-07,1.15E-05,1,0,1.10E-05,-2.34E-06,0.731078357,-0.156020859,0.015,-2.34E-06,-2.34E-06,-0.156020859,-0.156020859,0,0,0
RGI60-19.01147,0.046555469,0.016053778,82.7341693,0.00018256,,0,0,2.62E-05,0.000483822,1,0,0.000174057,-8.50E-06,1.067832627,-0.052167865,0.163,-8.50E-06,-8.50E-06,-0.052167865,-0.052167865,0,0,0
RGI60-19.01148,0.048953125,0.016053778,56.69644559,0.000103191,,0,0,0,0,1,1,0.000194084,0,0.586356722,0.274601882,0.331,9.09E-05,9.09E-05,0.274601882,0.274601882,0,0,0
RGI60-19.01149,0.008192969,0.016053778,105.6404368,1.65E-05,,0,0,4.37E-07,3.08E-05,1,1,2.32E-05,6.71E-06,1.054220867,0.305127172,0.022,6.71E-06,6.71E-06,0.305127172,0.305127172,0,0,0
RGI60-19.01150,0.048953125,0.016053778,,,,0,0,0,0,0,0,,-1.62E-06,,-0.055712105,0.029,-1.62E-06,-1.62E-06,-0.055712105,-0.055712105,0,0,0
RGI60-19.01151,0.048953125,0.016053778,,,,0,0,0,0,0,0,,-5.79E-07,,-0.010337493,0.056,-5.79E-07,-5.79E-07,-0.010337493,-0.010337493,0,0,0
RGI60-19.01152,0.048953125,0.016053778,,,,0,0,0,0,0,0,,-1.46E-05,,-0.238686399,0.061,-1.46E-05,-1.46E-05,-0.238686399,-0.238686399,0,0,0
RGI60-19.01153,0.048953125,0.016053778,,,,0,0,0,0,0,0,,1.28E-05,,0.188345113,0.068,1.28E-05,1.28E-05,0.188345113,0.188345113,0,0,0
RGI60-19.01156,0.048953125,0.016053778,155.3494654,0.000919722,,0,0,0,0,1,1,0.00115215,0,0.627532814,0.126594796,1.836,0.000232428,0.000232428,0.126594796,0.126594796,0,0,0
RGI60-19.01157,0.048953125,0.016053778,,,,0,0,0,0,0,0,,3.75E-06,,0.041190223,0.091,3.75E-06,3.75E-06,0.041190223,0.041190223,0,0,0
RGI60-19.01158,0.048953125,0.016053778,,,,0,0,0,0,0,0,,1.41E-05,,0.12466147,0.113,1.41E-05,1.41E-05,0.12466147,0.12466147,0,0,0
RGI60-19.01159,0.048953125,0.016053778,,,,0,0,0,0,0,0,,4.25E-06,,0.06245469,0.068,4.25E-06,4.25E-06,0.06245469,0.06245469,0,0,0
RGI60-19.01160,0.048953125,0.016053778,,,,0,0,0,0,0,0,,-5.34E-06,,-0.111260048,0.048,-5.34E-06,-5.34E-06,-0.111260048,-0.111260048,0,0,0
RGI60-19.01161,0.048953125,0.016053778,,,,0,0,0,0,0,0,,-6.21E-06,,-0.200360634,0.031,-6.21E-06,-6.21E-06,-0.200360634,-0.200360634,0,0,0
RGI60-19.01162,0.048953125,0.016053778,,,,0,0,0,0,0,0,,-1.94E-06,,-0.08095538,0.024,-1.94E-06,-1.94E-06,-0.08095538,-0.08095538,0,0,0
RGI60-19.01163,0.048953125,0.016053778,,,,0,0,0,0,0,0,,4.92E-06,,0.100331783,0.049,4.92E-06,4.92E-06,0.100331783,0.100331783,0,0,0
RGI60-19.01164,0.048953125,0.016053778,,,,0,0,0,0,0,0,,-2.50E-06,,-0.156020859,0.016,-2.50E-06,-2.50E-06,-0.156020859,-0.156020859,0,0,0
RGI60-19.01166,0.048953125,0.016053778,55.89222888,1.74E-06,,0,0,0,0,1,1,-1.47E-05,0,-0.15587033,-0.174415719,0.094,-1.64E-05,-1.64E-05,-0.174415719,-0.174415719,0,0,0
RGI60-19.01167,0.0393625,0.016053778,84.32048368,2.43E-05,,0,0,1.20E-08,1.30E-05,1,1,2.73E-05,2.95E-06,1.010046672,0.109386827,0.027,2.95E-06,2.95E-06,0.109386827,0.109386827,0,0,0
RGI60-19.01168,0.044157813,0.016053778,90.15440267,0.000335777,,0,0,3.21E-07,0.000243764,1,1,0.000382308,4.65E-05,1.067899249,0.129976011,0.358,4.65E-05,4.65E-05,0.129976011,0.129976011,0,0,0
RGI60-19.01169,0.048953125,0.016053778,,,,0,0,0,0,0,0,,-7.87E-06,,-0.174903575,0.045,-7.87E-06,-7.87E-06,-0.174903575,-0.174903575,0,0,0
RGI60-19.01170,0.048953125,0.016053778,,,,0,0,0,0,0,0,,3.69E-06,,0.167883755,0.022,3.69E-06,3.69E-06,0.167883755,0.167883755,0,0,0
RGI60-19.01171,0.048953125,0.016053778,,,,0,0,0,0,0,0,,-1.72E-05,,-0.246382587,0.07,-1.72E-05,-1.72E-05,-0.246382587,-0.246382587,0,0,0
RGI60-19.01172,0.034567188,0.016053778,720.0492133,0.021646842,,0,0,5.05E-05,0.087656994,1,1,0.023218835,0.001571993,1.056938954,0.071558331,21.968,0.001571993,0.001571993,0.071558331,0.071558331,0,0,0
RGI60-19.01173,0.048953125,0.016053778,,,,0,0,0,0,0,0,,7.42E-06,,0.265127155,0.028,7.42E-06,7.42E-06,0.265127155,0.265127155,0,0,0
RGI60-19.01174,0.048953125,0.016053778,,,,0,0,0,0,0,0,,-2.67E-06,,-0.05241001,0.051,-2.67E-06,-2.67E-06,-0.05241001,-0.05241001,0,0,0
RGI60-19.01175,0.048953125,0.016053778,,,,0,0,0,0,0,0,,6.44E-06,,0.201277414,0.032,6.44E-06,6.44E-06,0.201277414,0.201277414,0,0,0
RGI60-19.01176,0.048953125,0.016053778,,,,0,0,0,0,0,0,,-3.12E-06,,-0.156020859,0.02,-3.12E-06,-3.12E-06,-0.156020859,-0.156020859,0,0,0
RGI60-19.01177,0.048953125,0.016053778,,,,0,0,0,0,0,0,,1.11E-05,,0.151414196,0.073,1.11E-05,1.11E-05,0.151414196,0.151414196,0,0,0
RGI60-19.01178,0.017783594,0.016053778,178.3545272,9.03E-05,,0,0,6.36E-07,0.000201433,1,0,9.72E-05,6.87E-06,1.091755035,0.077242332,0.089,6.87E-06,6.87E-06,0.077242332,0.077242332,0,0,0
RGI60-19.01179,0.015385938,0.016053778,114.7054337,1.95E-05,,0,0,1.38E-07,2.54E-05,1,0,2.20E-05,2.48E-06,1.04667744,0.117947956,0.021,2.48E-06,2.48E-06,0.117947956,0.117947956,0,0,0
RGI60-19.01180,0.048953125,0.016053778,,,,0,0,0,0,0,0,,9.98E-06,,0.23758587,0.042,9.98E-06,9.98E-06,0.23758587,0.23758587,0,0,0
RGI60-19.01181,0.048953125,0.016053778,,,,0,0,0,0,0,0,,2.32E-06,,0.043777566,0.053,2.32E-06,2.32E-06,0.043777566,0.043777566,0,0,0
RGI60-19.01182,0.048953125,0.016053778,,,,0,0,0,0,0,0,,-5.19E-05,,-0.865435493,0.06,-5.19E-05,-5.19E-05,-0.865435493,-0.865435493,0,0,0
RGI60-19.01183,0.048953125,0.016053778,,,,0,0,0,0,0,0,,9.12E-06,,0.202732735,0.045,9.12E-06,9.12E-06,0.202732735,0.202732735,0,0,0
RGI60-19.01184,0.048953125,0.016053778,,,,0,0,0,0,0,0,,1.37E-05,,0.65260486,0.021,1.37E-05,1.37E-05,0.65260486,0.65260486,0,0,0
RGI60-19.01185,0.048953125,0.016053778,,,,0,0,0,0,0,0,,3.52E-06,,0.059610215,0.059,3.52E-06,3.52E-06,0.059610215,0.059610215,0,0,0
RGI60-19.01186,0.048953125,0.016053778,,,,0,0,0,0,0,0,,1.77E-05,,0.192016429,0.092,1.77E-05,1.77E-05,0.192016429,0.192016429,0,0,0
RGI60-19.01187,0.048953125,0.016053778,,,,0,0,0,0,0,0,,6.66E-07,,0.017995397,0.037,6.66E-07,6.66E-07,0.017995397,0.017995397,0,0,0
RGI60-19.01188,0.048953125,0.016053778,,,,0,0,0,0,0,0,,1.18E-05,,0.218117856,0.054,1.18E-05,1.18E-05,0.218117856,0.218117856,0,0,0
RGI60-19.01189,0.048953125,0.016053778,,,,0,0,0,0,0,0,,-4.82E-06,,-0.022543713,0.214,-4.82E-06,-4.82E-06,-0.022543713,-0.022543713,0,0,0
RGI60-19.01190,0.048953125,0.016053778,,,,0,0,0,0,0,0,,-1.56E-06,,-0.156020859,0.01,-1.56E-06,-1.56E-06,-0.156020859,-0.156020859,0,0,0
RGI60-19.01191,0.048953125,0.016053778,,,,0,0,0,0,0,0,,-3.38E-06,,-0.116426447,0.029,-3.38E-06,-3.38E-06,-0.116426447,-0.116426447,0,0,0
RGI60-19.01192,0.003397656,0.016053778,313.2808381,5.53E-05,,0,0,1.01E-05,0.000425703,1,0,4.43E-05,-1.10E-05,0.378245727,-0.094374312,0.117,-1.10E-05,-1.10E-05,-0.094374312,-0.094374312,0,0,0
RGI60-19.01193,0.048953125,0.016053778,,,,0,0,0,0,0,0,,-3.41E-05,,-0.974247453,0.035,-3.41E-05,-3.41E-05,-0.974247453,-0.974247453,0,0,0
RGI60-19.01194,0.048953125,0.016053778,,,,0,0,0,0,0,0,,1.23E-06,,0.045637467,0.027,1.23E-06,1.23E-06,0.045637467,0.045637467,0,0,0
RGI60-19.01195,0.048953125,0.016053778,,,,0,0,0,0,0,0,,1.03E-05,,0.072751724,0.142,1.03E-05,1.03E-05,0.072751724,0.072751724,0,0,0
RGI60-19.01196,0.048953125,0.016053778,0.156584771,9.96E-05,,0,0,0,0,1,1,0.000120316,0,0.925506502,0.159652036,0.13,2.08E-05,2.08E-05,0.159652036,0.159652036,0,0,0
RGI60-19.01197,0.048953125,0.016053778,,,,0,0,0,0,0,0,,-1.13E-06,,-0.056678835,0.02,-1.13E-06,-1.13E-06,-0.056678835,-0.056678835,0,0,0
RGI60-19.01198,0.048953125,0.016053778,,,,0,0,0,0,0,0,,1.59E-06,,0.04192028,0.038,1.59E-06,1.59E-06,0.04192028,0.04192028,0,0,0
RGI60-19.01199,0.048953125,0.016053778,,,,0,0,0,0,0,0,,2.55E-06,,0.134053665,0.019,2.55E-06,2.55E-06,0.134053665,0.134053665,0,0,0
RGI60-19.01200,0.048953125,0.016053778,,,,0,0,0,0,0,0,,-5.45E-06,,-0.170428541,0.032,-5.45E-06,-5.45E-06,-0.170428541,-0.170428541,0,0,0
RGI60-19.01201,0.048953125,0.016053778,,,,0,0,0,0,0,0,,1.08E-06,,0.024575692,0.044,1.08E-06,1.08E-06,0.024575692,0.024575692,0,0,0
RGI60-19.01202,0.048953125,0.016053778,,,,0,0,0,0,0,0,,-6.19E-06,,-0.199719406,0.031,-6.19E-06,-6.19E-06,-0.199719406,-0.199719406,0,0,0
RGI60-19.01203,0.048953125,0.016053778,38.14671771,5.72E-06,,0,0,0,0,1,1,0.000160106,0,0.106808275,0.102994711,1.499,0.000154389,0.000154389,0.102994711,0.102994711,0,0,0
RGI60-19.01204,0.048953125,0.016053778,74.54102461,0.000108592,,0,0,0,0,1,1,0.000158466,0,0.765538464,0.240941041,0.207,4.99E-05,4.99E-05,0.240941041,0.240941041,0,0,0
RGI60-19.01205,0.048953125,0.016053778,,,,0,0,0,0,0,0,,-2.34E-06,,-0.156020859,0.015,-2.34E-06,-2.34E-06,-0.156020859,-0.156020859,0,0,0
RGI60-19.01206,0.034567188,0.016053778,234.2475322,0.001439209,,0,0,3.31E-06,0.00232905,1,0,0.001160684,-0.000278525,1.053252204,-0.252745043,1.102,-0.000278525,-0.000278525,-0.252745043,-0.252745043,0,0,0
RGI60-19.01207,0.048953125,0.016053778,54.33270164,9.84E-06,,0,0,0,0,1,1,8.93E-06,0,0.062444842,-0.006367638,0.143,-9.11E-07,-9.11E-07,-0.006367638,-0.006367638,0,0,0
RGI60-19.01208,0.022578906,0.016053778,282.4002961,0.000127445,,0,0,5.00E-07,0.000322042,1,0,0.000139339,1.19E-05,1.105867119,0.094402775,0.126,1.19E-05,1.19E-05,0.094402775,0.094402775,0,0,0
RGI60-19.01209,0.048953125,0.016053778,,,,0,0,0,0,0,0,,2.09E-05,,0.261315823,0.08,2.09E-05,2.09E-05,0.261315823,0.261315823,0,0,0
RGI60-19.01210,0.048953125,0.016053778,,,,0,0,0,0,0,0,,9.12E-06,,0.101353043,0.09,9.12E-06,9.12E-06,0.101353043,0.101353043,0,0,0
RGI60-19.01211,0.015385938,0.016053778,519.8898041,0.001208764,,0,0,1.43E-05,0.004812148,1,0,0.00080906,-0.000399705,1.0385876,-0.513099536,0.779,-0.000399705,-0.000399705,-0.513099536,-0.513099536,0,0,0
RGI60-19.01212,0.048953125,0.016053778,,,,0,0,0,0,0,0,,-1.04E-05,,-0.199580323,0.052,-1.04E-05,-1.04E-05,-0.199580323,-0.199580323,0,0,0
RGI60-19.01213,0.048953125,0.016053778,,,,0,0,0,0,0,0,,6.01E-06,,0.136683242,0.044,6.01E-06,6.01E-06,0.136683242,0.136683242,0,0,0
RGI60-19.01214,0.005795313,0.016053778,374.9870947,0.00019454,,0,0,1.09E-05,0.000865366,1,0,0.000195941,1.40E-06,0.76839505,0.005494954,0.255,1.40E-06,1.40E-06,0.005494954,0.005494954,0,0,0
RGI60-19.01215,0.048953125,0.016053778,,,,0,0,0,0,0,0,,-2.23E-06,,-0.024559771,0.091,-2.23E-06,-2.23E-06,-0.024559771,-0.024559771,0,0,0
RGI60-19.01216,0.048953125,0.016053778,,,,0,0,0,0,0,0,,7.89E-06,,0.272108105,0.029,7.89E-06,7.89E-06,0.272108105,0.272108105,0,0,0
RGI60-19.01217,0.048953125,0.016053778,,,,0,0,0,0,0,0,,-1.29E-06,,-0.071802052,0.018,-1.29E-06,-1.29E-06,-0.071802052,-0.071802052,0,0,0
RGI60-19.01218,0.003397656,0.016053778,319.5464644,0.00046333,,0,0,5.57E-05,0.002742881,1,0,0.000447588,-1.57E-05,0.562296047,-0.019776351,0.796,-1.57E-05,-1.57E-05,-0.019776351,-0.019776351,0,0,0
RGI60-19.01219,0.048953125,0.016053778,,,,0,0,0,0,0,0,,-5.73E-06,,-0.097051919,0.059,-5.73E-06,-5.73E-06,-0.097051919,-0.097051919,0,0,0
RGI60-19.01220,0.005795313,0.016053778,374.9870947,2.99E-05,,0,0,1.24E-06,0.000140917,1,0,2.71E-05,-2.77E-06,0.661122413,-0.067562947,0.041,-2.77E-06,-2.77E-06,-0.067562947,-0.067562947,0,0,0
RGI60-19.01221,0.005795313,0.016053778,374.9870947,2.96E-05,,0,0,8.77E-07,0.000117567,1,0,2.79E-05,-1.78E-06,0.753297275,-0.048021156,0.037,-1.78E-06,-1.78E-06,-0.048021156,-0.048021156,0,0,0
RGI60-19.01222,0.005795313,0.016053778,374.9870947,9.50E-05,,0,0,5.07E-06,0.00025171,1,0,9.46E-05,-4.19E-07,1.050689955,-0.004660334,0.09,-4.19E-07,-4.19E-07,-0.004660334,-0.004660334,0,0,0
RGI60-19.01223,0.017783594,0.016053778,334.2290715,0.000181797,,0,0,6.81E-07,0.000356481,1,0,0.000144647,-3.71E-05,0.927226429,-0.238137887,0.156,-3.71E-05,-3.71E-05,-0.238137887,-0.238137887,0,0,0
RGI60-19.01224,0.048953125,0.016053778,,,,0,0,0,0,0,0,,-1.59E-06,,-0.072046305,0.022,-1.59E-06,-1.59E-06,-0.072046305,-0.072046305,0,0,0
RGI60-19.01225,0.003397656,0.016053778,297.2371947,4.41E-05,,0,0,5.81E-06,0.000201344,1,0,3.44E-05,-9.74E-06,0.58266868,-0.165122177,0.059,-9.74E-06,-9.74E-06,-0.165122177,-0.165122177,0,0,0
RGI60-19.01226,0.010590625,0.016053778,459.2229883,0.000110386,,0,0,1.09E-06,0.000404383,1,0,9.93E-05,-1.10E-05,0.928399446,-0.103244604,0.107,-1.10E-05,-1.10E-05,-0.103244604,-0.103244604,0,0,0
RGI60-19.01227,0.005795313,0.016053778,374.9870947,6.64E-05,,0,0,3.00E-06,0.000132581,1,0,5.69E-05,-9.44E-06,1.053842971,-0.174905906,0.054,-9.44E-06,-9.44E-06,-0.174905906,-0.174905906,0,0,0
RGI60-19.01228,0.02018125,0.016053778,570.1529963,0.000506255,,0,0,1.36E-06,0.002977784,1,0,0.000582573,7.63E-05,1.01848398,0.133423305,0.572,7.63E-05,7.63E-05,0.133423305,0.133423305,0,0,0
RGI60-19.01229,0.048953125,0.016053778,,,,0,0,0,0,0,0,,-4.80E-06,,-0.22870584,0.021,-4.80E-06,-4.80E-06,-0.22870584,-0.22870584,0,0,0
RGI60-19.01230,0.048953125,0.016053778,,,,0,0,0,0,0,0,,-1.15E-05,,-0.479862441,0.024,-1.15E-05,-1.15E-05,-0.479862441,-0.479862441,0,0,0
RGI60-19.01231,0.048953125,0.016053778,,,,0,0,0,0,0,0,,-3.02E-05,,-0.26974644,0.112,-3.02E-05,-3.02E-05,-0.26974644,-0.26974644,0,0,0
RGI60-19.01232,0.008192969,0.016053778,95.75769775,1.52E-05,,0,0,2.44E-07,9.69E-06,1,0,1.26E-05,-2.65E-06,0.739199131,-0.156020859,0.017,-2.65E-06,-2.65E-06,-0.156020859,-0.156020859,0,0,0
RGI60-19.01233,0.048953125,0.016053778,,,,0,0,0,0,0,0,,-2.95E-06,,-0.092333798,0.032,-2.95E-06,-2.95E-06,-0.092333798,-0.092333798,0,0,0
RGI60-19.01234,0.048953125,0.016053778,,,,0,0,0,0,0,0,,1.38E-05,,0.174245892,0.079,1.38E-05,1.38E-05,0.174245892,0.174245892,0,0,0
RGI60-19.01235,0.048953125,0.016053778,,,,0,0,0,0,0,0,,3.93E-08,,0.001870923,0.021,3.93E-08,3.93E-08,0.001870923,0.001870923,0,0,0
RGI60-19.01236,0.003397656,0.016053778,313.2808381,1.16E-05,,0,0,1.86E-06,3.44E-06,1,0,1.72E-05,5.54E-06,0.636144173,0.205350619,0.027,5.54E-06,5.54E-06,0.205350619,0.205350619,0,0,0
RGI60-19.01237,0.048953125,0.016053778,90.20272349,0.001294713,,0,0,0,0,1,1,0.000732558,0,0.104501806,-0.08019341,7.01,-0.000562156,-0.000562156,-0.08019341,-0.08019341,0,0,0
RGI60-19.01238,0.048953125,0.016053778,131.1798653,0.00284654,,0,0,0,0,1,1,-0.000153766,0,-0.032263131,-0.629522951,4.766,-0.003000306,-0.003000306,-0.629522951,-0.629522951,0,0,0
RGI60-19.01239,0.048953125,0.016053778,107.744727,0.002994789,,0,0,0,0,1,1,-0.003881088,0,-0.455633669,-0.807217267,8.518,-0.006875877,-0.006875877,-0.807217267,-0.807217267,0,0,0
RGI60-19.01240,0.048953125,0.016053778,,,,0,0,0,0,0,0,,3.74E-07,,0.005126219,0.073,3.74E-07,3.74E-07,0.005126219,0.005126219,0,0,0
RGI60-19.01241,0.003397656,0.016053778,313.2808381,8.16E-05,,0,0,1.24E-05,0.000400209,1,0,8.94E-05,7.79E-06,0.662438682,0.057722803,0.135,7.79E-06,7.79E-06,0.057722803,0.057722803,0,0,0
RGI60-19.01242,0.0393625,0.016053778,256.9055245,0.002360152,,0,0,3.48E-06,0.004451871,1,1,0.001655414,-0.000704738,1.055075921,-0.449163509,1.569,-0.000704738,-0.000704738,-0.449163509,-0.449163509,0,0,0
RGI60-19.01243,0.048953125,0.016053778,121.103706,0.001064236,,0,0,0,0,1,1,-0.000328046,0,-0.160885839,-0.682826176,2.039,-0.001392283,-0.001392283,-0.682826176,-0.682826176,0,0,0
RGI60-19.01244,0.046555469,0.016053778,159.1255065,0.000110751,,0,0,1.60E-07,9.76E-05,1,1,4.93E-05,-6.15E-05,0.880315857,-1.09738484,0.056,-6.15E-05,-6.15E-05,-1.09738484,-1.09738484,0,0,0
RGI60-19.01245,0.048953125,0.016053778,67.40669793,9.57E-05,,0,0,0,0,1,1,-0.000550676,0,-0.413420163,-0.485301981,1.332,-0.000646422,-0.000646422,-0.485301981,-0.485301981,0,0,0
RGI60-19.01246,0.048953125,0.016053778,,,,0,0,0,0,0,0,,-1.76E-05,,-0.27425167,0.064,-1.76E-05,-1.76E-05,-0.27425167,-0.27425167,0,0,0
RGI60-19.01247,0.044157813,0.016053778,480.7437804,0.248498049,,0,0,0.000326368,1.128259083,1,1,0.259867553,0.011369504,1.064010553,0.046551685,244.234,0.011369504,0.011369504,0.046551685,0.046551685,0,0,0
RGI60-19.01248,0.048953125,0.016053778,15.36328338,0,,0,0,0,0,1,1,9.85E-06,0,0.246298707,0.246298707,0.04,9.85E-06,9.85E-06,0.246298707,0.246298707,0,0,0
RGI60-19.01249,0.048953125,0.016053778,396.2926754,0.288750663,,0,0,0,0,1,1,0.434369256,0,0.630539576,0.211383022,688.885,0.145618593,0.145618593,0.211383022,0.211383022,0,0,0
RGI60-19.01250,0.010590625,0.016053778,459.2229883,0.000965889,,0,0,1.89E-05,0.00480433,1,0,0.000576962,-0.000388927,0.771339434,-0.519956248,0.748,-0.000388927,-0.000388927,-0.519956248,-0.519956248,0,0,0
RGI60-19.01251,0.048953125,0.016053778,783.1513946,0.079921918,,0,0,0,0,1,1,0.127688985,0,0.230426886,0.086200204,554.141,0.047767067,0.047767067,0.086200204,0.086200204,0,0,0
RGI60-19.01252,0.024976563,0.016053778,449.0682574,0.010650949,,0,0,4.11E-05,0.033647859,1,0,0.004291489,-0.00635946,0.810020653,-1.200351038,5.298,-0.00635946,-0.00635946,-1.200351038,-1.200351038,0,0,0
RGI60-19.01253,0.015385938,0.016053778,251.8215047,0.001498694,,0,0,1.37E-05,0.003459242,1,0,0.001080245,-0.00041845,1.083495059,-0.419709022,0.997,-0.00041845,-0.00041845,-0.419709022,-0.419709022,0,0,0
RGI60-19.01254,0.048953125,0.016053778,,,,0,0,0,0,0,0,,-0.000177924,,-1.270885683,0.14,-0.000177924,-0.000177924,-1.270885683,-1.270885683,0,0,0
RGI60-19.01255,0.008192969,0.016053778,354.3218203,0.000778248,,0,0,1.68E-05,0.004526146,1,0,0.0007798,1.55E-06,0.786881548,0.001565484,0.991,1.55E-06,1.55E-06,0.001565484,0.001565484,0,0,0
RGI60-19.01256,0.02018125,0.016053778,260.2847894,0.000233389,,0,0,9.70E-07,0.000306466,1,0,7.51E-05,-0.000158301,0.807404445,-1.702157877,0.093,-0.000158301,-0.000158301,-1.702157877,-1.702157877,0,0,0
RGI60-19.01257,0.005795313,0.016053778,398.2252642,0.000439964,,0,0,1.64E-05,0.002153097,1,0,0.00031058,-0.000129384,0.641693785,-0.267322844,0.484,-0.000129384,-0.000129384,-0.267322844,-0.267322844,0,0,0
RGI60-19.01258,0.015385938,0.016053778,100.384399,0.00027263,,0,0,3.55E-07,0.000619494,1,0,0.000191573,-8.11E-05,1.082334735,-0.457948518,0.177,-8.11E-05,-8.11E-05,-0.457948518,-0.457948518,0,0,0
RGI60-19.01259,0.029771875,0.016053778,214.0383561,0.007772947,,0,0,8.35E-05,0.067420034,1,1,0.090406453,0.082633506,1.914701329,1.750079548,47.217,0.082633506,0.082633506,1.750079548,1.750079548,0,0,0
RGI60-19.01293,0.048953125,0.016053778,425.2506295,0.237290706,,0,0,0,0,1,1,0.16269518,0,0.412896297,-0.18931241,394.034,-0.074595526,-0.074595526,-0.18931241,-0.18931241,0,0,0
RGI60-19.01294,0.048953125,0.016053778,768.8958836,0.842805048,,0,0,0,0,1,1,0.401208654,0,0.24972125,-0.274859485,1606.626,-0.441596395,-0.441596395,-0.274859485,-0.274859485,0,0,0
RGI60-19.01295,0.048953125,0.016053778,174.1618325,0.03710122,,0,0,0,0,1,1,0.101224593,0,0.45823303,0.290279728,220.902,0.064123372,0.064123372,0.290279728,0.290279728,0,0,0
RGI60-19.01296,0.048953125,0.016053778,22.23661951,0,,0,0,0,0,1,1,-1.48E-05,0,-0.172327844,-0.172327844,0.086,-1.48E-05,-1.48E-05,-0.172327844,-0.172327844,0,0,0
RGI60-19.01297,0.029771875,0.016053778,648.9997508,0.163051031,,0,0,0.000486993,1.15777611,1,1,0.125985868,-0.037065164,1.031073727,-0.303342884,122.189,-0.037065164,-0.037065164,-0.303342884,-0.303342884,0,0,0
RGI60-19.01298,0.048953125,0.016053778,769.0460187,0.294958836,,0,0,0,0,1,1,0.316771666,0,0.509693845,0.035097411,621.494,0.02181283,0.02181283,0.035097411,0.035097411,0,0,0
RGI60-19.01299,0.048953125,0.016053778,783.6436378,0.0722346,,0,0,0,0,1,1,0.114716661,0,0.878691276,0.325398388,130.554,0.042482061,0.042482061,0.325398388,0.325398388,0,0,0
RGI60-19.01300,0.001,0.016053778,207.5605573,0.000405754,,0,0,0.000353589,0.015480686,1,1,0.006667522,0.006261768,1.072466083,1.007200835,6.217,0.006261768,0.006261768,1.007200835,1.007200835,0,0,0
RGI60-19.01301,0.048953125,0.016053778,,,,0,0,0,0,0,0,,0.000209629,,0.149202467,1.405,0.000209629,0.000209629,0.149202467,0.149202467,0,0,0
RGI60-19.01302,0.048953125,0.016053778,,,,0,0,0,0,0,0,,-9.67E-05,,-0.325714461,0.297,-9.67E-05,-9.67E-05,-0.325714461,-0.325714461,0,0,0
RGI60-19.01303,0.048953125,0.016053778,,,,0,0,0,0,0,0,,-2.42E-05,,-0.094549073,0.256,-2.42E-05,-2.42E-05,-0.094549073,-0.094549073,0,0,0
RGI60-19.01304,0.048953125,0.016053778,,,,0,0,0,0,0,0,,-4.86E-05,,-0.164311295,0.296,-4.86E-05,-4.86E-05,-0.164311295,-0.164311295,0,0,0
RGI60-19.01305,0.048953125,0.016053778,,,,0,0,0,0,0,0,,0.000511573,,0.106135474,4.82,0.000511573,0.000511573,0.106135474,0.106135474,0,0,0
RGI60-19.01306,0.048953125,0.016053778,,,,0,0,0,0,0,0,,3.61E-05,,0.146713057,0.246,3.61E-05,3.61E-05,0.146713057,0.146713057,0,0,0
RGI60-19.01307,0.008192969,0.016053778,414.7811532,0.000424053,,0,0,1.02E-05,2.63E-05,1,0,0.000509782,8.57E-05,0.910325298,0.153088544,0.56,8.57E-05,8.57E-05,0.153088544,0.153088544,0,0,0
RGI60-19.01308,0.048953125,0.016053778,174.8098002,0.000764925,,0,0,0,0,1,1,0.000850687,0,0.842264571,0.084913297,1.01,8.58E-05,8.58E-05,0.084913297,0.084913297,0,0,0
RGI60-19.01309,0.024976563,0.016053778,654.6115534,0.0099965,,0,0,3.95E-05,0.051042203,1,1,0.009914824,-8.17E-05,0.966262917,-0.007959915,10.261,-8.17E-05,-8.17E-05,-0.007959915,-0.007959915,0,0,0
RGI60-19.01310,0.048953125,0.016053778,,,,0,0,0,0,0,0,,7.91E-05,,0.209273534,0.378,7.91E-05,7.91E-05,0.209273534,0.209273534,0,0,0
RGI60-19.01311,0.048953125,0.016053778,,,,0,0,0,0,0,0,,3.12E-05,,0.167012715,0.187,3.12E-05,3.12E-05,0.167012715,0.167012715,0,0,0
RGI60-19.01312,0.024976563,0.016053778,612.3942432,0.000200519,,0,0,6.30E-07,0.00120588,1,0,0.000179779,-2.07E-05,0.956270933,-0.110317196,0.188,-2.07E-05,-2.07E-05,-0.110317196,-0.110317196,0,0,0
RGI60-19.01313,0.048953125,0.016053778,,,,0,0,0,0,0,0,,-7.80E-05,,-0.038465274,2.027,-7.80E-05,-7.80E-05,-0.038465274,-0.038465274,0,0,0
RGI60-19.01314,0.048953125,0.016053778,49.52797858,2.55E-05,,0,0,0,0,1,1,-1.11E-06,0,-0.009240776,-0.221700287,0.12,-2.66E-05,-2.66E-05,-0.221700287,-0.221700287,0,0,0
RGI60-19.01315,0.048953125,0.016053778,105.2610914,0.000122402,,0,0,0,0,1,1,7.60E-05,0,0.402343874,-0.245287975,0.189,-4.64E-05,-4.64E-05,-0.245287975,-0.245287975,0,0,0
RGI60-19.01316,0.048953125,0.016053778,,,,0,0,0,0,0,0,,-1.50E-05,,-0.017599889,0.855,-1.50E-05,-1.50E-05,-0.017599889,-0.017599889,0,0,0
RGI60-19.01317,0.048953125,0.016053778,,,,0,0,0,0,0,0,,-0.000205509,,-0.921567139,0.223,-0.000205509,-0.000205509,-0.921567139,-0.921567139,0,0,0
RGI60-19.01318,0.048953125,0.016053778,,,,0,0,0,0,0,0,,-6.23E-05,,-0.36008746,0.173,-6.23E-05,-6.23E-05,-0.36008746,-0.36008746,0,0,0
RGI60-19.01319,0.048953125,0.016053778,,,,0,0,0,0,0,0,,9.02E-05,,0.227842743,0.396,9.02E-05,9.02E-05,0.227842743,0.227842743,0,0,0
RGI60-19.01320,0.048953125,0.016053778,,,,0,0,0,0,0,0,,0.000111651,,0.280530333,0.398,0.000111651,0.000111651,0.280530333,0.280530333,0,0,0
RGI60-19.01321,0.017783594,0.016053778,546.4744684,0.000583919,,0,0,3.77E-06,0.003197374,1,0,0.00053542,-4.85E-05,0.934414918,-0.084640721,0.573,-4.85E-05,-4.85E-05,-0.084640721,-0.084640721,0,0,0
RGI60-19.01322,0.048953125,0.016053778,,,,0,0,0,0,0,0,,-2.00E-05,,-0.141704143,0.141,-2.00E-05,-2.00E-05,-0.141704143,-0.141704143,0,0,0
RGI60-19.01323,0.048953125,0.016053778,,,,0,0,0,0,0,0,,0.000695141,,0.227989747,3.049,0.000695141,0.000695141,0.227989747,0.227989747,0,0,0
RGI60-19.01324,0.048953125,0.016053778,,,,0,0,0,0,0,0,,-1.41E-05,,-0.065540935,0.215,-1.41E-05,-1.41E-05,-0.065540935,-0.065540935,0,0,0
RGI60-19.01325,0.048953125,0.016053778,,,,0,0,0,0,0,0,,0.000165184,,0.400932841,0.412,0.000165184,0.000165184,0.400932841,0.400932841,0,0,0
RGI60-19.01326,0.048953125,0.016053778,,,,0,0,0,0,0,0,,-5.81E-05,,-0.153601799,0.378,-5.81E-05,-5.81E-05,-0.153601799,-0.153601799,0,0,0
RGI60-19.01327,0.048953125,0.016053778,,,,0,0,0,0,0,0,,1.13E-05,,0.037329376,0.302,1.13E-05,1.13E-05,0.037329376,0.037329376,0,0,0
RGI60-19.01328,0.048953125,0.016053778,,,,0,0,0,0,0,0,,-2.16E-05,,-0.046270401,0.466,-2.16E-05,-2.16E-05,-0.046270401,-0.046270401,0,0,0
RGI60-19.01329,0.048953125,0.016053778,,,,0,0,0,0,0,0,,0.000644769,,0.414375858,1.556,0.000644769,0.000644769,0.414375858,0.414375858,0,0,0
RGI60-19.01330,0.048953125,0.016053778,,,,0,0,0,0,0,0,,1.42E-05,,0.054733367,0.26,1.42E-05,1.42E-05,0.054733367,0.054733367,0,0,0
RGI60-19.01331,0.048953125,0.016053778,,,,0,0,0,0,0,0,,1.41E-05,,0.015211664,0.929,1.41E-05,1.41E-05,0.015211664,0.015211664,0,0,0
RGI60-19.01332,0.048953125,0.016053778,,,,0,0,0,0,0,0,,6.15E-05,,0.227777224,0.27,6.15E-05,6.15E-05,0.227777224,0.227777224,0,0,0
RGI60-19.01333,0.048953125,0.016053778,,,,0,0,0,0,0,0,,-5.85E-05,,-0.090093344,0.649,-5.85E-05,-5.85E-05,-0.090093344,-0.090093344,0,0,0
RGI60-19.01334,0.048953125,0.016053778,,,,0,0,0,0,0,0,,0.000140895,,0.50499845,0.279,0.000140895,0.000140895,0.50499845,0.50499845,0,0,0
RGI60-19.01335,0.048953125,0.016053778,,,,0,0,0,0,0,0,,0.000235027,,0.256021102,0.918,0.000235027,0.000235027,0.256021102,0.256021102,0,0,0
RGI60-19.01336,0.048953125,0.016053778,,,,0,0,0,0,0,0,,1.39E-05,,0.069722704,0.199,1.39E-05,1.39E-05,0.069722704,0.069722704,0,0,0
RGI60-19.01337,0.048953125,0.016053778,,,,0,0,0,0,0,0,,6.24E-05,,0.367312187,0.17,6.24E-05,6.24E-05,0.367312187,0.367312187,0,0,0
RGI60-19.01338,0.048953125,0.016053778,,,,0,0,0,0,0,0,,5.90E-05,,0.33922168,0.174,5.90E-05,5.90E-05,0.33922168,0.33922168,0,0,0
RGI60-19.01339,0.048953125,0.016053778,,,,0,0,0,0,0,0,,4.97E-05,,0.218829608,0.227,4.97E-05,4.97E-05,0.218829608,0.218829608,0,0,0
RGI60-19.01340,0.048953125,0.016053778,,,,0,0,0,0,0,0,,3.55E-05,,0.045463679,0.78,3.55E-05,3.55E-05,0.045463679,0.045463679,0,0,0
RGI60-19.01341,0.048953125,0.016053778,773.3362554,0.125224004,,0,0,0,0,1,1,0.105126386,0,0.777982089,-0.148731332,135.127,-0.020097619,-0.020097619,-0.148731332,-0.148731332,0,0,0
RGI60-19.01342,0.048953125,0.016053778,,,,0,0,0,0,0,0,,-0.000123817,,-0.265701384,0.466,-0.000123817,-0.000123817,-0.265701384,-0.265701384,0,0,0
RGI60-19.01343,0.048953125,0.016053778,,,,0,0,0,0,0,0,,-0.000123064,,-0.348622376,0.353,-0.000123064,-0.000123064,-0.348622376,-0.348622376,0,0,0
RGI60-19.01344,0.048953125,0.016053778,,,,0,0,0,0,0,0,,-0.000170637,,-0.497484126,0.343,-0.000170637,-0.000170637,-0.497484126,-0.497484126,0,0,0
RGI60-19.01345,0.048953125,0.016053778,,,,0,0,0,0,0,0,,-2.05E-05,,-0.109826249,0.187,-2.05E-05,-2.05E-05,-0.109826249,-0.109826249,0,0,0
RGI60-19.01346,0.048953125,0.016053778,,,,0,0,0,0,0,0,,-1.16E-05,,-0.053982442,0.215,-1.16E-05,-1.16E-05,-0.053982442,-0.053982442,0,0,0
RGI60-19.01347,0.048953125,0.016053778,,,,0,0,0,0,0,0,,-0.000121029,,-0.378216396,0.32,-0.000121029,-0.000121029,-0.378216396,-0.378216396,0,0,0
RGI60-19.01348,0.048953125,0.016053778,,,,0,0,0,0,0,0,,-8.16E-05,,-0.463914663,0.176,-8.16E-05,-8.16E-05,-0.463914663,-0.463914663,0,0,0
RGI60-19.01349,0.048953125,0.016053778,,,,0,0,0,0,0,0,,7.51E-07,,0.003575074,0.21,7.51E-07,7.51E-07,0.003575074,0.003575074,0,0,0
RGI60-19.01350,0.048953125,0.016053778,,,,0,0,0,0,0,0,,-8.85E-05,,-0.415356476,0.213,-8.85E-05,-8.85E-05,-0.415356476,-0.415356476,0,0,0
RGI60-19.01351,0.048953125,0.016053778,,,,0,0,0,0,0,0,,-8.68E-05,,-0.501643258,0.173,-8.68E-05,-8.68E-05,-0.501643258,-0.501643258,0,0,0
RGI60-19.01352,0.048953125,0.016053778,,,,0,0,0,0,0,0,,-0.00017075,,-1.138333901,0.15,-0.00017075,-0.00017075,-1.138333901,-1.138333901,0,0,0
RGI60-19.01353,0.048953125,0.016053778,,,,0,0,0,0,0,0,,-8.37E-06,,-0.028475347,0.294,-8.37E-06,-8.37E-06,-0.028475347,-0.028475347,0,0,0
RGI60-19.01354,0.048953125,0.016053778,,,,0,0,0,0,0,0,,-0.000135488,,-0.423400869,0.32,-0.000135488,-0.000135488,-0.423400869,-0.423400869,0,0,0
RGI60-19.01355,0.003397656,0.016053778,314.3284719,0.002410091,,0,0,0.000310703,0.000456618,1,0,0.00250699,9.69E-05,0.765259468,0.029578367,3.276,9.69E-05,9.69E-05,0.029578367,0.029578367,0,0,0
RGI60-19.01356,0.048953125,0.016053778,,,,0,0,0,0,0,0,,-5.46E-05,,-0.31901948,0.171,-5.46E-05,-5.46E-05,-0.31901948,-0.31901948,0,0,0
RGI60-19.01357,0.048953125,0.016053778,,,,0,0,0,0,0,0,,-2.67E-05,,-0.226113794,0.118,-2.67E-05,-2.67E-05,-0.226113794,-0.226113794,0,0,0
RGI60-19.01358,0.048953125,0.016053778,,,,0,0,0,0,0,0,,-1.84E-05,,-0.150786324,0.122,-1.84E-05,-1.84E-05,-0.150786324,-0.150786324,0,0,0
RGI60-19.01359,0.048953125,0.016053778,,,,0,0,0,0,0,0,,-0.000192453,,-0.609027418,0.316,-0.000192453,-0.000192453,-0.609027418,-0.609027418,0,0,0
RGI60-19.01360,0.048953125,0.016053778,,,,0,0,0,0,0,0,,-4.45E-05,,-0.228321338,0.195,-4.45E-05,-4.45E-05,-0.228321338,-0.228321338,0,0,0
RGI60-19.01361,0.048953125,0.016053778,,,,0,0,0,0,0,0,,-4.23E-05,,-0.049883119,0.847,-4.23E-05,-4.23E-05,-0.049883119,-0.049883119,0,0,0
RGI60-19.01362,0.048953125,0.016053778,,,,0,0,0,0,0,0,,2.66E-05,,0.09404167,0.283,2.66E-05,2.66E-05,0.09404167,0.09404167,0,0,0
RGI60-19.01363,0.048953125,0.016053778,,,,0,0,0,0,0,0,,-1.96E-06,,-0.007448278,0.263,-1.96E-06,-1.96E-06,-0.007448278,-0.007448278,0,0,0
RGI60-19.01364,0.015385938,0.016053778,573.8740414,0.002965554,,0,0,2.59E-05,0.000145066,1,1,0.003688599,0.000723045,0.874697414,0.171459592,4.217,0.000723045,0.000723045,0.171459592,0.171459592,0,0,0
RGI60-19.01365,0.008192969,0.016053778,425.4237881,0.005471819,,0,0,0.00014611,0.030229204,1,0,0.00456419,-0.000907629,0.943209274,-0.187565377,4.839,-0.000907629,-0.000907629,-0.187565377,-0.187565377,0,0,0
RGI60-19.01366,0.048953125,0.016053778,265.4570063,0.000309256,,0,0,0,0,1,1,0.000392105,0,1.092215078,0.230778029,0.359,8.28E-05,8.28E-05,0.230778029,0.230778029,0,0,0
RGI60-19.01367,0.048953125,0.016053778,,,,0,0,0,0,0,0,,0.000341842,,0.047014477,7.271,0.000341842,0.000341842,0.047014477,0.047014477,0,0,0
RGI60-19.01368,0.048953125,0.016053778,42.79376942,1.29E-05,,0,0,0,0,1,1,2.10E-05,0,0.106551963,0.041265289,0.197,8.13E-06,8.13E-06,0.041265289,0.041265289,0,0,0
RGI60-19.01369,0.024976563,0.016053778,612.3942432,0.000262155,,0,0,8.16E-07,0.000117146,1,0,0.00026533,3.18E-06,1.012710652,0.012119812,0.262,3.18E-06,3.18E-06,0.012119812,0.012119812,0,0,0
RGI60-19.01370,0.048953125,0.016053778,,,,0,0,0,0,0,0,,2.14E-05,,0.082874158,0.258,2.14E-05,2.14E-05,0.082874158,0.082874158,0,0,0
RGI60-19.01371,0.048953125,0.016053778,,,,0,0,0,0,0,0,,-1.52E-05,,-0.050458315,0.302,-1.52E-05,-1.52E-05,-0.050458315,-0.050458315,0,0,0
RGI60-19.01372,0.048953125,0.016053778,,,,0,0,0,0,0,0,,0.000290373,,0.736988571,0.394,0.000290373,0.000290373,0.736988571,0.736988571,0,0,0
RGI60-19.01373,0.048953125,0.016053778,,,,0,0,0,0,0,0,,-0.000114539,,-0.376774612,0.304,-0.000114539,-0.000114539,-0.376774612,-0.376774612,0,0,0
RGI60-19.01374,0.048953125,0.016053778,,,,0,0,0,0,0,0,,-2.71E-05,,-0.181761958,0.149,-2.71E-05,-2.71E-05,-0.181761958,-0.181761958,0,0,0
RGI60-19.01375,0.048953125,0.016053778,,,,0,0,0,0,0,0,,-3.69E-05,,-0.214784086,0.172,-3.69E-05,-3.69E-05,-0.214784086,-0.214784086,0,0,0
RGI60-19.01376,0.048953125,0.016053778,,,,0,0,0,0,0,0,,-0.000891579,,-0.344239146,2.59,-0.000891579,-0.000891579,-0.344239146,-0.344239146,0,0,0
RGI60-19.01377,0.048953125,0.016053778,,,,0,0,0,0,0,0,,-2.84E-05,,-0.021828024,1.3,-2.84E-05,-2.84E-05,-0.021828024,-0.021828024,0,0,0
RGI60-19.01378,0.048953125,0.016053778,,,,0,0,0,0,0,0,,4.27E-05,,0.049092538,0.87,4.27E-05,4.27E-05,0.049092538,0.049092538,0,0,0
RGI60-19.01379,0.048953125,0.016053778,,,,0,0,0,0,0,0,,-8.55E-05,,-0.354901667,0.241,-8.55E-05,-8.55E-05,-0.354901667,-0.354901667,0,0,0
RGI60-19.01380,0.048953125,0.016053778,,,,0,0,0,0,0,0,,1.11E-05,,0.083574258,0.133,1.11E-05,1.11E-05,0.083574258,0.083574258,0,0,0
RGI60-19.01381,0.048953125,0.016053778,,,,0,0,0,0,0,0,,4.49E-05,,0.178010836,0.252,4.49E-05,4.49E-05,0.178010836,0.178010836,0,0,0
RGI60-19.01382,0.048953125,0.016053778,,,,0,0,0,0,0,0,,-0.000194397,,-1.117223027,0.174,-0.000194397,-0.000194397,-1.117223027,-1.117223027,0,0,0
RGI60-19.01383,0.048953125,0.016053778,,,,0,0,0,0,0,0,,-4.55E-05,,-0.150292783,0.303,-4.55E-05,-4.55E-05,-0.150292783,-0.150292783,0,0,0
RGI60-19.01384,0.048953125,0.016053778,,,,0,0,0,0,0,0,,-7.40E-06,,-0.031350127,0.236,-7.40E-06,-7.40E-06,-0.031350127,-0.031350127,0,0,0
RGI60-19.01385,0.048953125,0.016053778,,,,0,0,0,0,0,0,,-9.34E-05,,-0.331282972,0.282,-9.34E-05,-9.34E-05,-0.331282972,-0.331282972,0,0,0
RGI60-19.01386,0.048953125,0.016053778,,,,0,0,0,0,0,0,,-1.24E-05,,-0.062948201,0.197,-1.24E-05,-1.24E-05,-0.062948201,-0.062948201,0,0,0
RGI60-19.01387,0.048953125,0.016053778,,,,0,0,0,0,0,0,,5.13E-06,,0.013328192,0.385,5.13E-06,5.13E-06,0.013328192,0.013328192,0,0,0
RGI60-19.01388,0.048953125,0.016053778,,,,0,0,0,0,0,0,,-2.87E-05,,-0.137373938,0.209,-2.87E-05,-2.87E-05,-0.137373938,-0.137373938,0,0,0
RGI60-19.01389,0.048953125,0.016053778,,,,0,0,0,0,0,0,,-3.52E-05,,-0.142323757,0.247,-3.52E-05,-3.52E-05,-0.142323757,-0.142323757,0,0,0
RGI60-19.01390,0.048953125,0.016053778,,,,0,0,0,0,0,0,,0.000113876,,0.495112714,0.23,0.000113876,0.000113876,0.495112714,0.495112714,0,0,0
RGI60-19.01391,0.048953125,0.016053778,,,,0,0,0,0,0,0,,-5.28E-05,,-0.217466658,0.243,-5.28E-05,-5.28E-05,-0.217466658,-0.217466658,0,0,0
RGI60-19.01392,0.048953125,0.016053778,,,,0,0,0,0,0,0,,2.14E-05,,0.171075524,0.125,2.14E-05,2.14E-05,0.171075524,0.171075524,0,0,0
RGI60-19.01393,0.048953125,0.016053778,,,,0,0,0,0,0,0,,-1.32E-05,,-0.062685922,0.211,-1.32E-05,-1.32E-05,-0.062685922,-0.062685922,0,0,0
RGI60-19.01394,0.048953125,0.016053778,,,,0,0,0,0,0,0,,-3.15E-06,,-0.024026175,0.131,-3.15E-06,-3.15E-06,-0.024026175,-0.024026175,0,0,0
RGI60-19.01395,0.048953125,0.016053778,,,,0,0,0,0,0,0,,-3.12E-05,,-0.183484422,0.17,-3.12E-05,-3.12E-05,-0.183484422,-0.183484422,0,0,0
RGI60-19.01396,0.048953125,0.016053778,,,,0,0,0,0,0,0,,-0.000179481,,-0.331757575,0.541,-0.000179481,-0.000179481,-0.331757575,-0.331757575,0,0,0
RGI60-19.01397,0.048953125,0.016053778,,,,0,0,0,0,0,0,,-0.000196583,,-0.441758889,0.445,-0.000196583,-0.000196583,-0.441758889,-0.441758889,0,0,0
RGI60-19.01398,0.048953125,0.016053778,,,,0,0,0,0,0,0,,-0.000272675,,-0.140336877,1.943,-0.000272675,-0.000272675,-0.140336877,-0.140336877,0,0,0
RGI60-19.01399,0.048953125,0.016053778,,,,0,0,0,0,0,0,,-3.99E-05,,-0.070106673,0.569,-3.99E-05,-3.99E-05,-0.070106673,-0.070106673,0,0,0
RGI60-19.01400,0.048953125,0.016053778,,,,0,0,0,0,0,0,,-5.49E-05,,-0.097753336,0.562,-5.49E-05,-5.49E-05,-0.097753336,-0.097753336,0,0,0
RGI60-19.01401,0.048953125,0.016053778,,,,0,0,0,0,0,0,,0.000368591,,0.549315798,0.671,0.000368591,0.000368591,0.549315798,0.549315798,0,0,0
RGI60-19.01402,0.048953125,0.016053778,,,,0,0,0,0,0,0,,0.002039391,,0.272572929,7.482,0.002039391,0.002039391,0.272572929,0.272572929,0,0,0
RGI60-19.01403,0.048953125,0.016053778,,,,0,0,0,0,0,0,,0.000137657,,0.224196357,0.614,0.000137657,0.000137657,0.224196357,0.224196357,0,0,0
RGI60-19.01404,0.048953125,0.016053778,72.93923348,5.05E-05,,0,0,0,0,1,1,-5.02E-05,0,-0.204762144,-0.410914029,0.245,-0.000100674,-0.000100674,-0.410914029,-0.410914029,0,0,0
RGI60-19.01405,0.015385938,0.016053778,520.8042679,0.369903397,,0,0,0.003617789,1.957354209,1,1,0.301971492,-0.067931905,0.956744391,-0.215230481,315.624,-0.067931905,-0.067931905,-0.215230481,-0.215230481,0,0,0
RGI60-19.01406,0.048953125,0.016053778,621.2727282,0.182006573,,0,0,0,0,1,1,0.131598877,0,0.107341781,-0.041116246,1225.98,-0.050407696,-0.050407696,-0.041116246,-0.041116246,0,0,0
RGI60-19.01407,0.029771875,0.016053778,639.1657397,0.091183515,,0,0,0.000221303,0.143915129,1,1,0.09094615,-0.000237365,1.088302202,-0.002840416,83.567,-0.000237365,-0.000237365,-0.002840416,-0.002840416,0,0,0
RGI60-19.01408,0.048953125,0.016053778,,,,0,0,0,0,0,0,,6.10E-05,,0.381127728,0.16,6.10E-05,6.10E-05,0.381127728,0.381127728,0,0,0
RGI60-19.01409,0.048953125,0.016053778,,,,0,0,0,0,0,0,,-3.39E-07,,-0.00677417,0.05,-3.39E-07,-3.39E-07,-0.00677417,-0.00677417,0,0,0
RGI60-19.01410,0.003397656,0.016053778,316.4207431,0.000875646,,0,0,0.000105796,0.003691279,1,0,0.00072147,-0.000154177,0.683209826,-0.146000803,1.056,-0.000154177,-0.000154177,-0.146000803,-0.146000803,0,0,0
RGI60-19.01411,0.005795313,0.016053778,131.7697748,2.72E-05,,0,0,1.38E-06,2.28E-05,1,0,2.85E-05,1.33E-06,1.09731311,0.051142689,0.026,1.33E-06,1.33E-06,0.051142689,0.051142689,0,0,0
RGI60-19.01412,0.048953125,0.016053778,,,,0,0,0,0,0,0,,0.000453322,,0.361213018,1.255,0.000453322,0.000453322,0.361213018,0.361213018,0,0,0
RGI60-19.01413,0.048953125,0.016053778,,,,0,0,0,0,0,0,,-0.000795137,,-0.393632422,2.02,-0.000795137,-0.000795137,-0.393632422,-0.393632422,0,0,0
RGI60-19.01414,0.048953125,0.016053778,,,,0,0,0,0,0,0,,-8.45E-05,,-0.038337202,2.203,-8.45E-05,-8.45E-05,-0.038337202,-0.038337202,0,0,0
RGI60-19.01415,0.048953125,0.016053778,601.9205662,0.206216397,,0,0,0,0,1,1,-0.098759225,0,-0.139382153,-0.43042216,708.55,-0.304975621,-0.304975621,-0.43042216,-0.43042216,0,0,0
RGI60-19.01416,0.012988281,0.016053778,131.5693629,2.05E-05,,0,0,2.32E-07,1.36E-05,1,1,2.97E-05,9.14E-06,1.022928136,0.315195685,0.029,9.14E-06,9.14E-06,0.315195685,0.315195685,0,0,0
RGI60-19.01417,0.048953125,0.016053778,780.7909565,0.082569541,,0,0,0,0,1,1,-0.003438423,0,-0.029850533,-0.746674686,115.188,-0.086007964,-0.086007964,-0.746674686,-0.746674686,0,0,0
RGI60-19.01418,0.008192969,0.016053778,211.013532,0.002508686,,0,0,0.000101529,0.035608058,1,1,0.029630178,0.027121492,1.450539885,1.327727635,20.427,0.027121492,0.027121492,1.327727635,1.327727635,0,0,0
RGI60-19.01419,0.024976563,0.016053778,604.9836323,0.041887803,,0,0,0.000160509,0.01405044,1,1,0.069784361,0.027896559,1.09855112,0.439149905,63.524,0.027896559,0.027896559,0.439149905,0.439149905,0,0,0
RGI60-19.01420,0.048953125,0.016053778,765.4630501,0.366645764,,0,0,0,0,1,1,0.471976412,0,0.7253041,0.161865613,650.729,0.105330648,0.105330648,0.161865613,0.161865613,0,0,0
RGI60-19.01421,0.048953125,0.016053778,846.6370111,0.027249519,,0,0,0,0,1,1,0.002482472,0,0.012464337,-0.124353789,199.166,-0.024767047,-0.024767047,-0.124353789,-0.124353789,0,0,0
RGI60-19.01422,0.048953125,0.016053778,758.3879156,0.266670826,,0,0,0,0,1,1,0.239012304,0,1.08154279,-0.125156213,220.992,-0.027658522,-0.027658522,-0.125156213,-0.125156213,0,0,0
RGI60-19.01423,0.024976563,0.016053778,599.2134539,0.208529212,,0,0,0.000755566,0,1,1,0.383097609,0.174568397,1.047032323,0.47710753,365.889,0.174568397,0.174568397,0.47710753,0.47710753,0,0,0
RGI60-19.01424,0.048953125,0.016053778,764.3003716,0.127082132,,0,0,0,0,1,1,0.084997854,0,1.081700395,-0.535573295,78.578,-0.042084278,-0.042084278,-0.535573295,-0.535573295,0,0,0
RGI60-19.01425,0.048953125,0.016053778,,,,0,0,0,0,0,0,,-0.003102106,,-0.164839037,18.819,-0.003102106,-0.003102106,-0.164839037,-0.164839037,0,0,0
RGI60-19.01426,0.024976563,0.016053778,628.1868441,0.018369524,,0,0,6.18E-05,0.000378537,1,0,0.022577618,0.004208094,0.988122787,0.184169708,22.849,0.004208094,0.004208094,0.184169708,0.184169708,0,0,0
RGI60-19.01427,0.0393625,0.016053778,197.0077942,0.001675076,,0,0,9.20E-07,0.000309781,1,1,0.002151607,0.000476531,1.069919146,0.236962417,2.011,0.000476531,0.000476531,0.236962417,0.236962417,0,0,0
RGI60-19.01428,0.048953125,0.016053778,,,,0,0,0,0,0,0,,0.004598665,,0.11466563,40.105,0.004598665,0.004598665,0.11466563,0.11466563,0,0,0
RGI60-19.01429,0.048953125,0.016053778,,,,0,0,0,0,0,0,,-0.003796462,,-0.040856443,92.922,-0.003796462,-0.003796462,-0.040856443,-0.040856443,0,0,0
RGI60-19.01430,0.041760156,0.016053778,481.7490804,0.026250591,,0,0,4.32E-05,0.145666372,1,1,0.020109398,-0.006141193,0.993841962,-0.303508587,20.234,-0.006141193,-0.006141193,-0.303508587,-0.303508587,0,0,0
RGI60-19.01431,0.024976563,0.016053778,651.0372055,0.010506112,,0,0,4.20E-05,0.058172435,1,1,0.010242005,-0.000264107,0.981034951,-0.025297604,10.44,-0.000264107,-0.000264107,-0.025297604,-0.025297604,0,0,0
RGI60-19.01432,0.048953125,0.016053778,,,,0,0,0,0,0,0,,-0.001120205,,-0.057963621,19.326,-0.001120205,-0.001120205,-0.057963621,-0.057963621,0,0,0
RGI60-19.01433,0.022578906,0.016053778,592.0228394,0.005190983,,0,0,2.07E-05,0.000229255,1,0,0.007325757,0.002134775,1.104441038,0.321841516,6.633,0.002134775,0.002134775,0.321841516,0.321841516,0,0,0
RGI60-19.01434,0.036964844,0.016053778,385.3771586,0.00149353,,0,0,2.11E-06,0.002494337,1,0,0.001121174,-0.000372356,1.091697853,-0.362567108,1.027,-0.000372356,-0.000372356,-0.362567108,-0.362567108,0,0,0
RGI60-19.01435,0.048953125,0.016053778,,,,0,0,0,0,0,0,,-7.58E-05,,-0.304409644,0.249,-7.58E-05,-7.58E-05,-0.304409644,-0.304409644,0,0,0
RGI60-19.01436,0.034567188,0.016053778,302.4475923,0.003393593,,0,0,6.83E-06,0.000303957,1,1,0.004580674,0.001187081,1.064283095,0.275808853,4.304,0.001187081,0.001187081,0.275808853,0.275808853,0,0,0
RGI60-19.01439,0.010590625,0.016053778,143.3862482,5.28E-05,,0,0,8.46E-07,0.000192333,1,1,0.000682934,0.000630165,2.181897513,2.013305465,0.313,0.000630165,0.000630165,2.013305465,2.013305465,0,0,0
RGI60-19.01440,0.017783594,0.016053778,546.4744684,0.000696683,,0,0,4.36E-06,0.004214468,1,0,0.000710912,1.42E-05,1.012695427,0.020269746,0.702,1.42E-05,1.42E-05,0.020269746,0.020269746,0,0,0
RGI60-19.01441,0.048953125,0.016053778,,,,0,0,0,0,0,0,,3.30E-06,,0.219904704,0.015,3.30E-06,3.30E-06,0.219904704,0.219904704,0,0,0
RGI60-19.01442,0.048953125,0.016053778,,,,0,0,0,0,0,0,,-1.72E-06,,-0.156020859,0.011,-1.72E-06,-1.72E-06,-0.156020859,-0.156020859,0,0,0
RGI60-19.01443,0.048953125,0.016053778,,,,0,0,0,0,0,0,,-1.35E-06,,-0.024115301,0.056,-1.35E-06,-1.35E-06,-0.024115301,-0.024115301,0,0,0
RGI60-19.01444,0.010590625,0.016053778,164.1972872,6.39E-05,,0,0,1.01E-06,2.07E-05,1,1,7.59E-05,1.19E-05,0.936753592,0.147334657,0.081,1.19E-05,1.19E-05,0.147334657,0.147334657,0,0,0
RGI60-19.01445,0.008192969,0.016053778,158.6017164,7.31E-05,,0,0,1.57E-06,0.000118083,1,1,6.16E-05,-1.15E-05,0.832046953,-0.156020859,0.074,-1.15E-05,-1.15E-05,-0.156020859,-0.156020859,0,0,0
RGI60-19.01446,0.048953125,0.016053778,,,,0,0,0,0,0,0,,-1.72E-06,,-0.156020859,0.011,-1.72E-06,-1.72E-06,-0.156020859,-0.156020859,0,0,0
RGI60-19.01447,0.048953125,0.016053778,,,,0,0,0,0,0,0,,2.34E-07,,0.01298101,0.018,2.34E-07,2.34E-07,0.01298101,0.01298101,0,0,0
RGI60-19.01448,0.048953125,0.016053778,,,,0,0,0,0,0,0,,-1.72E-06,,-0.156020859,0.011,-1.72E-06,-1.72E-06,-0.156020859,-0.156020859,0,0,0
RGI60-19.01449,0.003397656,0.016053778,151.2505712,2.15E-05,,0,0,2.50E-06,6.24E-05,1,0,2.38E-05,2.26E-06,0.553579854,0.052669761,0.043,2.26E-06,2.26E-06,0.052669761,0.052669761,0,0,0
RGI60-19.01450,0.048953125,0.016053778,,,,0,0,0,0,0,0,,-2.23E-06,,-0.159599923,0.014,-2.23E-06,-2.23E-06,-0.159599923,-0.159599923,0,0,0
RGI60-19.01451,0.048953125,0.016053778,,,,0,0,0,0,0,0,,-1.72E-06,,-0.156020859,0.011,-1.72E-06,-1.72E-06,-0.156020859,-0.156020859,0,0,0
RGI60-19.01452,0.048953125,0.016053778,,,,0,0,0,0,0,0,,-2.18E-06,,-0.156020859,0.014,-2.18E-06,-2.18E-06,-0.156020859,-0.156020859,0,0,0
RGI60-19.01453,0.048953125,0.016053778,,,,0,0,0,0,0,0,,-1.72E-06,,-0.156020859,0.011,-1.72E-06,-1.72E-06,-0.156020859,-0.156020859,0,0,0
RGI60-19.01454,0.048953125,0.016053778,,,,0,0,0,0,0,0,,-2.75E-06,,-0.196332236,0.014,-2.75E-06,-2.75E-06,-0.196332236,-0.196332236,0,0,0
RGI60-19.01455,0.048953125,0.016053778,,,,0,0,0,0,0,0,,-1.05E-06,,-0.070295575,0.015,-1.05E-06,-1.05E-06,-0.070295575,-0.070295575,0,0,0
RGI60-19.01456,0.048953125,0.016053778,,,,0,0,0,0,0,0,,-2.24E-06,,-0.062195983,0.036,-2.24E-06,-2.24E-06,-0.062195983,-0.062195983,0,0,0
RGI60-19.01457,0.048953125,0.016053778,,,,0,0,0,0,0,0,,-1.18E-05,,-0.235627067,0.05,-1.18E-05,-1.18E-05,-0.235627067,-0.235627067,0,0,0
RGI60-19.01458,0.048953125,0.016053778,,,,0,0,0,0,0,0,,-2.18E-06,,-0.156020859,0.014,-2.18E-06,-2.18E-06,-0.156020859,-0.156020859,0,0,0
RGI60-19.01459,0.048953125,0.016053778,,,,0,0,0,0,0,0,,-7.72E-06,,-0.406162003,0.019,-7.72E-06,-7.72E-06,-0.406162003,-0.406162003,0,0,0
RGI60-19.01460,0.048953125,0.016053778,,,,0,0,0,0,0,0,,-2.43E-05,,-0.373585519,0.065,-2.43E-05,-2.43E-05,-0.373585519,-0.373585519,0,0,0
RGI60-19.01461,0.048953125,0.016053778,,,,0,0,0,0,0,0,,-2.81E-06,,-0.156020859,0.018,-2.81E-06,-2.81E-06,-0.156020859,-0.156020859,0,0,0
RGI60-19.01462,0.048953125,0.016053778,,,,0,0,0,0,0,0,,-1.35E-06,,-0.010623395,0.127,-1.35E-06,-1.35E-06,-0.010623395,-0.010623395,0,0,0
RGI60-19.01463,0.048953125,0.016053778,,,,0,0,0,0,0,0,,-2.34E-06,,-0.156020859,0.015,-2.34E-06,-2.34E-06,-0.156020859,-0.156020859,0,0,0
RGI60-19.01464,0.048953125,0.016053778,,,,0,0,0,0,0,0,,-1.04E-05,,-0.31543559,0.033,-1.04E-05,-1.04E-05,-0.31543559,-0.31543559,0,0,0
RGI60-19.01465,0.048953125,0.016053778,,,,0,0,0,0,0,0,,-7.09E-06,,-0.221569918,0.032,-7.09E-06,-7.09E-06,-0.221569918,-0.221569918,0,0,0
RGI60-19.01466,0.048953125,0.016053778,,,,0,0,0,0,0,0,,-2.50E-06,,-0.156020859,0.016,-2.50E-06,-2.50E-06,-0.156020859,-0.156020859,0,0,0
RGI60-19.01467,0.048953125,0.016053778,,,,0,0,0,0,0,0,,-1.41E-05,,-1.007237763,0.014,-1.41E-05,-1.41E-05,-1.007237763,-1.007237763,0,0,0
RGI60-19.01468,0.048953125,0.016053778,,,,0,0,0,0,0,0,,-1.16E-05,,-0.482802509,0.024,-1.16E-05,-1.16E-05,-0.482802509,-0.482802509,0,0,0
RGI60-19.01469,0.048953125,0.016053778,,,,0,0,0,0,0,0,,-1.60E-05,,-0.390580426,0.041,-1.60E-05,-1.60E-05,-0.390580426,-0.390580426,0,0,0
RGI60-19.01470,0.048953125,0.016053778,,,,0,0,0,0,0,0,,-2.75E-06,,-0.05730267,0.048,-2.75E-06,-2.75E-06,-0.05730267,-0.05730267,0,0,0
RGI60-19.01471,0.048953125,0.016053778,,,,0,0,0,0,0,0,,-4.07E-06,,-0.193685392,0.021,-4.07E-06,-4.07E-06,-0.193685392,-0.193685392,0,0,0
RGI60-19.01472,0.048953125,0.016053778,,,,0,0,0,0,0,0,,-1.72E-06,,-0.156020859,0.011,-1.72E-06,-1.72E-06,-0.156020859,-0.156020859,0,0,0
RGI60-19.01473,0.048953125,0.016053778,0.142890737,2.15E-07,,0,0,0,0,1,1,-9.91E-06,0,-0.309779101,-0.316482943,0.032,-1.01E-05,-1.01E-05,-0.316482943,-0.316482943,0,0,0
RGI60-19.01474,0.048953125,0.016053778,,,,0,0,0,0,0,0,,-1.74E-05,,-0.496048706,0.035,-1.74E-05,-1.74E-05,-0.496048706,-0.496048706,0,0,0
RGI60-19.01475,0.048953125,0.016053778,,,,0,0,0,0,0,0,,-2.34E-06,,-0.156020859,0.015,-2.34E-06,-2.34E-06,-0.156020859,-0.156020859,0,0,0
RGI60-19.01476,0.048953125,0.016053778,,,,0,0,0,0,0,0,,-2.18E-06,,-0.156020859,0.014,-2.18E-06,-2.18E-06,-0.156020859,-0.156020859,0,0,0
RGI60-19.01477,0.048953125,0.016053778,,,,0,0,0,0,0,0,,-3.43E-06,,-0.156020859,0.022,-3.43E-06,-3.43E-06,-0.156020859,-0.156020859,0,0,0
RGI60-19.01478,0.005795313,0.016053778,135.7468587,4.57E-05,,0,0,2.12E-06,6.70E-05,1,1,3.16E-05,-1.41E-05,0.565050256,-0.251001974,0.056,-1.41E-05,-1.41E-05,-0.251001974,-0.251001974,0,0,0
RGI60-19.01479,0.048953125,0.016053778,,,,0,0,0,0,0,0,,-1.72E-06,,-0.156020859,0.011,-1.72E-06,-1.72E-06,-0.156020859,-0.156020859,0,0,0
RGI60-19.01480,0.005795313,0.016053778,184.2560575,3.74E-05,,0,0,1.51E-06,2.70E-05,1,0,2.32E-05,-1.41E-05,1.056411336,-0.641356903,0.022,-1.41E-05,-1.41E-05,-0.641356903,-0.641356903,0,0,0
RGI60-19.01481,0.048953125,0.016053778,,,,0,0,0,0,0,0,,-8.22E-06,,-0.456557885,0.018,-8.22E-06,-8.22E-06,-0.456557885,-0.456557885,0,0,0
RGI60-19.01482,0.048953125,0.016053778,,,,0,0,0,0,0,0,,-5.96E-06,,-0.186361789,0.032,-5.96E-06,-5.96E-06,-0.186361789,-0.186361789,0,0,0
RGI60-19.01483,0.048953125,0.016053778,54.55518786,1.24E-05,,0,0,0,0,1,1,1.54E-05,0,0.732018661,0.140841777,0.021,2.96E-06,2.96E-06,0.140841777,0.140841777,0,0,0
RGI60-19.01484,0.048953125,0.016053778,,,,0,0,0,0,0,0,,-1.72E-06,,-0.156020859,0.011,-1.72E-06,-1.72E-06,-0.156020859,-0.156020859,0,0,0
RGI60-19.01485,0.015385938,0.016053778,153.7866539,2.48E-05,,0,0,2.49E-07,4.50E-05,1,1,2.55E-05,6.61E-07,0.911055472,0.023616582,0.028,6.61E-07,6.61E-07,0.023616582,0.023616582,0,0,0
RGI60-19.01487,0.048953125,0.016053778,120.9237199,0.008395587,,0,0,0,0,1,1,0.012165392,0,0.373802172,0.115833612,32.545,0.003769805,0.003769805,0.115833612,0.115833612,0,0,0
RGI60-19.01488,0.048953125,0.016053778,203.4448097,0.03479599,,0,0,0,0,1,1,0.01546541,0,0.066011944,-0.08250988,234.282,-0.01933058,-0.01933058,-0.08250988,-0.08250988,0,0,0
RGI60-19.01489,0.048953125,0.016053778,,,,0,0,0,0,0,0,,0.000124538,,2.490756246,0.05,0.000124538,0.000124538,2.490756246,2.490756246,0,0,0
RGI60-19.01490,0.048953125,0.016053778,,,,0,0,0,0,0,0,,-7.90E-05,,-0.241545202,0.327,-7.90E-05,-7.90E-05,-0.241545202,-0.241545202,0,0,0
RGI60-19.01491,0.048953125,0.016053778,,,,0,0,0,0,0,0,,-4.99E-06,,-0.156020859,0.032,-4.99E-06,-4.99E-06,-0.156020859,-0.156020859,0,0,0
RGI60-19.01492,0.048953125,0.016053778,,,,0,0,0,0,0,0,,-5.25E-05,,-0.263651284,0.199,-5.25E-05,-5.25E-05,-0.263651284,-0.263651284,0,0,0
RGI60-19.01493,0.048953125,0.016053778,,,,0,0,0,0,0,0,,2.75E-05,,0.227081482,0.121,2.75E-05,2.75E-05,0.227081482,0.227081482,0,0,0
RGI60-19.01494,0.005795313,0.016053778,334.5312373,4.75E-05,,0,0,1.52E-06,0.00011219,1,0,4.09E-05,-6.55E-06,0.974111208,-0.156020859,0.042,-6.55E-06,-6.55E-06,-0.156020859,-0.156020859,0,0,0
RGI60-19.01495,0.012988281,0.016053778,199.9416235,7.22E-05,,0,0,0,0.000119493,1,0,6.13E-05,-1.09E-05,0.875045189,-0.156020859,0.07,-1.09E-05,-1.09E-05,-0.156020859,-0.156020859,0,0,0
RGI60-19.01496,0.003397656,0.016053778,172.4106461,3.60E-06,,0,0,4.25E-07,1.98E-05,1,0,6.66E-05,6.30E-05,1.21117219,1.145795709,0.055,6.30E-05,6.30E-05,1.145795709,1.145795709,0,0,0
RGI60-19.01497,0.048953125,0.016053778,,,,0,0,0,0,0,0,,-1.11E-05,,-0.156020859,0.071,-1.11E-05,-1.11E-05,-0.156020859,-0.156020859,0,0,0
RGI60-19.01498,0.048953125,0.016053778,99.93324501,2.35E-05,,0,0,0,0,1,1,1.56E-05,0,0.063490562,-0.031875159,0.246,-7.84E-06,-7.84E-06,-0.031875159,-0.031875159,0,0,0
RGI60-19.01499,0.048953125,0.016053778,29.70697575,0,,0,0,0,0,1,1,-1.21E-05,0,-0.097148688,-0.097148688,0.125,-1.21E-05,-1.21E-05,-0.097148688,-0.097148688,0,0,0
RGI60-19.01500,0.048953125,0.016053778,,,,0,0,0,0,0,0,,0.000124712,,0.872113856,0.143,0.000124712,0.000124712,0.872113856,0.872113856,0,0,0
RGI60-19.01520,0.029771875,0.016053778,644.454552,0.094039444,,0,0,0.000724476,0.39202403,1,0,0.104561381,0.010521937,0.991996403,0.09982389,105.405,0.010521937,0.010521937,0.09982389,0.09982389,0,0,0
RGI60-19.01521,0.02018125,0.016053778,571.4500639,0.05499946,,0,0,0.00085662,0.368226366,1,0,0.103236905,0.048237445,1.087127672,0.507960415,94.963,0.048237445,0.048237445,0.507960415,0.507960415,0,0,0
RGI60-19.01522,0.048953125,0.016053778,,,,0,0,0,0,0,0,,0.000100365,,1.497987634,0.067,0.000100365,0.000100365,1.497987634,1.497987634,0,0,0
RGI60-19.01523,0.048953125,0.016053778,,,,0,0,0,0,0,0,,6.49E-05,,2.497127137,0.026,6.49E-05,6.49E-05,2.497127137,2.497127137,0,0,0
RGI60-19.01524,0.048953125,0.016053778,55.46617857,7.12E-07,,0,0,0,0,1,1,-0.005191153,0,-1.912026972,-1.912289183,2.715,-0.005191865,-0.005191865,-1.912289183,-1.912289183,0,0,0
RGI60-19.01525,0.017783594,0.016053778,432.3720149,0.002100424,,0,0,2.81E-05,0.000654908,1,0,0.004533313,0.002432888,1.056469976,0.566974705,4.291,0.002432888,0.002432888,0.566974705,0.566974705,0,0,0
RGI60-19.01526,0.003397656,0.016053778,309.7877052,7.96E-05,,0,0,6.23E-06,0.000194385,1,0,0.001130641,0.001051053,1.49555671,1.390281209,0.756,0.001051053,0.001051053,1.390281209,1.390281209,0,0,0
RGI60-19.01527,0.005795313,0.016053778,381.1705172,0.000825255,,0,0,8.25E-05,0.005859551,1,0,0.013776928,0.012951673,2.608278773,2.452039582,5.282,0.012951673,0.012951673,2.452039582,2.452039582,0,0,0
RGI60-19.01528,0.029771875,0.016053778,721.9323437,0.007580707,,0,0,3.03E-05,0.04728524,1,0,0.00780372,0.000223012,1.105655932,0.031597112,7.058,0.000223012,0.000223012,0.031597112,0.031597112,0,0,0
RGI60-19.01529,0.048953125,0.016053778,836.0365834,0.025145398,,0,0,0,0,1,0,0.003554214,0,0.234989328,-1.427516294,15.125,-0.021591184,-0.021591184,-1.427516294,-1.427516294,0,0,0
RGI60-19.01532,0.048953125,0.016053778,65.97405029,1.68E-05,,0,0,0,0,1,1,-0.00044615,0,-0.150370849,-0.156020859,2.967,-0.000462914,-0.000462914,-0.156020859,-0.156020859,0,0,0
RGI60-19.01543,0.048953125,0.016053778,38.74539742,0,,0,0,0,0,1,1,-0.001184354,0,-0.156020859,-0.156020859,7.591,-0.001184354,-0.001184354,-0.156020859,-0.156020859,0,0,0
RGI60-19.01545,0.048953125,0.016053778,35.95076881,0,,0,0,0,0,1,1,-0.000123412,0,-0.156020859,-0.156020859,0.791,-0.000123412,-0.000123412,-0.156020859,-0.156020859,0,0,0
RGI60-19.01695,0.048953125,0.016053778,114.2808421,0.000420774,,0,0,0,0,1,1,0.004142991,0,0.429281022,0.385682057,9.651,0.003722218,0.003722218,0.385682057,0.385682057,0,0,0
RGI60-19.01697,0.048953125,0.016053778,83.68494538,0.000214347,,0,0,0,0,1,1,-0.002187201,0,-0.301350323,-0.330882877,7.258,-0.002401548,-0.002401548,-0.330882877,-0.330882877,0,0,0
RGI60-19.01699,0.048953125,0.016053778,115.4622521,0.001110791,,0,0,7.79E-06,0.191355374,1,1,0.020925814,0.019815023,1.196991973,1.13345284,17.482,0.019815023,0.019815023,1.13345284,1.13345284,0,0,0
RGI60-19.01700,0.048953125,0.016053778,82.16319325,0.000826382,,0,0,0,0,1,1,0.000748799,0,0.083098299,-0.008609861,9.011,-7.76E-05,-7.76E-05,-0.008609861,-0.008609861,0,0,0
RGI60-19.01701,0.048953125,0.016053778,93.51187865,0.000604304,,0,0,0,0,1,1,-0.002358556,0,-0.212539987,-0.266996549,11.097,-0.002962861,-0.002962861,-0.266996549,-0.266996549,0,0,0
RGI60-19.01710,0.048953125,0.016053778,160.5358895,0.002566713,,0,0,0,0,1,1,-0.003034145,0,-0.129592321,-0.23921999,23.413,-0.005600858,-0.005600858,-0.23921999,-0.23921999,0,0,0
RGI60-19.01713,0.048953125,0.016053778,94.57116253,0.000360055,,0,0,0,0,1,1,0.002682374,0,0.094486394,0.081803478,28.389,0.002322319,0.002322319,0.081803478,0.081803478,0,0,0
RGI60-19.01714,0.048953125,0.016053778,88.52196485,0.000167897,,0,0,0,0,1,1,-0.017446418,0,-0.806509698,-0.814271215,21.632,-0.017614315,-0.017614315,-0.814271215,-0.814271215,0,0,0
RGI60-19.01715,0.048953125,0.016053778,83.8356494,6.04E-05,,0,0,0,0,1,1,0.003245265,0,0.14923501,0.146455394,21.746,0.003184819,0.003184819,0.146455394,0.146455394,0,0,0
RGI60-19.01716,0.048953125,0.016053778,165.7313815,0.000460642,,0,0,0,0,1,1,-0.016868326,0,-1.816924404,-1.866541131,9.284,-0.017328968,-0.017328968,-1.866541131,-1.866541131,0,0,0
RGI60-19.01717,0.048953125,0.016053778,164.8916027,0.002839571,,0,0,0,0,1,1,-0.023316885,0,-2.143096047,-2.404086011,10.88,-0.026156456,-0.026156456,-2.404086011,-2.404086011,0,0,0
RGI60-19.01721,0.048953125,0.016053778,775.5782138,0.175343067,,0,0,0,0,1,1,-3.990587553,0,-0.664561292,-0.693761558,6004.845,-4.16593062,-4.16593062,-0.693761558,-0.693761558,0,0,0
RGI60-19.01722,0.008192969,0.016053778,421.2820995,0.000294943,,0,0,7.50E-06,0.001166996,1,0,0.000253909,-4.10E-05,0.965434089,-0.156020859,0.263,-4.10E-05,-4.10E-05,-0.156020859,-0.156020859,0,0,0
RGI60-19.01723,0.044157813,0.016053778,741.2074349,0.002234975,,0,0,5.98E-06,0.01024503,1,0,0.001955697,-0.000279277,1.092568395,-0.156020859,1.79,-0.000279277,-0.000279277,-0.156020859,-0.156020859,0,0,0
RGI60-19.01724,0.048953125,0.016053778,372.3664,0.001181248,,0,0,0,0,1,0,0.000716462,0,0.240504082,-0.156020859,2.979,-0.000464786,-0.000464786,-0.156020859,-0.156020859,0,0,0
RGI60-19.01725,0.048953125,0.016053778,275.995744,0.002167128,,0,0,0,0,1,0,0.000853901,0,0.101449525,-0.156020859,8.417,-0.001313228,-0.001313228,-0.156020859,-0.156020859,0,0,0
RGI60-19.01726,0.048953125,0.016053778,767.2399641,0.015613119,,0,0,0,0,1,0,0.012986664,0,0.771454424,-0.156020859,16.834,-0.002626455,-0.002626455,-0.156020859,-0.156020859,0,0,0
RGI60-19.01727,0.048953125,0.016053778,352.8496917,0.005101699,,0,0,0,0,1,1,0.002505668,0,0.150590055,-0.156020859,16.639,-0.002596031,-0.002596031,-0.156020859,-0.156020859,0,0,0
RGI60-19.01728,0.048953125,0.016053778,767.2399641,0.002625908,,0,0,0,0,1,0,-0.000658799,0,-0.031292392,-0.156020859,21.053,-0.003284707,-0.003284707,-0.156020859,-0.156020859,0,0,0
RGI60-19.01729,0.048953125,0.016053778,767.2399641,0.004958146,,0,0,0,0,1,0,0.004278363,0,0.981951507,-0.156020859,4.357,-0.000679783,-0.000679783,-0.156020859,-0.156020859,0,0,0
RGI60-19.01730,0.048953125,0.016053778,810.8536847,0.013450273,,0,0,0,0,1,0,0.009542575,0,0.38100195,-0.156020859,25.046,-0.003907698,-0.003907698,-0.156020859,-0.156020859,0,0,0
RGI60-19.01731,0.048953125,0.016053778,248.3609661,0.008118872,,0,0,0,0,1,1,0.005384451,0,0.307226458,-0.156020859,17.526,-0.002734422,-0.002734422,-0.156020859,-0.156020859,0,0,0
RGI60-19.01732,0.032169531,0.016053778,561.5260818,0.000184784,,0,0,6.96E-07,0.000878579,1,0,0.000159041,-2.57E-05,0.963883022,-0.156020859,0.165,-2.57E-05,-2.57E-05,-0.156020859,-0.156020859,0,0,0
RGI60-19.01733,0.048953125,0.016053778,39.88994639,2.14E-06,,0,0,0,0,1,1,-0.000487606,0,-0.155338016,-0.156020859,3.139,-0.000489749,-0.000489749,-0.156020859,-0.156020859,0,0,0
RGI60-19.01734,0.048953125,0.016053778,63.29169032,0.000317553,,0,0,0,0,1,1,-0.001310988,0,-0.025011223,-0.031069548,52.416,-0.001628541,-0.001628541,-0.031069548,-0.031069548,0,0,0
RGI60-19.01735,0.048953125,0.016053778,154.3250983,0.001077891,,0,0,0,0,1,1,0.000691369,0,0.130545527,-0.07298382,5.296,-0.000386522,-0.000386522,-0.07298382,-0.07298382,0,0,0
RGI60-19.01736,0.048953125,0.016053778,672.5491624,0.006556313,,0,0,0,0,1,0,0.002042964,0,0.083451002,-0.184361293,24.481,-0.004513349,-0.004513349,-0.184361293,-0.184361293,0,0,0
RGI60-19.01737,0.048953125,0.016053778,864.6769352,0.009759382,,0,0,0,0,1,0,0.005586451,0,0.20205625,-0.150930666,27.648,-0.004172931,-0.004172931,-0.150930666,-0.150930666,0,0,0
RGI60-19.01738,0.048953125,0.016053778,35.20786114,0,,0,0,0,0,1,1,-0.000377726,0,-0.156020859,-0.156020859,2.421,-0.000377726,-0.000377726,-0.156020859,-0.156020859,0,0,0
RGI60-19.01739,0.048953125,0.016053778,129.6812817,2.73E-05,,0,0,0,0,1,1,-4.02E-05,0,-0.092865144,-0.156020859,0.433,-6.76E-05,-6.76E-05,-0.156020859,-0.156020859,0,0,0
RGI60-19.01740,0.048953125,0.016053778,155.6487091,5.29E-05,,0,0,0,0,1,1,-0.000209393,0,-0.124564574,-0.156020859,1.681,-0.000262271,-0.000262271,-0.156020859,-0.156020859,0,0,0
RGI60-19.01741,0.048953125,0.016053778,359.3197934,0.01007588,,0,0,0,0,1,1,0.007284979,0,0.407255085,-0.156020859,17.888,-0.002790901,-0.002790901,-0.156020859,-0.156020859,0,0,0
RGI60-19.01742,0.048953125,0.016053778,55.9919479,2.84E-05,,0,0,0,0,1,1,-0.000837782,0,-0.150897298,-0.156020859,5.552,-0.000866228,-0.000866228,-0.156020859,-0.156020859,0,0,0
RGI60-19.01743,0.048953125,0.016053778,171.9307301,0.000659263,,0,0,0,0,1,1,-5.36E-05,0,-0.011730462,-0.156020859,4.569,-0.000712859,-0.000712859,-0.156020859,-0.156020859,0,0,0
RGI60-19.01744,0.048953125,0.016053778,130.6223554,0.000395616,,0,0,0,0,1,1,-0.00105725,0,-0.113536308,-0.156020859,9.312,-0.001452866,-0.001452866,-0.156020859,-0.156020859,0,0,0
RGI60-19.01745,0.048953125,0.016053778,155.5663459,0.001268123,,0,0,0,0,1,1,-0.004748325,0,-0.258919503,-0.328068488,18.339,-0.006016448,-0.006016448,-0.328068488,-0.328068488,0,0,0
RGI60-19.01746,0.048953125,0.016053778,781.3842912,0.105364681,,0,0,0,0,1,0,0.06008782,0,0.49667565,-0.374250796,120.98,-0.045276861,-0.045276861,-0.374250796,-0.374250796,0,0,0
RGI60-19.01747,0.048953125,0.016053778,706.0286119,0.004989825,,0,0,0,0,1,0,0.002474457,0,0.15348323,-0.156020859,16.122,-0.002515368,-0.002515368,-0.156020859,-0.156020859,0,0,0
RGI60-19.01748,0.048953125,0.016053778,230.6395403,0.001233527,,0,0,0,0,1,1,0.000699312,0,0.204238319,-0.156020859,3.424,-0.000534215,-0.000534215,-0.156020859,-0.156020859,0,0,0
RGI60-19.01749,0.048953125,0.016053778,548.2637353,0.001080566,,0,0,0,0,1,0,0.000641524,0,0.227975732,-0.156020859,2.814,-0.000439043,-0.000439043,-0.156020859,-0.156020859,0,0,0
RGI60-19.01750,0.048953125,0.016053778,178.6369306,0.000226703,,0,0,0,0,1,0,-0.000611441,0,-0.113819992,-0.156020859,5.372,-0.000838144,-0.000838144,-0.156020859,-0.156020859,0,0,0
RGI60-19.01751,0.048953125,0.016053778,614.226423,0.00091667,,0,0,0,0,1,0,-0.002598324,0,-0.115332402,-0.156020859,22.529,-0.003514994,-0.003514994,-0.156020859,-0.156020859,0,0,0
RGI60-19.01752,0.048953125,0.016053778,97.49977691,0.00012921,,0,0,0,0,1,1,-0.003659289,0,-0.150699643,-0.156020859,24.282,-0.003788498,-0.003788498,-0.156020859,-0.156020859,0,0,0
RGI60-19.01753,0.048953125,0.016053778,815.5041245,0.019231837,,0,0,0,0,1,0,0.009746549,0,0.160318265,-0.156020859,60.795,-0.009485288,-0.009485288,-0.156020859,-0.156020859,0,0,0
RGI60-19.01754,0.048953125,0.016053778,56.22714354,0.000188904,,0,0,0,0,1,1,-0.003034019,0,-0.146876072,-0.156020859,20.657,-0.003222923,-0.003222923,-0.156020859,-0.156020859,0,0,0
RGI60-19.01755,0.048953125,0.016053778,,,,0,0,0,0,0,0,,-1.61E-05,,-0.156020859,0.103,-1.61E-05,-1.61E-05,-0.156020859,-0.156020859,0,0,0
RGI60-19.01756,0.048953125,0.016053778,,,,0,0,0,0,0,0,,-2.12E-05,,-0.156020859,0.136,-2.12E-05,-2.12E-05,-0.156020859,-0.156020859,0,0,0
RGI60-19.01757,0.048953125,0.016053778,,,,0,0,0,0,0,0,,-2.90E-05,,-0.156020859,0.186,-2.90E-05,-2.90E-05,-0.156020859,-0.156020859,0,0,0
RGI60-19.01758,0.048953125,0.016053778,57.37562855,5.93E-06,,0,0,0,0,1,1,-1.14E-05,0,-0.102596395,-0.156020859,0.111,-1.73E-05,-1.73E-05,-0.156020859,-0.156020859,0,0,0
RGI60-19.01759,0.048953125,0.016053778,23.25164226,0,,0,0,0,0,1,1,-5.24E-05,0,-0.156020859,-0.156020859,0.336,-5.24E-05,-5.24E-05,-0.156020859,-0.156020859,0,0,0
RGI60-19.01760,0.048953125,0.016053778,16.38728571,0,,0,0,0,0,1,1,-2.11E-05,0,-0.156020859,-0.156020859,0.135,-2.11E-05,-2.11E-05,-0.156020859,-0.156020859,0,0,0
RGI60-19.01761,0.048953125,0.016053778,62.33401224,6.64E-06,,0,0,0,0,1,1,-3.72E-05,0,-0.132379432,-0.156020859,0.281,-4.38E-05,-4.38E-05,-0.156020859,-0.156020859,0,0,0
RGI60-19.01762,0.048953125,0.016053778,58.49595849,2.52E-06,,0,0,0,0,1,1,-5.51E-05,0,-0.149192223,-0.156020859,0.369,-5.76E-05,-5.76E-05,-0.156020859,-0.156020859,0,0,0
RGI60-19.01763,0.048953125,0.016053778,43.7526308,7.02E-06,,0,0,0,0,1,1,-0.000158053,0,-0.149388715,-0.156020859,1.058,-0.00016507,-0.00016507,-0.156020859,-0.156020859,0,0,0
RGI60-19.01764,0.048953125,0.016053778,60.20682878,1.50E-06,,0,0,0,0,1,1,-0.000140169,0,-0.154370797,-0.156020859,0.908,-0.000141667,-0.000141667,-0.156020859,-0.156020859,0,0,0
RGI60-19.01765,0.048953125,0.016053778,28.7565532,0,,0,0,0,0,1,1,-0.000155085,0,-0.156020859,-0.156020859,0.994,-0.000155085,-0.000155085,-0.156020859,-0.156020859,0,0,0
RGI60-19.01766,0.048953125,0.016053778,39.91849144,1.48E-06,,0,0,0,0,1,1,-0.000263135,0,-0.155150365,-0.156020859,1.696,-0.000264611,-0.000264611,-0.156020859,-0.156020859,0,0,0
RGI60-19.01767,0.048953125,0.016053778,28.20461018,0,,0,0,0,0,1,1,-4.32E-05,0,-0.156020859,-0.156020859,0.277,-4.32E-05,-4.32E-05,-0.156020859,-0.156020859,0,0,0
RGI60-19.01768,0.048953125,0.016053778,136.870148,3.65E-05,,0,0,0,0,1,0,7.65E-06,0,0.041338052,-0.156020859,0.185,-2.89E-05,-2.89E-05,-0.156020859,-0.156020859,0,0,0
RGI60-19.01769,0.048953125,0.016053778,27.11640485,0,,0,0,0,0,1,1,-7.21E-05,0,-0.156020859,-0.156020859,0.462,-7.21E-05,-7.21E-05,-0.156020859,-0.156020859,0,0,0
RGI60-19.01770,0.048953125,0.016053778,52.77066581,4.26E-06,,0,0,0,0,1,1,-4.40E-05,0,-0.142242311,-0.156020859,0.309,-4.82E-05,-4.82E-05,-0.156020859,-0.156020859,0,0,0
RGI60-19.01771,0.048953125,0.016053778,99.96341579,1.83E-05,,0,0,0,0,1,0,-6.93E-06,0,-0.042762152,-0.156020859,0.162,-2.53E-05,-2.53E-05,-0.156020859,-0.156020859,0,0,0
RGI60-19.01772,0.048953125,0.016053778,35.44021201,5.96E-07,,0,0,0,0,1,1,-0.000199267,0,-0.155555925,-0.156020859,1.281,-0.000199863,-0.000199863,-0.156020859,-0.156020859,0,0,0
RGI60-19.01773,0.048953125,0.016053778,43.65709121,5.65E-06,,0,0,0,0,1,1,-0.000305772,0,-0.153192384,-0.156020859,1.996,-0.000311418,-0.000311418,-0.156020859,-0.156020859,0,0,0
RGI60-19.01774,0.048953125,0.016053778,84.74172269,3.96E-05,,0,0,0,0,1,0,-3.06E-05,0,-0.067988128,-0.156020859,0.45,-7.02E-05,-7.02E-05,-0.156020859,-0.156020859,0,0,0
RGI60-19.01775,0.048953125,0.016053778,39.90030896,3.20E-08,,0,0,0,0,1,1,-0.000168002,0,-0.155991159,-0.156020859,1.077,-0.000168034,-0.000168034,-0.156020859,-0.156020859,0,0,0
RGI60-19.01776,0.048953125,0.016053778,37.28278323,0,,0,0,0,0,1,1,-0.000319375,0,-0.156020859,-0.156020859,2.047,-0.000319375,-0.000319375,-0.156020859,-0.156020859,0,0,0
RGI60-19.01777,0.048953125,0.016053778,104.7824376,1.53E-05,,0,0,0,0,1,1,-0.000253192,0,-0.147118949,-0.156020859,1.721,-0.000268512,-0.000268512,-0.156020859,-0.156020859,0,0,0
RGI60-19.01778,0.048953125,0.016053778,28.46299699,0,,0,0,0,0,1,1,-3.09E-05,0,-0.156020859,-0.156020859,0.198,-3.09E-05,-3.09E-05,-0.156020859,-0.156020859,0,0,0
RGI60-19.01780,0.029771875,0.016053778,483.785341,0.002025079,,0,0,1.59E-05,0.007510165,1,0,0.001848844,-0.000176235,1.0558791,-0.100648212,1.751,-0.000176235,-0.000176235,-0.100648212,-0.100648212,0,0,0
RGI60-19.01781,0.003397656,0.016053778,326.5366398,0.000197246,,0,0,2.29E-05,0.000221809,1,0,0.00047206,0.000274815,0.975331256,0.56779865,0.484,0.000274815,0.000274815,0.56779865,0.56779865,0,0,0
RGI60-19.01782,0.046555469,0.016053778,387.0383085,0.000452349,,0,0,1.48E-06,4.05E-05,1,0,0.000724016,0.000271666,1.056957353,0.396593311,0.685,0.000271666,0.000271666,0.396593311,0.396593311,0,0,0
RGI60-19.01783,0.029771875,0.016053778,544.2259832,0.000885026,,0,0,4.40E-06,0.002330126,1,0,0.001140092,0.000255066,1.074545191,0.240401466,1.061,0.000255066,0.000255066,0.240401466,0.240401466,0,0,0
RGI60-19.01784,0.044157813,0.016053778,104.8986333,0.000202926,,0,0,2.05E-07,0.000153374,1,1,0.000327419,0.000124493,1.073503921,0.408172564,0.305,0.000124493,0.000124493,0.408172564,0.408172564,0,0,0
RGI60-19.01785,0.008192969,0.016053778,421.2820995,0.000168573,,0,0,4.07E-06,4.90E-05,1,0,0.000495738,0.000327165,1.024252309,0.675961053,0.484,0.000327165,0.000327165,0.675961053,0.675961053,0,0,0
RGI60-19.01786,0.048953125,0.016053778,106.9144631,9.29E-05,,0,0,0,0,1,1,0.000713803,0,0.358875131,0.312183977,1.989,0.000620934,0.000620934,0.312183977,0.312183977,0,0,0
RGI60-19.01787,0.048953125,0.016053778,100.1643076,5.87E-05,,0,0,0,0,1,1,0.000668309,0,0.672343248,0.61329808,0.994,0.000609618,0.000609618,0.61329808,0.61329808,0,0,0
RGI60-19.01788,0.048953125,0.016053778,544.4229987,0.001953977,,0,0,0,0,1,0,0.003852636,0,0.906715864,0.446848271,4.249,0.001898658,0.001898658,0.446848271,0.446848271,0,0,0
RGI60-19.01789,0.005795313,0.016053778,374.9870947,0.000132308,,0,0,6.13E-06,0.000157864,1,0,0.001283737,0.001151429,1.068001167,0.957927961,1.202,0.001151429,0.001151429,0.957927961,0.957927961,0,0,0
RGI60-19.01790,0.048953125,0.016053778,,,,0,0,0,0,0,0,,-4.02E-05,,-0.283067377,0.142,-4.02E-05,-4.02E-05,-0.283067377,-0.283067377,0,0,0
RGI60-19.01791,0.048953125,0.016053778,18.66271822,0,,0,0,0,0,1,1,-3.15E-05,0,-0.873874136,-0.873874136,0.036,-3.15E-05,-3.15E-05,-0.873874136,-0.873874136,0,0,0
RGI60-19.01792,0.048953125,0.016053778,,,,0,0,0,0,0,0,,0.000742121,,0.78614469,0.944,0.000742121,0.000742121,0.78614469,0.78614469,0,0,0
RGI60-19.01793,0.003397656,0.016053778,330.1915839,0.000150863,,0,0,1.75E-05,0.000184791,1,0,0.000591465,0.000440602,0.990728772,0.73802745,0.597,0.000440602,0.000440602,0.73802745,0.73802745,0,0,0
RGI60-19.01794,0.003397656,0.016053778,344.1176834,0.000131297,,0,0,1.66E-05,0.000294821,1,0,0.001032046,0.000900749,0.969057469,0.845774001,1.065,0.000900749,0.000900749,0.845774001,0.845774001,0,0,0
RGI60-19.01795,0.0393625,0.016053778,713.2149142,0.000642868,,0,0,1.08E-06,0.003019224,1,0,0.00063171,-1.12E-05,1.052849359,-0.018596671,0.6,-1.12E-05,-1.12E-05,-0.018596671,-0.018596671,0,0,0
RGI60-19.01796,0.048953125,0.016053778,230.1369457,3.57E-05,,0,0,0,0,1,0,0.001856934,0,0.602900527,0.591318453,3.08,0.001821261,0.001821261,0.591318453,0.591318453,0,0,0
RGI60-19.01797,0.048953125,0.016053778,72.67776138,2.90E-06,,0,0,0,0,1,1,0.002848817,0,0.77203707,0.771252412,3.69,0.002845921,0.002845921,0.771252412,0.771252412,0,0,0
RGI60-19.01798,0.048953125,0.016053778,184.0923779,0.000148953,,0,0,0,0,1,0,0.000313026,0,0.556986088,0.291945637,0.562,0.000164073,0.000164073,0.291945637,0.291945637,0,0,0
RGI60-19.01799,0.048953125,0.016053778,167.2193152,0.000100471,,0,0,0,0,1,0,2.73E-05,0,0.231750543,-0.619695167,0.118,-7.31E-05,-7.31E-05,-0.619695167,-0.619695167,0,0,0
RGI60-19.01800,0.048953125,0.016053778,147.1066876,0.000422795,,0,0,0,0,1,1,0.002364764,0,0.62659341,0.514565045,3.774,0.001941968,0.001941968,0.514565045,0.514565045,0,0,0
RGI60-19.01801,0.048953125,0.016053778,66.24859767,1.91E-05,,0,0,0,0,1,1,0.00031237,0,0.141216193,0.132577568,2.212,0.000293262,0.000293262,0.132577568,0.132577568,0,0,0
RGI60-19.01802,0.048953125,0.016053778,291.769406,0.00040831,,0,0,0,0,1,0,0.000303225,0,0.141826253,-0.049151097,2.138,-0.000105085,-0.000105085,-0.049151097,-0.049151097,0,0,0
RGI60-19.01803,0.012988281,0.016053778,491.7906119,0.000237789,,0,0,3.05E-06,0.000103115,1,0,0.00030091,6.31E-05,1.082410075,0.227055684,0.278,6.31E-05,6.31E-05,0.227055684,0.227055684,0,0,0
RGI60-19.01804,0.048953125,0.016053778,240.3610814,0.002510886,,0,0,0,0,1,0,0.00185783,0,0.831616021,-0.292325646,2.234,-0.000653055,-0.000653055,-0.292325646,-0.292325646,0,0,0
RGI60-19.01805,0.02018125,0.016053778,626.0466493,0.00306549,,0,0,2.87E-05,0.020928157,1,0,0.003085751,2.03E-05,0.985233466,0.006469028,3.132,2.03E-05,2.03E-05,0.006469028,0.006469028,0,0,0
RGI60-19.01806,0.02018125,0.016053778,375.2375415,0.001121904,,0,0,1.50E-05,0.005596003,1,0,0.001160367,3.85E-05,0.923858883,0.030623315,1.256,3.85E-05,3.85E-05,0.030623315,0.030623315,0,0,0
RGI60-19.01807,0.048953125,0.016053778,,,,0,0,0,0,0,0,,6.72E-05,,0.298604936,0.225,6.72E-05,6.72E-05,0.298604936,0.298604936,0,0,0
RGI60-19.01808,0.027374219,0.016053778,631.5001779,0.00148155,,0,0,5.64E-06,0.003813585,1,0,0.00262088,0.001139329,1.040444545,0.452294289,2.519,0.001139329,0.001139329,0.452294289,0.452294289,0,0,0
RGI60-19.01809,0.032169531,0.016053778,666.597579,0.001499906,,0,0,4.13E-06,0.007776928,1,0,0.001557655,5.77E-05,1.015420707,0.037646423,1.534,5.77E-05,5.77E-05,0.037646423,0.037646423,0,0,0
RGI60-19.01810,0.032169531,0.016053778,666.597579,0.001651549,,0,0,5.39E-06,0.014152608,1,0,0.003497206,0.001845658,1.106360678,0.583884078,3.161,0.001845658,0.001845658,0.583884078,0.583884078,0,0,0
RGI60-19.01811,0.048953125,0.016053778,335.4681515,0.000488341,,0,0,0,0,1,0,0.003538695,0,0.745459249,0.64258556,4.747,0.003050354,0.003050354,0.64258556,0.64258556,0,0,0
RGI60-19.01812,0.048953125,0.016053778,126.6001089,6.75E-05,,0,0,0,0,1,1,0.001962372,0,0.718291492,0.693600501,2.732,0.001894917,0.001894917,0.693600501,0.693600501,0,0,0
RGI60-19.01813,0.005795313,0.016053778,392.8928215,0.000424611,,0,0,3.19E-05,0.000176851,1,0,0.00068471,0.000260099,0.758261376,0.288038659,0.903,0.000260099,0.000260099,0.288038659,0.288038659,0,0,0
RGI60-19.01814,0.010590625,0.016053778,459.2229883,0.000514634,,0,0,1.03E-05,0.002017686,1,0,0.000901429,0.000386795,0.962037594,0.412801231,0.937,0.000386795,0.000386795,0.412801231,0.412801231,0,0,0
RGI60-19.01815,0.027374219,0.016053778,631.5001779,0.000643644,,0,0,2.74E-06,0.001442926,1,0,0.000793518,0.000149874,1.010850923,0.190921997,0.785,0.000149874,0.000149874,0.190921997,0.190921997,0,0,0
RGI60-19.01816,0.048953125,0.016053778,214.3707043,0.000106293,,0,0,0,0,1,0,-3.83E-05,0,-0.181614226,-0.685373099,0.211,-0.000144614,-0.000144614,-0.685373099,-0.685373099,0,0,0
RGI60-19.01817,0.010590625,0.016053778,262.0827135,9.46E-05,,0,0,2.49E-06,0.000213633,1,0,0.0001299,3.53E-05,0.921276251,0.25031754,0.141,3.53E-05,3.53E-05,0.25031754,0.25031754,0,0,0
RGI60-19.01818,0.008192969,0.016053778,411.2293603,0.000189319,,0,0,3.64E-06,0.000779916,1,0,0.000160248,-2.91E-05,0.843410961,-0.153006372,0.19,-2.91E-05,-2.91E-05,-0.153006372,-0.153006372,0,0,0
RGI60-19.01819,0.008192969,0.016053778,410.7002707,4.17E-05,,0,0,8.95E-07,0.000132866,1,0,3.57E-05,-5.93E-06,0.94020076,-0.156020859,0.038,-5.93E-06,-5.93E-06,-0.156020859,-0.156020859,0,0,0
RGI60-19.01820,0.041760156,0.016053778,452.6582394,0.003130863,,0,0,2.40E-06,0.002567618,1,0,0.000626624,-0.002504239,1.095496515,-4.378039436,0.572,-0.002504239,-0.002504239,-4.378039436,-4.378039436,0,0,0
RGI60-19.01821,0.048953125,0.016053778,,,,0,0,0,0,0,0,,-0.003964861,,-3.374350102,1.175,-0.003964861,-0.003964861,-3.374350102,-3.374350102,0,0,0
RGI60-19.01822,0.048953125,0.016053778,767.2399641,0.00969884,,0,0,0,0,1,0,0.001550555,0,0.345720127,-1.816786108,4.485,-0.008148286,-0.008148286,-1.816786108,-1.816786108,0,0,0
RGI60-19.01823,0.032169531,0.016053778,666.597579,0.004580164,,0,0,2.56E-05,0.0160018,1,0,0.001720194,-0.00285997,0.889448967,-1.478784933,1.934,-0.00285997,-0.00285997,-1.478784933,-1.478784933,0,0,0
RGI60-19.01824,0.02018125,0.016053778,595.049352,0.008254717,,0,0,6.91E-05,0.027042162,1,0,0.002918273,-0.005336445,0.872950217,-1.596304185,3.343,-0.005336445,-0.005336445,-1.596304185,-1.596304185,0,0,0
RGI60-19.01825,0.015385938,0.016053778,285.4188164,0.00050886,,0,0,6.18E-06,0.000527214,1,0,2.97E-05,-0.000479162,0.167785659,-2.707130663,0.177,-0.000479162,-0.000479162,-2.707130663,-2.707130663,0,0,0
RGI60-19.01826,0.02018125,0.016053778,313.9860598,0.000543447,,0,0,3.70E-06,0.000380884,1,0,6.43E-05,-0.000479167,0.514236768,-3.833337318,0.125,-0.000479167,-0.000479167,-3.833337318,-3.833337318,0,0,0
RGI60-19.01827,0.048953125,0.016053778,167.2748687,0.00017961,,0,0,0,0,1,0,-0.002756733,0,-2.055729093,-2.189666486,1.341,-0.002936343,-0.002936343,-2.189666486,-2.189666486,0,0,0
RGI60-19.01828,0.048953125,0.016053778,270.178221,0.000498918,,0,0,0,0,1,0,-0.005181693,0,-2.241216809,-2.457011869,2.312,-0.005680611,-0.005680611,-2.457011869,-2.457011869,0,0,0
RGI60-19.01829,0.048953125,0.016053778,216.9801814,3.17E-05,,0,0,0,0,1,0,-0.000870864,0,-1.136898315,-1.178278673,0.766,-0.000902561,-0.000902561,-1.178278673,-1.178278673,0,0,0
RGI60-19.01830,0.048953125,0.016053778,315.9378938,0.000363051,,0,0,0,0,1,0,-0.001612741,0,-1.706604272,-2.09078521,0.945,-0.001975792,-0.001975792,-2.09078521,-2.09078521,0,0,0
RGI60-19.01831,0.048953125,0.016053778,,,,0,0,0,0,0,0,,-0.000176178,,-3.388046764,0.052,-0.000176178,-0.000176178,-3.388046764,-3.388046764,0,0,0
RGI60-19.01832,0.029771875,0.016053778,462.0398115,0.005090871,,0,0,2.18E-05,0.006210588,1,0,0.000822911,-0.004267959,0.693854472,-3.598616626,1.186,-0.004267959,-0.004267959,-3.598616626,-3.598616626,0,0,0
RGI60-19.01833,0.048953125,0.016053778,767.2399641,0.001823422,,0,0,0,0,1,0,-0.001797021,0,-1.963956989,-3.956767964,0.915,-0.003620443,-0.003620443,-3.956767964,-3.956767964,0,0,0
RGI60-19.01834,0.048953125,0.016053778,152.2236099,3.43E-05,,0,0,0,0,1,0,-0.002037727,0,-3.949083383,-4.015495437,0.516,-0.002071996,-0.002071996,-4.015495437,-4.015495437,0,0,0
RGI60-19.01835,0.048953125,0.016053778,301.8536014,0.000739073,,0,0,0,0,1,0,8.52E-05,0,0.513345427,-3.938899173,0.166,-0.000653857,-0.000653857,-3.938899173,-3.938899173,0,0,0
RGI60-19.01836,0.048953125,0.016053778,349.4026224,0.00061775,,0,0,0,0,1,0,-0.001817506,0,-2.728988597,-3.656541219,0.666,-0.002435256,-0.002435256,-3.656541219,-3.656541219,0,0,0
RGI60-19.01837,0.048953125,0.016053778,767.2399641,0.004114981,,0,0,0,0,1,0,0.003816393,0,1.039322638,-0.081315024,3.672,-0.000298589,-0.000298589,-0.081315024,-0.081315024,0,0,0
RGI60-19.01838,0.048953125,0.016053778,40.68027595,0,,0,0,0,0,1,1,-0.000579597,0,-0.038473109,-0.038473109,15.065,-0.000579597,-0.000579597,-0.038473109,-0.038473109,0,0,0
RGI60-19.01839,0.048953125,0.016053778,101.5431643,8.32E-05,,0,0,0,0,1,1,4.06E-05,0,0.018461677,-0.019375462,2.2,-4.26E-05,-4.26E-05,-0.019375462,-0.019375462,0,0,0
RGI60-19.01840,0.048953125,0.016053778,63.01084938,3.68E-05,,0,0,0,0,1,1,-0.000608748,0,-0.026057173,-0.027630739,23.362,-0.000645509,-0.000645509,-0.027630739,-0.027630739,0,0,0
RGI60-19.01841,0.034567188,0.016053778,96.40289068,4.05E-05,,0,0,3.14E-07,0.000181284,1,1,0.000917509,0.00087697,1.112132276,1.062994117,0.825,0.00087697,0.00087697,1.062994117,1.062994117,0,0,0
RGI60-19.01842,0.048953125,0.016053778,52.16382935,9.89E-06,,0,0,0,0,1,1,0.009348148,0,0.434979672,0.434519351,21.491,0.009338255,0.009338255,0.434519351,0.434519351,0,0,0
RGI60-19.01843,0.048953125,0.016053778,55.91490732,0.000121704,,0,0,0,0,1,1,0.016618429,0,0.522280049,0.518455177,31.819,0.016496725,0.016496725,0.518455177,0.518455177,0,0,0
RGI60-19.01844,0.048953125,0.016053778,73.0247933,0.000102523,,0,0,0,0,1,1,0.013279471,0,0.439135948,0.43574563,30.24,0.013176948,0.013176948,0.43574563,0.43574563,0,0,0
RGI60-19.01845,0.048953125,0.016053778,76.48829914,3.34E-05,,0,0,0,0,1,1,0.003446798,0,0.478389744,0.473754756,7.205,0.003413403,0.003413403,0.473754756,0.473754756,0,0,0
RGI60-19.01846,0.048953125,0.016053778,172.7978651,0.001571296,,0,0,0,0,1,1,0.011848171,0,0.929122536,0.805902949,12.752,0.010276874,0.010276874,0.805902949,0.805902949,0,0,0
RGI60-19.01847,0.048953125,0.016053778,256.4975353,0.000740899,,0,0,0,0,1,0,0.005112169,0,0.889846643,0.760882551,5.745,0.00437127,0.00437127,0.760882551,0.760882551,0,0,0
RGI60-19.01848,0.048953125,0.016053778,295.2266685,0.003447408,,0,0,0,0,1,1,0.003277861,0,0.329433317,-0.017039842,9.95,-0.000169546,-0.000169546,-0.017039842,-0.017039842,0,0,0
RGI60-19.01849,0.048953125,0.016053778,117.6996278,0.000383683,,0,0,0,0,1,1,-0.008099577,0,-0.72851025,-0.763020308,11.118,-0.00848326,-0.00848326,-0.763020308,-0.763020308,0,0,0
RGI60-19.01850,0.048953125,0.016053778,28.39130951,0,,0,0,0,0,1,1,-0.00011414,0,-0.731664363,-0.731664363,0.156,-0.00011414,-0.00011414,-0.731664363,-0.731664363,0,0,0
RGI60-19.01851,0.048953125,0.016053778,36.19508238,0,,0,0,0,0,1,1,-0.000895412,0,-0.692507452,-0.692507452,1.293,-0.000895412,-0.000895412,-0.692507452,-0.692507452,0,0,0
RGI60-19.01852,0.048953125,0.016053778,37.81407873,0,,0,0,0,0,1,1,-0.001829125,0,-0.808989244,-0.808989244,2.261,-0.001829125,-0.001829125,-0.808989244,-0.808989244,0,0,0
RGI60-19.01853,0.048953125,0.016053778,46.53548186,1.77E-06,,0,0,0,0,1,1,-0.001017847,0,-1.080516996,-1.082394973,0.942,-0.001019616,-0.001019616,-1.082394973,-1.082394973,0,0,0
RGI60-19.01854,0.048953125,0.016053778,27.60094112,0,,0,0,0,0,1,1,-1.49E-05,0,-0.092578709,-0.092578709,0.161,-1.49E-05,-1.49E-05,-0.092578709,-0.092578709,0,0,0
RGI60-19.01855,0.048953125,0.016053778,46.56258184,1.42E-06,,0,0,0,0,1,1,-0.000880442,0,-1.310181436,-1.312295095,0.672,-0.000881862,-0.000881862,-1.312295095,-1.312295095,0,0,0
RGI60-19.01856,0.048953125,0.016053778,21.70668597,0,,0,0,0,0,1,1,-0.000820113,0,-1.441323767,-1.441323767,0.569,-0.000820113,-0.000820113,-1.441323767,-1.441323767,0,0,0
RGI60-19.01857,0.048953125,0.016053778,38.22401219,1.49E-05,,0,0,0,0,1,1,-0.000799975,0,-0.999969236,-1.018561725,0.8,-0.000814849,-0.000814849,-1.018561725,-1.018561725,0,0,0
RGI60-19.01858,0.048953125,0.016053778,102.8234245,0.000266833,,0,0,0,0,1,1,-0.000631968,0,-1.289729853,-1.834287079,0.49,-0.000898801,-0.000898801,-1.834287079,-1.834287079,0,0,0
RGI60-19.01859,0.048953125,0.016053778,767.2399641,0.003250456,,0,0,0,0,1,0,0.000642875,0,0.339606344,-1.377486197,1.893,-0.002607581,-0.002607581,-1.377486197,-1.377486197,0,0,0
RGI60-19.01860,0.048953125,0.016053778,210.4650071,0.001160166,,0,0,0,0,1,1,-0.019605562,0,-1.333530292,-1.412442382,14.702,-0.020765728,-0.020765728,-1.412442382,-1.412442382,0,0,0
RGI60-19.01861,0.048953125,0.016053778,40.89792643,1.53E-06,,0,0,0,0,1,1,-0.0034188,0,-1.20210974,-1.202648442,2.844,-0.003420332,-0.003420332,-1.202648442,-1.202648442,0,0,0
RGI60-19.01862,0.048953125,0.016053778,20.32942376,0,,0,0,0,0,1,1,-0.000179056,0,-2.387417974,-2.387417974,0.075,-0.000179056,-0.000179056,-2.387417974,-2.387417974,0,0,0
RGI60-19.01863,0.048953125,0.016053778,20.64888889,0,,0,0,0,0,1,1,-0.000189021,0,-0.692385846,-0.692385846,0.273,-0.000189021,-0.000189021,-0.692385846,-0.692385846,0,0,0
RGI60-19.01864,0.048953125,0.016053778,39.30665253,1.20E-06,,0,0,0,0,1,1,-1.30E-05,0,-0.142852341,-0.156020859,0.091,-1.42E-05,-1.42E-05,-0.156020859,-0.156020859,0,0,0
RGI60-19.01865,0.048953125,0.016053778,89.05684235,3.44E-05,,0,0,0,0,1,1,-0.001741432,0,-3.154767945,-3.217166476,0.552,-0.001775876,-0.001775876,-3.217166476,-3.217166476,0,0,0
RGI60-19.01866,0.048953125,0.016053778,64.16702635,3.00E-06,,0,0,0,0,1,0,-2.46E-06,0,-0.070277634,-0.156020859,0.035,-5.46E-06,-5.46E-06,-0.156020859,-0.156020859,0,0,0
RGI60-19.01867,0.048953125,0.016053778,26.68287457,7.30E-08,,0,0,0,0,1,1,-0.000221108,0,-2.352208755,-2.35298588,0.094,-0.000221181,-0.000221181,-2.35298588,-2.35298588,0,0,0
RGI60-19.01868,0.048953125,0.016053778,326.4627927,0.002208079,,0,0,0,0,1,0,-0.011984383,0,-1.910166309,-2.262107467,6.274,-0.014192462,-0.014192462,-2.262107467,-2.262107467,0,0,0
RGI60-19.01869,0.048953125,0.016053778,433.0258752,0.004072239,,0,0,0,0,1,0,-0.013745812,0,-1.855035333,-2.404595318,7.41,-0.017818051,-0.017818051,-2.404595318,-2.404595318,0,0,0
RGI60-19.01870,0.024976563,0.016053778,612.3942432,0.000265083,,0,0,1.67E-06,0.000792951,1,0,6.05E-05,-0.000204625,0.657147098,-2.224184956,0.092,-0.000204625,-0.000204625,-2.224184956,-2.224184956,0,0,0
RGI60-19.01871,0.048953125,0.016053778,30.46995731,0,,0,0,0,0,1,1,-0.001709145,0,-2.306538175,-2.306538175,0.741,-0.001709145,-0.001709145,-2.306538175,-2.306538175,0,0,0
RGI60-19.01872,0.048953125,0.016053778,767.2399641,0.000792433,,0,0,0,0,1,0,2.71E-05,0,0.05382238,-1.521591776,0.503,-0.000765361,-0.000765361,-1.521591776,-1.521591776,0,0,0
RGI60-19.01873,0.048953125,0.016053778,40.30166314,9.05E-07,,0,0,0,0,1,1,-0.001610422,0,-1.990632414,-1.991750776,0.809,-0.001611326,-0.001611326,-1.991750776,-1.991750776,0,0,0
RGI60-19.01874,0.048953125,0.016053778,548.3141056,0.002998013,,0,0,0,0,1,0,-0.005326794,0,-0.877416206,-1.371241405,6.071,-0.008324807,-0.008324807,-1.371241405,-1.371241405,0,0,0
RGI60-19.01875,0.048953125,0.016053778,243.2809241,0.003779317,,0,0,0,0,1,1,-0.000495103,0,-0.06690585,-0.577624399,7.4,-0.004274421,-0.004274421,-0.577624399,-0.577624399,0,0,0
RGI60-19.01876,0.048953125,0.016053778,767.2399641,0.005256823,,0,0,0,0,1,0,0.003880962,0,0.979299088,-0.347176563,3.963,-0.001375861,-0.001375861,-0.347176563,-0.347176563,0,0,0
RGI60-19.01877,0.036964844,0.016053778,698.3589194,0.00238808,,0,0,6.22E-06,0.010954227,1,0,0.003015916,0.000627836,1.100699241,0.229137089,2.74,0.000627836,0.000627836,0.229137089,0.229137089,0,0,0
RGI60-19.01878,0.041760156,0.016053778,727.4792148,0.003504258,,0,0,7.01E-06,0.017241731,1,0,0.003325402,-0.000178855,1.071328122,-0.057620883,3.104,-0.000178855,-0.000178855,-0.057620883,-0.057620883,0,0,0
RGI60-19.01879,0.041760156,0.016053778,727.4792148,0.00112907,,0,0,2.03E-06,0.005947262,1,0,0.001045497,-8.36E-05,1.019002941,-0.081455056,1.026,-8.36E-05,-8.36E-05,-0.081455056,-0.081455056,0,0,0
RGI60-19.01880,0.048953125,0.016053778,767.2399641,0.000736157,,0,0,0,0,1,0,0.000562488,0,1.043576901,-0.322205772,0.539,-0.000173669,-0.000173669,-0.322205772,-0.322205772,0,0,0
RGI60-19.01881,0.048953125,0.016053778,0.145972783,3.53E-05,,0,0,0,0,1,1,2.22E-05,0,0.25172209,-0.149443741,0.088,-1.32E-05,-1.32E-05,-0.149443741,-0.149443741,0,0,0
RGI60-19.01882,0.048953125,0.016053778,820.7534949,0.030008989,,0,0,0,0,1,0,0.01634218,0,0.419632809,-0.350934904,38.944,-0.013666809,-0.013666809,-0.350934904,-0.350934904,0,0,0
RGI60-19.01883,0.048953125,0.016053778,517.883514,0.001505796,,0,0,0,0,1,0,0.00135879,0,0.415024423,-0.044900953,3.274,-0.000147006,-0.000147006,-0.044900953,-0.044900953,0,0,0
RGI60-19.01884,0.046555469,0.016053778,303.0661982,0.000153552,,0,0,2.81E-07,0.000319175,1,0,0.000142477,-1.11E-05,1.03997979,-0.080839906,0.137,-1.11E-05,-1.11E-05,-0.080839906,-0.080839906,0,0,0
RGI60-19.01885,0.048953125,0.016053778,846.1902603,0.026926515,,0,0,0,0,1,0,0.015586448,0,0.573832852,-0.417497511,27.162,-0.011340067,-0.011340067,-0.417497511,-0.417497511,0,0,0
RGI60-19.01886,0.048953125,0.016053778,105.6265547,1.49E-05,,0,0,0,0,1,0,-3.25E-05,0,-0.13327445,-0.194164048,0.244,-4.74E-05,-4.74E-05,-0.194164048,-0.194164048,0,0,0
RGI60-19.01887,0.046555469,0.016053778,130.6629612,3.32E-05,,0,0,8.66E-08,4.23E-05,1,0,5.83E-05,2.52E-05,1.060885415,0.457544744,0.055,2.52E-05,2.52E-05,0.457544744,0.457544744,0,0,0
RGI60-19.01888,0.048953125,0.016053778,324.2191185,0.000682637,,0,0,0,0,1,0,0.000624369,0,0.748643922,-0.069865571,0.834,-5.83E-05,-5.83E-05,-0.069865571,-0.069865571,0,0,0
RGI60-19.01889,0.048953125,0.016053778,434.681815,0.000250862,,0,0,0,0,1,0,0.000233517,0,0.746060338,-0.055415273,0.313,-1.73E-05,-1.73E-05,-0.055415273,-0.055415273,0,0,0
RGI60-19.01890,0.048953125,0.016053778,767.2399641,0.008117411,,0,0,0,0,1,0,0.006975416,0,0.80930688,-0.13249739,8.619,-0.001141995,-0.001141995,-0.13249739,-0.13249739,0,0,0
RGI60-19.01891,0.048953125,0.016053778,767.2399641,0.013620143,,0,0,0,0,1,0,0.023871323,0,0.686075847,0.294624933,34.794,0.01025118,0.01025118,0.294624933,0.294624933,0,0,0
RGI60-19.01892,0.048953125,0.016053778,797.2317557,0.030948766,,0,0,0,0,1,0,0.020620229,0,0.581375589,-0.291207196,35.468,-0.010328537,-0.010328537,-0.291207196,-0.291207196,0,0,0
RGI60-19.01893,0.048953125,0.016053778,767.2399641,0.002356483,,0,0,0,0,1,0,0.001744705,0,0.703509925,-0.246684911,2.48,-0.000611779,-0.000611779,-0.246684911,-0.246684911,0,0,0
RGI60-19.01894,0.048953125,0.016053778,143.1763755,8.19E-05,,0,0,0,0,1,1,4.31E-05,0,0.058687541,-0.05280584,0.735,-3.88E-05,-3.88E-05,-0.05280584,-0.05280584,0,0,0
RGI60-19.01895,0.048953125,0.016053778,767.2399641,0.000550438,,0,0,0,0,1,0,0.000481112,0,0.700307908,-0.100912169,0.687,-6.93E-05,-6.93E-05,-0.100912169,-0.100912169,0,0,0
RGI60-19.01896,0.048953125,0.016053778,120.5808796,9.02E-05,,0,0,0,0,1,1,-0.000267759,0,-0.397859535,-0.531956613,0.673,-0.000358007,-0.000358007,-0.531956613,-0.531956613,0,0,0
RGI60-19.01897,0.048953125,0.016053778,,,,0,0,0,0,0,0,,6.52E-05,,1.018668922,0.064,6.52E-05,6.52E-05,1.018668922,1.018668922,0,0,0
RGI60-19.01898,0.048953125,0.016053778,215.2842784,0.000412546,,0,0,0,0,1,0,-0.001123463,0,-0.226185334,-0.309242793,4.967,-0.001536009,-0.001536009,-0.309242793,-0.309242793,0,0,0
RGI60-19.01903,0.048953125,0.016053778,277.1436906,0.000268525,,0,0,0,0,1,0,0.000247034,0,0.366519785,-0.031885274,0.674,-2.15E-05,-2.15E-05,-0.031885274,-0.031885274,0,0,0
RGI60-19.01906,0.048953125,0.016053778,155.8961644,0.00054881,,0,0,0,0,1,0,0.000209639,0,0.085952826,-0.139061393,2.439,-0.000339171,-0.000339171,-0.139061393,-0.139061393,0,0,0
RGI60-19.01920,0.048953125,0.016053778,70.67004957,8.45E-05,,0,0,0,0,1,1,0.013891761,0,0.408413043,0.405928576,34.014,0.013807255,0.013807255,0.405928576,0.405928576,0,0,0
RGI60-19.01921,0.048953125,0.016053778,174.3353051,2.66E-05,,0,0,0,0,1,0,-9.57E-05,0,-0.191366794,-0.244468114,0.5,-0.000122234,-0.000122234,-0.244468114,-0.244468114,0,0,0
RGI60-19.01922,0.048953125,0.016053778,453.3453424,0.001362625,,0,0,0,0,1,0,0.000249555,0,0.017337411,-0.077328752,14.394,-0.00111307,-0.00111307,-0.077328752,-0.077328752,0,0,0
RGI60-19.01923,0.048953125,0.016053778,83.64295946,0.000198555,,0,0,0,0,1,1,-0.00277508,0,-0.145452084,-0.155859085,19.079,-0.002973635,-0.002973635,-0.155859085,-0.155859085,0,0,0
RGI60-19.01925,0.048953125,0.016053778,108.4321688,0.000824718,,0,0,0,0,1,1,0.013074426,0,0.648790509,0.607865646,20.152,0.012249708,0.012249708,0.607865646,0.607865646,0,0,0
RGI60-19.01933,0.048953125,0.016053778,67.30805877,1.20E-05,,0,0,0,0,1,1,0.001257858,0,0.244957803,0.242617772,5.135,0.001245842,0.001245842,0.242617772,0.242617772,0,0,0
RGI60-19.01934,0.048953125,0.016053778,71.07442029,1.92E-05,,0,0,0,0,1,1,0.003339596,0,0.227725611,0.226419685,14.665,0.003320445,0.003320445,0.226419685,0.226419685,0,0,0
RGI60-19.01935,0.048953125,0.016053778,50.89977762,2.80E-07,,0,0,0,0,1,1,0.003217503,0,0.336981891,0.336952545,9.548,0.003217223,0.003217223,0.336952545,0.336952545,0,0,0
RGI60-19.01936,0.048953125,0.016053778,46.47666448,3.04E-06,,0,0,0,0,1,1,0.002966494,0,0.926450376,0.9254997,3.202,0.00296345,0.00296345,0.9254997,0.9254997,0,0,0
RGI60-19.01937,0.048953125,0.016053778,46.93196834,1.25E-06,,0,0,1.57E-07,0.011107161,1,1,0.002889215,0.002887969,1.217536813,1.217011686,2.373,0.002887969,0.002887969,1.217011686,1.217011686,0,0,0
RGI60-19.01938,0.048953125,0.016053778,52.18517336,2.56E-06,,0,0,0,0,1,1,1.89E-05,0,0.013188941,0.011401846,1.434,1.64E-05,1.64E-05,0.011401846,0.011401846,0,0,0
RGI60-19.01939,0.048953125,0.016053778,45.8209013,2.82E-06,,0,0,0,0,1,1,-1.42E-05,0,-0.014419891,-0.017277083,0.988,-1.71E-05,-1.71E-05,-0.017277083,-0.017277083,0,0,0
RGI60-19.01940,0.048953125,0.016053778,59.61705348,1.30E-05,,0,0,0,0,1,1,-0.001312157,0,-0.550863761,-0.556316686,2.382,-0.001325146,-0.001325146,-0.556316686,-0.556316686,0,0,0
RGI60-19.01942,0.048953125,0.016053778,106.4601427,0.000152269,,0,0,0,0,1,1,0.000271447,0,0.356229033,0.156400685,0.762,0.000119177,0.000119177,0.156400685,0.156400685,0,0,0
RGI60-19.01943,0.048953125,0.016053778,169.7648446,0.000373136,,0,0,0,0,1,0,0.001560953,0,0.832952701,0.633840475,1.874,0.001187817,0.001187817,0.633840475,0.633840475,0,0,0
RGI60-19.01944,0.048953125,0.016053778,153.6432554,0.001605366,,0,0,0,0,1,1,0.010075351,0,0.278910173,0.234469738,36.124,0.008469985,0.008469985,0.234469738,0.234469738,0,0,0
RGI60-19.01945,0.048953125,0.016053778,38.67942627,0,,0,0,0,0,1,1,-1.12E-05,0,-0.156020859,-0.156020859,0.072,-1.12E-05,-1.12E-05,-0.156020859,-0.156020859,0,0,0
RGI60-19.01946,0.048953125,0.016053778,26.77330832,7.14E-08,,0,0,0,0,1,1,-3.21E-06,0,-0.152622789,-0.156020859,0.021,-3.28E-06,-3.28E-06,-0.156020859,-0.156020859,0,0,0
RGI60-19.01947,0.048953125,0.016053778,31.97887293,0,,0,0,0,0,1,1,-5.93E-06,0,-0.156020859,-0.156020859,0.038,-5.93E-06,-5.93E-06,-0.156020859,-0.156020859,0,0,0
RGI60-19.01948,0.048953125,0.016053778,76.54205238,1.09E-06,,0,0,0,0,1,1,-2.14E-05,0,-0.14842965,-0.156020859,0.144,-2.25E-05,-2.25E-05,-0.156020859,-0.156020859,0,0,0
RGI60-19.01949,0.048953125,0.016053778,24.44280956,0,,0,0,0,0,1,1,-9.52E-06,0,-0.156020859,-0.156020859,0.061,-9.52E-06,-9.52E-06,-0.156020859,-0.156020859,0,0,0
RGI60-19.01950,0.048953125,0.016053778,71.37436332,1.21E-05,,0,0,0,0,1,1,-0.002143997,0,-0.296132179,-0.29780698,7.24,-0.002156123,-0.002156123,-0.29780698,-0.29780698,0,0,0
RGI60-19.01951,0.048953125,0.016053778,44.60565823,0,,0,0,0,0,1,1,-0.000664649,0,-0.156020859,-0.156020859,4.26,-0.000664649,-0.000664649,-0.156020859,-0.156020859,0,0,0
RGI60-19.01952,0.048953125,0.016053778,46.3221756,0,,0,0,0,0,1,1,-0.001338971,0,-0.156020859,-0.156020859,8.582,-0.001338971,-0.001338971,-0.156020859,-0.156020859,0,0,0
RGI60-19.01953,0.048953125,0.016053778,247.8218389,0.000348298,,0,0,0,0,1,0,-0.000797676,0,-0.108601169,-0.156020859,7.345,-0.001145973,-0.001145973,-0.156020859,-0.156020859,0,0,0
RGI60-19.01954,0.048953125,0.016053778,96.5805538,3.04E-05,,0,0,0,0,1,1,-0.000134372,0,-0.025210461,-0.030914733,5.33,-0.000164776,-0.000164776,-0.030914733,-0.030914733,0,0,0
RGI60-19.01955,0.048953125,0.016053778,85.74003532,3.85E-06,,0,0,0,0,1,1,-0.000266418,0,-0.498909338,-0.506117279,0.534,-0.000270267,-0.000270267,-0.506117279,-0.506117279,0,0,0
RGI60-19.01956,0.048953125,0.016053778,106.8024597,1.42E-05,,0,0,0,0,1,1,-0.000815045,0,-0.143443325,-0.145936839,5.682,-0.000829213,-0.000829213,-0.145936839,-0.145936839,0,0,0
RGI60-19.01957,0.048953125,0.016053778,251.0944169,9.95E-05,,0,0,0,0,1,0,0.000209562,0,0.100702536,0.052877716,2.081,0.000110039,0.000110039,0.052877716,0.052877716,0,0,0
RGI60-19.01958,0.048953125,0.016053778,107.6595843,7.48E-06,,0,0,0,0,1,1,0.000121098,0,0.232432891,0.218083445,0.521,0.000113621,0.000113621,0.218083445,0.218083445,0,0,0
RGI60-19.01959,0.048953125,0.016053778,169.8062216,0.003119198,,0,0,0,0,1,1,-0.00302378,0,-0.146189336,-0.296991803,20.684,-0.006142978,-0.006142978,-0.296991803,-0.296991803,0,0,0
RGI60-19.01960,0.048953125,0.016053778,57.19678362,9.03E-06,,0,0,0,0,1,1,-1.00E-05,0,-0.002018493,-0.003834653,4.972,-1.91E-05,-1.91E-05,-0.003834653,-0.003834653,0,0,0
RGI60-19.01961,0.048953125,0.016053778,113.9820421,7.30E-05,,0,0,0,0,1,1,-5.60E-05,0,-0.040781246,-0.093928005,1.373,-0.000128963,-0.000128963,-0.093928005,-0.093928005,0,0,0
RGI60-19.01962,0.048953125,0.016053778,69.7481994,1.69E-05,,0,0,0,0,1,1,-0.000199989,0,-0.14387683,-0.156020859,1.39,-0.000216869,-0.000216869,-0.156020859,-0.156020859,0,0,0
RGI60-19.01963,0.048953125,0.016053778,24.52771294,0,,0,0,0,0,1,1,-0.000170843,0,-0.156020859,-0.156020859,1.095,-0.000170843,-0.000170843,-0.156020859,-0.156020859,0,0,0
RGI60-19.01964,0.048953125,0.016053778,42.05399215,1.39E-06,,0,0,0,0,1,1,-0.000426888,0,-0.155514666,-0.156020859,2.745,-0.000428277,-0.000428277,-0.156020859,-0.156020859,0,0,0
RGI60-19.01965,0.048953125,0.016053778,47.29970719,2.36E-06,,0,0,0,0,1,1,-0.005806359,0,-0.612355968,-0.612604529,9.482,-0.005808716,-0.005808716,-0.612604529,-0.612604529,0,0,0
RGI60-19.01966,0.048953125,0.016053778,113.1889921,0.000141108,,0,0,0,0,1,1,-0.001885327,0,-0.791156755,-0.850371401,2.383,-0.002026435,-0.002026435,-0.850371401,-0.850371401,0,0,0
RGI60-19.01967,0.048953125,0.016053778,138.9169156,0.000118246,,0,0,0,0,1,1,-0.000452306,0,-1.212617312,-1.529631652,0.373,-0.000570553,-0.000570553,-1.529631652,-1.529631652,0,0,0
RGI60-19.01968,0.048953125,0.016053778,187.932084,8.63E-06,,0,0,0,0,1,0,-0.000995357,0,-1.091399694,-1.100861961,0.912,-0.001003986,-0.001003986,-1.100861961,-1.100861961,0,0,0
RGI60-19.01969,0.048953125,0.016053778,42.50822043,0,,0,0,0,0,1,1,-0.002513008,0,-1.828972039,-1.828972039,1.374,-0.002513008,-0.002513008,-1.828972039,-1.828972039,0,0,0
RGI60-19.01970,0.048953125,0.016053778,235.9517583,0.005412262,,0,0,0,0,1,1,-0.015175694,0,-0.730865622,-0.991521685,20.764,-0.020587956,-0.020587956,-0.991521685,-0.991521685,0,0,0
RGI60-19.01971,0.048953125,0.016053778,336.1829052,0.001603547,,0,0,0,0,1,0,-0.010504351,0,-1.005971167,-1.159538226,10.442,-0.012107898,-0.012107898,-1.159538226,-1.159538226,0,0,0
RGI60-19.01974,0.048953125,0.016053778,188.133403,0.000286579,,0,0,0,0,1,0,5.04E-05,0,0.018358275,-0.086118173,2.743,-0.000236222,-0.000236222,-0.086118173,-0.086118173,0,0,0
RGI60-19.01975,0.048953125,0.016053778,845.1465137,0.015055606,,0,0,0,0,1,0,-0.003596177,0,-0.113019802,-0.586183836,31.819,-0.018651783,-0.018651783,-0.586183836,-0.586183836,0,0,0
RGI60-19.01976,0.048953125,0.016053778,130.2603085,0.000363504,,0,0,0,0,1,1,0.001797039,0,0.083053971,0.066253871,21.637,0.001433535,0.001433535,0.066253871,0.066253871,0,0,0
RGI60-19.01978,0.048953125,0.016053778,242.6567995,0.004170647,,0,0,0,0,1,1,-0.008060294,0,-0.321332078,-0.487599298,25.084,-0.012230941,-0.012230941,-0.487599298,-0.487599298,0,0,0
RGI60-19.01979,0.048953125,0.016053778,345.4932061,0.000469556,,0,0,0,0,1,0,-0.001693641,0,-0.318773086,-0.407151866,5.313,-0.002163198,-0.002163198,-0.407151866,-0.407151866,0,0,0
RGI60-19.01980,0.048953125,0.016053778,400.7623662,0.001579305,,0,0,0,0,1,0,0.000962185,0,0.162751172,-0.10438439,5.912,-0.000617121,-0.000617121,-0.10438439,-0.10438439,0,0,0
RGI60-19.01981,0.048953125,0.016053778,423.6947406,0.004738838,,0,0,0,0,1,0,0.007329246,0,0.72509357,0.256273007,10.108,0.002590408,0.002590408,0.256273007,0.256273007,0,0,0
RGI60-19.01983,0.048953125,0.016053778,47.85314197,7.80E-07,,0,0,0,0,1,1,-6.26E-05,0,-0.126540016,-0.128115294,0.495,-6.34E-05,-6.34E-05,-0.128115294,-0.128115294,0,0,0
RGI60-19.01984,0.048953125,0.016053778,767.2399641,0.01110956,,0,0,0,0,1,0,-0.003817291,0,-0.17839474,-0.697581593,21.398,-0.014926851,-0.014926851,-0.697581593,-0.697581593,0,0,0
RGI60-19.01985,0.048953125,0.016053778,565.8017147,0.004097732,,0,0,0,0,1,0,-0.00064166,0,-0.145964503,-1.078114732,4.396,-0.004739392,-0.004739392,-1.078114732,-1.078114732,0,0,0
RGI60-19.01986,0.048953125,0.016053778,140.1894566,0.005324096,,0,0,0,0,1,1,-0.057283348,0,-0.685987042,-0.749744848,83.505,-0.062607444,-0.062607444,-0.749744848,-0.749744848,0,0,0
RGI60-19.01988,0.048953125,0.016053778,128.7257447,0.002670494,,0,0,0,0,1,1,0.00486575,0,0.071183527,0.032115517,68.355,0.002195256,0.002195256,0.032115517,0.032115517,0,0,0
RGI60-19.01989,0.048953125,0.016053778,719.8543839,0.012437659,,0,0,0,0,1,0,0.012135097,0,0.524103714,-0.013067345,23.154,-0.000302561,-0.000302561,-0.013067345,-0.013067345,0,0,0
RGI60-19.01993,0.048953125,0.016053778,317.005941,0.020011164,,0,0,0,0,1,0,0.027688967,0,0.961055409,0.266488595,28.811,0.007677803,0.007677803,0.266488595,0.266488595,0,0,0
RGI60-19.01994,0.048953125,0.016053778,196.2327735,0.003149374,,0,0,0,0,1,0,0.009089859,0,0.576767695,0.376934348,15.76,0.005940485,0.005940485,0.376934348,0.376934348,0,0,0
RGI60-19.01995,0.036964844,0.016053778,257.5831213,0.026229908,,0,0,2.49E-05,0.004181494,1,1,0.053547217,0.02731731,1.097189106,0.559735054,48.804,0.02731731,0.02731731,0.559735054,0.559735054,0,0,0
RGI60-19.01996,0.048953125,0.016053778,461.6059497,0.035541613,,0,0,0,0,1,0,0.031245071,0,1.069926752,-0.147126724,29.203,-0.004296542,-0.004296542,-0.147126724,-0.147126724,0,0,0
RGI60-19.01997,0.046555469,0.016053778,296.5629211,0.027460534,,0,0,2.23E-05,0.110005836,1,0,0.033409735,0.005949201,1.087061068,0.193570663,30.734,0.005949201,0.005949201,0.193570663,0.193570663,0,0,0
RGI60-19.01998,0.048953125,0.016053778,86.9913048,5.81E-05,,0,0,0,0,1,0,-4.19E-06,0,-0.031040157,-0.461340107,0.135,-6.23E-05,-6.23E-05,-0.461340107,-0.461340107,0,0,0
RGI60-19.01999,0.048953125,0.016053778,755.8834625,0.066401264,,0,0,0,0,1,0,-0.014846222,0,-0.254521206,-1.392893645,58.33,-0.081247486,-0.081247486,-1.392893645,-1.392893645,0,0,0
RGI60-19.02000,0.048953125,0.016053778,85.81363939,8.88E-05,,0,0,0,0,1,1,-0.001029397,0,-0.143630159,-0.156020859,7.167,-0.001118201,-0.001118201,-0.156020859,-0.156020859,0,0,0
RGI60-19.02001,0.048953125,0.016053778,640.5140972,0.0046245,,0,0,0,0,1,0,0.001453064,0,0.071484441,-0.156020859,20.327,-0.003171436,-0.003171436,-0.156020859,-0.156020859,0,0,0
RGI60-19.02002,0.048953125,0.016053778,792.7661423,0.035914298,,0,0,0,0,1,0,0.0466427,0,0.956812589,0.220078815,48.748,0.010728402,0.010728402,0.220078815,0.220078815,0,0,0
RGI60-19.02003,0.005795313,0.016053778,226.026308,0.000553941,,0,0,4.77E-05,0.0071029,1,0,0.014323763,0.013769822,1.102676125,1.060032509,12.99,0.013769822,0.013769822,1.060032509,1.060032509,0,0,0
RGI60-19.02004,0.048953125,0.016053778,320.2477442,0.001479906,,0,0,0,0,1,0,0.000859255,0,0.216001785,-0.156020859,3.978,-0.000620651,-0.000620651,-0.156020859,-0.156020859,0,0,0
RGI60-19.02005,0.048953125,0.016053778,739.1654965,0.00577697,,0,0,0,0,1,0,-0.005730387,0,-0.573784612,-1.152233608,9.987,-0.011507357,-0.011507357,-1.152233608,-1.152233608,0,0,0
RGI60-19.02006,0.048953125,0.016053778,768.9057154,0.013933467,,0,0,0,0,1,0,0.00669445,0,0.578554132,-0.625617234,11.571,-0.007239017,-0.007239017,-0.625617234,-0.625617234,0,0,0
RGI60-19.02007,0.048953125,0.016053778,582.4156508,0.004383524,,0,0,0,0,1,0,0.003675657,0,0.8101514,-0.156020859,4.537,-0.000707867,-0.000707867,-0.156020859,-0.156020859,0,0,0
RGI60-19.02008,0.048953125,0.016053778,348.543653,0.00620776,,0,0,0,0,1,0,-0.042160401,0,-1.605437772,-1.8418248,26.261,-0.048368161,-0.048368161,-1.8418248,-1.8418248,0,0,0
RGI60-19.02009,0.041760156,0.016053778,505.0635721,0.002287359,,0,0,1.13E-05,0.009152041,1,0,0.007908708,0.005621349,1.091759869,0.776000689,7.244,0.005621349,0.005621349,0.776000689,0.776000689,0,0,0
RGI60-19.02010,0.048953125,0.016053778,98.46160656,0.000411648,,0,0,8.75E-06,0.005963133,1,1,0.021552001,0.021140353,2.46986033,2.422685461,8.726,0.021140353,0.021140353,2.422685461,2.422685461,0,0,0
RGI60-19.02011,0.048953125,0.016053778,284.9451674,0.000422405,,0,0,0,0,1,0,6.42E-05,0,0.027953463,-0.156020859,2.296,-0.000358224,-0.000358224,-0.156020859,-0.156020859,0,0,0
RGI60-19.02012,0.048953125,0.016053778,88.8966883,7.30E-05,,0,0,0,0,1,1,-0.00061628,0,-0.139493084,-0.156020859,4.418,-0.0006893,-0.0006893,-0.156020859,-0.156020859,0,0,0
RGI60-19.02013,0.048953125,0.016053778,57.59255297,0.000166586,,0,0,0,0,1,1,-0.01012947,0,-1.014671981,-1.031358917,9.983,-0.010296056,-0.010296056,-1.031358917,-1.031358917,0,0,0
RGI60-19.02014,0.048953125,0.016053778,92.55534349,5.66E-06,,0,0,0,0,1,1,-0.000257706,0,-0.152669457,-0.156020859,1.688,-0.000263363,-0.000263363,-0.156020859,-0.156020859,0,0,0
RGI60-19.02015,0.048953125,0.016053778,50.00395643,6.89E-06,,0,0,0,0,1,1,-0.00096543,0,-0.154915018,-0.156020859,6.232,-0.000972322,-0.000972322,-0.156020859,-0.156020859,0,0,0
RGI60-19.02016,0.048953125,0.016053778,569.2522958,0.003245351,,0,0,0,0,1,0,0.002430454,0,0.465336868,-0.156020859,5.223,-0.000814897,-0.000814897,-0.156020859,-0.156020859,0,0,0
RGI60-19.02017,0.048953125,0.016053778,710.2652881,0.012082395,,0,0,0,0,1,0,-0.030109013,0,-1.860073701,-2.606499544,16.187,-0.042191408,-0.042191408,-2.606499544,-2.606499544,0,0,0
RGI60-19.02018,0.048953125,0.016053778,767.2399641,0.009928346,,0,0,0,0,1,0,-0.029947998,0,-2.607574934,-3.47203693,11.485,-0.039876344,-0.039876344,-3.47203693,-3.47203693,0,0,0
RGI60-19.02019,0.048953125,0.016053778,337.6275755,0.006666993,,0,0,0,0,1,0,-0.018347266,0,-1.218035289,-1.660642535,15.063,-0.025014259,-0.025014259,-1.660642535,-1.660642535,0,0,0
RGI60-19.02025,0.027374219,0.016053778,459.6672597,0.001174179,,0,0,8.32E-06,0.000205462,1,0,0.00229573,0.001121551,1.095291161,0.535091161,2.096,0.001121551,0.001121551,0.535091161,0.535091161,0,0,0
RGI60-19.02026,0.02018125,0.016053778,603.6830063,0.002755542,,0,0,2.27E-05,0.000902789,1,0,0.003632967,0.000877426,0.987219403,0.238430886,3.68,0.000877426,0.000877426,0.238430886,0.238430886,0,0,0
RGI60-19.02032,0.048953125,0.016053778,338.6569524,0.00048163,,0,0,0,0,1,0,-0.001320932,0,-1.258030075,-1.716724945,1.05,-0.001802561,-0.001802561,-1.716724945,-1.716724945,0,0,0
RGI60-19.02034,0.048953125,0.016053778,26.13961943,0,,0,0,0,0,1,1,-0.000109995,0,-0.156020859,-0.156020859,0.705,-0.000109995,-0.000109995,-0.156020859,-0.156020859,0,0,0
RGI60-19.02035,0.048953125,0.016053778,49.69401818,0,,0,0,0,0,1,1,0.000656869,0,0.931729759,0.931729759,0.705,0.000656869,0.000656869,0.931729759,0.931729759,0,0,0
RGI60-19.02036,0.048953125,0.016053778,25.8413151,0,,0,0,0,0,1,1,-3.46E-05,0,-0.156020859,-0.156020859,0.222,-3.46E-05,-3.46E-05,-0.156020859,-0.156020859,0,0,0
RGI60-19.02038,0.048953125,0.016053778,53.95087594,1.24E-06,,0,0,0,0,1,1,-0.000182245,0,-0.154969843,-0.156020859,1.176,-0.000183481,-0.000183481,-0.156020859,-0.156020859,0,0,0
RGI60-19.02039,0.048953125,0.016053778,121.0153678,5.39E-06,,0,0,0,0,1,1,-0.000323348,0,-0.153463684,-0.156020859,2.107,-0.000328736,-0.000328736,-0.156020859,-0.156020859,0,0,0
RGI60-19.02040,0.048953125,0.016053778,43.60099374,0,,0,0,0,0,1,1,6.98E-05,0,0.163074114,0.163074114,0.428,6.98E-05,6.98E-05,0.163074114,0.163074114,0,0,0
RGI60-19.02043,0.048953125,0.016053778,97.86543242,4.59E-06,,0,0,6.59E-08,0.001892077,1,1,0.000663728,0.000659142,1.587865974,1.576894496,0.418,0.000659142,0.000659142,1.576894496,1.576894496,0,0,0
RGI60-19.02045,0.048953125,0.016053778,94.16712519,0.000217105,,0,0,0,0,1,1,0.005359403,0,0.957036251,0.918267588,5.6,0.005142298,0.005142298,0.918267588,0.918267588,0,0,0
RGI60-19.02048,0.048953125,0.016053778,118.1033992,0.000502619,,0,0,0,0,1,1,0.005890095,0,0.764252659,0.699036739,7.707,0.005387476,0.005387476,0.699036739,0.699036739,0,0,0
RGI60-19.02050,0.048953125,0.016053778,79.16664438,9.82E-07,,0,0,0,0,1,1,-0.000484049,0,-0.574880393,-0.576046902,0.842,-0.000485031,-0.000485031,-0.576046902,-0.576046902,0,0,0
RGI60-19.02051,0.048953125,0.016053778,88.02743121,0.000105734,,0,0,0,0,1,1,0.000824197,0,0.217926242,0.189969,3.782,0.000718463,0.000718463,0.189969,0.189969,0,0,0
RGI60-19.02053,0.048953125,0.016053778,55.40086751,3.86E-07,,0,0,0,0,1,1,-9.18E-05,0,-0.09207325,-0.092460755,0.997,-9.22E-05,-9.22E-05,-0.092460755,-0.092460755,0,0,0
RGI60-19.02054,0.048953125,0.016053778,90.63662552,3.58E-06,,0,0,0,0,1,1,-0.000418671,0,-0.397976477,-0.401378554,1.052,-0.00042225,-0.00042225,-0.401378554,-0.401378554,0,0,0
RGI60-19.02055,0.048953125,0.016053778,107.2162635,0.000109506,,0,0,0,0,1,1,0.001450567,0,0.931641961,0.861310799,1.557,0.001341061,0.001341061,0.861310799,0.861310799,0,0,0
RGI60-19.02056,0.048953125,0.016053778,45.07392231,5.93E-07,,0,0,0,0,1,1,0.000211284,0,0.10438947,0.104096462,2.024,0.000210691,0.000210691,0.104096462,0.104096462,0,0,0
RGI60-19.02057,0.048953125,0.016053778,47.59014875,4.31E-07,,0,0,0,0,1,1,-0.000605291,0,-0.478490735,-0.478831713,1.265,-0.000605722,-0.000605722,-0.478831713,-0.478831713,0,0,0
RGI60-19.02058,0.048953125,0.016053778,142.7612873,3.20E-05,,0,0,0,0,1,1,-0.000745564,0,-0.642727577,-0.670339006,1.16,-0.000777593,-0.000777593,-0.670339006,-0.670339006,0,0,0
RGI60-19.02060,0.048953125,0.016053778,298.1200532,0.000230363,,0,0,0,0,1,0,0.00272436,0,0.857256152,0.784769473,3.178,0.002493997,0.002493997,0.784769473,0.784769473,0,0,0
RGI60-19.02065,0.048953125,0.016053778,206.0946425,0.000293516,,0,0,0,0,1,0,0.001296317,0,0.404340838,0.312788727,3.206,0.001002801,0.001002801,0.312788727,0.312788727,0,0,0
RGI60-19.02067,0.048953125,0.016053778,346.7785168,0.006299797,,0,0,0,0,1,0,0.001351022,0,0.093289731,-0.34171907,14.482,-0.004948776,-0.004948776,-0.34171907,-0.34171907,0,0,0
RGI60-19.02068,0.048953125,0.016053778,216.5987738,0.006108138,,0,0,0,0,1,1,-0.002382077,0,-0.15311929,-0.54574883,15.557,-0.008490215,-0.008490215,-0.54574883,-0.54574883,0,0,0
RGI60-19.02103,0.048953125,0.016053778,296.9046618,0.004139429,,0,0,0,0,1,0,-0.011276742,0,-1.263075967,-1.726721684,8.928,-0.015416171,-0.015416171,-1.726721684,-1.726721684,0,0,0
RGI60-19.02104,0.048953125,0.016053778,266.1978021,0.021704491,,0,0,0,0,1,1,-0.001123969,0,-0.024218248,-0.491886658,46.41,-0.02282846,-0.02282846,-0.491886658,-0.491886658,0,0,0
RGI60-19.02105,0.048953125,0.016053778,421.6640091,0.02094144,,0,0,0,0,1,0,0.00600487,0,0.184560785,-0.459078275,32.536,-0.014936571,-0.014936571,-0.459078275,-0.459078275,0,0,0
RGI60-19.02106,0.048953125,0.016053778,193.9375492,0.00594384,,0,0,0,0,1,1,0.024519082,0,0.831662776,0.630053656,29.482,0.018575242,0.018575242,0.630053656,0.630053656,0,0,0
RGI60-19.02107,0.048953125,0.016053778,106.9172265,0.000248204,,0,0,0,0,1,1,-0.00012531,0,-0.052343284,-0.156020859,2.394,-0.000373514,-0.000373514,-0.156020859,-0.156020859,0,0,0
RGI60-19.02108,0.048953125,0.016053778,78.54782255,6.65E-05,,0,0,0,0,1,1,-0.00050683,0,-0.137913041,-0.156020859,3.675,-0.000573377,-0.000573377,-0.156020859,-0.156020859,0,0,0
RGI60-19.02109,0.048953125,0.016053778,442.3485366,0.000523234,,0,0,0,0,1,0,-9.46E-05,0,-0.023890982,-0.156020859,3.96,-0.000617843,-0.000617843,-0.156020859,-0.156020859,0,0,0
RGI60-19.02110,0.048953125,0.016053778,279.8026725,0.000245777,,0,0,0,0,1,0,-0.000291559,0,-0.08465695,-0.156020859,3.444,-0.000537336,-0.000537336,-0.156020859,-0.156020859,0,0,0
RGI60-19.02111,0.048953125,0.016053778,767.2399641,0.001829125,,0,0,0,0,1,0,0.001450307,0,0.597325613,-0.156020859,2.428,-0.000378819,-0.000378819,-0.156020859,-0.156020859,0,0,0
RGI60-19.02112,0.048953125,0.016053778,767.2399641,0.005615339,,0,0,0,0,1,0,0.004453451,0,0.598019516,-0.156020859,7.447,-0.001161887,-0.001161887,-0.156020859,-0.156020859,0,0,0
RGI60-19.02113,0.048953125,0.016053778,419.0647373,0.001591691,,0,0,0,0,1,0,0.000726243,0,0.130925426,-0.156020859,5.547,-0.000865448,-0.000865448,-0.156020859,-0.156020859,0,0,0
RGI60-19.02114,0.048953125,0.016053778,235.1273022,0.000373861,,0,0,0,0,1,0,-0.000558207,0,-0.093439443,-0.156020859,5.974,-0.000932069,-0.000932069,-0.156020859,-0.156020859,0,0,0
RGI60-19.02115,0.048953125,0.016053778,52.87320057,8.01E-07,,0,0,0,0,1,1,-0.000197189,0,-0.155389386,-0.156020859,1.269,-0.00019799,-0.00019799,-0.156020859,-0.156020859,0,0,0
RGI60-19.02116,0.048953125,0.016053778,334.6873322,0.0003025,,0,0,0,0,1,0,-0.000188497,0,-0.059897472,-0.156020859,3.147,-0.000490998,-0.000490998,-0.156020859,-0.156020859,0,0,0
RGI60-19.02117,0.048953125,0.016053778,75.26610643,1.51E-05,,0,0,0,0,1,1,-0.000478099,0,-0.151249311,-0.156020859,3.161,-0.000493182,-0.000493182,-0.156020859,-0.156020859,0,0,0
RGI60-19.02118,0.048953125,0.016053778,41.14568203,0,,0,0,0,0,1,1,-0.00152916,0,-0.156020859,-0.156020859,9.801,-0.00152916,-0.00152916,-0.156020859,-0.156020859,0,0,0
RGI60-19.02119,0.048953125,0.016053778,59.45784116,4.78E-07,,0,0,0,0,1,1,-0.000183159,0,-0.155614865,-0.156020859,1.177,-0.000183637,-0.000183637,-0.156020859,-0.156020859,0,0,0
RGI60-19.02120,0.048953125,0.016053778,96.60449777,2.01E-06,,0,0,0,0,1,1,-9.06E-06,0,-0.127653586,-0.156020859,0.071,-1.11E-05,-1.11E-05,-0.156020859,-0.156020859,0,0,0
RGI60-19.02121,0.048953125,0.016053778,90.52581923,7.47E-06,,0,0,0,0,1,1,-0.000500689,0,-0.15372716,-0.156020859,3.257,-0.00050816,-0.00050816,-0.156020859,-0.156020859,0,0,0
RGI60-19.02122,0.048953125,0.016053778,358.7406947,0.001361241,,0,0,0,0,1,0,0.004569363,0,0.693062734,0.486595072,6.593,0.003208121,0.003208121,0.486595072,0.486595072,0,0,0
RGI60-19.02123,0.048953125,0.016053778,767.2399641,0.008913797,,0,0,0,0,1,0,0.007505865,0,0.831766928,-0.156020859,9.024,-0.001407932,-0.001407932,-0.156020859,-0.156020859,0,0,0
RGI60-19.02124,0.048953125,0.016053778,202.2927606,0.000913526,,0,0,0,0,1,1,-0.001147198,0,-0.086856291,-0.156020859,13.208,-0.002060724,-0.002060724,-0.156020859,-0.156020859,0,0,0
RGI60-19.02125,0.048953125,0.016053778,43.78171915,0,,0,0,0,0,1,1,-0.000918495,0,-0.156020859,-0.156020859,5.887,-0.000918495,-0.000918495,-0.156020859,-0.156020859,0,0,0
RGI60-19.02126,0.048953125,0.016053778,54.16716402,1.20E-06,,0,0,0,0,1,1,-0.001501125,0,-0.15589626,-0.156020859,9.629,-0.001502325,-0.001502325,-0.156020859,-0.156020859,0,0,0
RGI60-19.02127,0.048953125,0.016053778,72.24162194,2.69E-06,,0,0,0,0,1,1,-0.000395939,0,-0.15496635,-0.156020859,2.555,-0.000398633,-0.000398633,-0.156020859,-0.156020859,0,0,0
RGI60-19.02128,0.048953125,0.016053778,90.42450106,6.01E-06,,0,0,0,0,1,1,-0.001048376,0,-0.155131109,-0.156020859,6.758,-0.001054389,-0.001054389,-0.156020859,-0.156020859,0,0,0
RGI60-19.02129,0.048953125,0.016053778,59.78852943,1.05E-06,,0,0,0,0,1,1,-0.000588862,0,-0.155742501,-0.156020859,3.781,-0.000589915,-0.000589915,-0.156020859,-0.156020859,0,0,0
RGI60-19.02130,0.048953125,0.016053778,767.2399641,0.002257427,,0,0,0,0,1,0,0.001814015,0,0.638288298,-0.156020859,2.842,-0.000443411,-0.000443411,-0.156020859,-0.156020859,0,0,0
RGI60-19.02131,0.048953125,0.016053778,104.8682457,7.24E-05,,0,0,0,0,1,1,-0.000323749,0,-0.127510293,-0.156020859,2.539,-0.000396137,-0.000396137,-0.156020859,-0.156020859,0,0,0
RGI60-19.02132,0.048953125,0.016053778,164.0291554,0.000216236,,0,0,0,0,1,0,-8.68E-05,0,-0.044673835,-0.156020859,1.942,-0.000302993,-0.000302993,-0.156020859,-0.156020859,0,0,0
RGI60-19.02133,0.034567188,0.016053778,686.6713522,0.167004778,,0,0,0.00040565,0.671549541,1,1,0.185409482,0.018404704,1.032415763,0.102482927,179.588,0.018404704,0.018404704,0.102482927,0.102482927,0,0,0
RGI60-19.02134,0.015385938,0.016053778,521.9169018,0.067309424,,0,0,0.000677291,0,1,1,0.110851703,0.04354228,0.978434204,0.384326577,113.295,0.04354228,0.04354228,0.384326577,0.384326577,0,0,0
RGI60-19.02135,0.048953125,0.016053778,54.61860402,4.27E-05,,0,0,7.09E-06,0.13821878,1,1,0.015971309,0.015928593,1.969578071,1.964310451,8.109,0.015928593,0.015928593,1.964310451,1.964310451,0,0,0
RGI60-19.02136,0.048953125,0.016053778,26.94704324,0,,0,0,0,0,1,1,-4.10E-05,0,-0.156020859,-0.156020859,0.263,-4.10E-05,-4.10E-05,-0.156020859,-0.156020859,0,0,0
RGI60-19.02137,0.012988281,0.016053778,491.7906119,0.002890169,,0,0,2.49E-05,0.002474319,1,0,0.03900266,0.036112491,2.133741463,1.975627304,18.279,0.036112491,0.036112491,1.975627304,1.975627304,0,0,0
RGI60-19.02138,0.048953125,0.016053778,390.6548181,0.007700279,,0,0,0,0,1,1,-0.002347512,0,-0.367085465,-1.571194751,6.395,-0.01004779,-0.01004779,-1.571194751,-1.571194751,0,0,0
RGI60-19.02139,0.048953125,0.016053778,433.0277813,0.005573757,,0,0,0,0,1,0,-0.006694771,0,-0.814746335,-1.493066494,8.217,-0.012268527,-0.012268527,-1.493066494,-1.493066494,0,0,0
RGI60-19.02140,0.034567188,0.016053778,480.1649435,0.000376094,,0,0,4.13E-07,0.001124579,1,0,0.000326012,-5.01E-05,1.015612756,-0.156020859,0.321,-5.01E-05,-5.01E-05,-0.156020859,-0.156020859,0,0,0
RGI60-19.02141,0.048953125,0.016053778,47.05817065,0,,0,0,0,0,1,1,-9.83E-06,0,-0.156020859,-0.156020859,0.063,-9.83E-06,-9.83E-06,-0.156020859,-0.156020859,0,0,0
RGI60-19.02142,0.048953125,0.016053778,126.164467,6.87E-05,,0,0,0,0,1,1,-0.000225881,0,-0.541680341,-0.706440472,0.417,-0.000294586,-0.000294586,-0.706440472,-0.706440472,0,0,0
RGI60-19.02143,0.048953125,0.016053778,16.96911945,0,,0,0,0,0,1,1,-4.42E-05,0,-0.156020859,-0.156020859,0.283,-4.42E-05,-4.42E-05,-0.156020859,-0.156020859,0,0,0
RGI60-19.02144,0.005795313,0.016053778,359.9823246,3.15E-05,,0,0,9.53E-07,8.27E-05,1,0,2.76E-05,-3.90E-06,1.102726216,-0.156020859,0.025,-3.90E-06,-3.90E-06,-0.156020859,-0.156020859,0,0,0
RGI60-19.02145,0.024976563,0.016053778,325.4097978,0.000239162,,0,0,3.65E-07,0.000560948,1,0,0.000209518,-2.96E-05,1.102726756,-0.156020859,0.19,-2.96E-05,-2.96E-05,-0.156020859,-0.156020859,0,0,0
RGI60-19.02146,0.032169531,0.016053778,666.597579,0.013165733,,0,0,3.07E-05,0.003216066,1,0,0.148459253,0.13529352,8.815870126,8.034057031,16.84,0.13529352,0.13529352,8.034057031,8.034057031,0,0,0
RGI60-19.02147,0.036964844,0.016053778,745.3732559,0.024945854,,0,0,7.38E-05,0.013197292,1,1,0.282687139,0.257741285,8.231528142,7.505133223,34.342,0.257741285,0.257741285,7.505133223,7.505133223,0,0,0
RGI60-19.02148,0.032169531,0.016053778,666.597579,0.003442926,,0,0,6.77E-06,0.014960946,1,0,0.003003259,-0.000439667,1.065741389,-0.156020859,2.818,-0.000439667,-0.000439667,-0.156020859,-0.156020859,0,0,0
RGI60-19.02149,0.022578906,0.016053778,663.5276913,0.006229652,,0,0,3.36E-05,0.003775047,1,1,0.081773315,0.075543663,4.581908164,4.232849406,17.847,0.075543663,0.075543663,4.232849406,4.232849406,0,0,0
RGI60-19.02150,0.048953125,0.016053778,52.61435394,4.74E-05,,0,0,6.20E-06,0.198221052,1,1,0.057724572,0.057677162,3.130060314,3.127489524,18.442,0.057677162,0.057677162,3.127489524,3.127489524,0,0,0
RGI60-19.02151,0.048953125,0.016053778,16.42903087,0,,0,0,0,0,1,1,-5.77E-06,0,-0.156020859,-0.156020859,0.037,-5.77E-06,-5.77E-06,-0.156020859,-0.156020859,0,0,0
RGI60-19.02152,0.022578906,0.016053778,592.0228394,0.002501527,,0,0,9.56E-06,0.001011769,1,0,0.028432914,0.025931387,3.044209215,2.776379718,9.34,0.025931387,0.025931387,2.776379718,2.776379718,0,0,0
RGI60-19.02153,0.048953125,0.016053778,34.09435244,0,,0,0,0,0,1,1,0.000219976,0,0.687424637,0.687424637,0.32,0.000219976,0.000219976,0.687424637,0.687424637,0,0,0
RGI60-19.02154,0.048953125,0.016053778,37.61248674,2.79E-07,,0,0,0,0,1,1,-0.000109716,0,-0.155624931,-0.156020859,0.705,-0.000109995,-0.000109995,-0.156020859,-0.156020859,0,0,0
RGI60-19.02156,0.02018125,0.016053778,316.8875676,0.000123834,,0,0,5.96E-07,0.000336131,1,0,0.000107296,-1.65E-05,1.012228326,-0.156020859,0.106,-1.65E-05,-1.65E-05,-0.156020859,-0.156020859,0,0,0
RGI60-19.02157,0.041760156,0.016053778,82.65115632,2.72E-05,,0,0,3.67E-08,1.51E-05,1,0,2.36E-05,-3.59E-06,1.024698707,-0.156020859,0.023,-3.59E-06,-3.59E-06,-0.156020859,-0.156020859,0,0,0
RGI60-19.02158,0.048953125,0.016053778,753.1579333,0.000616993,,0,0,0,0,1,0,-0.000102887,0,-0.02229891,-0.156020859,4.614,-0.00071988,-0.00071988,-0.156020859,-0.156020859,0,0,0
RGI60-19.02159,0.048953125,0.016053778,30.55142938,4.25E-07,,0,0,0,0,1,1,-0.000308184,0,-0.155806067,-0.156020859,1.978,-0.000308609,-0.000308609,-0.156020859,-0.156020859,0,0,0
RGI60-19.02162,0.048953125,0.016053778,65.91535365,1.82E-05,,0,0,0,0,1,0,7.82E-05,0,0.476791202,0.366112618,0.164,6.00E-05,6.00E-05,0.366112618,0.366112618,0,0,0
RGI60-19.02164,0.048953125,0.016053778,32.74367094,1.68E-06,,0,0,0,0,1,1,-0.00039591,0,-0.56801992,-0.570430031,0.697,-0.00039759,-0.00039759,-0.570430031,-0.570430031,0,0,0
RGI60-19.02165,0.048953125,0.016053778,427.3629152,0.001957707,,0,0,0,0,1,0,0.001489618,0,0.241546575,-0.075902273,6.167,-0.000468089,-0.000468089,-0.075902273,-0.075902273,0,0,0
RGI60-19.02166,0.048953125,0.016053778,44.38958306,8.08E-07,,0,0,0,0,1,1,-2.88E-05,0,-0.210475855,-0.216376464,0.137,-2.96E-05,-2.96E-05,-0.216376464,-0.216376464,0,0,0
RGI60-19.02167,0.048953125,0.016053778,19.62854067,0,,0,0,0,0,1,1,-6.08E-06,0,-0.156020859,-0.156020859,0.039,-6.08E-06,-6.08E-06,-0.156020859,-0.156020859,0,0,0
RGI60-19.02168,0.048953125,0.016053778,31.6553829,1.18E-06,,0,0,0,0,1,1,-7.06E-05,0,-0.588137061,-0.597985361,0.12,-7.18E-05,-7.18E-05,-0.597985361,-0.597985361,0,0,0
RGI60-19.02169,0.041760156,0.016053778,727.4792148,0.000872236,,0,0,1.16E-06,0.004958256,1,0,0.000827159,-4.51E-05,1.077029989,-0.058693564,0.768,-4.51E-05,-4.51E-05,-0.058693564,-0.058693564,0,0,0
RGI60-19.02170,0.048953125,0.016053778,63.29487212,0.000338418,,0,0,0,0,1,1,-0.000583122,0,-0.178981531,-0.282854558,3.258,-0.00092154,-0.00092154,-0.282854558,-0.282854558,0,0,0
RGI60-19.02171,0.048953125,0.016053778,143.8217712,0.002360003,,0,0,0,0,1,1,-6.72E-05,0,-0.008298289,-0.299800663,8.096,-0.002427186,-0.002427186,-0.299800663,-0.299800663,0,0,0
RGI60-19.02172,0.048953125,0.016053778,167.4362473,0.001354607,,0,0,0,0,1,1,-0.000454828,0,-0.115000828,-0.457505688,3.955,-0.001809435,-0.001809435,-0.457505688,-0.457505688,0,0,0
RGI60-19.02173,0.048953125,0.016053778,110.9858952,0.000483502,,0,0,0,0,1,1,0.000374573,0,0.253947754,-0.073849997,1.475,-0.000108929,-0.000108929,-0.073849997,-0.073849997,0,0,0
RGI60-19.02174,0.048953125,0.016053778,120.8748717,0.000641681,,0,0,0,0,1,1,8.16E-05,0,0.045266219,-0.310629864,1.803,-0.000560066,-0.000560066,-0.310629864,-0.310629864,0,0,0
RGI60-19.02175,0.048953125,0.016053778,166.6695901,3.89E-05,,0,0,0,0,1,0,4.95E-05,0,0.067324491,0.014373912,0.735,1.06E-05,1.06E-05,0.014373912,0.014373912,0,0,0
RGI60-19.02176,0.048953125,0.016053778,35.56820575,8.89E-07,,0,0,0,0,1,1,4.97E-05,0,0.215991848,0.212127616,0.23,4.88E-05,4.88E-05,0.212127616,0.212127616,0,0,0
RGI60-19.02177,0.048953125,0.016053778,88.60114786,2.10E-05,,0,0,0,0,1,0,-6.57E-05,0,-0.443673851,-0.585553927,0.148,-8.67E-05,-8.67E-05,-0.585553927,-0.585553927,0,0,0
RGI60-19.02178,0.048953125,0.016053778,509.8863738,0.001190648,,0,0,0,0,1,0,0.000467533,0,0.542381325,-0.838880434,0.862,-0.000723115,-0.000723115,-0.838880434,-0.838880434,0,0,0
RGI60-19.02179,0.048953125,0.016053778,55.64203492,1.15E-05,,0,0,0,0,1,1,1.88E-05,0,0.057330141,0.022402055,0.328,7.35E-06,7.35E-06,0.022402055,0.022402055,0,0,0
RGI60-19.02180,0.048953125,0.016053778,26.10851228,0,,0,0,0,0,1,1,-0.000123384,0,-1.10163991,-1.10163991,0.112,-0.000123384,-0.000123384,-1.10163991,-1.10163991,0,0,0
RGI60-19.02181,0.048953125,0.016053778,60.88499947,4.75E-06,,0,0,0,0,1,1,-2.84E-05,0,-0.270165915,-0.315435367,0.105,-3.31E-05,-3.31E-05,-0.315435367,-0.315435367,0,0,0
RGI60-19.02182,0.048953125,0.016053778,40.87625224,4.21E-05,,0,0,0,0,1,1,-0.001107973,0,-0.412038967,-0.427694839,2.689,-0.001150071,-0.001150071,-0.427694839,-0.427694839,0,0,0
RGI60-19.02183,0.048953125,0.016053778,50.13331509,1.87E-05,,0,0,0,0,1,1,2.89E-05,0,0.112117353,0.039671171,0.258,1.02E-05,1.02E-05,0.039671171,0.039671171,0,0,0
RGI60-19.02184,0.012988281,0.016053778,123.2779226,1.51E-05,,0,0,1.30E-07,2.10E-05,1,1,1.58E-05,7.35E-07,0.929915551,0.043257006,0.017,7.35E-07,7.35E-07,0.043257006,0.043257006,0,0,0
RGI60-19.02185,0.048953125,0.016053778,54.37526786,7.47E-06,,0,0,0,0,1,1,-3.71E-06,0,-0.027716522,-0.083493641,0.134,-1.12E-05,-1.12E-05,-0.083493641,-0.083493641,0,0,0
RGI60-19.02186,0.048953125,0.016053778,59.35073078,0.000125981,,0,0,0,0,1,1,1.93E-05,0,0.057388114,-0.317556559,0.336,-0.000106699,-0.000106699,-0.317556559,-0.317556559,0,0,0
RGI60-19.02187,0.048953125,0.016053778,76.59478454,6.63E-05,,0,0,0,0,1,1,5.95E-05,0,0.133097354,-0.015148453,0.447,-6.77E-06,-6.77E-06,-0.015148453,-0.015148453,0,0,0
RGI60-19.02188,0.048953125,0.016053778,41.45850854,2.07E-05,,0,0,0,0,1,1,-2.97E-05,0,-0.078543989,-0.133321627,0.378,-5.04E-05,-5.04E-05,-0.133321627,-0.133321627,0,0,0
RGI60-19.02189,0.048953125,0.016053778,199.0079761,0.000985016,,0,0,0,0,1,0,0.000962076,0,0.900820254,-0.021479682,1.068,-2.29E-05,-2.29E-05,-0.021479682,-0.021479682,0,0,0
RGI60-19.02190,0.048953125,0.016053778,42.20074187,6.82E-06,,0,0,0,0,1,1,-0.000240883,0,-0.310415627,-0.319208136,0.776,-0.000247706,-0.000247706,-0.319208136,-0.319208136,0,0,0
RGI60-19.02191,0.048953125,0.016053778,51.81076558,9.60E-06,,0,0,0,0,1,1,-0.000239737,0,-0.42963631,-0.446833447,0.558,-0.000249333,-0.000249333,-0.446833447,-0.446833447,0,0,0
RGI60-19.02192,0.048953125,0.016053778,36.4334876,1.25E-06,,0,0,0,0,1,1,-0.00011402,0,-0.180696565,-0.182675976,0.631,-0.000115269,-0.000115269,-0.182675976,-0.182675976,0,0,0
RGI60-19.02193,0.048953125,0.016053778,37.73534341,1.74E-06,,0,0,0,0,1,1,-0.000104453,0,-0.251090007,-0.255274741,0.416,-0.000106194,-0.000106194,-0.255274741,-0.255274741,0,0,0
RGI60-19.02195,0.024976563,0.016053778,163.2722373,0.000265212,,0,0,2.24E-06,0.000493705,1,0,0.000771131,0.000505919,1.100044669,0.72171053,0.701,0.000505919,0.000505919,0.72171053,0.72171053,0,0,0
RGI60-19.02196,0.036964844,0.016053778,698.3589194,0.000449386,,0,0,1.16E-06,0.00237562,1,0,0.000340888,-0.000108498,1.078759004,-0.343349384,0.316,-0.000108498,-0.000108498,-0.343349384,-0.343349384,0,0,0
RGI60-19.02197,0.032169531,0.016053778,447.7121299,0.000170737,,0,0,6.80E-07,0.000910969,1,0,0.000178381,7.64E-06,0.996542325,0.0427058,0.179,7.64E-06,7.64E-06,0.0427058,0.0427058,0,0,0
RGI60-19.02198,0.048953125,0.016053778,40.6691159,1.03E-05,,0,0,0,0,1,1,0.000301871,0,0.843214768,0.814343709,0.358,0.000291535,0.000291535,0.814343709,0.814343709,0,0,0
RGI60-19.02202,0.048953125,0.016053778,70.78858398,6.77E-05,,0,0,0,0,1,1,-4.48E-05,0,-0.030579292,-0.076726752,1.466,-0.000112481,-0.000112481,-0.076726752,-0.076726752,0,0,0
RGI60-19.02203,0.048953125,0.016053778,14.73113289,0,,0,0,0,0,1,1,-4.39E-05,0,-0.895322798,-0.895322798,0.049,-4.39E-05,-4.39E-05,-0.895322798,-0.895322798,0,0,0
RGI60-19.02205,0.048953125,0.016053778,30.92875383,4.61E-07,,0,0,0,0,1,1,7.35E-05,0,0.645062723,0.641022906,0.114,7.31E-05,7.31E-05,0.641022906,0.641022906,0,0,0
RGI60-19.02206,0.048953125,0.016053778,28.86318038,6.79E-07,,0,0,0,0,1,1,0.000155593,0,0.433406808,0.431515515,0.359,0.000154914,0.000154914,0.431515515,0.431515515,0,0,0
RGI60-19.02209,0.048953125,0.016053778,39.86771773,1.51E-05,,0,0,0,0,1,1,0.00030134,0,0.049644102,0.047151146,6.07,0.000286207,0.000286207,0.047151146,0.047151146,0,0,0
RGI60-19.02210,0.048953125,0.016053778,22.54312372,0,,0,0,0,0,1,1,-1.56E-06,0,-0.156020859,-0.156020859,0.01,-1.56E-06,-1.56E-06,-0.156020859,-0.156020859,0,0,0
RGI60-19.02212,0.048953125,0.016053778,95.90497154,0.000364038,,0,0,0,0,1,1,0.000170494,0,0.027917835,-0.03169213,6.107,-0.000193544,-0.000193544,-0.03169213,-0.03169213,0,0,0
RGI60-19.02213,0.022578906,0.016053778,506.3401498,0.003231555,,0,0,7.89E-06,0.017307884,1,0,0.00424933,0.001017775,1.064728096,0.255017592,3.991,0.001017775,0.001017775,0.255017592,0.255017592,0,0,0
RGI60-19.02214,0.048953125,0.016053778,132.9218825,0.000521194,,0,0,0,0,1,1,0.000833336,0,0.345782544,0.129519627,2.41,0.000312142,0.000312142,0.129519627,0.129519627,0,0,0
RGI60-19.02215,0.048953125,0.016053778,26.42416393,0,,0,0,0,0,1,1,0.000129257,0,1.017771718,1.017771718,0.127,0.000129257,0.000129257,1.017771718,1.017771718,0,0,0
RGI60-19.02216,0.048953125,0.016053778,36.14769034,9.59E-07,,0,0,0,0,1,1,0.000215174,0,0.08175288,0.081388437,2.632,0.000214214,0.000214214,0.081388437,0.081388437,0,0,0
RGI60-19.02217,0.048953125,0.016053778,33.22289087,2.97E-06,,0,0,0,0,1,1,-0.000369225,0,-0.618467699,-0.623435218,0.597,-0.000372191,-0.000372191,-0.623435218,-0.623435218,0,0,0
RGI60-19.02218,0.029771875,0.016053778,318.3420349,0.000154511,,0,0,2.73E-07,0.000496153,1,0,0.000181473,2.70E-05,1.04897755,0.155848577,0.173,2.70E-05,2.70E-05,0.155848577,0.155848577,0,0,0
RGI60-19.02219,0.048953125,0.016053778,105.9006626,4.16E-05,,0,0,0,0,1,1,0.000212736,0,0.49473487,0.398010769,0.43,0.000171145,0.000171145,0.398010769,0.398010769,0,0,0
RGI60-19.02220,0.048953125,0.016053778,52.72715289,4.22E-06,,0,0,0,0,1,0,2.43E-05,0,0.352000252,0.290881147,0.069,2.01E-05,2.01E-05,0.290881147,0.290881147,0,0,0
RGI60-19.02222,0.048953125,0.016053778,48.92172445,6.87E-05,,0,0,0,0,1,1,0.000193225,0,0.032900615,0.021202868,5.873,0.000124524,0.000124524,0.021202868,0.021202868,0,0,0
RGI60-19.02223,0.048953125,0.016053778,137.236555,0.000710458,,0,0,0,0,1,1,0.000632158,0,0.294987328,-0.036537409,2.143,-7.83E-05,-7.83E-05,-0.036537409,-0.036537409,0,0,0
RGI60-19.02224,0.048953125,0.016053778,60.03645796,1.67E-05,,0,0,0,0,1,1,0.000282301,0,0.196725231,0.185070854,1.435,0.000265577,0.000265577,0.185070854,0.185070854,0,0,0
RGI60-19.02225,0.048953125,0.016053778,98.15904427,0.000208123,,0,0,0,0,1,1,0.000139624,0,0.294566094,-0.14451212,0.474,-6.85E-05,-6.85E-05,-0.14451212,-0.14451212,0,0,0
RGI60-19.02226,0.048953125,0.016053778,80.52212344,0.000439224,,0,0,0,0,1,1,-0.001145222,0,-0.13372509,-0.185012304,8.564,-0.001584445,-0.001584445,-0.185012304,-0.185012304,0,0,0
RGI60-19.02227,0.048953125,0.016053778,102.7564219,0.000234088,,0,0,0,0,1,1,-0.000335968,0,-0.150455996,-0.255287215,2.233,-0.000570056,-0.000570056,-0.255287215,-0.255287215,0,0,0
RGI60-19.02228,0.048953125,0.016053778,63.65133284,4.32E-05,,0,0,0,0,1,1,-0.000316517,0,-0.146603507,-0.166628453,2.159,-0.000359751,-0.000359751,-0.166628453,-0.166628453,0,0,0
RGI60-19.02230,0.048953125,0.016053778,49.41381142,2.11E-05,,0,0,0,0,1,1,-0.000225791,0,-0.140855195,-0.1540112,1.603,-0.00024688,-0.00024688,-0.1540112,-0.1540112,0,0,0
RGI60-19.02233,0.048953125,0.016053778,133.8201195,0.000431693,,0,0,0,0,1,1,0.000411842,0,0.818772099,-0.03946482,0.503,-1.99E-05,-1.99E-05,-0.03946482,-0.03946482,0,0,0
RGI60-19.02234,0.048953125,0.016053778,97.53322625,0.000279778,,0,0,0,0,1,1,0.000174039,0,0.038978491,-0.023681749,4.465,-0.000105739,-0.000105739,-0.023681749,-0.023681749,0,0,0
RGI60-19.02235,0.048953125,0.016053778,203.4867584,0.003157192,,0,0,0,0,1,1,0.000530801,0,0.06442536,-0.318775455,8.239,-0.002626391,-0.002626391,-0.318775455,-0.318775455,0,0,0
RGI60-19.02241,0.024976563,0.016053778,282.0211781,0.001551585,,0,0,7.08E-06,0.004555832,1,0,0.001652341,0.000100756,1.07644352,0.06563898,1.535,0.000100756,0.000100756,0.06563898,0.06563898,0,0,0
RGI60-19.02266,0.048953125,0.016053778,308.3402015,0.00751686,,0,0,0,0,1,1,-0.253132836,0,-2.373914111,-2.444408246,106.631,-0.260649696,-0.260649696,-2.444408246,-2.444408246,0,0,0
RGI60-19.02274,0.048953125,0.016053778,221.5094428,0.006283053,,0,0,0,0,1,1,-0.123984701,0,-0.925293489,-0.972183694,133.995,-0.130267754,-0.130267754,-0.972183694,-0.972183694,0,0,0
RGI60-19.02291,0.048953125,0.016053778,182.2409147,0.003545463,,0,0,0,0,1,1,-0.060944973,0,-0.347340014,-0.367546457,175.462,-0.064490436,-0.064490436,-0.367546457,-0.367546457,0,0,0
RGI60-19.02292,0.048953125,0.016053778,65.57344427,2.07E-05,,0,0,0,0,1,1,-0.001373913,0,-0.055026943,-0.05585732,24.968,-0.001394646,-0.001394646,-0.05585732,-0.05585732,0,0,0
RGI60-19.02293,0.048953125,0.016053778,75.31563538,2.42E-05,,0,0,0,0,1,1,-0.007242652,0,-0.495528996,-0.497188044,14.616,-0.0072669,-0.0072669,-0.497188044,-0.497188044,0,0,0
RGI60-19.02299,0.048953125,0.016053778,84.72726314,3.35E-05,,0,0,0,0,1,1,-0.012673826,0,-0.685738896,-0.687550185,18.482,-0.012707303,-0.012707303,-0.687550185,-0.687550185,0,0,0
RGI60-19.02302,0.048953125,0.016053778,94.52528438,0.000482237,,0,0,0,0,1,1,-0.000954084,0,-0.017650239,-0.026571466,54.055,-0.001436321,-0.001436321,-0.026571466,-0.026571466,0,0,0
RGI60-19.02303,0.048953125,0.016053778,256.9679322,0.000688126,,0,0,0,0,1,0,-0.017055788,0,-0.878711373,-0.91416351,19.41,-0.017743914,-0.017743914,-0.91416351,-0.91416351,0,0,0
RGI60-19.02345,0.048953125,0.016053778,56.11332652,1.31E-06,,0,0,0,0,1,1,-0.000363104,0,-0.07626628,-0.076541163,4.761,-0.000364412,-0.000364412,-0.076541163,-0.076541163,0,0,0
RGI60-19.02356,0.048953125,0.016053778,172.3910664,0.000568166,,0,0,0,0,1,1,-0.017946468,0,-0.961400783,-0.991837708,18.667,-0.018514634,-0.018514634,-0.991837708,-0.991837708,0,0,0
RGI60-19.02385,0.048953125,0.016053778,91.37802139,3.91E-05,,0,0,0,0,1,1,-0.011457364,0,-0.745922142,-0.748469304,15.36,-0.011496489,-0.011496489,-0.748469304,-0.748469304,0,0,0
RGI60-19.02396,0.048953125,0.016053778,68.07668237,5.25E-05,,0,0,0,0,1,1,-0.01347408,0,-0.921745763,-0.925335933,14.618,-0.013526561,-0.013526561,-0.925335933,-0.925335933,0,0,0
RGI60-19.02405,0.048953125,0.016053778,176.9069874,0.000748223,,0,0,0,0,1,1,-0.026303467,0,-0.817461756,-0.840715091,32.177,-0.027051689,-0.027051689,-0.840715091,-0.840715091,0,0,0
RGI60-19.02408,0.048953125,0.016053778,67.47372097,2.87E-06,,0,0,0,0,1,1,-0.001956603,0,-0.191955524,-0.192236927,10.193,-0.001959471,-0.001959471,-0.192236927,-0.192236927,0,0,0
RGI60-19.02411,0.048953125,0.016053778,174.5599589,0.001275021,,0,0,0,0,1,1,-0.007563509,0,-0.337551167,-0.394453951,22.407,-0.00883853,-0.00883853,-0.394453951,-0.394453951,0,0,0
RGI60-19.02477,0.048953125,0.016053778,102.0066219,0.000562774,,0,0,0,0,1,1,0.010010954,0,0.115038022,0.108571065,87.023,0.00944818,0.00944818,0.108571065,0.108571065,0,0,0
RGI60-19.02478,0.048953125,0.016053778,78.03018897,8.25E-06,,0,0,0,0,1,1,-0.006845918,0,-0.882888547,-0.883952171,7.754,-0.006854165,-0.006854165,-0.883952171,-0.883952171,0,0,0
RGI60-19.02483,0.048953125,0.016053778,258.0531558,0.006949523,,0,0,0,0,1,1,-0.526032559,0,-4.657216103,-4.718743532,112.95,-0.532982082,-0.532982082,-4.718743532,-4.718743532,0,0,0
RGI60-19.02486,0.048953125,0.016053778,43.10880603,0,,0,0,0,0,1,1,0.000687808,0,0.578963128,0.578963128,1.188,0.000687808,0.000687808,0.578963128,0.578963128,0,0,0
RGI60-19.02487,0.048953125,0.016053778,102.4803925,4.35E-05,,0,0,0,0,1,1,0.029819875,0,0.41637403,0.415766196,71.618,0.029776343,0.029776343,0.415766196,0.415766196,0,0,0
RGI60-19.02507,0.048953125,0.016053778,146.2854194,3.42E-05,,0,0,0,0,1,1,-0.006187982,0,-0.922753061,-0.927855199,6.706,-0.006222197,-0.006222197,-0.927855199,-0.927855199,0,0,0
RGI60-19.02510,0.048953125,0.016053778,102.1351514,0.000605237,,0,0,0,0,1,1,0.003624617,0,0.069862708,0.058197065,51.882,0.00301938,0.00301938,0.058197065,0.058197065,0,0,0
RGI60-19.02522,0.048953125,0.016053778,80.33440722,4.36E-05,,0,0,0,0,1,1,0.001459673,0,0.2408702,0.233679457,6.06,0.001416098,0.001416098,0.233679457,0.233679457,0,0,0
RGI60-19.02523,0.048953125,0.016053778,56.66185542,1.82E-06,,0,0,0,0,1,1,-0.001996184,0,-0.398042611,-0.398405461,5.015,-0.001998003,-0.001998003,-0.398405461,-0.398405461,0,0,0
RGI60-19.02524,0.048953125,0.016053778,81.74033137,3.43E-05,,0,0,0,0,1,1,-0.001257502,0,-0.773371564,-0.794463067,1.626,-0.001291797,-0.001291797,-0.794463067,-0.794463067,0,0,0
RGI60-19.02525,0.048953125,0.016053778,71.37770104,1.27E-06,,0,0,0,0,1,1,0.002299583,0,0.534786816,0.534490819,4.3,0.002298311,0.002298311,0.534490819,0.534490819,0,0,0
RGI60-19.02528,0.048953125,0.016053778,72.18457698,7.14E-06,,0,0,0,0,1,1,-0.004258667,0,-0.201765642,-0.202104094,21.107,-0.004265811,-0.004265811,-0.202104094,-0.202104094,0,0,0
RGI60-19.02529,0.048953125,0.016053778,91.04784595,4.88E-05,,0,0,0,0,1,1,-0.00850735,0,-0.274749695,-0.276325692,30.964,-0.008556149,-0.008556149,-0.276325692,-0.276325692,0,0,0
RGI60-19.02531,0.048953125,0.016053778,92.78535689,0.000650997,,0,0,0,0,1,1,-0.005247074,0,-0.08416865,-0.09461134,62.34,-0.005898071,-0.005898071,-0.09461134,-0.09461134,0,0,0
RGI60-19.02555,0.048953125,0.016053778,365.5598729,0.000458052,,0,0,0,0,1,0,-0.000543753,0,-0.219166677,-0.403790592,2.481,-0.001001804,-0.001001804,-0.403790592,-0.403790592,0,0,0
RGI60-19.02558,0.048953125,0.016053778,64.49227095,1.06E-06,,0,0,0,0,1,1,-0.002029456,0,-0.878932844,-0.879392074,2.309,-0.002030516,-0.002030516,-0.879392074,-0.879392074,0,0,0
RGI60-19.02561,0.048953125,0.016053778,51.54070127,4.71E-08,,0,0,0,0,1,1,0.000797326,0,0.708104844,0.708062982,1.126,0.000797279,0.000797279,0.708062982,0.708062982,0,0,0
RGI60-19.02565,0.048953125,0.016053778,82.22698892,0.000204451,,0,0,0,0,1,1,-0.083202088,0,-2.66493988,-2.671488399,31.221,-0.083406539,-0.083406539,-2.671488399,-2.671488399,0,0,0
RGI60-19.02585,0.048953125,0.016053778,49.11140164,6.79E-07,,0,0,0,0,1,1,-0.003613989,0,-2.554056134,-2.554535869,1.415,-0.003614668,-0.003614668,-2.554535869,-2.554535869,0,0,0
RGI60-19.02601,0.048953125,0.016053778,94.52946418,0.000277005,,0,0,0,0,1,1,-0.01013961,0,-0.470384598,-0.483235101,21.556,-0.010416616,-0.010416616,-0.483235101,-0.483235101,0,0,0
RGI60-19.02606,0.048953125,0.016053778,57.90636149,2.25E-06,,0,0,0,0,1,1,0.000811177,0,0.177733853,0.177240568,4.564,0.000808926,0.000808926,0.177240568,0.177240568,0,0,0
RGI60-19.02610,0.048953125,0.016053778,117.9734992,2.26E-05,,0,0,0,0,1,1,-0.002042904,0,-0.282715711,-0.285843742,7.226,-0.002065507,-0.002065507,-0.285843742,-0.285843742,0,0,0
RGI60-19.02611,0.048953125,0.016053778,69.31303787,9.73E-07,,0,0,0,0,1,1,-0.017532064,0,-1.797423038,-1.797522817,9.754,-0.017533038,-0.017533038,-1.797522817,-1.797522817,0,0,0
RGI60-19.02615,0.048953125,0.016053778,55.91480434,1.54E-06,,0,0,0,0,1,1,-0.004953129,0,-0.323712785,-0.323813289,15.301,-0.004954667,-0.004954667,-0.323813289,-0.323813289,0,0,0
RGI60-19.02616,0.048953125,0.016053778,117.5049962,8.41E-05,,0,0,0,0,1,1,-0.002728003,0,-0.830189721,-0.855790734,3.286,-0.002812128,-0.002812128,-0.855790734,-0.855790734,0,0,0
RGI60-19.02617,0.048953125,0.016053778,54.856076,8.39E-06,,0,0,0,0,1,1,0.000828542,0,0.289699915,0.286768096,2.86,0.000820157,0.000820157,0.286768096,0.286768096,0,0,0
RGI60-19.02619,0.048953125,0.016053778,107.4849199,6.44E-05,,0,0,0,0,1,1,-0.010926211,0,-0.725512027,-0.729789319,15.06,-0.010990627,-0.010990627,-0.729789319,-0.729789319,0,0,0
RGI60-19.02620,0.048953125,0.016053778,69.03913084,2.52E-06,,0,0,0,0,1,1,-0.004701595,0,-0.741108915,-0.741505366,6.344,-0.00470411,-0.00470411,-0.741505366,-0.741505366,0,0,0
RGI60-19.02622,0.048953125,0.016053778,145.1358863,0.000149219,,0,0,0,0,1,1,-0.028941612,0,-1.457061481,-1.46457389,19.863,-0.029090831,-0.029090831,-1.46457389,-1.46457389,0,0,0
RGI60-19.02623,0.048953125,0.016053778,62.78073069,3.99E-06,,0,0,0,0,1,1,-0.008638764,0,-0.781647138,-0.782007816,11.052,-0.00864275,-0.00864275,-0.782007816,-0.782007816,0,0,0
RGI60-19.02625,0.048953125,0.016053778,206.9677077,0.005812246,,0,0,0,0,1,1,-0.203474473,0,-1.604992061,-1.650838641,126.776,-0.20928672,-0.20928672,-1.650838641,-1.650838641,0,0,0
RGI60-19.02660,0.048953125,0.016053778,74.0855052,5.38E-06,,0,0,0,0,1,1,-0.00146718,0,-0.48421789,-0.485992558,3.03,-0.001472557,-0.001472557,-0.485992558,-0.485992558,0,0,0
RGI60-19.02669,0.048953125,0.016053778,79.00189526,8.76E-05,,0,0,0,0,1,1,-0.047761747,0,-2.84906628,-2.854289379,16.764,-0.047849307,-0.047849307,-2.854289379,-2.854289379,0,0,0
RGI60-19.02670,0.048953125,0.016053778,73.66076606,1.67E-05,,0,0,0,0,1,1,-0.004908678,0,-0.29584608,-0.29685504,16.592,-0.004925419,-0.004925419,-0.29685504,-0.29685504,0,0,0
RGI60-19.02674,0.048953125,0.016053778,52.93825334,6.41E-07,,0,0,0,0,1,1,-0.003650737,0,-0.280071899,-0.280121056,13.035,-0.003651378,-0.003651378,-0.280121056,-0.280121056,0,0,0
RGI60-19.02676,0.048953125,0.016053778,285.531719,0.005598866,,0,0,0,0,1,1,-0.180864717,0,-2.709218494,-2.793085327,66.759,-0.186463583,-0.186463583,-2.793085327,-2.793085327,0,0,0
RGI60-19.02678,0.048953125,0.016053778,56.29734928,9.25E-07,,0,0,0,0,1,1,-0.007643795,0,-1.080395023,-1.080525733,7.075,-0.00764472,-0.00764472,-1.080525733,-1.080525733,0,0,0
RGI60-19.02679,0.048953125,0.016053778,72.82157518,1.12E-05,,0,0,0,0,1,1,-0.008650072,0,-1.143886807,-1.145363426,7.562,-0.008661238,-0.008661238,-1.145363426,-1.145363426,0,0,0
RGI60-19.02691,0.048953125,0.016053778,85.30536943,6.74E-06,,0,0,0,0,1,1,0.001281944,0,0.217204971,0.216062231,5.902,0.001275199,0.001275199,0.216062231,0.216062231,0,0,0
RGI60-19.02693,0.048953125,0.016053778,58.10800009,8.25E-07,,0,0,0,0,1,1,-0.000874223,0,-0.184474049,-0.184648166,4.739,-0.000875048,-0.000875048,-0.184648166,-0.184648166,0,0,0
RGI60-19.02704,0.048953125,0.016053778,60.37823621,9.78E-07,,0,0,0,0,1,1,-0.002981002,0,-0.491589994,-0.491751207,6.064,-0.002981979,-0.002981979,-0.491751207,-0.491751207,0,0,0
RGI60-19.02713,0.048953125,0.016053778,68.7399912,7.07E-06,,0,0,0,0,1,1,0.002378308,0,0.195520228,0.194939384,12.164,0.002371243,0.002371243,0.194939384,0.194939384,0,0,0
RGI60-19.02717,0.048953125,0.016053778,115.6406815,0.000893346,,0,0,0,0,1,1,-0.006045168,0,-0.20551312,-0.23588355,29.415,-0.006938515,-0.006938515,-0.23588355,-0.23588355,0,0,0
RGI60-19.02719,0.048953125,0.016053778,83.32086749,4.08E-05,,0,0,0,0,1,1,-0.010143849,0,-0.189622367,-0.190385124,53.495,-0.010184652,-0.010184652,-0.190385124,-0.190385124,0,0,0
RGI60-19.02721,0.048953125,0.016053778,89.44700622,4.59E-05,,0,0,0,0,1,1,-0.001916506,0,-0.022355137,-0.022890615,85.73,-0.001962412,-0.001962412,-0.022890615,-0.022890615,0,0,0
RGI60-19.02722,0.048953125,0.016053778,53.55754016,1.54E-06,,0,0,0,0,1,1,0.004090538,0,0.23006401,0.229977234,17.78,0.004088995,0.004088995,0.229977234,0.229977234,0,0,0
RGI60-19.02723,0.048953125,0.016053778,63.95101221,9.78E-06,,0,0,0,0,1,1,0.005737475,0,0.243226728,0.242812155,23.589,0.005727696,0.005727696,0.242812155,0.242812155,0,0,0
RGI60-19.02725,0.048953125,0.016053778,95.3226134,0.000168115,,0,0,0,0,1,1,0.002021368,0,0.097915544,0.089771993,20.644,0.001853253,0.001853253,0.089771993,0.089771993,0,0,0
RGI60-19.02726,0.048953125,0.016053778,47.24721502,0,,0,0,0,0.00473289,1,1,0.002705574,0.002705574,1.241089206,1.241089206,2.18,0.002705574,0.002705574,1.241089206,1.241089206,0,0,0
RGI60-19.02728,0.048953125,0.016053778,85.04279131,2.77E-05,,0,0,0,0,1,1,0.005921222,0,0.221901603,0.220864031,26.684,0.005893536,0.005893536,0.220864031,0.220864031,0,0,0
RGI60-19.02745,0.048953125,0.016053778,70.04895279,5.20E-06,,0,0,0,0,1,1,-0.008655516,0,-0.62042261,-0.620795489,13.951,-0.008660718,-0.008660718,-0.620795489,-0.620795489,0,0,0
RGI60-19.02747,0.048953125,0.016053778,115.4156471,0.000282046,,0,0,0,0,1,1,-0.005109464,0,-0.641087017,-0.676475426,7.97,-0.005391509,-0.005391509,-0.676475426,-0.676475426,0,0,0
RGI60-19.02750,0.048953125,0.016053778,88.01867035,7.35E-05,,0,0,0,0,1,1,-0.001621805,0,-0.393833073,-0.411684624,4.118,-0.001695317,-0.001695317,-0.411684624,-0.411684624,0,0,0
RGI60-19.02751,0.010590625,0.016053778,117.0504023,1.39E-05,,0,0,1.35E-07,9.78E-06,1,0,1.21E-05,-1.72E-06,1.104100057,-0.156020859,0.011,-1.72E-06,-1.72E-06,-0.156020859,-0.156020859,0,0,0