,temp_ch,0.5,model_author,frac,region,year,it,N
2,-0.1,88.46213284,GLIMB,0.2,All,5000,2,500
3,-0.05,88.02143257,GLIMB,0.2,All,5000,2,500
4,0,87.52580973,GLIMB,0.2,All,5000,2,500
5,0.05,86.93645248,GLIMB,0.2,All,5000,2,500
7,0.1,86.23572414,GLIMB,0.2,All,5000,2,500
9,0.15,85.42259764,GLIMB,0.2,All,5000,2,500
11,0.2,84.49911735,GLIMB,0.2,All,5000,2,500
14,0.25,83.48054994,GLIMB,0.2,All,5000,2,500
16,0.3,82.38200009,GLIMB,0.2,All,5000,2,500
18,0.35,81.2000408,GLIMB,0.2,All,5000,2,500
24,0.4,79.92276128,GLIMB,0.2,All,5000,2,500
25,0.45,78.57676444,GLIMB,0.2,All,5000,2,500
27,0.5,77.18916724,GLIMB,0.2,All,5000,2,500
28,0.55,75.79367675,GLIMB,0.2,All,5000,2,500
29,0.6,74.40533306,GLIMB,0.2,All,5000,2,500
30,0.65,73.04111428,GLIMB,0.2,All,5000,2,500
31,0.7,71.72216998,GLIMB,0.2,All,5000,2,500
32,0.75,70.47189537,GLIMB,0.2,All,5000,2,500
33,0.8,69.33509988,GLIMB,0.2,All,5000,2,500
34,0.85,68.3273964,GLIMB,0.2,All,5000,2,500
35,0.9,67.42454905,GLIMB,0.2,All,5000,2,500
40,0.95,66.62584928,GLIMB,0.2,All,5000,2,500
41,1,65.88755367,GLIMB,0.2,All,5000,2,500
42,1.05,65.17062296,GLIMB,0.2,All,5000,2,500
44,1.1,64.46215333,GLIMB,0.2,All,5000,2,500
45,1.15,63.75499461,GLIMB,0.2,All,5000,2,500
46,1.2,62.98026903,GLIMB,0.2,All,5000,2,500
47,1.25,62.05810601,GLIMB,0.2,All,5000,2,500
48,1.3,60.9669868,GLIMB,0.2,All,5000,2,500
49,1.35,59.68806219,GLIMB,0.2,All,5000,2,500
50,1.4,58.16068093,GLIMB,0.2,All,5000,2,500
51,1.45,56.39284454,GLIMB,0.2,All,5000,2,500
56,1.5,54.51109932,GLIMB,0.2,All,5000,2,500
59,1.55,52.5514814,GLIMB,0.2,All,5000,2,500
60,1.6,50.54194681,GLIMB,0.2,All,5000,2,500
62,1.65,48.59484583,GLIMB,0.2,All,5000,2,500
70,1.7,46.78541136,GLIMB,0.2,All,5000,2,500
74,1.75,45.07217089,GLIMB,0.2,All,5000,2,500
75,1.8,43.53009746,GLIMB,0.2,All,5000,2,500
76,1.85,42.31138757,GLIMB,0.2,All,5000,2,500
77,1.9,41.46938846,GLIMB,0.2,All,5000,2,500
80,1.95,40.97902929,GLIMB,0.2,All,5000,2,500
82,2,40.72827594,GLIMB,0.2,All,5000,2,500
85,2.05,40.5347111,GLIMB,0.2,All,5000,2,500
88,2.1,40.27988384,GLIMB,0.2,All,5000,2,500
90,2.15,39.86457559,GLIMB,0.2,All,5000,2,500
95,2.2,39.27999111,GLIMB,0.2,All,5000,2,500
96,2.25,38.50308559,GLIMB,0.2,All,5000,2,500
97,2.3,37.55193609,GLIMB,0.2,All,5000,2,500
100,2.35,36.51274445,GLIMB,0.2,All,5000,2,500
101,2.4,35.47465804,GLIMB,0.2,All,5000,2,500
103,2.45,34.48663053,GLIMB,0.2,All,5000,2,500
104,2.5,33.55930444,GLIMB,0.2,All,5000,2,500
105,2.55,32.71627958,GLIMB,0.2,All,5000,2,500
107,2.6,31.98494002,GLIMB,0.2,All,5000,2,500
108,2.65,31.40423752,GLIMB,0.2,All,5000,2,500
110,2.7,31.01082816,GLIMB,0.2,All,5000,2,500
113,2.75,30.80936358,GLIMB,0.2,All,5000,2,500
114,2.8,30.74894676,GLIMB,0.2,All,5000,2,500
117,2.85,30.73348752,GLIMB,0.2,All,5000,2,500
118,2.9,30.65680353,GLIMB,0.2,All,5000,2,500
119,2.95,30.4427697,GLIMB,0.2,All,5000,2,500
122,3,30.08934592,GLIMB,0.2,All,5000,2,500
125,3.05,29.61340213,GLIMB,0.2,All,5000,2,500
126,3.1,29.05000192,GLIMB,0.2,All,5000,2,500
128,3.15,28.44116759,GLIMB,0.2,All,5000,2,500
129,3.2,27.81639874,GLIMB,0.2,All,5000,2,500
130,3.25,27.19189859,GLIMB,0.2,All,5000,2,500
131,3.3,26.57742894,GLIMB,0.2,All,5000,2,500
132,3.35,25.98344837,GLIMB,0.2,All,5000,2,500
133,3.4,25.42485412,GLIMB,0.2,All,5000,2,500
135,3.45,24.91772107,GLIMB,0.2,All,5000,2,500
137,3.5,24.47289528,GLIMB,0.2,All,5000,2,500
141,3.55,24.08990705,GLIMB,0.2,All,5000,2,500
142,3.6,23.75586476,GLIMB,0.2,All,5000,2,500
144,3.65,23.46678242,GLIMB,0.2,All,5000,2,500
145,3.7,23.21359506,GLIMB,0.2,All,5000,2,500
146,3.75,22.98731406,GLIMB,0.2,All,5000,2,500
147,3.8,22.77572788,GLIMB,0.2,All,5000,2,500
149,3.85,22.55130124,GLIMB,0.2,All,5000,2,500
150,3.9,22.29479807,GLIMB,0.2,All,5000,2,500
151,3.95,21.99868631,GLIMB,0.2,All,5000,2,500
153,4,21.66090241,GLIMB,0.2,All,5000,2,500
155,4.05,21.28257097,GLIMB,0.2,All,5000,2,500
156,4.1,20.87275611,GLIMB,0.2,All,5000,2,500
157,4.15,20.44564212,GLIMB,0.2,All,5000,2,500
159,4.2,20.02318105,GLIMB,0.2,All,5000,2,500
160,4.25,19.61985624,GLIMB,0.2,All,5000,2,500
161,4.3,19.24455086,GLIMB,0.2,All,5000,2,500
162,4.35,18.89696143,GLIMB,0.2,All,5000,2,500
163,4.4,18.57042897,GLIMB,0.2,All,5000,2,500
165,4.45,18.25942548,GLIMB,0.2,All,5000,2,500
166,4.5,17.95773009,GLIMB,0.2,All,5000,2,500
167,4.55,17.65897184,GLIMB,0.2,All,5000,2,500
169,4.6,17.35663003,GLIMB,0.2,All,5000,2,500
170,4.65,17.04818399,GLIMB,0.2,All,5000,2,500
172,4.7,16.73870765,GLIMB,0.2,All,5000,2,500
173,4.75,16.43729357,GLIMB,0.2,All,5000,2,500
174,4.8,16.15324965,GLIMB,0.2,All,5000,2,500
175,4.85,15.89661459,GLIMB,0.2,All,5000,2,500
176,4.9,15.67169499,GLIMB,0.2,All,5000,2,500
177,4.95,15.46726582,GLIMB,0.2,All,5000,2,500
178,5,15.26430966,GLIMB,0.2,All,5000,2,500
179,5.05,15.04857603,GLIMB,0.2,All,5000,2,500
180,5.1,14.8160414,GLIMB,0.2,All,5000,2,500
181,5.15,14.57384275,GLIMB,0.2,All,5000,2,500
182,5.2,14.33075074,GLIMB,0.2,All,5000,2,500
184,5.25,14.09448794,GLIMB,0.2,All,5000,2,500
185,5.3,13.87151904,GLIMB,0.2,All,5000,2,500
186,5.35,13.66702581,GLIMB,0.2,All,5000,2,500
187,5.4,13.48391705,GLIMB,0.2,All,5000,2,500
188,5.45,13.32152328,GLIMB,0.2,All,5000,2,500
189,5.5,13.17712866,GLIMB,0.2,All,5000,2,500
190,5.55,13.04619993,GLIMB,0.2,All,5000,2,500
191,5.6,12.92406082,GLIMB,0.2,All,5000,2,500
192,5.65,12.80745117,GLIMB,0.2,All,5000,2,500
193,5.7,12.69336818,GLIMB,0.2,All,5000,2,500
194,5.75,12.58074465,GLIMB,0.2,All,5000,2,500
195,5.8,12.46895965,GLIMB,0.2,All,5000,2,500
198,5.85,12.35869267,GLIMB,0.2,All,5000,2,500
199,5.9,12.25106737,GLIMB,0.2,All,5000,2,500
200,5.95,12.14690942,GLIMB,0.2,All,5000,2,500
201,6,12.04751087,GLIMB,0.2,All,5000,2,500
202,6.05,11.9537676,GLIMB,0.2,All,5000,2,500
203,6.1,11.86658572,GLIMB,0.2,All,5000,2,500
204,6.15,11.78672344,GLIMB,0.2,All,5000,2,500
205,6.2,11.71285161,GLIMB,0.2,All,5000,2,500
206,6.25,11.64174743,GLIMB,0.2,All,5000,2,500
207,6.3,11.57019923,GLIMB,0.2,All,5000,2,500
208,6.35,11.49453241,GLIMB,0.2,All,5000,2,500
209,6.4,11.41137795,GLIMB,0.2,All,5000,2,500
210,6.45,11.31683113,GLIMB,0.2,All,5000,2,500
211,6.5,11.2103336,GLIMB,0.2,All,5000,2,500
212,6.55,11.09354045,GLIMB,0.2,All,5000,2,500
213,6.6,10.96937813,GLIMB,0.2,All,5000,2,500
214,6.65,10.84188179,GLIMB,0.2,All,5000,2,500
215,6.7,10.71435873,GLIMB,0.2,All,5000,2,500
216,6.75,10.58937391,GLIMB,0.2,All,5000,2,500
217,6.8,10.4686382,GLIMB,0.2,All,5000,2,500
218,6.85,10.3533258,GLIMB,0.2,All,5000,2,500
222,-0.1,129.998974,GloGEMflow,0.27,All,5000,2,500
223,-0.05,127.7796678,GloGEMflow,0.27,All,5000,2,500
224,0,125.5619307,GloGEMflow,0.27,All,5000,2,500
225,0.05,123.3579551,GloGEMflow,0.27,All,5000,2,500
227,0.1,121.1791621,GloGEMflow,0.27,All,5000,2,500
229,0.15,119.0306549,GloGEMflow,0.27,All,5000,2,500
231,0.2,116.912784,GloGEMflow,0.27,All,5000,2,500
234,0.25,114.8188981,GloGEMflow,0.27,All,5000,2,500
236,0.3,112.7146518,GloGEMflow,0.27,All,5000,2,500
238,0.35,110.5563639,GloGEMflow,0.27,All,5000,2,500
244,0.4,108.3357615,GloGEMflow,0.27,All,5000,2,500
245,0.45,106.0646548,GloGEMflow,0.27,All,5000,2,500
247,0.5,103.7807467,GloGEMflow,0.27,All,5000,2,500
248,0.55,101.5389782,GloGEMflow,0.27,All,5000,2,500
249,0.6,99.38995812,GloGEMflow,0.27,All,5000,2,500
250,0.65,97.3931607,GloGEMflow,0.27,All,5000,2,500
251,0.7,95.61163802,GloGEMflow,0.27,All,5000,2,500
252,0.75,94.06875652,GloGEMflow,0.27,All,5000,2,500
253,0.8,92.75068526,GloGEMflow,0.27,All,5000,2,500
254,0.85,91.63986378,GloGEMflow,0.27,All,5000,2,500
255,0.9,90.68885496,GloGEMflow,0.27,All,5000,2,500
260,0.95,89.84845877,GloGEMflow,0.27,All,5000,2,500
261,1,89.13037352,GloGEMflow,0.27,All,5000,2,500
262,1.05,88.54601207,GloGEMflow,0.27,All,5000,2,500
264,1.1,88.08458946,GloGEMflow,0.27,All,5000,2,500
265,1.15,87.72826976,GloGEMflow,0.27,All,5000,2,500
266,1.2,87.43424243,GloGEMflow,0.27,All,5000,2,500
267,1.25,87.14185392,GloGEMflow,0.27,All,5000,2,500
268,1.3,86.762227,GloGEMflow,0.27,All,5000,2,500
269,1.35,86.1735143,GloGEMflow,0.27,All,5000,2,500
270,1.4,85.26135914,GloGEMflow,0.27,All,5000,2,500
271,1.45,83.95618747,GloGEMflow,0.27,All,5000,2,500
276,1.5,82.25307366,GloGEMflow,0.27,All,5000,2,500
279,1.55,80.20203146,GloGEMflow,0.27,All,5000,2,500
280,1.6,77.88945936,GloGEMflow,0.27,All,5000,2,500
282,1.65,75.411976,GloGEMflow,0.27,All,5000,2,500
290,1.7,72.89353204,GloGEMflow,0.27,All,5000,2,500
294,1.75,70.39070524,GloGEMflow,0.27,All,5000,2,500
295,1.8,67.943359,GloGEMflow,0.27,All,5000,2,500
296,1.85,65.63037586,GloGEMflow,0.27,All,5000,2,500
297,1.9,63.53885879,GloGEMflow,0.27,All,5000,2,500
300,1.95,61.73433128,GloGEMflow,0.27,All,5000,2,500
302,2,60.24331186,GloGEMflow,0.27,All,5000,2,500
305,2.05,59.02163764,GloGEMflow,0.27,All,5000,2,500
308,2.1,57.97601386,GloGEMflow,0.27,All,5000,2,500
310,2.15,57.03658813,GloGEMflow,0.27,All,5000,2,500
315,2.2,56.16277344,GloGEMflow,0.27,All,5000,2,500
316,2.25,55.31591309,GloGEMflow,0.27,All,5000,2,500
317,2.3,54.46035159,GloGEMflow,0.27,All,5000,2,500
320,2.35,53.56516195,GloGEMflow,0.27,All,5000,2,500
321,2.4,52.63783418,GloGEMflow,0.27,All,5000,2,500
323,2.45,51.70414904,GloGEMflow,0.27,All,5000,2,500
324,2.5,50.79144039,GloGEMflow,0.27,All,5000,2,500
325,2.55,49.88744124,GloGEMflow,0.27,All,5000,2,500
327,2.6,48.969119,GloGEMflow,0.27,All,5000,2,500
328,2.65,48.00602598,GloGEMflow,0.27,All,5000,2,500
330,2.7,47.01401747,GloGEMflow,0.27,All,5000,2,500
333,2.75,46.02761983,GloGEMflow,0.27,All,5000,2,500
334,2.8,45.04159933,GloGEMflow,0.27,All,5000,2,500
337,2.85,44.04573751,GloGEMflow,0.27,All,5000,2,500
338,2.9,43.0244665,GloGEMflow,0.27,All,5000,2,500
339,2.95,41.97211511,GloGEMflow,0.27,All,5000,2,500
342,3,40.89994607,GloGEMflow,0.27,All,5000,2,500
345,3.05,39.82802396,GloGEMflow,0.27,All,5000,2,500
346,3.1,38.77056439,GloGEMflow,0.27,All,5000,2,500
348,3.15,37.730104,GloGEMflow,0.27,All,5000,2,500
349,3.2,36.71522017,GloGEMflow,0.27,All,5000,2,500
350,3.25,35.73773114,GloGEMflow,0.27,All,5000,2,500
351,3.3,34.80851592,GloGEMflow,0.27,All,5000,2,500
352,3.35,33.93793324,GloGEMflow,0.27,All,5000,2,500
353,3.4,33.12689498,GloGEMflow,0.27,All,5000,2,500
355,3.45,32.37518066,GloGEMflow,0.27,All,5000,2,500
357,3.5,31.68683187,GloGEMflow,0.27,All,5000,2,500
361,3.55,31.05994451,GloGEMflow,0.27,All,5000,2,500
362,3.6,30.47308336,GloGEMflow,0.27,All,5000,2,500
364,3.65,29.91732346,GloGEMflow,0.27,All,5000,2,500
365,3.7,29.39233138,GloGEMflow,0.27,All,5000,2,500
366,3.75,28.89152454,GloGEMflow,0.27,All,5000,2,500
367,3.8,28.40974499,GloGEMflow,0.27,All,5000,2,500
369,3.85,27.9489242,GloGEMflow,0.27,All,5000,2,500
370,3.9,27.50521837,GloGEMflow,0.27,All,5000,2,500
371,3.95,27.06520541,GloGEMflow,0.27,All,5000,2,500
373,4,26.6153984,GloGEMflow,0.27,All,5000,2,500
375,4.05,26.14596947,GloGEMflow,0.27,All,5000,2,500
376,4.1,25.64525267,GloGEMflow,0.27,All,5000,2,500
377,4.15,25.11061193,GloGEMflow,0.27,All,5000,2,500
379,4.2,24.54633213,GloGEMflow,0.27,All,5000,2,500
380,4.25,23.95998826,GloGEMflow,0.27,All,5000,2,500
381,4.3,23.35870311,GloGEMflow,0.27,All,5000,2,500
382,4.35,22.74405024,GloGEMflow,0.27,All,5000,2,500
383,4.4,22.12233726,GloGEMflow,0.27,All,5000,2,500
385,4.45,21.49834501,GloGEMflow,0.27,All,5000,2,500
386,4.5,20.87506022,GloGEMflow,0.27,All,5000,2,500
387,4.55,20.26279273,GloGEMflow,0.27,All,5000,2,500
389,4.6,19.66856781,GloGEMflow,0.27,All,5000,2,500
390,4.65,19.09293379,GloGEMflow,0.27,All,5000,2,500
392,4.7,18.53756606,GloGEMflow,0.27,All,5000,2,500
393,4.75,18.00317021,GloGEMflow,0.27,All,5000,2,500
394,4.8,17.4891864,GloGEMflow,0.27,All,5000,2,500
395,4.85,16.99488208,GloGEMflow,0.27,All,5000,2,500
396,4.9,16.5196257,GloGEMflow,0.27,All,5000,2,500
397,4.95,16.06342982,GloGEMflow,0.27,All,5000,2,500
398,5,15.62486724,GloGEMflow,0.27,All,5000,2,500
399,5.05,15.20103245,GloGEMflow,0.27,All,5000,2,500
400,5.1,14.78890636,GloGEMflow,0.27,All,5000,2,500
401,5.15,14.38643921,GloGEMflow,0.27,All,5000,2,500
402,5.2,13.99330044,GloGEMflow,0.27,All,5000,2,500
404,5.25,13.60977928,GloGEMflow,0.27,All,5000,2,500
405,5.3,13.2377897,GloGEMflow,0.27,All,5000,2,500
406,5.35,12.87927268,GloGEMflow,0.27,All,5000,2,500
407,5.4,12.53503919,GloGEMflow,0.27,All,5000,2,500
408,5.45,12.20607861,GloGEMflow,0.27,All,5000,2,500
409,5.5,11.8926206,GloGEMflow,0.27,All,5000,2,500
410,5.55,11.59188497,GloGEMflow,0.27,All,5000,2,500
411,5.6,11.3004994,GloGEMflow,0.27,All,5000,2,500
412,5.65,11.01683593,GloGEMflow,0.27,All,5000,2,500
413,5.7,10.73990248,GloGEMflow,0.27,All,5000,2,500
414,5.75,10.46906973,GloGEMflow,0.27,All,5000,2,500
415,5.8,10.20365174,GloGEMflow,0.27,All,5000,2,500
418,5.85,9.943111327,GloGEMflow,0.27,All,5000,2,500
419,5.9,9.686145099,GloGEMflow,0.27,All,5000,2,500
420,5.95,9.430559756,GloGEMflow,0.27,All,5000,2,500
421,6,9.174299313,GloGEMflow,0.27,All,5000,2,500
422,6.05,8.916191345,GloGEMflow,0.27,All,5000,2,500
423,6.1,8.655510557,GloGEMflow,0.27,All,5000,2,500
424,6.15,8.392190907,GloGEMflow,0.27,All,5000,2,500
425,6.2,8.126638174,GloGEMflow,0.27,All,5000,2,500
426,6.25,7.860677029,GloGEMflow,0.27,All,5000,2,500
427,6.3,7.596283949,GloGEMflow,0.27,All,5000,2,500
428,6.35,7.335666686,GloGEMflow,0.27,All,5000,2,500
429,6.4,7.081991358,GloGEMflow,0.27,All,5000,2,500
430,6.45,6.837342754,GloGEMflow,0.27,All,5000,2,500
431,6.5,6.600905424,GloGEMflow,0.27,All,5000,2,500
432,6.55,6.369562264,GloGEMflow,0.27,All,5000,2,500
433,6.6,6.140970498,GloGEMflow,0.27,All,5000,2,500
434,6.65,5.914853532,GloGEMflow,0.27,All,5000,2,500
435,6.7,5.692209611,GloGEMflow,0.27,All,5000,2,500
436,6.75,5.474406175,GloGEMflow,0.27,All,5000,2,500
437,6.8,5.262407002,GloGEMflow,0.27,All,5000,2,500
438,6.85,5.055867597,GloGEMflow,0.27,All,5000,2,500
442,-0.1,135.1530161,OGGM_v16,0.17,All,5000,2,500
443,-0.05,131.0866149,OGGM_v16,0.17,All,5000,2,500
444,0,126.9190173,OGGM_v16,0.17,All,5000,2,500
445,0.05,122.5763136,OGGM_v16,0.17,All,5000,2,500
447,0.1,118.0662503,OGGM_v16,0.17,All,5000,2,500
449,0.15,113.4743521,OGGM_v16,0.17,All,5000,2,500
451,0.2,108.8477535,OGGM_v16,0.17,All,5000,2,500
454,0.25,104.2541359,OGGM_v16,0.17,All,5000,2,500
456,0.3,99.74173796,OGGM_v16,0.17,All,5000,2,500
458,0.35,95.37044806,OGGM_v16,0.17,All,5000,2,500
464,0.4,91.1990817,OGGM_v16,0.17,All,5000,2,500
465,0.45,87.22310552,OGGM_v16,0.17,All,5000,2,500
467,0.5,83.4143188,OGGM_v16,0.17,All,5000,2,500
468,0.55,79.81901507,OGGM_v16,0.17,All,5000,2,500
469,0.6,76.51596556,OGGM_v16,0.17,All,5000,2,500
470,0.65,73.61819184,OGGM_v16,0.17,All,5000,2,500
471,0.7,71.23635364,OGGM_v16,0.17,All,5000,2,500
472,0.75,69.45923315,OGGM_v16,0.17,All,5000,2,500
473,0.8,68.23961456,OGGM_v16,0.17,All,5000,2,500
474,0.85,67.25184434,OGGM_v16,0.17,All,5000,2,500
475,0.9,66.11570283,OGGM_v16,0.17,All,5000,2,500
480,0.95,64.90287647,OGGM_v16,0.17,All,5000,2,500
481,1,63.65935795,OGGM_v16,0.17,All,5000,2,500
482,1.05,62.31263518,OGGM_v16,0.17,All,5000,2,500
484,1.1,61.13651923,OGGM_v16,0.17,All,5000,2,500
485,1.15,60.43276492,OGGM_v16,0.17,All,5000,2,500
486,1.2,60.10111731,OGGM_v16,0.17,All,5000,2,500
487,1.25,59.87628024,OGGM_v16,0.17,All,5000,2,500
488,1.3,59.43847967,OGGM_v16,0.17,All,5000,2,500
489,1.35,58.51690756,OGGM_v16,0.17,All,5000,2,500
490,1.4,56.97620576,OGGM_v16,0.17,All,5000,2,500
491,1.45,54.91403627,OGGM_v16,0.17,All,5000,2,500
496,1.5,52.52054626,OGGM_v16,0.17,All,5000,2,500
499,1.55,49.94825961,OGGM_v16,0.17,All,5000,2,500
500,1.6,47.3644566,OGGM_v16,0.17,All,5000,2,500
502,1.65,45.05442748,OGGM_v16,0.17,All,5000,2,500
510,1.7,43.06748451,OGGM_v16,0.17,All,5000,2,500
514,1.75,41.26748105,OGGM_v16,0.17,All,5000,2,500
515,1.8,39.91430673,OGGM_v16,0.17,All,5000,2,500
516,1.85,39.10032527,OGGM_v16,0.17,All,5000,2,500
517,1.9,38.51068794,OGGM_v16,0.17,All,5000,2,500
520,1.95,37.6221831,OGGM_v16,0.17,All,5000,2,500
522,2,36.2862193,OGGM_v16,0.17,All,5000,2,500
525,2.05,34.92415292,OGGM_v16,0.17,All,5000,2,500
528,2.1,33.76730149,OGGM_v16,0.17,All,5000,2,500
530,2.15,32.58151212,OGGM_v16,0.17,All,5000,2,500
535,2.2,31.20068073,OGGM_v16,0.17,All,5000,2,500
536,2.25,29.52901526,OGGM_v16,0.17,All,5000,2,500
537,2.3,27.77666407,OGGM_v16,0.17,All,5000,2,500
540,2.35,26.22164776,OGGM_v16,0.17,All,5000,2,500
541,2.4,24.9630039,OGGM_v16,0.17,All,5000,2,500
543,2.45,24.03349192,OGGM_v16,0.17,All,5000,2,500
544,2.5,23.3660331,OGGM_v16,0.17,All,5000,2,500
545,2.55,22.83917756,OGGM_v16,0.17,All,5000,2,500
547,2.6,22.37141582,OGGM_v16,0.17,All,5000,2,500
548,2.65,21.94191357,OGGM_v16,0.17,All,5000,2,500
550,2.7,21.52825051,OGGM_v16,0.17,All,5000,2,500
553,2.75,21.10340735,OGGM_v16,0.17,All,5000,2,500
554,2.8,20.66679849,OGGM_v16,0.17,All,5000,2,500
557,2.85,20.20302685,OGGM_v16,0.17,All,5000,2,500
558,2.9,19.68904762,OGGM_v16,0.17,All,5000,2,500
559,2.95,19.1398691,OGGM_v16,0.17,All,5000,2,500
562,3,18.57951163,OGGM_v16,0.17,All,5000,2,500
565,3.05,18.0297741,OGGM_v16,0.17,All,5000,2,500
566,3.1,17.51133071,OGGM_v16,0.17,All,5000,2,500
568,3.15,17.03551205,OGGM_v16,0.17,All,5000,2,500
569,3.2,16.6114489,OGGM_v16,0.17,All,5000,2,500
570,3.25,16.24222675,OGGM_v16,0.17,All,5000,2,500
571,3.3,15.91787694,OGGM_v16,0.17,All,5000,2,500
572,3.35,15.63501019,OGGM_v16,0.17,All,5000,2,500
573,3.4,15.38672084,OGGM_v16,0.17,All,5000,2,500
575,3.45,15.159664,OGGM_v16,0.17,All,5000,2,500
577,3.5,14.95292879,OGGM_v16,0.17,All,5000,2,500
581,3.55,14.76703288,OGGM_v16,0.17,All,5000,2,500
582,3.6,14.61162732,OGGM_v16,0.17,All,5000,2,500
584,3.65,14.4821372,OGGM_v16,0.17,All,5000,2,500
585,3.7,14.36027394,OGGM_v16,0.17,All,5000,2,500
586,3.75,14.22288641,OGGM_v16,0.17,All,5000,2,500
587,3.8,14.06689403,OGGM_v16,0.17,All,5000,2,500
589,3.85,13.89246347,OGGM_v16,0.17,All,5000,2,500
590,3.9,13.6869854,OGGM_v16,0.17,All,5000,2,500
591,3.95,13.43793744,OGGM_v16,0.17,All,5000,2,500
593,4,13.12566146,OGGM_v16,0.17,All,5000,2,500
595,4.05,12.74722917,OGGM_v16,0.17,All,5000,2,500
596,4.1,12.30945649,OGGM_v16,0.17,All,5000,2,500
597,4.15,11.82533998,OGGM_v16,0.17,All,5000,2,500
599,4.2,11.31446205,OGGM_v16,0.17,All,5000,2,500
600,4.25,10.79082192,OGGM_v16,0.17,All,5000,2,500
601,4.3,10.26231032,OGGM_v16,0.17,All,5000,2,500
602,4.35,9.739782544,OGGM_v16,0.17,All,5000,2,500
603,4.4,9.232724993,OGGM_v16,0.17,All,5000,2,500
605,4.45,8.742820826,OGGM_v16,0.17,All,5000,2,500
606,4.5,8.272772699,OGGM_v16,0.17,All,5000,2,500
607,4.55,7.835217244,OGGM_v16,0.17,All,5000,2,500
609,4.6,7.435929229,OGGM_v16,0.17,All,5000,2,500
610,4.65,7.074513949,OGGM_v16,0.17,All,5000,2,500
612,4.7,6.752117693,OGGM_v16,0.17,All,5000,2,500
613,4.75,6.463546818,OGGM_v16,0.17,All,5000,2,500
614,4.8,6.200630236,OGGM_v16,0.17,All,5000,2,500
615,4.85,5.956708082,OGGM_v16,0.17,All,5000,2,500
616,4.9,5.730793874,OGGM_v16,0.17,All,5000,2,500
617,4.95,5.523486232,OGGM_v16,0.17,All,5000,2,500
618,5,5.332580193,OGGM_v16,0.17,All,5000,2,500
619,5.05,5.154232386,OGGM_v16,0.17,All,5000,2,500
620,5.1,4.989131365,OGGM_v16,0.17,All,5000,2,500
621,5.15,4.838764356,OGGM_v16,0.17,All,5000,2,500
622,5.2,4.703149347,OGGM_v16,0.17,All,5000,2,500
624,5.25,4.580502875,OGGM_v16,0.17,All,5000,2,500
625,5.3,4.469126022,OGGM_v16,0.17,All,5000,2,500
626,5.35,4.365210918,OGGM_v16,0.17,All,5000,2,500
627,5.4,4.267446216,OGGM_v16,0.17,All,5000,2,500
628,5.45,4.175135205,OGGM_v16,0.17,All,5000,2,500
629,5.5,4.088431792,OGGM_v16,0.17,All,5000,2,500
630,5.55,4.008610367,OGGM_v16,0.17,All,5000,2,500
631,5.6,3.934175344,OGGM_v16,0.17,All,5000,2,500
632,5.65,3.862070002,OGGM_v16,0.17,All,5000,2,500
633,5.7,3.791220777,OGGM_v16,0.17,All,5000,2,500
634,5.75,3.720203462,OGGM_v16,0.17,All,5000,2,500
635,5.8,3.647096394,OGGM_v16,0.17,All,5000,2,500
638,5.85,3.570376502,OGGM_v16,0.17,All,5000,2,500
639,5.9,3.489612505,OGGM_v16,0.17,All,5000,2,500
640,5.95,3.405062946,OGGM_v16,0.17,All,5000,2,500
641,6,3.317632962,OGGM_v16,0.17,All,5000,2,500
642,6.05,3.228643843,OGGM_v16,0.17,All,5000,2,500
643,6.1,3.139347285,OGGM_v16,0.17,All,5000,2,500
644,6.15,3.050415685,OGGM_v16,0.17,All,5000,2,500
645,6.2,2.961495114,OGGM_v16,0.17,All,5000,2,500
646,6.25,2.87256366,OGGM_v16,0.17,All,5000,2,500
647,6.3,2.783869733,OGGM_v16,0.17,All,5000,2,500
648,6.35,2.695654085,OGGM_v16,0.17,All,5000,2,500
649,6.4,2.607707474,OGGM_v16,0.17,All,5000,2,500
650,6.45,2.518947456,OGGM_v16,0.17,All,5000,2,500
651,6.5,2.428535848,OGGM_v16,0.17,All,5000,2,500
652,6.55,2.336051429,OGGM_v16,0.17,All,5000,2,500
653,6.6,2.241617281,OGGM_v16,0.17,All,5000,2,500
654,6.65,2.146151476,OGGM_v16,0.17,All,5000,2,500
655,6.7,2.051530507,OGGM_v16,0.17,All,5000,2,500
656,6.75,1.960502314,OGGM_v16,0.17,All,5000,2,500
657,6.8,1.876117704,OGGM_v16,0.17,All,5000,2,500
658,6.85,1.800660039,OGGM_v16,0.17,All,5000,2,500
662,-0.1,80.78308589,PyGEM-OGGM_v13,0.26,All,5000,2,500
663,-0.05,79.21956893,PyGEM-OGGM_v13,0.26,All,5000,2,500
664,0,77.66714154,PyGEM-OGGM_v13,0.26,All,5000,2,500
665,0.05,76.11453882,PyGEM-OGGM_v13,0.26,All,5000,2,500
667,0.1,74.5502651,PyGEM-OGGM_v13,0.26,All,5000,2,500
669,0.15,72.96686134,PyGEM-OGGM_v13,0.26,All,5000,2,500
671,0.2,71.35700457,PyGEM-OGGM_v13,0.26,All,5000,2,500
674,0.25,69.73112432,PyGEM-OGGM_v13,0.26,All,5000,2,500
676,0.3,68.10656051,PyGEM-OGGM_v13,0.26,All,5000,2,500
678,0.35,66.4987374,PyGEM-OGGM_v13,0.26,All,5000,2,500
684,0.4,64.91765594,PyGEM-OGGM_v13,0.26,All,5000,2,500
685,0.45,63.3629538,PyGEM-OGGM_v13,0.26,All,5000,2,500
687,0.5,61.82913637,PyGEM-OGGM_v13,0.26,All,5000,2,500
688,0.55,60.3204794,PyGEM-OGGM_v13,0.26,All,5000,2,500
689,0.6,58.83308541,PyGEM-OGGM_v13,0.26,All,5000,2,500
690,0.65,57.36451054,PyGEM-OGGM_v13,0.26,All,5000,2,500
691,0.7,55.92354381,PyGEM-OGGM_v13,0.26,All,5000,2,500
692,0.75,54.52193042,PyGEM-OGGM_v13,0.26,All,5000,2,500
693,0.8,53.16936464,PyGEM-OGGM_v13,0.26,All,5000,2,500
694,0.85,51.86905025,PyGEM-OGGM_v13,0.26,All,5000,2,500
695,0.9,50.61886829,PyGEM-OGGM_v13,0.26,All,5000,2,500
700,0.95,49.40952954,PyGEM-OGGM_v13,0.26,All,5000,2,500
701,1,48.22432081,PyGEM-OGGM_v13,0.26,All,5000,2,500
702,1.05,47.0524821,PyGEM-OGGM_v13,0.26,All,5000,2,500
704,1.1,45.8860602,PyGEM-OGGM_v13,0.26,All,5000,2,500
705,1.15,44.71106296,PyGEM-OGGM_v13,0.26,All,5000,2,500
706,1.2,43.50795867,PyGEM-OGGM_v13,0.26,All,5000,2,500
707,1.25,42.25414822,PyGEM-OGGM_v13,0.26,All,5000,2,500
708,1.3,40.92660626,PyGEM-OGGM_v13,0.26,All,5000,2,500
709,1.35,39.51261105,PyGEM-OGGM_v13,0.26,All,5000,2,500
710,1.4,38.0033442,PyGEM-OGGM_v13,0.26,All,5000,2,500
711,1.45,36.41637012,PyGEM-OGGM_v13,0.26,All,5000,2,500
716,1.5,34.7856712,PyGEM-OGGM_v13,0.26,All,5000,2,500
719,1.55,33.15064988,PyGEM-OGGM_v13,0.26,All,5000,2,500
720,1.6,31.5520316,PyGEM-OGGM_v13,0.26,All,5000,2,500
722,1.65,30.0322738,PyGEM-OGGM_v13,0.26,All,5000,2,500
730,1.7,28.61012371,PyGEM-OGGM_v13,0.26,All,5000,2,500
734,1.75,27.31924438,PyGEM-OGGM_v13,0.26,All,5000,2,500
735,1.8,26.19928625,PyGEM-OGGM_v13,0.26,All,5000,2,500
736,1.85,25.26858654,PyGEM-OGGM_v13,0.26,All,5000,2,500
737,1.9,24.52352591,PyGEM-OGGM_v13,0.26,All,5000,2,500
740,1.95,23.93557096,PyGEM-OGGM_v13,0.26,All,5000,2,500
742,2,23.45342506,PyGEM-OGGM_v13,0.26,All,5000,2,500
745,2.05,23.01634193,PyGEM-OGGM_v13,0.26,All,5000,2,500
748,2.1,22.57128993,PyGEM-OGGM_v13,0.26,All,5000,2,500
750,2.15,22.09547978,PyGEM-OGGM_v13,0.26,All,5000,2,500
755,2.2,21.58381379,PyGEM-OGGM_v13,0.26,All,5000,2,500
756,2.25,21.02340656,PyGEM-OGGM_v13,0.26,All,5000,2,500
757,2.3,20.40941028,PyGEM-OGGM_v13,0.26,All,5000,2,500
760,2.35,19.76169278,PyGEM-OGGM_v13,0.26,All,5000,2,500
761,2.4,19.10239488,PyGEM-OGGM_v13,0.26,All,5000,2,500
763,2.45,18.44206508,PyGEM-OGGM_v13,0.26,All,5000,2,500
764,2.5,17.78886549,PyGEM-OGGM_v13,0.26,All,5000,2,500
765,2.55,17.17034357,PyGEM-OGGM_v13,0.26,All,5000,2,500
767,2.6,16.60824367,PyGEM-OGGM_v13,0.26,All,5000,2,500
768,2.65,16.11098021,PyGEM-OGGM_v13,0.26,All,5000,2,500
770,2.7,15.68243257,PyGEM-OGGM_v13,0.26,All,5000,2,500
773,2.75,15.32132291,PyGEM-OGGM_v13,0.26,All,5000,2,500
774,2.8,15.02460872,PyGEM-OGGM_v13,0.26,All,5000,2,500
777,2.85,14.76972386,PyGEM-OGGM_v13,0.26,All,5000,2,500
778,2.9,14.51517624,PyGEM-OGGM_v13,0.26,All,5000,2,500
779,2.95,14.23069311,PyGEM-OGGM_v13,0.26,All,5000,2,500
782,3,13.90102433,PyGEM-OGGM_v13,0.26,All,5000,2,500
785,3.05,13.52154476,PyGEM-OGGM_v13,0.26,All,5000,2,500
786,3.1,13.09804235,PyGEM-OGGM_v13,0.26,All,5000,2,500
788,3.15,12.64155032,PyGEM-OGGM_v13,0.26,All,5000,2,500
789,3.2,12.16466444,PyGEM-OGGM_v13,0.26,All,5000,2,500
790,3.25,11.67979719,PyGEM-OGGM_v13,0.26,All,5000,2,500
791,3.3,11.19582069,PyGEM-OGGM_v13,0.26,All,5000,2,500
792,3.35,10.72407278,PyGEM-OGGM_v13,0.26,All,5000,2,500
793,3.4,10.27498406,PyGEM-OGGM_v13,0.26,All,5000,2,500
795,3.45,9.85183448,PyGEM-OGGM_v13,0.26,All,5000,2,500
797,3.5,9.455251934,PyGEM-OGGM_v13,0.26,All,5000,2,500
801,3.55,9.085085417,PyGEM-OGGM_v13,0.26,All,5000,2,500
802,3.6,8.741738601,PyGEM-OGGM_v13,0.26,All,5000,2,500
804,3.65,8.427212802,PyGEM-OGGM_v13,0.26,All,5000,2,500
805,3.7,8.142016181,PyGEM-OGGM_v13,0.26,All,5000,2,500
806,3.75,7.885141948,PyGEM-OGGM_v13,0.26,All,5000,2,500
807,3.8,7.656663021,PyGEM-OGGM_v13,0.26,All,5000,2,500
809,3.85,7.45730986,PyGEM-OGGM_v13,0.26,All,5000,2,500
810,3.9,7.287522253,PyGEM-OGGM_v13,0.26,All,5000,2,500
811,3.95,7.14504821,PyGEM-OGGM_v13,0.26,All,5000,2,500
813,4,7.022792102,PyGEM-OGGM_v13,0.26,All,5000,2,500
815,4.05,6.913106771,PyGEM-OGGM_v13,0.26,All,5000,2,500
816,4.1,6.810018889,PyGEM-OGGM_v13,0.26,All,5000,2,500
817,4.15,6.710692213,PyGEM-OGGM_v13,0.26,All,5000,2,500
819,4.2,6.614279742,PyGEM-OGGM_v13,0.26,All,5000,2,500
820,4.25,6.518556193,PyGEM-OGGM_v13,0.26,All,5000,2,500
821,4.3,6.420109375,PyGEM-OGGM_v13,0.26,All,5000,2,500
822,4.35,6.317098233,PyGEM-OGGM_v13,0.26,All,5000,2,500
823,4.4,6.209252709,PyGEM-OGGM_v13,0.26,All,5000,2,500
825,4.45,6.093479471,PyGEM-OGGM_v13,0.26,All,5000,2,500
826,4.5,5.968316714,PyGEM-OGGM_v13,0.26,All,5000,2,500
827,4.55,5.835877319,PyGEM-OGGM_v13,0.26,All,5000,2,500
829,4.6,5.700631586,PyGEM-OGGM_v13,0.26,All,5000,2,500
830,4.65,5.567379241,PyGEM-OGGM_v13,0.26,All,5000,2,500
832,4.7,5.439565722,PyGEM-OGGM_v13,0.26,All,5000,2,500
833,4.75,5.3188411,PyGEM-OGGM_v13,0.26,All,5000,2,500
834,4.8,5.206270726,PyGEM-OGGM_v13,0.26,All,5000,2,500
835,4.85,5.102212103,PyGEM-OGGM_v13,0.26,All,5000,2,500
836,4.9,5.005932962,PyGEM-OGGM_v13,0.26,All,5000,2,500
837,4.95,4.917371676,PyGEM-OGGM_v13,0.26,All,5000,2,500
838,5,4.836285142,PyGEM-OGGM_v13,0.26,All,5000,2,500
839,5.05,4.761660661,PyGEM-OGGM_v13,0.26,All,5000,2,500
840,5.1,4.692930492,PyGEM-OGGM_v13,0.26,All,5000,2,500
841,5.15,4.630008574,PyGEM-OGGM_v13,0.26,All,5000,2,500
842,5.2,4.572348129,PyGEM-OGGM_v13,0.26,All,5000,2,500
844,5.25,4.519111715,PyGEM-OGGM_v13,0.26,All,5000,2,500
845,5.3,4.46915357,PyGEM-OGGM_v13,0.26,All,5000,2,500
846,5.35,4.420907095,PyGEM-OGGM_v13,0.26,All,5000,2,500
847,5.4,4.373467073,PyGEM-OGGM_v13,0.26,All,5000,2,500
848,5.45,4.32659282,PyGEM-OGGM_v13,0.26,All,5000,2,500
849,5.5,4.280268871,PyGEM-OGGM_v13,0.26,All,5000,2,500
850,5.55,4.234574253,PyGEM-OGGM_v13,0.26,All,5000,2,500
851,5.6,4.189653837,PyGEM-OGGM_v13,0.26,All,5000,2,500
852,5.65,4.145668647,PyGEM-OGGM_v13,0.26,All,5000,2,500
853,5.7,4.102840367,PyGEM-OGGM_v13,0.26,All,5000,2,500
854,5.75,4.061385072,PyGEM-OGGM_v13,0.26,All,5000,2,500
855,5.8,4.021510501,PyGEM-OGGM_v13,0.26,All,5000,2,500
858,5.85,3.983220079,PyGEM-OGGM_v13,0.26,All,5000,2,500
859,5.9,3.946434849,PyGEM-OGGM_v13,0.26,All,5000,2,500
860,5.95,3.911140636,PyGEM-OGGM_v13,0.26,All,5000,2,500
861,6,3.87710461,PyGEM-OGGM_v13,0.26,All,5000,2,500
862,6.05,3.843831998,PyGEM-OGGM_v13,0.26,All,5000,2,500
863,6.1,3.810788416,PyGEM-OGGM_v13,0.26,All,5000,2,500
864,6.15,3.777586961,PyGEM-OGGM_v13,0.26,All,5000,2,500
865,6.2,3.7437188,PyGEM-OGGM_v13,0.26,All,5000,2,500
866,6.25,3.708500353,PyGEM-OGGM_v13,0.26,All,5000,2,500
867,6.3,3.671552939,PyGEM-OGGM_v13,0.26,All,5000,2,500
868,6.35,3.632820889,PyGEM-OGGM_v13,0.26,All,5000,2,500
869,6.4,3.592412045,PyGEM-OGGM_v13,0.26,All,5000,2,500
870,6.45,3.550541976,PyGEM-OGGM_v13,0.26,All,5000,2,500
871,6.5,3.507515122,PyGEM-OGGM_v13,0.26,All,5000,2,500
872,6.55,3.463824341,PyGEM-OGGM_v13,0.26,All,5000,2,500
873,6.6,3.420150801,PyGEM-OGGM_v13,0.26,All,5000,2,500
874,6.65,3.377010969,PyGEM-OGGM_v13,0.26,All,5000,2,500
875,6.7,3.334532695,PyGEM-OGGM_v13,0.26,All,5000,2,500
876,6.75,3.292968892,PyGEM-OGGM_v13,0.26,All,5000,2,500
877,6.8,3.252677037,PyGEM-OGGM_v13,0.26,All,5000,2,500
878,6.85,3.213792608,PyGEM-OGGM_v13,0.26,All,5000,2,500
882,-0.1,98.93460906,GLIMB,0.26,1,5000,2,500
883,-0.05,98.16008433,GLIMB,0.26,1,5000,2,500
884,0,97.39362718,GLIMB,0.26,1,5000,2,500
885,0.05,96.6318137,GLIMB,0.26,1,5000,2,500
887,0.1,95.86687673,GLIMB,0.26,1,5000,2,500
889,0.15,95.08098723,GLIMB,0.26,1,5000,2,500
891,0.2,94.24931552,GLIMB,0.26,1,5000,2,500
894,0.25,93.36178854,GLIMB,0.26,1,5000,2,500
896,0.3,92.42031568,GLIMB,0.26,1,5000,2,500
898,0.35,91.43299145,GLIMB,0.26,1,5000,2,500
904,0.4,90.40959265,GLIMB,0.26,1,5000,2,500
905,0.45,89.36114454,GLIMB,0.26,1,5000,2,500
907,0.5,88.30711195,GLIMB,0.26,1,5000,2,500
908,0.55,87.26166542,GLIMB,0.26,1,5000,2,500
909,0.6,86.22702187,GLIMB,0.26,1,5000,2,500
910,0.65,85.19108188,GLIMB,0.26,1,5000,2,500
911,0.7,84.14886209,GLIMB,0.26,1,5000,2,500
912,0.75,83.09240802,GLIMB,0.26,1,5000,2,500
913,0.8,82.0403044,GLIMB,0.26,1,5000,2,500
914,0.85,81.01671756,GLIMB,0.26,1,5000,2,500
915,0.9,80.03006317,GLIMB,0.26,1,5000,2,500
920,0.95,79.07747142,GLIMB,0.26,1,5000,2,500
921,1,78.1383882,GLIMB,0.26,1,5000,2,500
922,1.05,77.20518601,GLIMB,0.26,1,5000,2,500
924,1.1,76.28582212,GLIMB,0.26,1,5000,2,500
925,1.15,75.37860727,GLIMB,0.26,1,5000,2,500
926,1.2,74.49806849,GLIMB,0.26,1,5000,2,500
927,1.25,73.66199806,GLIMB,0.26,1,5000,2,500
928,1.3,72.89429688,GLIMB,0.26,1,5000,2,500
929,1.35,72.20873799,GLIMB,0.26,1,5000,2,500
930,1.4,71.61453833,GLIMB,0.26,1,5000,2,500
931,1.45,71.10820472,GLIMB,0.26,1,5000,2,500
936,1.5,70.64081809,GLIMB,0.26,1,5000,2,500
939,1.55,70.20623878,GLIMB,0.26,1,5000,2,500
940,1.6,69.82732277,GLIMB,0.26,1,5000,2,500
942,1.65,69.51381545,GLIMB,0.26,1,5000,2,500
950,1.7,69.24362767,GLIMB,0.26,1,5000,2,500
954,1.75,68.96974442,GLIMB,0.26,1,5000,2,500
955,1.8,68.64560566,GLIMB,0.26,1,5000,2,500
956,1.85,68.2525994,GLIMB,0.26,1,5000,2,500
957,1.9,67.79530764,GLIMB,0.26,1,5000,2,500
960,1.95,67.2830164,GLIMB,0.26,1,5000,2,500
962,2,66.70922852,GLIMB,0.26,1,5000,2,500
965,2.05,66.07114864,GLIMB,0.26,1,5000,2,500
968,2.1,65.36101821,GLIMB,0.26,1,5000,2,500
970,2.15,64.55803242,GLIMB,0.26,1,5000,2,500
975,2.2,63.67879327,GLIMB,0.26,1,5000,2,500
976,2.25,62.76332472,GLIMB,0.26,1,5000,2,500
977,2.3,61.86195095,GLIMB,0.26,1,5000,2,500
980,2.35,61.01036063,GLIMB,0.26,1,5000,2,500
981,2.4,60.22803272,GLIMB,0.26,1,5000,2,500
983,2.45,59.52449367,GLIMB,0.26,1,5000,2,500
984,2.5,58.89296903,GLIMB,0.26,1,5000,2,500
985,2.55,58.32293726,GLIMB,0.26,1,5000,2,500
987,2.6,57.78215421,GLIMB,0.26,1,5000,2,500
988,2.65,57.23309415,GLIMB,0.26,1,5000,2,500
990,2.7,56.65794074,GLIMB,0.26,1,5000,2,500
993,2.75,56.05793882,GLIMB,0.26,1,5000,2,500
994,2.8,55.43624077,GLIMB,0.26,1,5000,2,500
997,2.85,54.80185427,GLIMB,0.26,1,5000,2,500
998,2.9,54.16365009,GLIMB,0.26,1,5000,2,500
999,2.95,53.5448058,GLIMB,0.26,1,5000,2,500
1002,3,52.96807004,GLIMB,0.26,1,5000,2,500
1005,3.05,52.4493402,GLIMB,0.26,1,5000,2,500
1006,3.1,51.99155048,GLIMB,0.26,1,5000,2,500
1008,3.15,51.57861377,GLIMB,0.26,1,5000,2,500
1009,3.2,51.19028248,GLIMB,0.26,1,5000,2,500
1010,3.25,50.81500249,GLIMB,0.26,1,5000,2,500
1011,3.3,50.44540221,GLIMB,0.26,1,5000,2,500
1012,3.35,50.07789712,GLIMB,0.26,1,5000,2,500
1013,3.4,49.71080525,GLIMB,0.26,1,5000,2,500
1015,3.45,49.34855082,GLIMB,0.26,1,5000,2,500
1017,3.5,48.99457058,GLIMB,0.26,1,5000,2,500
1021,3.55,48.65299637,GLIMB,0.26,1,5000,2,500
1022,3.6,48.32298273,GLIMB,0.26,1,5000,2,500
1024,3.65,47.99757254,GLIMB,0.26,1,5000,2,500
1025,3.7,47.66579781,GLIMB,0.26,1,5000,2,500
1026,3.75,47.31862385,GLIMB,0.26,1,5000,2,500
1027,3.8,46.95715694,GLIMB,0.26,1,5000,2,500
1029,3.85,46.58233096,GLIMB,0.26,1,5000,2,500
1030,3.9,46.19124252,GLIMB,0.26,1,5000,2,500
1031,3.95,45.77690874,GLIMB,0.26,1,5000,2,500
1033,4,45.33290739,GLIMB,0.26,1,5000,2,500
1035,4.05,44.85912094,GLIMB,0.26,1,5000,2,500
1036,4.1,44.3585232,GLIMB,0.26,1,5000,2,500
1037,4.15,43.83507544,GLIMB,0.26,1,5000,2,500
1039,4.2,43.29741675,GLIMB,0.26,1,5000,2,500
1040,4.25,42.75687981,GLIMB,0.26,1,5000,2,500
1041,4.3,42.22164571,GLIMB,0.26,1,5000,2,500
1042,4.35,41.69783225,GLIMB,0.26,1,5000,2,500
1043,4.4,41.18336729,GLIMB,0.26,1,5000,2,500
1045,4.45,40.67339718,GLIMB,0.26,1,5000,2,500
1046,4.5,40.16940739,GLIMB,0.26,1,5000,2,500
1047,4.55,39.6760004,GLIMB,0.26,1,5000,2,500
1049,4.6,39.19537945,GLIMB,0.26,1,5000,2,500
1050,4.65,38.72542135,GLIMB,0.26,1,5000,2,500
1052,4.7,38.26244574,GLIMB,0.26,1,5000,2,500
1053,4.75,37.80336148,GLIMB,0.26,1,5000,2,500
1054,4.8,37.34612269,GLIMB,0.26,1,5000,2,500
1055,4.85,36.88957434,GLIMB,0.26,1,5000,2,500
1056,4.9,36.43206237,GLIMB,0.26,1,5000,2,500
1057,4.95,35.97245476,GLIMB,0.26,1,5000,2,500
1058,5,35.51077028,GLIMB,0.26,1,5000,2,500
1059,5.05,35.04677637,GLIMB,0.26,1,5000,2,500
1060,5.1,34.58009243,GLIMB,0.26,1,5000,2,500
1061,5.15,34.10986663,GLIMB,0.26,1,5000,2,500
1062,5.2,33.63509203,GLIMB,0.26,1,5000,2,500
1064,5.25,33.15739355,GLIMB,0.26,1,5000,2,500
1065,5.3,32.67994371,GLIMB,0.26,1,5000,2,500
1066,5.35,32.20645473,GLIMB,0.26,1,5000,2,500
1067,5.4,31.74063701,GLIMB,0.26,1,5000,2,500
1068,5.45,31.28517195,GLIMB,0.26,1,5000,2,500
1069,5.5,30.84146102,GLIMB,0.26,1,5000,2,500
1070,5.55,30.41380269,GLIMB,0.26,1,5000,2,500
1071,5.6,30.00503059,GLIMB,0.26,1,5000,2,500
1072,5.65,29.61170214,GLIMB,0.26,1,5000,2,500
1073,5.7,29.22475443,GLIMB,0.26,1,5000,2,500
1074,5.75,28.83812899,GLIMB,0.26,1,5000,2,500
1075,5.8,28.44966338,GLIMB,0.26,1,5000,2,500
1078,5.85,28.05997752,GLIMB,0.26,1,5000,2,500
1079,5.9,27.67075886,GLIMB,0.26,1,5000,2,500
1080,5.95,27.28357247,GLIMB,0.26,1,5000,2,500
1081,6,26.89948312,GLIMB,0.26,1,5000,2,500
1082,6.05,26.51830373,GLIMB,0.26,1,5000,2,500
1083,6.1,26.13815844,GLIMB,0.26,1,5000,2,500
1084,6.15,25.75669948,GLIMB,0.26,1,5000,2,500
1085,6.2,25.37038495,GLIMB,0.26,1,5000,2,500
1086,6.25,24.97868319,GLIMB,0.26,1,5000,2,500
1087,6.3,24.58236051,GLIMB,0.26,1,5000,2,500
1088,6.35,24.18217122,GLIMB,0.26,1,5000,2,500
1089,6.4,23.77831519,GLIMB,0.26,1,5000,2,500
1090,6.45,23.37129963,GLIMB,0.26,1,5000,2,500
1091,6.5,22.9633004,GLIMB,0.26,1,5000,2,500
1092,6.55,22.55652013,GLIMB,0.26,1,5000,2,500
1093,6.6,22.15305082,GLIMB,0.26,1,5000,2,500
1094,6.65,21.75675086,GLIMB,0.26,1,5000,2,500
1095,6.7,21.37177758,GLIMB,0.26,1,5000,2,500
1096,6.75,21.00106854,GLIMB,0.26,1,5000,2,500
1097,6.8,20.64480403,GLIMB,0.26,1,5000,2,500
1098,6.85,20.29905483,GLIMB,0.26,1,5000,2,500
1102,-0.1,120.1740877,GloGEMflow,0.22,1,5000,2,500
1103,-0.05,116.7929838,GloGEMflow,0.22,1,5000,2,500
1104,0,113.4733325,GloGEMflow,0.22,1,5000,2,500
1105,0.05,110.2079525,GloGEMflow,0.22,1,5000,2,500
1107,0.1,106.9956944,GloGEMflow,0.22,1,5000,2,500
1109,0.15,103.8366927,GloGEMflow,0.22,1,5000,2,500
1111,0.2,100.7123414,GloGEMflow,0.22,1,5000,2,500
1114,0.25,97.58772182,GloGEMflow,0.22,1,5000,2,500
1116,0.3,94.43502035,GloGEMflow,0.22,1,5000,2,500
1118,0.35,91.26156904,GloGEMflow,0.22,1,5000,2,500
1124,0.4,88.10340458,GloGEMflow,0.22,1,5000,2,500
1125,0.45,84.99780967,GloGEMflow,0.22,1,5000,2,500
1127,0.5,81.97675634,GloGEMflow,0.22,1,5000,2,500
1128,0.55,79.06003541,GloGEMflow,0.22,1,5000,2,500
1129,0.6,76.25488222,GloGEMflow,0.22,1,5000,2,500
1130,0.65,73.56025819,GloGEMflow,0.22,1,5000,2,500
1131,0.7,70.98467389,GloGEMflow,0.22,1,5000,2,500
1132,0.75,68.53808887,GloGEMflow,0.22,1,5000,2,500
1133,0.8,66.2327754,GloGEMflow,0.22,1,5000,2,500
1134,0.85,64.0704786,GloGEMflow,0.22,1,5000,2,500
1135,0.9,62.06005068,GloGEMflow,0.22,1,5000,2,500
1140,0.95,60.22837812,GloGEMflow,0.22,1,5000,2,500
1141,1,58.65433921,GloGEMflow,0.22,1,5000,2,500
1142,1.05,57.4143934,GloGEMflow,0.22,1,5000,2,500
1144,1.1,56.53431742,GloGEMflow,0.22,1,5000,2,500
1145,1.15,55.97590444,GloGEMflow,0.22,1,5000,2,500
1146,1.2,55.6289798,GloGEMflow,0.22,1,5000,2,500
1147,1.25,55.34226553,GloGEMflow,0.22,1,5000,2,500
1148,1.3,55.08616792,GloGEMflow,0.22,1,5000,2,500
1149,1.35,54.9339632,GloGEMflow,0.22,1,5000,2,500
1150,1.4,54.79054869,GloGEMflow,0.22,1,5000,2,500
1151,1.45,54.4726836,GloGEMflow,0.22,1,5000,2,500
1156,1.5,53.86461815,GloGEMflow,0.22,1,5000,2,500
1159,1.55,52.83024565,GloGEMflow,0.22,1,5000,2,500
1160,1.6,51.3290033,GloGEMflow,0.22,1,5000,2,500
1162,1.65,49.5622538,GloGEMflow,0.22,1,5000,2,500
1170,1.7,47.7168642,GloGEMflow,0.22,1,5000,2,500
1174,1.75,45.86956635,GloGEMflow,0.22,1,5000,2,500
1175,1.8,44.02258506,GloGEMflow,0.22,1,5000,2,500
1176,1.85,42.21735286,GloGEMflow,0.22,1,5000,2,500
1177,1.9,40.55890579,GloGEMflow,0.22,1,5000,2,500
1180,1.95,39.13411213,GloGEMflow,0.22,1,5000,2,500
1182,2,37.96194846,GloGEMflow,0.22,1,5000,2,500
1185,2.05,36.97319599,GloGEMflow,0.22,1,5000,2,500
1188,2.1,36.03662918,GloGEMflow,0.22,1,5000,2,500
1190,2.15,34.97822584,GloGEMflow,0.22,1,5000,2,500
1195,2.2,33.66519355,GloGEMflow,0.22,1,5000,2,500
1196,2.25,32.22293594,GloGEMflow,0.22,1,5000,2,500
1197,2.3,30.84089292,GloGEMflow,0.22,1,5000,2,500
1200,2.35,29.67279586,GloGEMflow,0.22,1,5000,2,500
1201,2.4,28.75075696,GloGEMflow,0.22,1,5000,2,500
1203,2.45,28.05493677,GloGEMflow,0.22,1,5000,2,500
1204,2.5,27.5573946,GloGEMflow,0.22,1,5000,2,500
1205,2.55,27.20728999,GloGEMflow,0.22,1,5000,2,500
1207,2.6,26.95079597,GloGEMflow,0.22,1,5000,2,500
1208,2.65,26.76545806,GloGEMflow,0.22,1,5000,2,500
1210,2.7,26.63251089,GloGEMflow,0.22,1,5000,2,500
1213,2.75,26.51518787,GloGEMflow,0.22,1,5000,2,500
1214,2.8,26.39510943,GloGEMflow,0.22,1,5000,2,500
1217,2.85,26.25017782,GloGEMflow,0.22,1,5000,2,500
1218,2.9,26.05218488,GloGEMflow,0.22,1,5000,2,500
1219,2.95,25.80159971,GloGEMflow,0.22,1,5000,2,500
1222,3,25.49997405,GloGEMflow,0.22,1,5000,2,500
1225,3.05,25.14836761,GloGEMflow,0.22,1,5000,2,500
1226,3.1,24.76641849,GloGEMflow,0.22,1,5000,2,500
1228,3.15,24.36340282,GloGEMflow,0.22,1,5000,2,500
1229,3.2,23.93938694,GloGEMflow,0.22,1,5000,2,500
1230,3.25,23.49430225,GloGEMflow,0.22,1,5000,2,500
1231,3.3,23.02653102,GloGEMflow,0.22,1,5000,2,500
1232,3.35,22.53797244,GloGEMflow,0.22,1,5000,2,500
1233,3.4,22.04510578,GloGEMflow,0.22,1,5000,2,500
1235,3.45,21.56421011,GloGEMflow,0.22,1,5000,2,500
1237,3.5,21.10822256,GloGEMflow,0.22,1,5000,2,500
1241,3.55,20.68721338,GloGEMflow,0.22,1,5000,2,500
1242,3.6,20.30890251,GloGEMflow,0.22,1,5000,2,500
1244,3.65,19.97405513,GloGEMflow,0.22,1,5000,2,500
1245,3.7,19.67374775,GloGEMflow,0.22,1,5000,2,500
1246,3.75,19.40338814,GloGEMflow,0.22,1,5000,2,500
1247,3.8,19.15475114,GloGEMflow,0.22,1,5000,2,500
1249,3.85,18.91688903,GloGEMflow,0.22,1,5000,2,500
1250,3.9,18.6837511,GloGEMflow,0.22,1,5000,2,500
1251,3.95,18.45406932,GloGEMflow,0.22,1,5000,2,500
1253,4,18.22326922,GloGEMflow,0.22,1,5000,2,500
1255,4.05,17.98183215,GloGEMflow,0.22,1,5000,2,500
1256,4.1,17.72540681,GloGEMflow,0.22,1,5000,2,500
1257,4.15,17.45182199,GloGEMflow,0.22,1,5000,2,500
1259,4.2,17.15826534,GloGEMflow,0.22,1,5000,2,500
1260,4.25,16.84860599,GloGEMflow,0.22,1,5000,2,500
1261,4.3,16.52690459,GloGEMflow,0.22,1,5000,2,500
1262,4.35,16.19137705,GloGEMflow,0.22,1,5000,2,500
1263,4.4,15.84043003,GloGEMflow,0.22,1,5000,2,500
1265,4.45,15.47749331,GloGEMflow,0.22,1,5000,2,500
1266,4.5,15.107255,GloGEMflow,0.22,1,5000,2,500
1267,4.55,14.7339477,GloGEMflow,0.22,1,5000,2,500
1269,4.6,14.36267105,GloGEMflow,0.22,1,5000,2,500
1270,4.65,13.99895639,GloGEMflow,0.22,1,5000,2,500
1272,4.7,13.64463663,GloGEMflow,0.22,1,5000,2,500
1273,4.75,13.2987095,GloGEMflow,0.22,1,5000,2,500
1274,4.8,12.95821096,GloGEMflow,0.22,1,5000,2,500
1275,4.85,12.62002542,GloGEMflow,0.22,1,5000,2,500
1276,4.9,12.28186326,GloGEMflow,0.22,1,5000,2,500
1277,4.95,11.94503033,GloGEMflow,0.22,1,5000,2,500
1278,5,11.61261158,GloGEMflow,0.22,1,5000,2,500
1279,5.05,11.28577398,GloGEMflow,0.22,1,5000,2,500
1280,5.1,10.96577759,GloGEMflow,0.22,1,5000,2,500
1281,5.15,10.65290048,GloGEMflow,0.22,1,5000,2,500
1282,5.2,10.34584914,GloGEMflow,0.22,1,5000,2,500
1284,5.25,10.04409516,GloGEMflow,0.22,1,5000,2,500
1285,5.3,9.74761876,GloGEMflow,0.22,1,5000,2,500
1286,5.35,9.456222345,GloGEMflow,0.22,1,5000,2,500
1287,5.4,9.169774823,GloGEMflow,0.22,1,5000,2,500
1288,5.45,8.888220435,GloGEMflow,0.22,1,5000,2,500
1289,5.5,8.611560973,GloGEMflow,0.22,1,5000,2,500
1290,5.55,8.33971608,GloGEMflow,0.22,1,5000,2,500
1291,5.6,8.072202067,GloGEMflow,0.22,1,5000,2,500
1292,5.65,7.808308712,GloGEMflow,0.22,1,5000,2,500
1293,5.7,7.548533966,GloGEMflow,0.22,1,5000,2,500
1294,5.75,7.293780882,GloGEMflow,0.22,1,5000,2,500
1295,5.8,7.044659047,GloGEMflow,0.22,1,5000,2,500
1298,5.85,6.800888489,GloGEMflow,0.22,1,5000,2,500
1299,5.9,6.560829201,GloGEMflow,0.22,1,5000,2,500
1300,5.95,6.322525132,GloGEMflow,0.22,1,5000,2,500
1301,6,6.084208036,GloGEMflow,0.22,1,5000,2,500
1302,6.05,5.846907715,GloGEMflow,0.22,1,5000,2,500
1303,6.1,5.612567931,GloGEMflow,0.22,1,5000,2,500
1304,6.15,5.383255653,GloGEMflow,0.22,1,5000,2,500
1305,6.2,5.159619183,GloGEMflow,0.22,1,5000,2,500
1306,6.25,4.941066939,GloGEMflow,0.22,1,5000,2,500
1307,6.3,4.726865693,GloGEMflow,0.22,1,5000,2,500
1308,6.35,4.515500483,GloGEMflow,0.22,1,5000,2,500
1309,6.4,4.306396221,GloGEMflow,0.22,1,5000,2,500
1310,6.45,4.099246937,GloGEMflow,0.22,1,5000,2,500
1311,6.5,3.893470264,GloGEMflow,0.22,1,5000,2,500
1312,6.55,3.688139169,GloGEMflow,0.22,1,5000,2,500
1313,6.6,3.482616657,GloGEMflow,0.22,1,5000,2,500
1314,6.65,3.276540657,GloGEMflow,0.22,1,5000,2,500
1315,6.7,3.069997811,GloGEMflow,0.22,1,5000,2,500
1316,6.75,2.863303362,GloGEMflow,0.22,1,5000,2,500
1317,6.8,2.656657297,GloGEMflow,0.22,1,5000,2,500
1318,6.85,2.449694294,GloGEMflow,0.22,1,5000,2,500
1322,-0.1,113.1617028,OGGM_v16,0.28,1,5000,2,500
1323,-0.05,111.0847578,OGGM_v16,0.28,1,5000,2,500
1324,0,109.0224519,OGGM_v16,0.28,1,5000,2,500
1325,0.05,106.974173,OGGM_v16,0.28,1,5000,2,500
1327,0.1,104.9287761,OGGM_v16,0.28,1,5000,2,500
1329,0.15,102.876569,OGGM_v16,0.28,1,5000,2,500
1331,0.2,100.8112493,OGGM_v16,0.28,1,5000,2,500
1334,0.25,98.73053992,OGGM_v16,0.28,1,5000,2,500
1336,0.3,96.6254509,OGGM_v16,0.28,1,5000,2,500
1338,0.35,94.48373327,OGGM_v16,0.28,1,5000,2,500
1344,0.4,92.3098737,OGGM_v16,0.28,1,5000,2,500
1345,0.45,90.11020867,OGGM_v16,0.28,1,5000,2,500
1347,0.5,87.91192356,OGGM_v16,0.28,1,5000,2,500
1348,0.55,85.75692338,OGGM_v16,0.28,1,5000,2,500
1349,0.6,83.68035001,OGGM_v16,0.28,1,5000,2,500
1350,0.65,81.70628803,OGGM_v16,0.28,1,5000,2,500
1351,0.7,79.84238289,OGGM_v16,0.28,1,5000,2,500
1352,0.75,78.08107479,OGGM_v16,0.28,1,5000,2,500
1353,0.8,76.41632688,OGGM_v16,0.28,1,5000,2,500
1354,0.85,74.85538707,OGGM_v16,0.28,1,5000,2,500
1355,0.9,73.39705751,OGGM_v16,0.28,1,5000,2,500
1360,0.95,72.02444824,OGGM_v16,0.28,1,5000,2,500
1361,1,70.75293775,OGGM_v16,0.28,1,5000,2,500
1362,1.05,69.6111725,OGGM_v16,0.28,1,5000,2,500
1364,1.1,68.63476717,OGGM_v16,0.28,1,5000,2,500
1365,1.15,67.8548908,OGGM_v16,0.28,1,5000,2,500
1366,1.2,67.26676293,OGGM_v16,0.28,1,5000,2,500
1367,1.25,66.82893762,OGGM_v16,0.28,1,5000,2,500
1368,1.3,66.45951078,OGGM_v16,0.28,1,5000,2,500
1369,1.35,66.07477236,OGGM_v16,0.28,1,5000,2,500
1370,1.4,65.61205724,OGGM_v16,0.28,1,5000,2,500
1371,1.45,65.01679584,OGGM_v16,0.28,1,5000,2,500
1376,1.5,64.23110517,OGGM_v16,0.28,1,5000,2,500
1379,1.55,63.22958348,OGGM_v16,0.28,1,5000,2,500
1380,1.6,62.02453033,OGGM_v16,0.28,1,5000,2,500
1382,1.65,60.66332681,OGGM_v16,0.28,1,5000,2,500
1390,1.7,59.19892264,OGGM_v16,0.28,1,5000,2,500
1394,1.75,57.57715026,OGGM_v16,0.28,1,5000,2,500
1395,1.8,55.72216139,OGGM_v16,0.28,1,5000,2,500
1396,1.85,53.64445404,OGGM_v16,0.28,1,5000,2,500
1397,1.9,51.41494945,OGGM_v16,0.28,1,5000,2,500
1400,1.95,49.128239,OGGM_v16,0.28,1,5000,2,500
1402,2,46.88346998,OGGM_v16,0.28,1,5000,2,500
1405,2.05,44.77838517,OGGM_v16,0.28,1,5000,2,500
1408,2.1,42.89280414,OGGM_v16,0.28,1,5000,2,500
1410,2.15,41.25413937,OGGM_v16,0.28,1,5000,2,500
1415,2.2,39.82067641,OGGM_v16,0.28,1,5000,2,500
1416,2.25,38.51546397,OGGM_v16,0.28,1,5000,2,500
1417,2.3,37.30172425,OGGM_v16,0.28,1,5000,2,500
1420,2.35,36.16675821,OGGM_v16,0.28,1,5000,2,500
1421,2.4,35.10571378,OGGM_v16,0.28,1,5000,2,500
1423,2.45,34.13822033,OGGM_v16,0.28,1,5000,2,500
1424,2.5,33.30368565,OGGM_v16,0.28,1,5000,2,500
1425,2.55,32.65698308,OGGM_v16,0.28,1,5000,2,500
1427,2.6,32.23310277,OGGM_v16,0.28,1,5000,2,500
1428,2.65,31.99837601,OGGM_v16,0.28,1,5000,2,500
1430,2.7,31.84998682,OGGM_v16,0.28,1,5000,2,500
1433,2.75,31.69823869,OGGM_v16,0.28,1,5000,2,500
1434,2.8,31.49877443,OGGM_v16,0.28,1,5000,2,500
1437,2.85,31.23819058,OGGM_v16,0.28,1,5000,2,500
1438,2.9,30.90729355,OGGM_v16,0.28,1,5000,2,500
1439,2.95,30.51260992,OGGM_v16,0.28,1,5000,2,500
1442,3,30.05849934,OGGM_v16,0.28,1,5000,2,500
1445,3.05,29.54921816,OGGM_v16,0.28,1,5000,2,500
1446,3.1,28.99560105,OGGM_v16,0.28,1,5000,2,500
1448,3.15,28.41005989,OGGM_v16,0.28,1,5000,2,500
1449,3.2,27.8053162,OGGM_v16,0.28,1,5000,2,500
1450,3.25,27.19040051,OGGM_v16,0.28,1,5000,2,500
1451,3.3,26.56641925,OGGM_v16,0.28,1,5000,2,500
1452,3.35,25.93542905,OGGM_v16,0.28,1,5000,2,500
1453,3.4,25.30964049,OGGM_v16,0.28,1,5000,2,500
1455,3.45,24.70333572,OGGM_v16,0.28,1,5000,2,500
1457,3.5,24.1263993,OGGM_v16,0.28,1,5000,2,500
1461,3.55,23.58294921,OGGM_v16,0.28,1,5000,2,500
1462,3.6,23.07637206,OGGM_v16,0.28,1,5000,2,500
1464,3.65,22.6119477,OGGM_v16,0.28,1,5000,2,500
1465,3.7,22.19238919,OGGM_v16,0.28,1,5000,2,500
1466,3.75,21.8216238,OGGM_v16,0.28,1,5000,2,500
1467,3.8,21.49786487,OGGM_v16,0.28,1,5000,2,500
1469,3.85,21.21052472,OGGM_v16,0.28,1,5000,2,500
1470,3.9,20.94574696,OGGM_v16,0.28,1,5000,2,500
1471,3.95,20.69084482,OGGM_v16,0.28,1,5000,2,500
1473,4,20.43878678,OGGM_v16,0.28,1,5000,2,500
1475,4.05,20.18678649,OGGM_v16,0.28,1,5000,2,500
1476,4.1,19.9317714,OGGM_v16,0.28,1,5000,2,500
1477,4.15,19.67084233,OGGM_v16,0.28,1,5000,2,500
1479,4.2,19.40101494,OGGM_v16,0.28,1,5000,2,500
1480,4.25,19.11694259,OGGM_v16,0.28,1,5000,2,500
1481,4.3,18.81481695,OGGM_v16,0.28,1,5000,2,500
1482,4.35,18.49470329,OGGM_v16,0.28,1,5000,2,500
1483,4.4,18.15865513,OGGM_v16,0.28,1,5000,2,500
1485,4.45,17.80839014,OGGM_v16,0.28,1,5000,2,500
1486,4.5,17.4487116,OGGM_v16,0.28,1,5000,2,500
1487,4.55,17.08574689,OGGM_v16,0.28,1,5000,2,500
1489,4.6,16.72299813,OGGM_v16,0.28,1,5000,2,500
1490,4.65,16.36313994,OGGM_v16,0.28,1,5000,2,500
1492,4.7,16.00658838,OGGM_v16,0.28,1,5000,2,500
1493,4.75,15.65249371,OGGM_v16,0.28,1,5000,2,500
1494,4.8,15.30008039,OGGM_v16,0.28,1,5000,2,500
1495,4.85,14.94884003,OGGM_v16,0.28,1,5000,2,500
1496,4.9,14.59853891,OGGM_v16,0.28,1,5000,2,500
1497,4.95,14.24918248,OGGM_v16,0.28,1,5000,2,500
1498,5,13.90041824,OGGM_v16,0.28,1,5000,2,500
1499,5.05,13.55281233,OGGM_v16,0.28,1,5000,2,500
1500,5.1,13.20738369,OGGM_v16,0.28,1,5000,2,500
1501,5.15,12.86515539,OGGM_v16,0.28,1,5000,2,500
1502,5.2,12.52684182,OGGM_v16,0.28,1,5000,2,500
1504,5.25,12.19307195,OGGM_v16,0.28,1,5000,2,500
1505,5.3,11.8650299,OGGM_v16,0.28,1,5000,2,500
1506,5.35,11.54341643,OGGM_v16,0.28,1,5000,2,500
1507,5.4,11.22813629,OGGM_v16,0.28,1,5000,2,500
1508,5.45,10.91945998,OGGM_v16,0.28,1,5000,2,500
1509,5.5,10.61704504,OGGM_v16,0.28,1,5000,2,500
1510,5.55,10.31919783,OGGM_v16,0.28,1,5000,2,500
1511,5.6,10.02381682,OGGM_v16,0.28,1,5000,2,500
1512,5.65,9.729667425,OGGM_v16,0.28,1,5000,2,500
1513,5.7,9.436063776,OGGM_v16,0.28,1,5000,2,500
1514,5.75,9.142026229,OGGM_v16,0.28,1,5000,2,500
1515,5.8,8.847039578,OGGM_v16,0.28,1,5000,2,500
1518,5.85,8.551490144,OGGM_v16,0.28,1,5000,2,500
1519,5.9,8.25610489,OGGM_v16,0.28,1,5000,2,500
1520,5.95,7.961687035,OGGM_v16,0.28,1,5000,2,500
1521,6,7.668957541,OGGM_v16,0.28,1,5000,2,500
1522,6.05,7.378302895,OGGM_v16,0.28,1,5000,2,500
1523,6.1,7.089398891,OGGM_v16,0.28,1,5000,2,500
1524,6.15,6.80127411,OGGM_v16,0.28,1,5000,2,500
1525,6.2,6.514245607,OGGM_v16,0.28,1,5000,2,500
1526,6.25,6.2290843,OGGM_v16,0.28,1,5000,2,500
1527,6.3,5.946425974,OGGM_v16,0.28,1,5000,2,500
1528,6.35,5.666405205,OGGM_v16,0.28,1,5000,2,500
1529,6.4,5.388114914,OGGM_v16,0.28,1,5000,2,500
1530,6.45,5.109460958,OGGM_v16,0.28,1,5000,2,500
1531,6.5,4.828351823,OGGM_v16,0.28,1,5000,2,500
1532,6.55,4.543524612,OGGM_v16,0.28,1,5000,2,500
1533,6.6,4.254518233,OGGM_v16,0.28,1,5000,2,500
1534,6.65,3.960828405,OGGM_v16,0.28,1,5000,2,500
1535,6.7,3.662237287,OGGM_v16,0.28,1,5000,2,500
1536,6.75,3.359152074,OGGM_v16,0.28,1,5000,2,500
1537,6.8,3.052385708,OGGM_v16,0.28,1,5000,2,500
1538,6.85,2.743024696,OGGM_v16,0.28,1,5000,2,500
1542,-0.1,100.2641342,PyGEM-OGGM_v13,0.22,1,5000,2,500
1543,-0.05,97.82488832,PyGEM-OGGM_v13,0.22,1,5000,2,500
1544,0,95.57919428,PyGEM-OGGM_v13,0.22,1,5000,2,500
1545,0.05,93.45216216,PyGEM-OGGM_v13,0.22,1,5000,2,500
1547,0.1,91.37504418,PyGEM-OGGM_v13,0.22,1,5000,2,500
1549,0.15,89.27808023,PyGEM-OGGM_v13,0.22,1,5000,2,500
1551,0.2,87.09866263,PyGEM-OGGM_v13,0.22,1,5000,2,500
1554,0.25,84.7965411,PyGEM-OGGM_v13,0.22,1,5000,2,500
1556,0.3,82.32278885,PyGEM-OGGM_v13,0.22,1,5000,2,500
1558,0.35,79.69411181,PyGEM-OGGM_v13,0.22,1,5000,2,500
1564,0.4,76.97909167,PyGEM-OGGM_v13,0.22,1,5000,2,500
1565,0.45,74.26378657,PyGEM-OGGM_v13,0.22,1,5000,2,500
1567,0.5,71.62074951,PyGEM-OGGM_v13,0.22,1,5000,2,500
1568,0.55,69.09007827,PyGEM-OGGM_v13,0.22,1,5000,2,500
1569,0.6,66.67388488,PyGEM-OGGM_v13,0.22,1,5000,2,500
1570,0.65,64.35875061,PyGEM-OGGM_v13,0.22,1,5000,2,500
1571,0.7,62.14710222,PyGEM-OGGM_v13,0.22,1,5000,2,500
1572,0.75,60.03413354,PyGEM-OGGM_v13,0.22,1,5000,2,500
1573,0.8,58.01898316,PyGEM-OGGM_v13,0.22,1,5000,2,500
1574,0.85,56.13902801,PyGEM-OGGM_v13,0.22,1,5000,2,500
1575,0.9,54.41638601,PyGEM-OGGM_v13,0.22,1,5000,2,500
1580,0.95,52.84895332,PyGEM-OGGM_v13,0.22,1,5000,2,500
1581,1,51.44781816,PyGEM-OGGM_v13,0.22,1,5000,2,500
1582,1.05,50.22952687,PyGEM-OGGM_v13,0.22,1,5000,2,500
1584,1.1,49.1963735,PyGEM-OGGM_v13,0.22,1,5000,2,500
1585,1.15,48.3111741,PyGEM-OGGM_v13,0.22,1,5000,2,500
1586,1.2,47.50841022,PyGEM-OGGM_v13,0.22,1,5000,2,500
1587,1.25,46.68279164,PyGEM-OGGM_v13,0.22,1,5000,2,500
1588,1.3,45.73744968,PyGEM-OGGM_v13,0.22,1,5000,2,500
1589,1.35,44.60589582,PyGEM-OGGM_v13,0.22,1,5000,2,500
1590,1.4,43.28125615,PyGEM-OGGM_v13,0.22,1,5000,2,500
1591,1.45,41.81391637,PyGEM-OGGM_v13,0.22,1,5000,2,500
1596,1.5,40.2899022,PyGEM-OGGM_v13,0.22,1,5000,2,500
1599,1.55,38.75359762,PyGEM-OGGM_v13,0.22,1,5000,2,500
1600,1.6,37.22644421,PyGEM-OGGM_v13,0.22,1,5000,2,500
1602,1.65,35.80994387,PyGEM-OGGM_v13,0.22,1,5000,2,500
1610,1.7,34.57738033,PyGEM-OGGM_v13,0.22,1,5000,2,500
1614,1.75,33.54179699,PyGEM-OGGM_v13,0.22,1,5000,2,500
1615,1.8,32.69722826,PyGEM-OGGM_v13,0.22,1,5000,2,500
1616,1.85,32.01545277,PyGEM-OGGM_v13,0.22,1,5000,2,500
1617,1.9,31.41747242,PyGEM-OGGM_v13,0.22,1,5000,2,500
1620,1.95,30.82589815,PyGEM-OGGM_v13,0.22,1,5000,2,500
1622,2,30.18137108,PyGEM-OGGM_v13,0.22,1,5000,2,500
1625,2.05,29.46016711,PyGEM-OGGM_v13,0.22,1,5000,2,500
1628,2.1,28.64566319,PyGEM-OGGM_v13,0.22,1,5000,2,500
1630,2.15,27.72173814,PyGEM-OGGM_v13,0.22,1,5000,2,500
1635,2.2,26.70939401,PyGEM-OGGM_v13,0.22,1,5000,2,500
1636,2.25,25.65503126,PyGEM-OGGM_v13,0.22,1,5000,2,500
1637,2.3,24.62157027,PyGEM-OGGM_v13,0.22,1,5000,2,500
1640,2.35,23.66062155,PyGEM-OGGM_v13,0.22,1,5000,2,500
1641,2.4,22.80886924,PyGEM-OGGM_v13,0.22,1,5000,2,500
1643,2.45,22.10771241,PyGEM-OGGM_v13,0.22,1,5000,2,500
1644,2.5,21.57469444,PyGEM-OGGM_v13,0.22,1,5000,2,500
1645,2.55,21.19545743,PyGEM-OGGM_v13,0.22,1,5000,2,500
1647,2.6,20.91985793,PyGEM-OGGM_v13,0.22,1,5000,2,500
1648,2.65,20.71943739,PyGEM-OGGM_v13,0.22,1,5000,2,500
1650,2.7,20.59071734,PyGEM-OGGM_v13,0.22,1,5000,2,500
1653,2.75,20.53114098,PyGEM-OGGM_v13,0.22,1,5000,2,500
1654,2.8,20.5038999,PyGEM-OGGM_v13,0.22,1,5000,2,500
1657,2.85,20.45225129,PyGEM-OGGM_v13,0.22,1,5000,2,500
1658,2.9,20.32655846,PyGEM-OGGM_v13,0.22,1,5000,2,500
1659,2.95,20.09356942,PyGEM-OGGM_v13,0.22,1,5000,2,500
1662,3,19.7582929,PyGEM-OGGM_v13,0.22,1,5000,2,500
1665,3.05,19.33735173,PyGEM-OGGM_v13,0.22,1,5000,2,500
1666,3.1,18.84297513,PyGEM-OGGM_v13,0.22,1,5000,2,500
1668,3.15,18.28327993,PyGEM-OGGM_v13,0.22,1,5000,2,500
1669,3.2,17.66893925,PyGEM-OGGM_v13,0.22,1,5000,2,500
1670,3.25,17.01900142,PyGEM-OGGM_v13,0.22,1,5000,2,500
1671,3.3,16.35572062,PyGEM-OGGM_v13,0.22,1,5000,2,500
1672,3.35,15.69681493,PyGEM-OGGM_v13,0.22,1,5000,2,500
1673,3.4,15.05378632,PyGEM-OGGM_v13,0.22,1,5000,2,500
1675,3.45,14.44058979,PyGEM-OGGM_v13,0.22,1,5000,2,500
1677,3.5,13.87194365,PyGEM-OGGM_v13,0.22,1,5000,2,500
1681,3.55,13.35860551,PyGEM-OGGM_v13,0.22,1,5000,2,500
1682,3.6,12.9079544,PyGEM-OGGM_v13,0.22,1,5000,2,500
1684,3.65,12.52378013,PyGEM-OGGM_v13,0.22,1,5000,2,500
1685,3.7,12.19562733,PyGEM-OGGM_v13,0.22,1,5000,2,500
1686,3.75,11.90702527,PyGEM-OGGM_v13,0.22,1,5000,2,500
1687,3.8,11.64278288,PyGEM-OGGM_v13,0.22,1,5000,2,500
1689,3.85,11.39302111,PyGEM-OGGM_v13,0.22,1,5000,2,500
1690,3.9,11.14784331,PyGEM-OGGM_v13,0.22,1,5000,2,500
1691,3.95,10.89585964,PyGEM-OGGM_v13,0.22,1,5000,2,500
1693,4,10.62411994,PyGEM-OGGM_v13,0.22,1,5000,2,500
1695,4.05,10.31867212,PyGEM-OGGM_v13,0.22,1,5000,2,500
1696,4.1,9.976194795,PyGEM-OGGM_v13,0.22,1,5000,2,500
1697,4.15,9.608954613,PyGEM-OGGM_v13,0.22,1,5000,2,500
1699,4.2,9.234782501,PyGEM-OGGM_v13,0.22,1,5000,2,500
1700,4.25,8.863798886,PyGEM-OGGM_v13,0.22,1,5000,2,500
1701,4.3,8.498138831,PyGEM-OGGM_v13,0.22,1,5000,2,500
1702,4.35,8.140932015,PyGEM-OGGM_v13,0.22,1,5000,2,500
1703,4.4,7.798082983,PyGEM-OGGM_v13,0.22,1,5000,2,500
1705,4.45,7.476056898,PyGEM-OGGM_v13,0.22,1,5000,2,500
1706,4.5,7.174459662,PyGEM-OGGM_v13,0.22,1,5000,2,500
1707,4.55,6.890704761,PyGEM-OGGM_v13,0.22,1,5000,2,500
1709,4.6,6.624432047,PyGEM-OGGM_v13,0.22,1,5000,2,500
1710,4.65,6.371404029,PyGEM-OGGM_v13,0.22,1,5000,2,500
1712,4.7,6.128569962,PyGEM-OGGM_v13,0.22,1,5000,2,500
1713,4.75,5.895952092,PyGEM-OGGM_v13,0.22,1,5000,2,500
1714,4.8,5.671463753,PyGEM-OGGM_v13,0.22,1,5000,2,500
1715,4.85,5.450799767,PyGEM-OGGM_v13,0.22,1,5000,2,500
1716,4.9,5.233312864,PyGEM-OGGM_v13,0.22,1,5000,2,500
1717,4.95,5.022019471,PyGEM-OGGM_v13,0.22,1,5000,2,500
1718,5,4.819703828,PyGEM-OGGM_v13,0.22,1,5000,2,500
1719,5.05,4.627887851,PyGEM-OGGM_v13,0.22,1,5000,2,500
1720,5.1,4.446767988,PyGEM-OGGM_v13,0.22,1,5000,2,500
1721,5.15,4.27730257,PyGEM-OGGM_v13,0.22,1,5000,2,500
1722,5.2,4.119887904,PyGEM-OGGM_v13,0.22,1,5000,2,500
1724,5.25,3.973088523,PyGEM-OGGM_v13,0.22,1,5000,2,500
1725,5.3,3.83400776,PyGEM-OGGM_v13,0.22,1,5000,2,500
1726,5.35,3.700343762,PyGEM-OGGM_v13,0.22,1,5000,2,500
1727,5.4,3.571243797,PyGEM-OGGM_v13,0.22,1,5000,2,500
1728,5.45,3.446124577,PyGEM-OGGM_v13,0.22,1,5000,2,500
1729,5.5,3.324368271,PyGEM-OGGM_v13,0.22,1,5000,2,500
1730,5.55,3.20522289,PyGEM-OGGM_v13,0.22,1,5000,2,500
1731,5.6,3.08787281,PyGEM-OGGM_v13,0.22,1,5000,2,500
1732,5.65,2.972003234,PyGEM-OGGM_v13,0.22,1,5000,2,500
1733,5.7,2.857391075,PyGEM-OGGM_v13,0.22,1,5000,2,500
1734,5.75,2.745086456,PyGEM-OGGM_v13,0.22,1,5000,2,500
1735,5.8,2.636167339,PyGEM-OGGM_v13,0.22,1,5000,2,500
1738,5.85,2.530743064,PyGEM-OGGM_v13,0.22,1,5000,2,500
1739,5.9,2.428201886,PyGEM-OGGM_v13,0.22,1,5000,2,500
1740,5.95,2.328278431,PyGEM-OGGM_v13,0.22,1,5000,2,500
1741,6,2.230465145,PyGEM-OGGM_v13,0.22,1,5000,2,500
1742,6.05,2.134002692,PyGEM-OGGM_v13,0.22,1,5000,2,500
1743,6.1,2.038171949,PyGEM-OGGM_v13,0.22,1,5000,2,500
1744,6.15,1.942552874,PyGEM-OGGM_v13,0.22,1,5000,2,500
1745,6.2,1.847788958,PyGEM-OGGM_v13,0.22,1,5000,2,500
1746,6.25,1.754678171,PyGEM-OGGM_v13,0.22,1,5000,2,500
1747,6.3,1.663450219,PyGEM-OGGM_v13,0.22,1,5000,2,500
1748,6.35,1.573732303,PyGEM-OGGM_v13,0.22,1,5000,2,500
1749,6.4,1.485212899,PyGEM-OGGM_v13,0.22,1,5000,2,500
1750,6.45,1.398201502,PyGEM-OGGM_v13,0.22,1,5000,2,500
1751,6.5,1.313290248,PyGEM-OGGM_v13,0.22,1,5000,2,500
1752,6.55,1.230690919,PyGEM-OGGM_v13,0.22,1,5000,2,500
1753,6.6,1.150885849,PyGEM-OGGM_v13,0.22,1,5000,2,500
1754,6.65,1.074302598,PyGEM-OGGM_v13,0.22,1,5000,2,500
1755,6.7,1.001048051,PyGEM-OGGM_v13,0.22,1,5000,2,500
1756,6.75,0.930407033,PyGEM-OGGM_v13,0.22,1,5000,2,500
1757,6.8,0.861128743,PyGEM-OGGM_v13,0.22,1,5000,2,500
1758,6.85,0.792791502,PyGEM-OGGM_v13,0.22,1,5000,2,500
1762,-0.1,151.5517825,GLIMB,0.17,2,5000,2,500
1763,-0.05,149.1274803,GLIMB,0.17,2,5000,2,500
1764,0,147.0795579,GLIMB,0.17,2,5000,2,500
1765,0.05,145.3093948,GLIMB,0.17,2,5000,2,500
1767,0.1,143.812705,GLIMB,0.17,2,5000,2,500
1769,0.15,142.8281891,GLIMB,0.17,2,5000,2,500
1771,0.2,142.0659384,GLIMB,0.17,2,5000,2,500
1774,0.25,140.9973433,GLIMB,0.17,2,5000,2,500
1776,0.3,139.1273844,GLIMB,0.17,2,5000,2,500
1778,0.35,136.1995998,GLIMB,0.17,2,5000,2,500
1784,0.4,132.3184178,GLIMB,0.17,2,5000,2,500
1785,0.45,127.6112733,GLIMB,0.17,2,5000,2,500
1787,0.5,122.2611959,GLIMB,0.17,2,5000,2,500
1788,0.55,116.4295132,GLIMB,0.17,2,5000,2,500
1789,0.6,110.1512547,GLIMB,0.17,2,5000,2,500
1790,0.65,103.4241957,GLIMB,0.17,2,5000,2,500
1791,0.7,96.33018079,GLIMB,0.17,2,5000,2,500
1792,0.75,89.19320566,GLIMB,0.17,2,5000,2,500
1793,0.8,82.77780094,GLIMB,0.17,2,5000,2,500
1794,0.85,78.18111884,GLIMB,0.17,2,5000,2,500
1795,0.9,76.02244323,GLIMB,0.17,2,5000,2,500
1800,0.95,75.37878217,GLIMB,0.17,2,5000,2,500
1801,1,74.53802342,GLIMB,0.17,2,5000,2,500
1802,1.05,72.46930661,GLIMB,0.17,2,5000,2,500
1804,1.1,69.67492235,GLIMB,0.17,2,5000,2,500
1805,1.15,66.80475696,GLIMB,0.17,2,5000,2,500
1806,1.2,64.08736226,GLIMB,0.17,2,5000,2,500
1807,1.25,61.50734396,GLIMB,0.17,2,5000,2,500
1808,1.3,58.76219052,GLIMB,0.17,2,5000,2,500
1809,1.35,55.60901392,GLIMB,0.17,2,5000,2,500
1810,1.4,52.0462884,GLIMB,0.17,2,5000,2,500
1811,1.45,48.44609677,GLIMB,0.17,2,5000,2,500
1816,1.5,45.16623393,GLIMB,0.17,2,5000,2,500
1819,1.55,42.25710644,GLIMB,0.17,2,5000,2,500
1820,1.6,39.67182079,GLIMB,0.17,2,5000,2,500
1822,1.65,37.33380226,GLIMB,0.17,2,5000,2,500
1830,1.7,35.09815897,GLIMB,0.17,2,5000,2,500
1834,1.75,33.0024467,GLIMB,0.17,2,5000,2,500
1835,1.8,31.37232968,GLIMB,0.17,2,5000,2,500
1836,1.85,30.2945898,GLIMB,0.17,2,5000,2,500
1837,1.9,29.62685855,GLIMB,0.17,2,5000,2,500
1840,1.95,28.8864715,GLIMB,0.17,2,5000,2,500
1842,2,27.60957584,GLIMB,0.17,2,5000,2,500
1845,2.05,26.23416794,GLIMB,0.17,2,5000,2,500
1848,2.1,25.23222053,GLIMB,0.17,2,5000,2,500
1850,2.15,24.47657908,GLIMB,0.17,2,5000,2,500
1855,2.2,23.83906953,GLIMB,0.17,2,5000,2,500
1856,2.25,23.22351839,GLIMB,0.17,2,5000,2,500
1857,2.3,22.47672715,GLIMB,0.17,2,5000,2,500
1860,2.35,21.55253416,GLIMB,0.17,2,5000,2,500
1861,2.4,20.45735614,GLIMB,0.17,2,5000,2,500
1863,2.45,19.20976816,GLIMB,0.17,2,5000,2,500
1864,2.5,17.80507458,GLIMB,0.17,2,5000,2,500
1865,2.55,16.23423944,GLIMB,0.17,2,5000,2,500
1867,2.6,14.54507203,GLIMB,0.17,2,5000,2,500
1868,2.65,12.84275888,GLIMB,0.17,2,5000,2,500
1870,2.7,11.30960677,GLIMB,0.17,2,5000,2,500
1873,2.75,10.11158086,GLIMB,0.17,2,5000,2,500
1874,2.8,9.297895574,GLIMB,0.17,2,5000,2,500
1877,2.85,8.810693962,GLIMB,0.17,2,5000,2,500
1878,2.9,8.530683737,GLIMB,0.17,2,5000,2,500
1879,2.95,8.369554016,GLIMB,0.17,2,5000,2,500
1882,3,8.253193057,GLIMB,0.17,2,5000,2,500
1885,3.05,8.087715116,GLIMB,0.17,2,5000,2,500
1886,3.1,7.842506978,GLIMB,0.17,2,5000,2,500
1888,3.15,7.537979097,GLIMB,0.17,2,5000,2,500
1889,3.2,7.220599092,GLIMB,0.17,2,5000,2,500
1890,3.25,6.906735611,GLIMB,0.17,2,5000,2,500
1891,3.3,6.586165603,GLIMB,0.17,2,5000,2,500
1892,3.35,6.243147155,GLIMB,0.17,2,5000,2,500
1893,3.4,5.866791684,GLIMB,0.17,2,5000,2,500
1895,3.45,5.480702788,GLIMB,0.17,2,5000,2,500
1897,3.5,5.12131912,GLIMB,0.17,2,5000,2,500
1901,3.55,4.81827436,GLIMB,0.17,2,5000,2,500
1902,3.6,4.578525935,GLIMB,0.17,2,5000,2,500
1904,3.65,4.391475335,GLIMB,0.17,2,5000,2,500
1905,3.7,4.232790363,GLIMB,0.17,2,5000,2,500
1906,3.75,4.084992865,GLIMB,0.17,2,5000,2,500
1907,3.8,3.938060553,GLIMB,0.17,2,5000,2,500
1909,3.85,3.784938931,GLIMB,0.17,2,5000,2,500
1910,3.9,3.622286488,GLIMB,0.17,2,5000,2,500
1911,3.95,3.447554644,GLIMB,0.17,2,5000,2,500
1913,4,3.258180981,GLIMB,0.17,2,5000,2,500
1915,4.05,3.056514375,GLIMB,0.17,2,5000,2,500
1916,4.1,2.850202535,GLIMB,0.17,2,5000,2,500
1917,4.15,2.646537081,GLIMB,0.17,2,5000,2,500
1919,4.2,2.450334036,GLIMB,0.17,2,5000,2,500
1920,4.25,2.26322805,GLIMB,0.17,2,5000,2,500
1921,4.3,2.084874106,GLIMB,0.17,2,5000,2,500
1922,4.35,1.91364575,GLIMB,0.17,2,5000,2,500
1923,4.4,1.746870087,GLIMB,0.17,2,5000,2,500
1925,4.45,1.582714003,GLIMB,0.17,2,5000,2,500
1926,4.5,1.423269751,GLIMB,0.17,2,5000,2,500
1927,4.55,1.269962082,GLIMB,0.17,2,5000,2,500
1929,4.6,1.125110608,GLIMB,0.17,2,5000,2,500
1930,4.65,0.994795384,GLIMB,0.17,2,5000,2,500
1932,4.7,0.880290519,GLIMB,0.17,2,5000,2,500
1933,4.75,0.77784421,GLIMB,0.17,2,5000,2,500
1934,4.8,0.68741597,GLIMB,0.17,2,5000,2,500
1935,4.85,0.611393224,GLIMB,0.17,2,5000,2,500
1936,4.9,0.550111954,GLIMB,0.17,2,5000,2,500
1937,4.95,0.500561764,GLIMB,0.17,2,5000,2,500
1938,5,0.46133265,GLIMB,0.17,2,5000,2,500
1939,5.05,0.431635389,GLIMB,0.17,2,5000,2,500
1940,5.1,0.408452632,GLIMB,0.17,2,5000,2,500
1941,5.15,0.387111495,GLIMB,0.17,2,5000,2,500
1942,5.2,0.36618323,GLIMB,0.17,2,5000,2,500
1944,5.25,0.346299347,GLIMB,0.17,2,5000,2,500
1945,5.3,0.328371877,GLIMB,0.17,2,5000,2,500
1946,5.35,0.312756638,GLIMB,0.17,2,5000,2,500
1947,5.4,0.300422554,GLIMB,0.17,2,5000,2,500
1948,5.45,0.290463558,GLIMB,0.17,2,5000,2,500
1949,5.5,0.281901105,GLIMB,0.17,2,5000,2,500
1950,5.55,0.27399963,GLIMB,0.17,2,5000,2,500
1951,5.6,0.266048271,GLIMB,0.17,2,5000,2,500
1952,5.65,0.257887138,GLIMB,0.17,2,5000,2,500
1953,5.7,0.24988597,GLIMB,0.17,2,5000,2,500
1954,5.75,0.242277569,GLIMB,0.17,2,5000,2,500
1955,5.8,0.234870715,GLIMB,0.17,2,5000,2,500
1958,5.85,0.227503177,GLIMB,0.17,2,5000,2,500
1959,5.9,0.220108454,GLIMB,0.17,2,5000,2,500
1960,5.95,0.21265051,GLIMB,0.17,2,5000,2,500
1961,6,0.205124066,GLIMB,0.17,2,5000,2,500
1962,6.05,0.197562336,GLIMB,0.17,2,5000,2,500
1963,6.1,0.190041879,GLIMB,0.17,2,5000,2,500
1964,6.15,0.182705036,GLIMB,0.17,2,5000,2,500
1965,6.2,0.175729636,GLIMB,0.17,2,5000,2,500
1966,6.25,0.169254695,GLIMB,0.17,2,5000,2,500
1967,6.3,0.163262351,GLIMB,0.17,2,5000,2,500
1968,6.35,0.157511223,GLIMB,0.17,2,5000,2,500
1969,6.4,0.151762183,GLIMB,0.17,2,5000,2,500
1970,6.45,0.145811227,GLIMB,0.17,2,5000,2,500
1971,6.5,0.139553282,GLIMB,0.17,2,5000,2,500
1972,6.55,0.132950559,GLIMB,0.17,2,5000,2,500
1973,6.6,0.126027168,GLIMB,0.17,2,5000,2,500
1974,6.65,0.118867255,GLIMB,0.17,2,5000,2,500
1975,6.7,0.111565682,GLIMB,0.17,2,5000,2,500
1976,6.75,0.104100346,GLIMB,0.17,2,5000,2,500
1977,6.8,0.096336729,GLIMB,0.17,2,5000,2,500
1978,6.85,0.088363509,GLIMB,0.17,2,5000,2,500
1982,-0.1,57.95274018,GloGEMflow,0.19,2,5000,2,500
1983,-0.05,55.98042252,GloGEMflow,0.19,2,5000,2,500
1984,0,54.05991873,GloGEMflow,0.19,2,5000,2,500
1985,0.05,52.03231391,GloGEMflow,0.19,2,5000,2,500
1987,0.1,49.77529396,GloGEMflow,0.19,2,5000,2,500
1989,0.15,47.24483261,GloGEMflow,0.19,2,5000,2,500
1991,0.2,44.469884,GloGEMflow,0.19,2,5000,2,500
1994,0.25,41.53052476,GloGEMflow,0.19,2,5000,2,500
1996,0.3,38.49934385,GloGEMflow,0.19,2,5000,2,500
1998,0.35,35.42795411,GloGEMflow,0.19,2,5000,2,500
2004,0.4,32.35318034,GloGEMflow,0.19,2,5000,2,500
2005,0.45,29.27969806,GloGEMflow,0.19,2,5000,2,500
2007,0.5,26.23098748,GloGEMflow,0.19,2,5000,2,500
2008,0.55,23.24546847,GloGEMflow,0.19,2,5000,2,500
2009,0.6,20.36851774,GloGEMflow,0.19,2,5000,2,500
2010,0.65,17.65382238,GloGEMflow,0.19,2,5000,2,500
2011,0.7,15.16205665,GloGEMflow,0.19,2,5000,2,500
2012,0.75,12.9692636,GloGEMflow,0.19,2,5000,2,500
2013,0.8,11.16866056,GloGEMflow,0.19,2,5000,2,500
2014,0.85,9.834858907,GloGEMflow,0.19,2,5000,2,500
2015,0.9,8.959216499,GloGEMflow,0.19,2,5000,2,500
2020,0.95,8.390881743,GloGEMflow,0.19,2,5000,2,500
2021,1,7.914578614,GloGEMflow,0.19,2,5000,2,500
2022,1.05,7.455929381,GloGEMflow,0.19,2,5000,2,500
2024,1.1,7.080141666,GloGEMflow,0.19,2,5000,2,500
2025,1.15,6.864385676,GloGEMflow,0.19,2,5000,2,500
2026,1.2,6.786052236,GloGEMflow,0.19,2,5000,2,500
2027,1.25,6.785829987,GloGEMflow,0.19,2,5000,2,500
2028,1.3,6.777066555,GloGEMflow,0.19,2,5000,2,500
2029,1.35,6.667079105,GloGEMflow,0.19,2,5000,2,500
2030,1.4,6.421621908,GloGEMflow,0.19,2,5000,2,500
2031,1.45,6.062302573,GloGEMflow,0.19,2,5000,2,500
2036,1.5,5.613477051,GloGEMflow,0.19,2,5000,2,500
2039,1.55,5.091771213,GloGEMflow,0.19,2,5000,2,500
2040,1.6,4.499743951,GloGEMflow,0.19,2,5000,2,500
2042,1.65,3.875845403,GloGEMflow,0.19,2,5000,2,500
2050,1.7,3.287494735,GloGEMflow,0.19,2,5000,2,500
2054,1.75,2.785160101,GloGEMflow,0.19,2,5000,2,500
2055,1.8,2.399550141,GloGEMflow,0.19,2,5000,2,500
2056,1.85,2.133627383,GloGEMflow,0.19,2,5000,2,500
2057,1.9,1.957224942,GloGEMflow,0.19,2,5000,2,500
2060,1.95,1.855692272,GloGEMflow,0.19,2,5000,2,500
2062,2,1.790637426,GloGEMflow,0.19,2,5000,2,500
2065,2.05,1.69152415,GloGEMflow,0.19,2,5000,2,500
2068,2.1,1.573481544,GloGEMflow,0.19,2,5000,2,500
2070,2.15,1.477269374,GloGEMflow,0.19,2,5000,2,500
2075,2.2,1.371716425,GloGEMflow,0.19,2,5000,2,500
2076,2.25,1.24951428,GloGEMflow,0.19,2,5000,2,500
2077,2.3,1.135897819,GloGEMflow,0.19,2,5000,2,500
2080,2.35,1.045343347,GloGEMflow,0.19,2,5000,2,500
2081,2.4,0.974363546,GloGEMflow,0.19,2,5000,2,500
2083,2.45,0.907174271,GloGEMflow,0.19,2,5000,2,500
2084,2.5,0.839660501,GloGEMflow,0.19,2,5000,2,500
2085,2.55,0.776449835,GloGEMflow,0.19,2,5000,2,500
2087,2.6,0.718917997,GloGEMflow,0.19,2,5000,2,500
2088,2.65,0.668485079,GloGEMflow,0.19,2,5000,2,500
2090,2.7,0.625152519,GloGEMflow,0.19,2,5000,2,500
2093,2.75,0.588181954,GloGEMflow,0.19,2,5000,2,500
2094,2.8,0.559127924,GloGEMflow,0.19,2,5000,2,500
2097,2.85,0.54042064,GloGEMflow,0.19,2,5000,2,500
2098,2.9,0.528820103,GloGEMflow,0.19,2,5000,2,500
2099,2.95,0.519740997,GloGEMflow,0.19,2,5000,2,500
2102,3,0.510398128,GloGEMflow,0.19,2,5000,2,500
2105,3.05,0.500077538,GloGEMflow,0.19,2,5000,2,500
2106,3.1,0.489264252,GloGEMflow,0.19,2,5000,2,500
2108,3.15,0.478554871,GloGEMflow,0.19,2,5000,2,500
2109,3.2,0.46748773,GloGEMflow,0.19,2,5000,2,500
2110,3.25,0.455125115,GloGEMflow,0.19,2,5000,2,500
2111,3.3,0.441048993,GloGEMflow,0.19,2,5000,2,500
2112,3.35,0.425200962,GloGEMflow,0.19,2,5000,2,500
2113,3.4,0.407854931,GloGEMflow,0.19,2,5000,2,500
2115,3.45,0.38946565,GloGEMflow,0.19,2,5000,2,500
2117,3.5,0.370898073,GloGEMflow,0.19,2,5000,2,500
2121,3.55,0.352786847,GloGEMflow,0.19,2,5000,2,500
2122,3.6,0.33516986,GloGEMflow,0.19,2,5000,2,500
2124,3.65,0.318096661,GloGEMflow,0.19,2,5000,2,500
2125,3.7,0.301396797,GloGEMflow,0.19,2,5000,2,500
2126,3.75,0.285095141,GloGEMflow,0.19,2,5000,2,500
2127,3.8,0.269469206,GloGEMflow,0.19,2,5000,2,500
2129,3.85,0.254752921,GloGEMflow,0.19,2,5000,2,500
2130,3.9,0.241182318,GloGEMflow,0.19,2,5000,2,500
2131,3.95,0.228772096,GloGEMflow,0.19,2,5000,2,500
2133,4,0.217078976,GloGEMflow,0.19,2,5000,2,500
2135,4.05,0.205679795,GloGEMflow,0.19,2,5000,2,500
2136,4.1,0.194426074,GloGEMflow,0.19,2,5000,2,500
2137,4.15,0.183330427,GloGEMflow,0.19,2,5000,2,500
2139,4.2,0.17256486,GloGEMflow,0.19,2,5000,2,500
2140,4.25,0.162381532,GloGEMflow,0.19,2,5000,2,500
2141,4.3,0.152989525,GloGEMflow,0.19,2,5000,2,500
2142,4.35,0.144543507,GloGEMflow,0.19,2,5000,2,500
2143,4.4,0.136921718,GloGEMflow,0.19,2,5000,2,500
2145,4.45,0.129796096,GloGEMflow,0.19,2,5000,2,500
2146,4.5,0.122763258,GloGEMflow,0.19,2,5000,2,500
2147,4.55,0.115530669,GloGEMflow,0.19,2,5000,2,500
2149,4.6,0.108060567,GloGEMflow,0.19,2,5000,2,500
2150,4.65,0.10044646,GloGEMflow,0.19,2,5000,2,500
2152,4.7,0.09289079,GloGEMflow,0.19,2,5000,2,500
2153,4.75,0.085742872,GloGEMflow,0.19,2,5000,2,500
2154,4.8,0.079285237,GloGEMflow,0.19,2,5000,2,500
2155,4.85,0.073678224,GloGEMflow,0.19,2,5000,2,500
2156,4.9,0.068784694,GloGEMflow,0.19,2,5000,2,500
2157,4.95,0.064289094,GloGEMflow,0.19,2,5000,2,500
2158,5,0.06012569,GloGEMflow,0.19,2,5000,2,500
2159,5.05,0.056291757,GloGEMflow,0.19,2,5000,2,500
2160,5.1,0.052611763,GloGEMflow,0.19,2,5000,2,500
2161,5.15,0.048941369,GloGEMflow,0.19,2,5000,2,500
2162,5.2,0.045357896,GloGEMflow,0.19,2,5000,2,500
2164,5.25,0.04201577,GloGEMflow,0.19,2,5000,2,500
2165,5.3,0.039033085,GloGEMflow,0.19,2,5000,2,500
2166,5.35,0.036398405,GloGEMflow,0.19,2,5000,2,500
2167,5.4,0.034077552,GloGEMflow,0.19,2,5000,2,500
2168,5.45,0.03204019,GloGEMflow,0.19,2,5000,2,500
2169,5.5,0.03025759,GloGEMflow,0.19,2,5000,2,500
2170,5.55,0.028692177,GloGEMflow,0.19,2,5000,2,500
2171,5.6,0.027293362,GloGEMflow,0.19,2,5000,2,500
2172,5.65,0.026020465,GloGEMflow,0.19,2,5000,2,500
2173,5.7,0.024860786,GloGEMflow,0.19,2,5000,2,500
2174,5.75,0.023824564,GloGEMflow,0.19,2,5000,2,500
2175,5.8,0.022904052,GloGEMflow,0.19,2,5000,2,500
2178,5.85,0.022060734,GloGEMflow,0.19,2,5000,2,500
2179,5.9,0.021257938,GloGEMflow,0.19,2,5000,2,500
2180,5.95,0.020473292,GloGEMflow,0.19,2,5000,2,500
2181,6,0.019687456,GloGEMflow,0.19,2,5000,2,500
2182,6.05,0.018883102,GloGEMflow,0.19,2,5000,2,500
2183,6.1,0.018045509,GloGEMflow,0.19,2,5000,2,500
2184,6.15,0.01716429,GloGEMflow,0.19,2,5000,2,500
2185,6.2,0.016234276,GloGEMflow,0.19,2,5000,2,500
2186,6.25,0.015255016,GloGEMflow,0.19,2,5000,2,500
2187,6.3,0.014231721,GloGEMflow,0.19,2,5000,2,500
2188,6.35,0.013183235,GloGEMflow,0.19,2,5000,2,500
2189,6.4,0.012132594,GloGEMflow,0.19,2,5000,2,500
2190,6.45,0.011090936,GloGEMflow,0.19,2,5000,2,500
2191,6.5,0.010057793,GloGEMflow,0.19,2,5000,2,500
2192,6.55,0.009029343,GloGEMflow,0.19,2,5000,2,500
2193,6.6,0.008002465,GloGEMflow,0.19,2,5000,2,500
2194,6.65,0.006975779,GloGEMflow,0.19,2,5000,2,500
2195,6.7,0.005949117,GloGEMflow,0.19,2,5000,2,500
2196,6.75,0.004922477,GloGEMflow,0.19,2,5000,2,500
2197,6.8,0.003895858,GloGEMflow,0.19,2,5000,2,500
2198,6.85,0.00286926,GloGEMflow,0.19,2,5000,2,500
2202,-0.1,24.85872251,GloGEMflow3D,0.8,2,5000,2,500
2203,-0.05,24.17295875,GloGEMflow3D,0.8,2,5000,2,500
2204,0,23.48977842,GloGEMflow3D,0.8,2,5000,2,500
2205,0.05,22.80908615,GloGEMflow3D,0.8,2,5000,2,500
2207,0.1,22.13084455,GloGEMflow3D,0.8,2,5000,2,500
2209,0.15,21.45501603,GloGEMflow3D,0.8,2,5000,2,500
2211,0.2,20.78158172,GloGEMflow3D,0.8,2,5000,2,500
2214,0.25,20.11064149,GloGEMflow3D,0.8,2,5000,2,500
2216,0.3,19.44220175,GloGEMflow3D,0.8,2,5000,2,500
2218,0.35,18.77621158,GloGEMflow3D,0.8,2,5000,2,500
2224,0.4,18.11282142,GloGEMflow3D,0.8,2,5000,2,500
2225,0.45,17.45229281,GloGEMflow3D,0.8,2,5000,2,500
2227,0.5,16.79511334,GloGEMflow3D,0.8,2,5000,2,500
2228,0.55,16.1420155,GloGEMflow3D,0.8,2,5000,2,500
2229,0.6,15.49389963,GloGEMflow3D,0.8,2,5000,2,500
2230,0.65,14.8518116,GloGEMflow3D,0.8,2,5000,2,500
2231,0.7,14.21685664,GloGEMflow3D,0.8,2,5000,2,500
2232,0.75,13.59013024,GloGEMflow3D,0.8,2,5000,2,500
2233,0.8,12.97266646,GloGEMflow3D,0.8,2,5000,2,500
2234,0.85,12.36540336,GloGEMflow3D,0.8,2,5000,2,500
2235,0.9,11.76915932,GloGEMflow3D,0.8,2,5000,2,500
2240,0.95,11.18459639,GloGEMflow3D,0.8,2,5000,2,500
2241,1,10.61209964,GloGEMflow3D,0.8,2,5000,2,500
2242,1.05,10.05195037,GloGEMflow3D,0.8,2,5000,2,500
2244,1.1,9.504407291,GloGEMflow3D,0.8,2,5000,2,500
2245,1.15,8.969270789,GloGEMflow3D,0.8,2,5000,2,500
2246,1.2,8.445092868,GloGEMflow3D,0.8,2,5000,2,500
2247,1.25,7.930938556,GloGEMflow3D,0.8,2,5000,2,500
2248,1.3,7.426609126,GloGEMflow3D,0.8,2,5000,2,500
2249,1.35,6.932404438,GloGEMflow3D,0.8,2,5000,2,500
2250,1.4,6.448934198,GloGEMflow3D,0.8,2,5000,2,500
2251,1.45,5.976970542,GloGEMflow3D,0.8,2,5000,2,500
2256,1.5,5.51733628,GloGEMflow3D,0.8,2,5000,2,500
2259,1.55,5.070823628,GloGEMflow3D,0.8,2,5000,2,500
2260,1.6,4.63813865,GloGEMflow3D,0.8,2,5000,2,500
2262,1.65,4.219867332,GloGEMflow3D,0.8,2,5000,2,500
2270,1.7,3.816458583,GloGEMflow3D,0.8,2,5000,2,500
2274,1.75,3.42821973,GloGEMflow3D,0.8,2,5000,2,500
2275,1.8,3.055321448,GloGEMflow3D,0.8,2,5000,2,500
2276,1.85,2.697809315,GloGEMflow3D,0.8,2,5000,2,500
2277,1.9,2.355619441,GloGEMflow3D,0.8,2,5000,2,500
2280,1.95,2.028595763,GloGEMflow3D,0.8,2,5000,2,500
2282,2,1.716507728,GloGEMflow3D,0.8,2,5000,2,500
2285,2.05,1.419067446,GloGEMflow3D,0.8,2,5000,2,500
2288,2.1,1.135945648,GloGEMflow3D,0.8,2,5000,2,500
2290,2.15,0.86678598,GloGEMflow3D,0.8,2,5000,2,500
2295,2.2,0.611217524,GloGEMflow3D,0.8,2,5000,2,500
2296,2.25,0.368865734,GloGEMflow3D,0.8,2,5000,2,500
2297,2.3,0.139361376,GloGEMflow3D,0.8,2,5000,2,500
2300,2.35,0,GloGEMflow3D,0.8,2,5000,2,500
2301,2.4,0,GloGEMflow3D,0.8,2,5000,2,500
2303,2.45,0,GloGEMflow3D,0.8,2,5000,2,500
2304,2.5,0,GloGEMflow3D,0.8,2,5000,2,500
2305,2.55,0,GloGEMflow3D,0.8,2,5000,2,500
2307,2.6,0,GloGEMflow3D,0.8,2,5000,2,500
2308,2.65,0,GloGEMflow3D,0.8,2,5000,2,500
2310,2.7,0,GloGEMflow3D,0.8,2,5000,2,500
2313,2.75,0,GloGEMflow3D,0.8,2,5000,2,500
2314,2.8,0,GloGEMflow3D,0.8,2,5000,2,500
2317,2.85,0,GloGEMflow3D,0.8,2,5000,2,500
2318,2.9,0,GloGEMflow3D,0.8,2,5000,2,500
2319,2.95,0,GloGEMflow3D,0.8,2,5000,2,500
2322,3,0,GloGEMflow3D,0.8,2,5000,2,500
2325,3.05,0,GloGEMflow3D,0.8,2,5000,2,500
2326,3.1,0,GloGEMflow3D,0.8,2,5000,2,500
2328,3.15,0,GloGEMflow3D,0.8,2,5000,2,500
2329,3.2,0,GloGEMflow3D,0.8,2,5000,2,500
2330,3.25,0,GloGEMflow3D,0.8,2,5000,2,500
2331,3.3,0,GloGEMflow3D,0.8,2,5000,2,500
2332,3.35,0,GloGEMflow3D,0.8,2,5000,2,500
2333,3.4,0,GloGEMflow3D,0.8,2,5000,2,500
2335,3.45,0,GloGEMflow3D,0.8,2,5000,2,500
2337,3.5,0,GloGEMflow3D,0.8,2,5000,2,500
2341,3.55,0,GloGEMflow3D,0.8,2,5000,2,500
2342,3.6,0,GloGEMflow3D,0.8,2,5000,2,500
2344,3.65,0,GloGEMflow3D,0.8,2,5000,2,500
2345,3.7,0,GloGEMflow3D,0.8,2,5000,2,500
2346,3.75,0,GloGEMflow3D,0.8,2,5000,2,500
2347,3.8,0,GloGEMflow3D,0.8,2,5000,2,500
2349,3.85,0,GloGEMflow3D,0.8,2,5000,2,500
2350,3.9,0,GloGEMflow3D,0.8,2,5000,2,500
2351,3.95,0,GloGEMflow3D,0.8,2,5000,2,500
2353,4,0,GloGEMflow3D,0.8,2,5000,2,500
2355,4.05,0,GloGEMflow3D,0.8,2,5000,2,500
2356,4.1,0,GloGEMflow3D,0.8,2,5000,2,500
2357,4.15,0,GloGEMflow3D,0.8,2,5000,2,500
2359,4.2,0,GloGEMflow3D,0.8,2,5000,2,500
2360,4.25,0,GloGEMflow3D,0.8,2,5000,2,500
2361,4.3,0,GloGEMflow3D,0.8,2,5000,2,500
2362,4.35,0,GloGEMflow3D,0.8,2,5000,2,500
2363,4.4,0,GloGEMflow3D,0.8,2,5000,2,500
2365,4.45,0,GloGEMflow3D,0.8,2,5000,2,500
2366,4.5,0,GloGEMflow3D,0.8,2,5000,2,500
2367,4.55,0,GloGEMflow3D,0.8,2,5000,2,500
2369,4.6,0,GloGEMflow3D,0.8,2,5000,2,500
2370,4.65,0,GloGEMflow3D,0.8,2,5000,2,500
2372,4.7,0,GloGEMflow3D,0.8,2,5000,2,500
2373,4.75,0,GloGEMflow3D,0.8,2,5000,2,500
2374,4.8,0,GloGEMflow3D,0.8,2,5000,2,500
2375,4.85,0,GloGEMflow3D,0.8,2,5000,2,500
2376,4.9,0,GloGEMflow3D,0.8,2,5000,2,500
2377,4.95,0,GloGEMflow3D,0.8,2,5000,2,500
2378,5,0,GloGEMflow3D,0.8,2,5000,2,500
2379,5.05,0,GloGEMflow3D,0.8,2,5000,2,500
2380,5.1,0,GloGEMflow3D,0.8,2,5000,2,500
2381,5.15,0,GloGEMflow3D,0.8,2,5000,2,500
2382,5.2,0,GloGEMflow3D,0.8,2,5000,2,500
2384,5.25,0,GloGEMflow3D,0.8,2,5000,2,500
2385,5.3,0,GloGEMflow3D,0.8,2,5000,2,500
2386,5.35,0,GloGEMflow3D,0.8,2,5000,2,500
2387,5.4,0,GloGEMflow3D,0.8,2,5000,2,500
2388,5.45,0,GloGEMflow3D,0.8,2,5000,2,500
2389,5.5,0,GloGEMflow3D,0.8,2,5000,2,500
2390,5.55,0,GloGEMflow3D,0.8,2,5000,2,500
2391,5.6,0,GloGEMflow3D,0.8,2,5000,2,500
2392,5.65,0,GloGEMflow3D,0.8,2,5000,2,500
2393,5.7,0,GloGEMflow3D,0.8,2,5000,2,500
2394,5.75,0,GloGEMflow3D,0.8,2,5000,2,500
2395,5.8,0,GloGEMflow3D,0.8,2,5000,2,500
2398,5.85,0,GloGEMflow3D,0.8,2,5000,2,500
2399,5.9,0,GloGEMflow3D,0.8,2,5000,2,500
2400,5.95,0,GloGEMflow3D,0.8,2,5000,2,500
2401,6,0,GloGEMflow3D,0.8,2,5000,2,500
2402,6.05,0,GloGEMflow3D,0.8,2,5000,2,500
2403,6.1,0,GloGEMflow3D,0.8,2,5000,2,500
2404,6.15,0,GloGEMflow3D,0.8,2,5000,2,500
2405,6.2,0,GloGEMflow3D,0.8,2,5000,2,500
2406,6.25,0,GloGEMflow3D,0.8,2,5000,2,500
2407,6.3,0,GloGEMflow3D,0.8,2,5000,2,500
2408,6.35,0,GloGEMflow3D,0.8,2,5000,2,500
2409,6.4,0,GloGEMflow3D,0.8,2,5000,2,500
2410,6.45,0,GloGEMflow3D,0.8,2,5000,2,500
2411,6.5,0,GloGEMflow3D,0.8,2,5000,2,500
2412,6.55,0,GloGEMflow3D,0.8,2,5000,2,500
2413,6.6,0,GloGEMflow3D,0.8,2,5000,2,500
2414,6.65,0,GloGEMflow3D,0.8,2,5000,2,500
2415,6.7,0,GloGEMflow3D,0.8,2,5000,2,500
2416,6.75,0,GloGEMflow3D,0.8,2,5000,2,500
2417,6.8,0,GloGEMflow3D,0.8,2,5000,2,500
2418,6.85,0,GloGEMflow3D,0.8,2,5000,2,500
2422,-0.1,181.6818417,OGGM_v16,0.19,2,5000,2,500
2423,-0.05,171.8951762,OGGM_v16,0.19,2,5000,2,500
2424,0,161.9031753,OGGM_v16,0.19,2,5000,2,500
2425,0.05,151.8354483,OGGM_v16,0.19,2,5000,2,500
2427,0.1,141.8349348,OGGM_v16,0.19,2,5000,2,500
2429,0.15,132.0462077,OGGM_v16,0.19,2,5000,2,500
2431,0.2,122.6026749,OGGM_v16,0.19,2,5000,2,500
2434,0.25,113.6420945,OGGM_v16,0.19,2,5000,2,500
2436,0.3,105.2335397,OGGM_v16,0.19,2,5000,2,500
2438,0.35,97.35064065,OGGM_v16,0.19,2,5000,2,500
2444,0.4,89.92545992,OGGM_v16,0.19,2,5000,2,500
2445,0.45,82.90637892,OGGM_v16,0.19,2,5000,2,500
2447,0.5,76.31348939,OGGM_v16,0.19,2,5000,2,500
2448,0.55,70.21102352,OGGM_v16,0.19,2,5000,2,500
2449,0.6,64.68207096,OGGM_v16,0.19,2,5000,2,500
2450,0.65,59.82887328,OGGM_v16,0.19,2,5000,2,500
2451,0.7,55.75562732,OGGM_v16,0.19,2,5000,2,500
2452,0.75,52.54374997,OGGM_v16,0.19,2,5000,2,500
2453,0.8,50.17548797,OGGM_v16,0.19,2,5000,2,500
2454,0.85,48.40142402,OGGM_v16,0.19,2,5000,2,500
2455,0.9,46.69287373,OGGM_v16,0.19,2,5000,2,500
2460,0.95,44.48529512,OGGM_v16,0.19,2,5000,2,500
2461,1,41.70681926,OGGM_v16,0.19,2,5000,2,500
2462,1.05,39.06875412,OGGM_v16,0.19,2,5000,2,500
2464,1.1,36.81223761,OGGM_v16,0.19,2,5000,2,500
2465,1.15,34.94963005,OGGM_v16,0.19,2,5000,2,500
2466,1.2,33.39682778,OGGM_v16,0.19,2,5000,2,500
2467,1.25,31.98550931,OGGM_v16,0.19,2,5000,2,500
2468,1.3,30.54067732,OGGM_v16,0.19,2,5000,2,500
2469,1.35,28.90020424,OGGM_v16,0.19,2,5000,2,500
2470,1.4,27.0262185,OGGM_v16,0.19,2,5000,2,500
2471,1.45,24.9479095,OGGM_v16,0.19,2,5000,2,500
2476,1.5,22.71981669,OGGM_v16,0.19,2,5000,2,500
2479,1.55,20.36221258,OGGM_v16,0.19,2,5000,2,500
2480,1.6,17.87305548,OGGM_v16,0.19,2,5000,2,500
2482,1.65,15.40775836,OGGM_v16,0.19,2,5000,2,500
2490,1.7,13.20082101,OGGM_v16,0.19,2,5000,2,500
2494,1.75,11.46374303,OGGM_v16,0.19,2,5000,2,500
2495,1.8,10.29187738,OGGM_v16,0.19,2,5000,2,500
2496,1.85,9.560454463,OGGM_v16,0.19,2,5000,2,500
2497,1.9,9.07555112,OGGM_v16,0.19,2,5000,2,500
2500,1.95,8.644770616,OGGM_v16,0.19,2,5000,2,500
2502,2,8.115301177,OGGM_v16,0.19,2,5000,2,500
2505,2.05,7.379582182,OGGM_v16,0.19,2,5000,2,500
2508,2.1,6.495959463,OGGM_v16,0.19,2,5000,2,500
2510,2.15,5.580383782,OGGM_v16,0.19,2,5000,2,500
2515,2.2,4.685668621,OGGM_v16,0.19,2,5000,2,500
2516,2.25,3.812189232,OGGM_v16,0.19,2,5000,2,500
2517,2.3,3.054946057,OGGM_v16,0.19,2,5000,2,500
2520,2.35,2.507332975,OGGM_v16,0.19,2,5000,2,500
2521,2.4,2.173474026,OGGM_v16,0.19,2,5000,2,500
2523,2.45,1.998077012,OGGM_v16,0.19,2,5000,2,500
2524,2.5,1.925654235,OGGM_v16,0.19,2,5000,2,500
2525,2.55,1.904589099,OGGM_v16,0.19,2,5000,2,500
2527,2.6,1.892498824,OGGM_v16,0.19,2,5000,2,500
2528,2.65,1.862504221,OGGM_v16,0.19,2,5000,2,500
2530,2.7,1.795852415,OGGM_v16,0.19,2,5000,2,500
2533,2.75,1.696357727,OGGM_v16,0.19,2,5000,2,500
2534,2.8,1.587195995,OGGM_v16,0.19,2,5000,2,500
2537,2.85,1.479720543,OGGM_v16,0.19,2,5000,2,500
2538,2.9,1.373460176,OGGM_v16,0.19,2,5000,2,500
2539,2.95,1.275063811,OGGM_v16,0.19,2,5000,2,500
2542,3,1.189478518,OGGM_v16,0.19,2,5000,2,500
2545,3.05,1.117764358,OGGM_v16,0.19,2,5000,2,500
2546,3.1,1.057155324,OGGM_v16,0.19,2,5000,2,500
2548,3.15,1.006092737,OGGM_v16,0.19,2,5000,2,500
2549,3.2,0.964000523,OGGM_v16,0.19,2,5000,2,500
2550,3.25,0.93061376,OGGM_v16,0.19,2,5000,2,500
2551,3.3,0.902150854,OGGM_v16,0.19,2,5000,2,500
2552,3.35,0.874859094,OGGM_v16,0.19,2,5000,2,500
2553,3.4,0.847238216,OGGM_v16,0.19,2,5000,2,500
2555,3.45,0.81773112,OGGM_v16,0.19,2,5000,2,500
2557,3.5,0.784542263,OGGM_v16,0.19,2,5000,2,500
2561,3.55,0.749093042,OGGM_v16,0.19,2,5000,2,500
2562,3.6,0.714307261,OGGM_v16,0.19,2,5000,2,500
2564,3.65,0.682705186,OGGM_v16,0.19,2,5000,2,500
2565,3.7,0.653705598,OGGM_v16,0.19,2,5000,2,500
2566,3.75,0.625547057,OGGM_v16,0.19,2,5000,2,500
2567,3.8,0.597478192,OGGM_v16,0.19,2,5000,2,500
2569,3.85,0.568933766,OGGM_v16,0.19,2,5000,2,500
2570,3.9,0.539489293,OGGM_v16,0.19,2,5000,2,500
2571,3.95,0.509297175,OGGM_v16,0.19,2,5000,2,500
2573,4,0.479042456,OGGM_v16,0.19,2,5000,2,500
2575,4.05,0.449355599,OGGM_v16,0.19,2,5000,2,500
2576,4.1,0.420170747,OGGM_v16,0.19,2,5000,2,500
2577,4.15,0.39139336,OGGM_v16,0.19,2,5000,2,500
2579,4.2,0.363289326,OGGM_v16,0.19,2,5000,2,500
2580,4.25,0.336069035,OGGM_v16,0.19,2,5000,2,500
2581,4.3,0.309722975,OGGM_v16,0.19,2,5000,2,500
2582,4.35,0.284423339,OGGM_v16,0.19,2,5000,2,500
2583,4.4,0.260516682,OGGM_v16,0.19,2,5000,2,500
2585,4.45,0.238700336,OGGM_v16,0.19,2,5000,2,500
2586,4.5,0.219283049,OGGM_v16,0.19,2,5000,2,500
2587,4.55,0.20196807,OGGM_v16,0.19,2,5000,2,500
2589,4.6,0.1865819,OGGM_v16,0.19,2,5000,2,500
2590,4.65,0.172982137,OGGM_v16,0.19,2,5000,2,500
2592,4.7,0.160726786,OGGM_v16,0.19,2,5000,2,500
2593,4.75,0.149842749,OGGM_v16,0.19,2,5000,2,500
2594,4.8,0.140512329,OGGM_v16,0.19,2,5000,2,500
2595,4.85,0.132636193,OGGM_v16,0.19,2,5000,2,500
2596,4.9,0.125963022,OGGM_v16,0.19,2,5000,2,500
2597,4.95,0.120225807,OGGM_v16,0.19,2,5000,2,500
2598,5,0.115128971,OGGM_v16,0.19,2,5000,2,500
2599,5.05,0.11035958,OGGM_v16,0.19,2,5000,2,500
2600,5.1,0.105514753,OGGM_v16,0.19,2,5000,2,500
2601,5.15,0.100376663,OGGM_v16,0.19,2,5000,2,500
2602,5.2,0.094937124,OGGM_v16,0.19,2,5000,2,500
2604,5.25,0.089397882,OGGM_v16,0.19,2,5000,2,500
2605,5.3,0.084060204,OGGM_v16,0.19,2,5000,2,500
2606,5.35,0.079056942,OGGM_v16,0.19,2,5000,2,500
2607,5.4,0.074473565,OGGM_v16,0.19,2,5000,2,500
2608,5.45,0.070429396,OGGM_v16,0.19,2,5000,2,500
2609,5.5,0.066974984,OGGM_v16,0.19,2,5000,2,500
2610,5.55,0.064008396,OGGM_v16,0.19,2,5000,2,500
2611,5.6,0.061333797,OGGM_v16,0.19,2,5000,2,500
2612,5.65,0.058823804,OGGM_v16,0.19,2,5000,2,500
2613,5.7,0.056478693,OGGM_v16,0.19,2,5000,2,500
2614,5.75,0.054319395,OGGM_v16,0.19,2,5000,2,500
2615,5.8,0.052337531,OGGM_v16,0.19,2,5000,2,500
2618,5.85,0.050493317,OGGM_v16,0.19,2,5000,2,500
2619,5.9,0.048758728,OGGM_v16,0.19,2,5000,2,500
2620,5.95,0.047105737,OGGM_v16,0.19,2,5000,2,500
2621,6,0.045509374,OGGM_v16,0.19,2,5000,2,500
2622,6.05,0.043949097,OGGM_v16,0.19,2,5000,2,500
2623,6.1,0.042409027,OGGM_v16,0.19,2,5000,2,500
2624,6.15,0.040877899,OGGM_v16,0.19,2,5000,2,500
2625,6.2,0.0393477,OGGM_v16,0.19,2,5000,2,500
2626,6.25,0.037809852,OGGM_v16,0.19,2,5000,2,500
2627,6.3,0.03625032,OGGM_v16,0.19,2,5000,2,500
2628,6.35,0.034654151,OGGM_v16,0.19,2,5000,2,500
2629,6.4,0.033008933,OGGM_v16,0.19,2,5000,2,500
2630,6.45,0.031288807,OGGM_v16,0.19,2,5000,2,500
2631,6.5,0.029467,OGGM_v16,0.19,2,5000,2,500
2632,6.55,0.027520811,OGGM_v16,0.19,2,5000,2,500
2633,6.6,0.025433455,OGGM_v16,0.19,2,5000,2,500
2634,6.65,0.02320154,OGGM_v16,0.19,2,5000,2,500
2635,6.7,0.020839487,OGGM_v16,0.19,2,5000,2,500
2636,6.75,0.018377145,OGGM_v16,0.19,2,5000,2,500
2637,6.8,0.015866641,OGGM_v16,0.19,2,5000,2,500
2638,6.85,0.013358269,OGGM_v16,0.19,2,5000,2,500
2642,-0.1,224.4872957,PyGEM-OGGM_v13,0.18,2,5000,2,500
2643,-0.05,212.3965526,PyGEM-OGGM_v13,0.18,2,5000,2,500
2644,0,201.0685783,PyGEM-OGGM_v13,0.18,2,5000,2,500
2645,0.05,190.7073324,PyGEM-OGGM_v13,0.18,2,5000,2,500
2647,0.1,181.4743187,PyGEM-OGGM_v13,0.18,2,5000,2,500
2649,0.15,173.5653935,PyGEM-OGGM_v13,0.18,2,5000,2,500
2651,0.2,166.9170791,PyGEM-OGGM_v13,0.18,2,5000,2,500
2654,0.25,161.1465621,PyGEM-OGGM_v13,0.18,2,5000,2,500
2656,0.3,155.9074447,PyGEM-OGGM_v13,0.18,2,5000,2,500
2658,0.35,150.6860993,PyGEM-OGGM_v13,0.18,2,5000,2,500
2664,0.4,144.1626165,PyGEM-OGGM_v13,0.18,2,5000,2,500
2665,0.45,136.0421334,PyGEM-OGGM_v13,0.18,2,5000,2,500
2667,0.5,127.208366,PyGEM-OGGM_v13,0.18,2,5000,2,500
2668,0.55,118.6205516,PyGEM-OGGM_v13,0.18,2,5000,2,500
2669,0.6,110.8317176,PyGEM-OGGM_v13,0.18,2,5000,2,500
2670,0.65,103.925785,PyGEM-OGGM_v13,0.18,2,5000,2,500
2671,0.7,97.66387111,PyGEM-OGGM_v13,0.18,2,5000,2,500
2672,0.75,91.693262,PyGEM-OGGM_v13,0.18,2,5000,2,500
2673,0.8,85.78325044,PyGEM-OGGM_v13,0.18,2,5000,2,500
2674,0.85,79.97708646,PyGEM-OGGM_v13,0.18,2,5000,2,500
2675,0.9,74.46008921,PyGEM-OGGM_v13,0.18,2,5000,2,500
2680,0.95,68.98027257,PyGEM-OGGM_v13,0.18,2,5000,2,500
2681,1,63.26550479,PyGEM-OGGM_v13,0.18,2,5000,2,500
2682,1.05,58.41985512,PyGEM-OGGM_v13,0.18,2,5000,2,500
2684,1.1,54.76699935,PyGEM-OGGM_v13,0.18,2,5000,2,500
2685,1.15,51.86815876,PyGEM-OGGM_v13,0.18,2,5000,2,500
2686,1.2,49.15007187,PyGEM-OGGM_v13,0.18,2,5000,2,500
2687,1.25,45.88598898,PyGEM-OGGM_v13,0.18,2,5000,2,500
2688,1.3,41.3990599,PyGEM-OGGM_v13,0.18,2,5000,2,500
2689,1.35,35.71433067,PyGEM-OGGM_v13,0.18,2,5000,2,500
2690,1.4,29.71445252,PyGEM-OGGM_v13,0.18,2,5000,2,500
2691,1.45,24.85693179,PyGEM-OGGM_v13,0.18,2,5000,2,500
2696,1.5,22.44236444,PyGEM-OGGM_v13,0.18,2,5000,2,500
2699,1.55,21.6756442,PyGEM-OGGM_v13,0.18,2,5000,2,500
2700,1.6,20.50753728,PyGEM-OGGM_v13,0.18,2,5000,2,500
2702,1.65,18.60520709,PyGEM-OGGM_v13,0.18,2,5000,2,500
2710,1.7,16.3001549,PyGEM-OGGM_v13,0.18,2,5000,2,500
2714,1.75,14.32172128,PyGEM-OGGM_v13,0.18,2,5000,2,500
2715,1.8,12.87582065,PyGEM-OGGM_v13,0.18,2,5000,2,500
2716,1.85,11.92690045,PyGEM-OGGM_v13,0.18,2,5000,2,500
2717,1.9,11.34023999,PyGEM-OGGM_v13,0.18,2,5000,2,500
2720,1.95,10.98471121,PyGEM-OGGM_v13,0.18,2,5000,2,500
2722,2,10.66731154,PyGEM-OGGM_v13,0.18,2,5000,2,500
2725,2.05,10.26407849,PyGEM-OGGM_v13,0.18,2,5000,2,500
2728,2.1,9.713146139,PyGEM-OGGM_v13,0.18,2,5000,2,500
2730,2.15,9.107467819,PyGEM-OGGM_v13,0.18,2,5000,2,500
2735,2.2,8.464686225,PyGEM-OGGM_v13,0.18,2,5000,2,500
2736,2.25,7.760806471,PyGEM-OGGM_v13,0.18,2,5000,2,500
2737,2.3,7.029826937,PyGEM-OGGM_v13,0.18,2,5000,2,500
2740,2.35,6.329651267,PyGEM-OGGM_v13,0.18,2,5000,2,500
2741,2.4,5.662068878,PyGEM-OGGM_v13,0.18,2,5000,2,500
2743,2.45,5.031874405,PyGEM-OGGM_v13,0.18,2,5000,2,500
2744,2.5,4.442150083,PyGEM-OGGM_v13,0.18,2,5000,2,500
2745,2.55,3.897942862,PyGEM-OGGM_v13,0.18,2,5000,2,500
2747,2.6,3.40694398,PyGEM-OGGM_v13,0.18,2,5000,2,500
2748,2.65,2.985713668,PyGEM-OGGM_v13,0.18,2,5000,2,500
2750,2.7,2.650786885,PyGEM-OGGM_v13,0.18,2,5000,2,500
2753,2.75,2.389453677,PyGEM-OGGM_v13,0.18,2,5000,2,500
2754,2.8,2.189387545,PyGEM-OGGM_v13,0.18,2,5000,2,500
2757,2.85,2.06871953,PyGEM-OGGM_v13,0.18,2,5000,2,500
2758,2.9,2.01230817,PyGEM-OGGM_v13,0.18,2,5000,2,500
2759,2.95,1.979553659,PyGEM-OGGM_v13,0.18,2,5000,2,500
2762,3,1.93841859,PyGEM-OGGM_v13,0.18,2,5000,2,500
2765,3.05,1.871110946,PyGEM-OGGM_v13,0.18,2,5000,2,500
2766,3.1,1.774043376,PyGEM-OGGM_v13,0.18,2,5000,2,500
2768,3.15,1.651342302,PyGEM-OGGM_v13,0.18,2,5000,2,500
2769,3.2,1.51586242,PyGEM-OGGM_v13,0.18,2,5000,2,500
2770,3.25,1.376185168,PyGEM-OGGM_v13,0.18,2,5000,2,500
2771,3.3,1.235780103,PyGEM-OGGM_v13,0.18,2,5000,2,500
2772,3.35,1.099170082,PyGEM-OGGM_v13,0.18,2,5000,2,500
2773,3.4,0.970999509,PyGEM-OGGM_v13,0.18,2,5000,2,500
2775,3.45,0.853704613,PyGEM-OGGM_v13,0.18,2,5000,2,500
2777,3.5,0.749736158,PyGEM-OGGM_v13,0.18,2,5000,2,500
2781,3.55,0.664303506,PyGEM-OGGM_v13,0.18,2,5000,2,500
2782,3.6,0.601636023,PyGEM-OGGM_v13,0.18,2,5000,2,500
2784,3.65,0.559935255,PyGEM-OGGM_v13,0.18,2,5000,2,500
2785,3.7,0.530637514,PyGEM-OGGM_v13,0.18,2,5000,2,500
2786,3.75,0.508878143,PyGEM-OGGM_v13,0.18,2,5000,2,500
2787,3.8,0.492049666,PyGEM-OGGM_v13,0.18,2,5000,2,500
2789,3.85,0.478032003,PyGEM-OGGM_v13,0.18,2,5000,2,500
2790,3.9,0.464639109,PyGEM-OGGM_v13,0.18,2,5000,2,500
2791,3.95,0.449646998,PyGEM-OGGM_v13,0.18,2,5000,2,500
2793,4,0.431608385,PyGEM-OGGM_v13,0.18,2,5000,2,500
2795,4.05,0.410344719,PyGEM-OGGM_v13,0.18,2,5000,2,500
2796,4.1,0.386303599,PyGEM-OGGM_v13,0.18,2,5000,2,500
2797,4.15,0.36058534,PyGEM-OGGM_v13,0.18,2,5000,2,500
2799,4.2,0.334588795,PyGEM-OGGM_v13,0.18,2,5000,2,500
2800,4.25,0.309664836,PyGEM-OGGM_v13,0.18,2,5000,2,500
2801,4.3,0.286458888,PyGEM-OGGM_v13,0.18,2,5000,2,500
2802,4.35,0.265041432,PyGEM-OGGM_v13,0.18,2,5000,2,500
2803,4.4,0.245101437,PyGEM-OGGM_v13,0.18,2,5000,2,500
2805,4.45,0.226145967,PyGEM-OGGM_v13,0.18,2,5000,2,500
2806,4.5,0.207993485,PyGEM-OGGM_v13,0.18,2,5000,2,500
2807,4.55,0.190949133,PyGEM-OGGM_v13,0.18,2,5000,2,500
2809,4.6,0.175274712,PyGEM-OGGM_v13,0.18,2,5000,2,500
2810,4.65,0.16088665,PyGEM-OGGM_v13,0.18,2,5000,2,500
2812,4.7,0.147908533,PyGEM-OGGM_v13,0.18,2,5000,2,500
2813,4.75,0.136886791,PyGEM-OGGM_v13,0.18,2,5000,2,500
2814,4.8,0.127859256,PyGEM-OGGM_v13,0.18,2,5000,2,500
2815,4.85,0.120297829,PyGEM-OGGM_v13,0.18,2,5000,2,500
2816,4.9,0.113826816,PyGEM-OGGM_v13,0.18,2,5000,2,500
2817,4.95,0.108341851,PyGEM-OGGM_v13,0.18,2,5000,2,500
2818,5,0.103713196,PyGEM-OGGM_v13,0.18,2,5000,2,500
2819,5.05,0.09969908,PyGEM-OGGM_v13,0.18,2,5000,2,500
2820,5.1,0.095855876,PyGEM-OGGM_v13,0.18,2,5000,2,500
2821,5.15,0.091778507,PyGEM-OGGM_v13,0.18,2,5000,2,500
2822,5.2,0.08733155,PyGEM-OGGM_v13,0.18,2,5000,2,500
2824,5.25,0.082613244,PyGEM-OGGM_v13,0.18,2,5000,2,500
2825,5.3,0.077839407,PyGEM-OGGM_v13,0.18,2,5000,2,500
2826,5.35,0.073222777,PyGEM-OGGM_v13,0.18,2,5000,2,500
2827,5.4,0.069089601,PyGEM-OGGM_v13,0.18,2,5000,2,500
2828,5.45,0.065583053,PyGEM-OGGM_v13,0.18,2,5000,2,500
2829,5.5,0.062645415,PyGEM-OGGM_v13,0.18,2,5000,2,500
2830,5.55,0.060126448,PyGEM-OGGM_v13,0.18,2,5000,2,500
2831,5.6,0.057844628,PyGEM-OGGM_v13,0.18,2,5000,2,500
2832,5.65,0.055692024,PyGEM-OGGM_v13,0.18,2,5000,2,500
2833,5.7,0.053662262,PyGEM-OGGM_v13,0.18,2,5000,2,500
2834,5.75,0.051782986,PyGEM-OGGM_v13,0.18,2,5000,2,500
2835,5.8,0.05008978,PyGEM-OGGM_v13,0.18,2,5000,2,500
2838,5.85,0.04856434,PyGEM-OGGM_v13,0.18,2,5000,2,500
2839,5.9,0.047174265,PyGEM-OGGM_v13,0.18,2,5000,2,500
2840,5.95,0.045887258,PyGEM-OGGM_v13,0.18,2,5000,2,500
2841,6,0.044669192,PyGEM-OGGM_v13,0.18,2,5000,2,500
2842,6.05,0.043485609,PyGEM-OGGM_v13,0.18,2,5000,2,500
2843,6.1,0.042303015,PyGEM-OGGM_v13,0.18,2,5000,2,500
2844,6.15,0.041088683,PyGEM-OGGM_v13,0.18,2,5000,2,500
2845,6.2,0.039815773,PyGEM-OGGM_v13,0.18,2,5000,2,500
2846,6.25,0.038477406,PyGEM-OGGM_v13,0.18,2,5000,2,500
2847,6.3,0.037086906,PyGEM-OGGM_v13,0.18,2,5000,2,500
2848,6.35,0.035669794,PyGEM-OGGM_v13,0.18,2,5000,2,500
2849,6.4,0.034247666,PyGEM-OGGM_v13,0.18,2,5000,2,500
2850,6.45,0.032834897,PyGEM-OGGM_v13,0.18,2,5000,2,500
2851,6.5,0.031443861,PyGEM-OGGM_v13,0.18,2,5000,2,500
2852,6.55,0.030085063,PyGEM-OGGM_v13,0.18,2,5000,2,500
2853,6.6,0.028758119,PyGEM-OGGM_v13,0.18,2,5000,2,500
2854,6.65,0.027445851,PyGEM-OGGM_v13,0.18,2,5000,2,500
2855,6.7,0.026128131,PyGEM-OGGM_v13,0.18,2,5000,2,500
2856,6.75,0.024808115,PyGEM-OGGM_v13,0.18,2,5000,2,500
2857,6.8,0.023499424,PyGEM-OGGM_v13,0.18,2,5000,2,500
2858,6.85,0.022217096,PyGEM-OGGM_v13,0.18,2,5000,2,500
2862,-0.1,94.64739585,GLIMB,0.34,3,5000,2,500
2863,-0.05,93.61849386,GLIMB,0.34,3,5000,2,500
2864,0,92.57725221,GLIMB,0.34,3,5000,2,500
2865,0.05,91.51184167,GLIMB,0.34,3,5000,2,500
2867,0.1,90.40751409,GLIMB,0.34,3,5000,2,500
2869,0.15,89.25074004,GLIMB,0.34,3,5000,2,500
2871,0.2,88.03133002,GLIMB,0.34,3,5000,2,500
2874,0.25,86.75417402,GLIMB,0.34,3,5000,2,500
2876,0.3,85.43221103,GLIMB,0.34,3,5000,2,500
2878,0.35,84.08335644,GLIMB,0.34,3,5000,2,500
2884,0.4,82.72714482,GLIMB,0.34,3,5000,2,500
2885,0.45,81.37553549,GLIMB,0.34,3,5000,2,500
2887,0.5,80.03121599,GLIMB,0.34,3,5000,2,500
2888,0.55,78.70077867,GLIMB,0.34,3,5000,2,500
2889,0.6,77.40087072,GLIMB,0.34,3,5000,2,500
2890,0.65,76.14513245,GLIMB,0.34,3,5000,2,500
2891,0.7,74.94865108,GLIMB,0.34,3,5000,2,500
2892,0.75,73.82307196,GLIMB,0.34,3,5000,2,500
2893,0.8,72.77225651,GLIMB,0.34,3,5000,2,500
2894,0.85,71.79056002,GLIMB,0.34,3,5000,2,500
2895,0.9,70.8634017,GLIMB,0.34,3,5000,2,500
2900,0.95,69.97555582,GLIMB,0.34,3,5000,2,500
2901,1,69.11057134,GLIMB,0.34,3,5000,2,500
2902,1.05,68.25391609,GLIMB,0.34,3,5000,2,500
2904,1.1,67.39941398,GLIMB,0.34,3,5000,2,500
2905,1.15,66.55271494,GLIMB,0.34,3,5000,2,500
2906,1.2,65.71990728,GLIMB,0.34,3,5000,2,500
2907,1.25,64.90765578,GLIMB,0.34,3,5000,2,500
2908,1.3,64.12052971,GLIMB,0.34,3,5000,2,500
2909,1.35,63.34913281,GLIMB,0.34,3,5000,2,500
2910,1.4,62.57185707,GLIMB,0.34,3,5000,2,500
2911,1.45,61.77613772,GLIMB,0.34,3,5000,2,500
2916,1.5,60.95355985,GLIMB,0.34,3,5000,2,500
2919,1.55,60.08329821,GLIMB,0.34,3,5000,2,500
2920,1.6,59.12712537,GLIMB,0.34,3,5000,2,500
2922,1.65,58.04266737,GLIMB,0.34,3,5000,2,500
2930,1.7,56.7994044,GLIMB,0.34,3,5000,2,500
2934,1.75,55.3918539,GLIMB,0.34,3,5000,2,500
2935,1.8,53.83890274,GLIMB,0.34,3,5000,2,500
2936,1.85,52.16578872,GLIMB,0.34,3,5000,2,500
2937,1.9,50.4062911,GLIMB,0.34,3,5000,2,500
2940,1.95,48.59185917,GLIMB,0.34,3,5000,2,500
2942,2,46.74645894,GLIMB,0.34,3,5000,2,500
2945,2.05,44.89175122,GLIMB,0.34,3,5000,2,500
2948,2.1,43.04277936,GLIMB,0.34,3,5000,2,500
2950,2.15,41.21627677,GLIMB,0.34,3,5000,2,500
2955,2.2,39.43129746,GLIMB,0.34,3,5000,2,500
2956,2.25,37.70672595,GLIMB,0.34,3,5000,2,500
2957,2.3,36.060119,GLIMB,0.34,3,5000,2,500
2960,2.35,34.50165696,GLIMB,0.34,3,5000,2,500
2961,2.4,33.04225939,GLIMB,0.34,3,5000,2,500
2963,2.45,31.69909073,GLIMB,0.34,3,5000,2,500
2964,2.5,30.49071223,GLIMB,0.34,3,5000,2,500
2965,2.55,29.44029219,GLIMB,0.34,3,5000,2,500
2967,2.6,28.56747027,GLIMB,0.34,3,5000,2,500
2968,2.65,27.88111227,GLIMB,0.34,3,5000,2,500
2970,2.7,27.37190208,GLIMB,0.34,3,5000,2,500
2973,2.75,27.02160169,GLIMB,0.34,3,5000,2,500
2974,2.8,26.79997525,GLIMB,0.34,3,5000,2,500
2977,2.85,26.66778117,GLIMB,0.34,3,5000,2,500
2978,2.9,26.59715503,GLIMB,0.34,3,5000,2,500
2979,2.95,26.56535402,GLIMB,0.34,3,5000,2,500
2982,3,26.54767895,GLIMB,0.34,3,5000,2,500
2985,3.05,26.5176628,GLIMB,0.34,3,5000,2,500
2986,3.1,26.47627182,GLIMB,0.34,3,5000,2,500
2988,3.15,26.42306571,GLIMB,0.34,3,5000,2,500
2989,3.2,26.34334986,GLIMB,0.34,3,5000,2,500
2990,3.25,26.22676068,GLIMB,0.34,3,5000,2,500
2991,3.3,26.06745465,GLIMB,0.34,3,5000,2,500
2992,3.35,25.86002747,GLIMB,0.34,3,5000,2,500
2993,3.4,25.60035166,GLIMB,0.34,3,5000,2,500
2995,3.45,25.28742505,GLIMB,0.34,3,5000,2,500
2997,3.5,24.91828839,GLIMB,0.34,3,5000,2,500
3001,3.55,24.49292454,GLIMB,0.34,3,5000,2,500
3002,3.6,24.01540435,GLIMB,0.34,3,5000,2,500
3004,3.65,23.49139059,GLIMB,0.34,3,5000,2,500
3005,3.7,22.92791473,GLIMB,0.34,3,5000,2,500
3006,3.75,22.33372194,GLIMB,0.34,3,5000,2,500
3007,3.8,21.71045484,GLIMB,0.34,3,5000,2,500
3009,3.85,21.05958742,GLIMB,0.34,3,5000,2,500
3010,3.9,20.38585883,GLIMB,0.34,3,5000,2,500
3011,3.95,19.69521547,GLIMB,0.34,3,5000,2,500
3013,4,18.99462746,GLIMB,0.34,3,5000,2,500
3015,4.05,18.29029047,GLIMB,0.34,3,5000,2,500
3016,4.1,17.58834518,GLIMB,0.34,3,5000,2,500
3017,4.15,16.89458312,GLIMB,0.34,3,5000,2,500
3019,4.2,16.21371078,GLIMB,0.34,3,5000,2,500
3020,4.25,15.54911728,GLIMB,0.34,3,5000,2,500
3021,4.3,14.90282555,GLIMB,0.34,3,5000,2,500
3022,4.35,14.27747609,GLIMB,0.34,3,5000,2,500
3023,4.4,13.67477666,GLIMB,0.34,3,5000,2,500
3025,4.45,13.09482594,GLIMB,0.34,3,5000,2,500
3026,4.5,12.53751518,GLIMB,0.34,3,5000,2,500
3027,4.55,12.0028696,GLIMB,0.34,3,5000,2,500
3029,4.6,11.49093183,GLIMB,0.34,3,5000,2,500
3030,4.65,11.0013288,GLIMB,0.34,3,5000,2,500
3032,4.7,10.53311192,GLIMB,0.34,3,5000,2,500
3033,4.75,10.08586203,GLIMB,0.34,3,5000,2,500
3034,4.8,9.659463413,GLIMB,0.34,3,5000,2,500
3035,4.85,9.253036042,GLIMB,0.34,3,5000,2,500
3036,4.9,8.865822018,GLIMB,0.34,3,5000,2,500
3037,4.95,8.496683025,GLIMB,0.34,3,5000,2,500
3038,5,8.143439613,GLIMB,0.34,3,5000,2,500
3039,5.05,7.803352101,GLIMB,0.34,3,5000,2,500
3040,5.1,7.473412261,GLIMB,0.34,3,5000,2,500
3041,5.15,7.150369102,GLIMB,0.34,3,5000,2,500
3042,5.2,6.830982365,GLIMB,0.34,3,5000,2,500
3044,5.25,6.51287022,GLIMB,0.34,3,5000,2,500
3045,5.3,6.194472038,GLIMB,0.34,3,5000,2,500
3046,5.35,5.874840375,GLIMB,0.34,3,5000,2,500
3047,5.4,5.553614557,GLIMB,0.34,3,5000,2,500
3048,5.45,5.230903472,GLIMB,0.34,3,5000,2,500
3049,5.5,4.907369232,GLIMB,0.34,3,5000,2,500
3050,5.55,4.583968104,GLIMB,0.34,3,5000,2,500
3051,5.6,4.262035285,GLIMB,0.34,3,5000,2,500
3052,5.65,3.943097273,GLIMB,0.34,3,5000,2,500
3053,5.7,3.628751101,GLIMB,0.34,3,5000,2,500
3054,5.75,3.319751346,GLIMB,0.34,3,5000,2,500
3055,5.8,3.016280877,GLIMB,0.34,3,5000,2,500
3058,5.85,2.719107161,GLIMB,0.34,3,5000,2,500
3059,5.9,2.429003192,GLIMB,0.34,3,5000,2,500
3060,5.95,2.145502958,GLIMB,0.34,3,5000,2,500
3061,6,1.868853907,GLIMB,0.34,3,5000,2,500
3062,6.05,1.600009097,GLIMB,0.34,3,5000,2,500
3063,6.1,1.339578476,GLIMB,0.34,3,5000,2,500
3064,6.15,1.087491972,GLIMB,0.34,3,5000,2,500
3065,6.2,0.843477538,GLIMB,0.34,3,5000,2,500
3066,6.25,0.606394383,GLIMB,0.34,3,5000,2,500
3067,6.3,0.374964925,GLIMB,0.34,3,5000,2,500
3068,6.35,0.1467043,GLIMB,0.34,3,5000,2,500
3069,6.4,0,GLIMB,0.34,3,5000,2,500
3070,6.45,0,GLIMB,0.34,3,5000,2,500
3071,6.5,0,GLIMB,0.34,3,5000,2,500
3072,6.55,0,GLIMB,0.34,3,5000,2,500
3073,6.6,0,GLIMB,0.34,3,5000,2,500
3074,6.65,0,GLIMB,0.34,3,5000,2,500
3075,6.7,0,GLIMB,0.34,3,5000,2,500
3076,6.75,0,GLIMB,0.34,3,5000,2,500
3077,6.8,0,GLIMB,0.34,3,5000,2,500
3078,6.85,0,GLIMB,0.34,3,5000,2,500
3082,-0.1,124.6716202,GloGEMflow,0.68,3,5000,2,500
3083,-0.05,123.9747486,GloGEMflow,0.68,3,5000,2,500
3084,0,123.275578,GloGEMflow,0.68,3,5000,2,500
3085,0.05,122.5718068,GloGEMflow,0.68,3,5000,2,500
3087,0.1,121.8605868,GloGEMflow,0.68,3,5000,2,500
3089,0.15,121.1402636,GloGEMflow,0.68,3,5000,2,500
3091,0.2,120.4100897,GloGEMflow,0.68,3,5000,2,500
3094,0.25,119.6695382,GloGEMflow,0.68,3,5000,2,500
3096,0.3,118.9185654,GloGEMflow,0.68,3,5000,2,500
3098,0.35,118.1571966,GloGEMflow,0.68,3,5000,2,500
3104,0.4,117.3851318,GloGEMflow,0.68,3,5000,2,500
3105,0.45,116.6019128,GloGEMflow,0.68,3,5000,2,500
3107,0.5,115.806707,GloGEMflow,0.68,3,5000,2,500
3108,0.55,114.9979978,GloGEMflow,0.68,3,5000,2,500
3109,0.6,114.1736118,GloGEMflow,0.68,3,5000,2,500
3110,0.65,113.3309843,GloGEMflow,0.68,3,5000,2,500
3111,0.7,112.4675089,GloGEMflow,0.68,3,5000,2,500
3112,0.75,111.5807,GloGEMflow,0.68,3,5000,2,500
3113,0.8,110.6683,GloGEMflow,0.68,3,5000,2,500
3114,0.85,109.7284083,GloGEMflow,0.68,3,5000,2,500
3115,0.9,108.7597031,GloGEMflow,0.68,3,5000,2,500
3120,0.95,107.7613213,GloGEMflow,0.68,3,5000,2,500
3121,1,106.7319024,GloGEMflow,0.68,3,5000,2,500
3122,1.05,105.6705987,GloGEMflow,0.68,3,5000,2,500
3124,1.1,104.5775925,GloGEMflow,0.68,3,5000,2,500
3125,1.15,103.4540744,GloGEMflow,0.68,3,5000,2,500
3126,1.2,102.3022452,GloGEMflow,0.68,3,5000,2,500
3127,1.25,101.1250764,GloGEMflow,0.68,3,5000,2,500
3128,1.3,99.92606302,GloGEMflow,0.68,3,5000,2,500
3129,1.35,98.70895332,GloGEMflow,0.68,3,5000,2,500
3130,1.4,97.47712385,GloGEMflow,0.68,3,5000,2,500
3131,1.45,96.23368744,GloGEMflow,0.68,3,5000,2,500
3136,1.5,94.98172753,GloGEMflow,0.68,3,5000,2,500
3139,1.55,93.72410681,GloGEMflow,0.68,3,5000,2,500
3140,1.6,92.46339671,GloGEMflow,0.68,3,5000,2,500
3142,1.65,91.20203603,GloGEMflow,0.68,3,5000,2,500
3150,1.7,89.94251246,GloGEMflow,0.68,3,5000,2,500
3154,1.75,88.68703434,GloGEMflow,0.68,3,5000,2,500
3155,1.8,87.43680459,GloGEMflow,0.68,3,5000,2,500
3156,1.85,86.19295773,GloGEMflow,0.68,3,5000,2,500
3157,1.9,84.95668472,GloGEMflow,0.68,3,5000,2,500
3160,1.95,83.72909898,GloGEMflow,0.68,3,5000,2,500
3162,2,82.51114973,GloGEMflow,0.68,3,5000,2,500
3165,2.05,81.30357381,GloGEMflow,0.68,3,5000,2,500
3168,2.1,80.10686659,GloGEMflow,0.68,3,5000,2,500
3170,2.15,78.92128511,GloGEMflow,0.68,3,5000,2,500
3175,2.2,77.74688158,GloGEMflow,0.68,3,5000,2,500
3176,2.25,76.58354968,GloGEMflow,0.68,3,5000,2,500
3177,2.3,75.43107759,GloGEMflow,0.68,3,5000,2,500
3180,2.35,74.28920203,GloGEMflow,0.68,3,5000,2,500
3181,2.4,73.15766028,GloGEMflow,0.68,3,5000,2,500
3183,2.45,72.03623813,GloGEMflow,0.68,3,5000,2,500
3184,2.5,70.92481281,GloGEMflow,0.68,3,5000,2,500
3185,2.55,69.82338959,GloGEMflow,0.68,3,5000,2,500
3187,2.6,68.73213161,GloGEMflow,0.68,3,5000,2,500
3188,2.65,67.65138143,GloGEMflow,0.68,3,5000,2,500
3190,2.7,66.58166641,GloGEMflow,0.68,3,5000,2,500
3193,2.75,65.52369633,GloGEMflow,0.68,3,5000,2,500
3194,2.8,64.47834213,GloGEMflow,0.68,3,5000,2,500
3197,2.85,63.44660101,GloGEMflow,0.68,3,5000,2,500
3198,2.9,62.42956919,GloGEMflow,0.68,3,5000,2,500
3199,2.95,61.42840653,GloGEMflow,0.68,3,5000,2,500
3202,3,60.44428881,GloGEMflow,0.68,3,5000,2,500
3205,3.05,59.47834729,GloGEMflow,0.68,3,5000,2,500
3206,3.1,58.5315955,GloGEMflow,0.68,3,5000,2,500
3208,3.15,57.6048477,GloGEMflow,0.68,3,5000,2,500
3209,3.2,56.69863487,GloGEMflow,0.68,3,5000,2,500
3210,3.25,55.81312037,GloGEMflow,0.68,3,5000,2,500
3211,3.3,54.94801838,GloGEMflow,0.68,3,5000,2,500
3212,3.35,54.10251683,GloGEMflow,0.68,3,5000,2,500
3213,3.4,53.27521026,GloGEMflow,0.68,3,5000,2,500
3215,3.45,52.46406499,GloGEMflow,0.68,3,5000,2,500
3217,3.5,51.66643018,GloGEMflow,0.68,3,5000,2,500
3221,3.55,50.87908486,GloGEMflow,0.68,3,5000,2,500
3222,3.6,50.09833646,GloGEMflow,0.68,3,5000,2,500
3224,3.65,49.32016993,GloGEMflow,0.68,3,5000,2,500
3225,3.7,48.54046408,GloGEMflow,0.68,3,5000,2,500
3226,3.75,47.7553038,GloGEMflow,0.68,3,5000,2,500
3227,3.8,46.96135617,GloGEMflow,0.68,3,5000,2,500
3229,3.85,46.15631814,GloGEMflow,0.68,3,5000,2,500
3230,3.9,45.33894421,GloGEMflow,0.68,3,5000,2,500
3231,3.95,44.5073636,GloGEMflow,0.68,3,5000,2,500
3233,4,43.65953055,GloGEMflow,0.68,3,5000,2,500
3235,4.05,42.79347031,GloGEMflow,0.68,3,5000,2,500
3236,4.1,41.90743222,GloGEMflow,0.68,3,5000,2,500
3237,4.15,40.99989463,GloGEMflow,0.68,3,5000,2,500
3239,4.2,40.06965965,GloGEMflow,0.68,3,5000,2,500
3240,4.25,39.11568872,GloGEMflow,0.68,3,5000,2,500
3241,4.3,38.13705136,GloGEMflow,0.68,3,5000,2,500
3242,4.35,37.13319784,GloGEMflow,0.68,3,5000,2,500
3243,4.4,36.10394364,GloGEMflow,0.68,3,5000,2,500
3245,4.45,35.0496552,GloGEMflow,0.68,3,5000,2,500
3246,4.5,33.97127266,GloGEMflow,0.68,3,5000,2,500
3247,4.55,32.87011559,GloGEMflow,0.68,3,5000,2,500
3249,4.6,31.74805085,GloGEMflow,0.68,3,5000,2,500
3250,4.65,30.60730865,GloGEMflow,0.68,3,5000,2,500
3252,4.7,29.45061885,GloGEMflow,0.68,3,5000,2,500
3253,4.75,28.28106121,GloGEMflow,0.68,3,5000,2,500
3254,4.8,27.10195829,GloGEMflow,0.68,3,5000,2,500
3255,4.85,25.91679046,GloGEMflow,0.68,3,5000,2,500
3256,4.9,24.72889531,GloGEMflow,0.68,3,5000,2,500
3257,4.95,23.5413171,GloGEMflow,0.68,3,5000,2,500
3258,5,22.35677436,GloGEMflow,0.68,3,5000,2,500
3259,5.05,21.1777696,GloGEMflow,0.68,3,5000,2,500
3260,5.1,20.00650857,GloGEMflow,0.68,3,5000,2,500
3261,5.15,18.84481245,GloGEMflow,0.68,3,5000,2,500
3262,5.2,17.69412206,GloGEMflow,0.68,3,5000,2,500
3264,5.25,16.55560573,GloGEMflow,0.68,3,5000,2,500
3265,5.3,15.43065419,GloGEMflow,0.68,3,5000,2,500
3266,5.35,14.32120698,GloGEMflow,0.68,3,5000,2,500
3267,5.4,13.22908981,GloGEMflow,0.68,3,5000,2,500
3268,5.45,12.15576983,GloGEMflow,0.68,3,5000,2,500
3269,5.5,11.1022496,GloGEMflow,0.68,3,5000,2,500
3270,5.55,10.06895936,GloGEMflow,0.68,3,5000,2,500
3271,5.6,9.055888391,GloGEMflow,0.68,3,5000,2,500
3272,5.65,8.063097289,GloGEMflow,0.68,3,5000,2,500
3273,5.7,7.090504743,GloGEMflow,0.68,3,5000,2,500
3274,5.75,6.137413771,GloGEMflow,0.68,3,5000,2,500
3275,5.8,5.202358644,GloGEMflow,0.68,3,5000,2,500
3278,5.85,4.283002842,GloGEMflow,0.68,3,5000,2,500
3279,5.9,3.376553033,GloGEMflow,0.68,3,5000,2,500
3280,5.95,2.481326478,GloGEMflow,0.68,3,5000,2,500
3281,6,1.596022932,GloGEMflow,0.68,3,5000,2,500
3282,6.05,0.719508592,GloGEMflow,0.68,3,5000,2,500
3283,6.1,0,GloGEMflow,0.68,3,5000,2,500
3284,6.15,0,GloGEMflow,0.68,3,5000,2,500
3285,6.2,0,GloGEMflow,0.68,3,5000,2,500
3286,6.25,0,GloGEMflow,0.68,3,5000,2,500
3287,6.3,0,GloGEMflow,0.68,3,5000,2,500
3288,6.35,0,GloGEMflow,0.68,3,5000,2,500
3289,6.4,0,GloGEMflow,0.68,3,5000,2,500
3290,6.45,0,GloGEMflow,0.68,3,5000,2,500
3291,6.5,0,GloGEMflow,0.68,3,5000,2,500
3292,6.55,0,GloGEMflow,0.68,3,5000,2,500
3293,6.6,0,GloGEMflow,0.68,3,5000,2,500
3294,6.65,0,GloGEMflow,0.68,3,5000,2,500
3295,6.7,0,GloGEMflow,0.68,3,5000,2,500
3296,6.75,0,GloGEMflow,0.68,3,5000,2,500
3297,6.8,0,GloGEMflow,0.68,3,5000,2,500
3298,6.85,0,GloGEMflow,0.68,3,5000,2,500
3302,-0.1,115.9708514,OGGM_v16,0.44,3,5000,2,500
3303,-0.05,114.4020573,OGGM_v16,0.44,3,5000,2,500
3304,0,112.7901132,OGGM_v16,0.44,3,5000,2,500
3305,0.05,111.1296509,OGGM_v16,0.44,3,5000,2,500
3307,0.1,109.4193175,OGGM_v16,0.44,3,5000,2,500
3309,0.15,107.6620265,OGGM_v16,0.44,3,5000,2,500
3311,0.2,105.8602376,OGGM_v16,0.44,3,5000,2,500
3314,0.25,104.0229515,OGGM_v16,0.44,3,5000,2,500
3316,0.3,102.1633665,OGGM_v16,0.44,3,5000,2,500
3318,0.35,100.2976896,OGGM_v16,0.44,3,5000,2,500
3324,0.4,98.44236463,OGGM_v16,0.44,3,5000,2,500
3325,0.45,96.61126389,OGGM_v16,0.44,3,5000,2,500
3327,0.5,94.8217334,OGGM_v16,0.44,3,5000,2,500
3328,0.55,93.0924792,OGGM_v16,0.44,3,5000,2,500
3329,0.6,91.43775639,OGGM_v16,0.44,3,5000,2,500
3330,0.65,89.86518978,OGGM_v16,0.44,3,5000,2,500
3331,0.7,88.37669173,OGGM_v16,0.44,3,5000,2,500
3332,0.75,86.96579277,OGGM_v16,0.44,3,5000,2,500
3333,0.8,85.62426748,OGGM_v16,0.44,3,5000,2,500
3334,0.85,84.34473611,OGGM_v16,0.44,3,5000,2,500
3335,0.9,83.12014369,OGGM_v16,0.44,3,5000,2,500
3340,0.95,81.94440752,OGGM_v16,0.44,3,5000,2,500
3341,1,80.81113758,OGGM_v16,0.44,3,5000,2,500
3342,1.05,79.7105372,OGGM_v16,0.44,3,5000,2,500
3344,1.1,78.63365594,OGGM_v16,0.44,3,5000,2,500
3345,1.15,77.57356971,OGGM_v16,0.44,3,5000,2,500
3346,1.2,76.52527552,OGGM_v16,0.44,3,5000,2,500
3347,1.25,75.48615247,OGGM_v16,0.44,3,5000,2,500
3348,1.3,74.45451695,OGGM_v16,0.44,3,5000,2,500
3349,1.35,73.42840271,OGGM_v16,0.44,3,5000,2,500
3350,1.4,72.40462464,OGGM_v16,0.44,3,5000,2,500
3351,1.45,71.37850485,OGGM_v16,0.44,3,5000,2,500
3356,1.5,70.3463588,OGGM_v16,0.44,3,5000,2,500
3359,1.55,69.30424814,OGGM_v16,0.44,3,5000,2,500
3360,1.6,68.24544757,OGGM_v16,0.44,3,5000,2,500
3362,1.65,67.16077232,OGGM_v16,0.44,3,5000,2,500
3370,1.7,66.03953149,OGGM_v16,0.44,3,5000,2,500
3374,1.75,64.86525392,OGGM_v16,0.44,3,5000,2,500
3375,1.8,63.62013769,OGGM_v16,0.44,3,5000,2,500
3376,1.85,62.29273806,OGGM_v16,0.44,3,5000,2,500
3377,1.9,60.87908755,OGGM_v16,0.44,3,5000,2,500
3380,1.95,59.38146267,OGGM_v16,0.44,3,5000,2,500
3382,2,57.80750751,OGGM_v16,0.44,3,5000,2,500
3385,2.05,56.17068705,OGGM_v16,0.44,3,5000,2,500
3388,2.1,54.49069209,OGGM_v16,0.44,3,5000,2,500
3390,2.15,52.79439033,OGGM_v16,0.44,3,5000,2,500
3395,2.2,51.11514105,OGGM_v16,0.44,3,5000,2,500
3396,2.25,49.48831618,OGGM_v16,0.44,3,5000,2,500
3397,2.3,47.94447846,OGGM_v16,0.44,3,5000,2,500
3400,2.35,46.49989439,OGGM_v16,0.44,3,5000,2,500
3401,2.4,45.1632291,OGGM_v16,0.44,3,5000,2,500
3403,2.45,43.94336973,OGGM_v16,0.44,3,5000,2,500
3404,2.5,42.84913207,OGGM_v16,0.44,3,5000,2,500
3405,2.55,41.88653524,OGGM_v16,0.44,3,5000,2,500
3407,2.6,41.05675438,OGGM_v16,0.44,3,5000,2,500
3408,2.65,40.35773078,OGGM_v16,0.44,3,5000,2,500
3410,2.7,39.78506759,OGGM_v16,0.44,3,5000,2,500
3413,2.75,39.33031269,OGGM_v16,0.44,3,5000,2,500
3414,2.8,38.98097303,OGGM_v16,0.44,3,5000,2,500
3417,2.85,38.72117032,OGGM_v16,0.44,3,5000,2,500
3418,2.9,38.53429147,OGGM_v16,0.44,3,5000,2,500
3419,2.95,38.40570172,OGGM_v16,0.44,3,5000,2,500
3422,3,38.32262761,OGGM_v16,0.44,3,5000,2,500
3425,3.05,38.27318772,OGGM_v16,0.44,3,5000,2,500
3426,3.1,38.24365199,OGGM_v16,0.44,3,5000,2,500
3428,3.15,38.21388352,OGGM_v16,0.44,3,5000,2,500
3429,3.2,38.16531991,OGGM_v16,0.44,3,5000,2,500
3430,3.25,38.08141798,OGGM_v16,0.44,3,5000,2,500
3431,3.3,37.94711627,OGGM_v16,0.44,3,5000,2,500
3432,3.35,37.74849144,OGGM_v16,0.44,3,5000,2,500
3433,3.4,37.47166137,OGGM_v16,0.44,3,5000,2,500
3435,3.45,37.10594285,OGGM_v16,0.44,3,5000,2,500
3437,3.5,36.64668174,OGGM_v16,0.44,3,5000,2,500
3441,3.55,36.09982636,OGGM_v16,0.44,3,5000,2,500
3442,3.6,35.47723316,OGGM_v16,0.44,3,5000,2,500
3444,3.65,34.79003191,OGGM_v16,0.44,3,5000,2,500
3445,3.7,34.04890347,OGGM_v16,0.44,3,5000,2,500
3446,3.75,33.26217646,OGGM_v16,0.44,3,5000,2,500
3447,3.8,32.44042818,OGGM_v16,0.44,3,5000,2,500
3449,3.85,31.59449331,OGGM_v16,0.44,3,5000,2,500
3450,3.9,30.73281835,OGGM_v16,0.44,3,5000,2,500
3451,3.95,29.8615112,OGGM_v16,0.44,3,5000,2,500
3453,4,28.98549649,OGGM_v16,0.44,3,5000,2,500
3455,4.05,28.10871376,OGGM_v16,0.44,3,5000,2,500
3456,4.1,27.23335552,OGGM_v16,0.44,3,5000,2,500
3457,4.15,26.36001517,OGGM_v16,0.44,3,5000,2,500
3459,4.2,25.48955745,OGGM_v16,0.44,3,5000,2,500
3460,4.25,24.62372255,OGGM_v16,0.44,3,5000,2,500
3461,4.3,23.76469963,OGGM_v16,0.44,3,5000,2,500
3462,4.35,22.91481156,OGGM_v16,0.44,3,5000,2,500
3463,4.4,22.07655784,OGGM_v16,0.44,3,5000,2,500
3465,4.45,21.25270841,OGGM_v16,0.44,3,5000,2,500
3466,4.5,20.44604361,OGGM_v16,0.44,3,5000,2,500
3467,4.55,19.65926416,OGGM_v16,0.44,3,5000,2,500
3469,4.6,18.89451982,OGGM_v16,0.44,3,5000,2,500
3470,4.65,18.15295981,OGGM_v16,0.44,3,5000,2,500
3472,4.7,17.43451205,OGGM_v16,0.44,3,5000,2,500
3473,4.75,16.73851459,OGGM_v16,0.44,3,5000,2,500
3474,4.8,16.06499855,OGGM_v16,0.44,3,5000,2,500
3475,4.85,15.41427435,OGGM_v16,0.44,3,5000,2,500
3476,4.9,14.78615378,OGGM_v16,0.44,3,5000,2,500
3477,4.95,14.17996113,OGGM_v16,0.44,3,5000,2,500
3478,5,13.59408854,OGGM_v16,0.44,3,5000,2,500
3479,5.05,13.02677201,OGGM_v16,0.44,3,5000,2,500
3480,5.1,12.47633954,OGGM_v16,0.44,3,5000,2,500
3481,5.15,11.9418833,OGGM_v16,0.44,3,5000,2,500
3482,5.2,11.42241407,OGGM_v16,0.44,3,5000,2,500
3484,5.25,10.91738458,OGGM_v16,0.44,3,5000,2,500
3485,5.3,10.42694409,OGGM_v16,0.44,3,5000,2,500
3486,5.35,9.950975912,OGGM_v16,0.44,3,5000,2,500
3487,5.4,9.489642631,OGGM_v16,0.44,3,5000,2,500
3488,5.45,9.042746327,OGGM_v16,0.44,3,5000,2,500
3489,5.5,8.609252695,OGGM_v16,0.44,3,5000,2,500
3490,5.55,8.187240803,OGGM_v16,0.44,3,5000,2,500
3491,5.6,7.774618635,OGGM_v16,0.44,3,5000,2,500
3492,5.65,7.368756903,OGGM_v16,0.44,3,5000,2,500
3493,5.7,6.967730549,OGGM_v16,0.44,3,5000,2,500
3494,5.75,6.570170893,OGGM_v16,0.44,3,5000,2,500
3495,5.8,6.175057047,OGGM_v16,0.44,3,5000,2,500
3498,5.85,5.7824054,OGGM_v16,0.44,3,5000,2,500
3499,5.9,5.393537269,OGGM_v16,0.44,3,5000,2,500
3500,5.95,5.009698023,OGGM_v16,0.44,3,5000,2,500
3501,6,4.631816794,OGGM_v16,0.44,3,5000,2,500
3502,6.05,4.260653121,OGGM_v16,0.44,3,5000,2,500
3503,6.1,3.896868311,OGGM_v16,0.44,3,5000,2,500
3504,6.15,3.540903444,OGGM_v16,0.44,3,5000,2,500
3505,6.2,3.192981897,OGGM_v16,0.44,3,5000,2,500
3506,6.25,2.852923099,OGGM_v16,0.44,3,5000,2,500
3507,6.3,2.520824627,OGGM_v16,0.44,3,5000,2,500
3508,6.35,2.196814946,OGGM_v16,0.44,3,5000,2,500
3509,6.4,1.880753784,OGGM_v16,0.44,3,5000,2,500
3510,6.45,1.572067059,OGGM_v16,0.44,3,5000,2,500
3511,6.5,1.269619701,OGGM_v16,0.44,3,5000,2,500
3512,6.55,0.971673531,OGGM_v16,0.44,3,5000,2,500
3513,6.6,0.676950974,OGGM_v16,0.44,3,5000,2,500
3514,6.65,0.384679016,OGGM_v16,0.44,3,5000,2,500
3515,6.7,0.094715863,OGGM_v16,0.44,3,5000,2,500
3516,6.75,0,OGGM_v16,0.44,3,5000,2,500
3517,6.8,0,OGGM_v16,0.44,3,5000,2,500
3518,6.85,0,OGGM_v16,0.44,3,5000,2,500
3522,-0.1,47.87463163,PyGEM-OGGM_v13,0.27,3,5000,2,500
3523,-0.05,47.34647688,PyGEM-OGGM_v13,0.27,3,5000,2,500
3524,0,46.80367914,PyGEM-OGGM_v13,0.27,3,5000,2,500
3525,0.05,46.24537272,PyGEM-OGGM_v13,0.27,3,5000,2,500
3527,0.1,45.66925146,PyGEM-OGGM_v13,0.27,3,5000,2,500
3529,0.15,45.06603325,PyGEM-OGGM_v13,0.27,3,5000,2,500
3531,0.2,44.4273499,PyGEM-OGGM_v13,0.27,3,5000,2,500
3534,0.25,43.75269008,PyGEM-OGGM_v13,0.27,3,5000,2,500
3536,0.3,43.04501196,PyGEM-OGGM_v13,0.27,3,5000,2,500
3538,0.35,42.30241541,PyGEM-OGGM_v13,0.27,3,5000,2,500
3544,0.4,41.52741202,PyGEM-OGGM_v13,0.27,3,5000,2,500
3545,0.45,40.73301908,PyGEM-OGGM_v13,0.27,3,5000,2,500
3547,0.5,39.93846012,PyGEM-OGGM_v13,0.27,3,5000,2,500
3548,0.55,39.16108998,PyGEM-OGGM_v13,0.27,3,5000,2,500
3549,0.6,38.40932278,PyGEM-OGGM_v13,0.27,3,5000,2,500
3550,0.65,37.68953729,PyGEM-OGGM_v13,0.27,3,5000,2,500
3551,0.7,37.00512419,PyGEM-OGGM_v13,0.27,3,5000,2,500
3552,0.75,36.35615223,PyGEM-OGGM_v13,0.27,3,5000,2,500
3553,0.8,35.74039529,PyGEM-OGGM_v13,0.27,3,5000,2,500
3554,0.85,35.15460376,PyGEM-OGGM_v13,0.27,3,5000,2,500
3555,0.9,34.59561252,PyGEM-OGGM_v13,0.27,3,5000,2,500
3560,0.95,34.05949781,PyGEM-OGGM_v13,0.27,3,5000,2,500
3561,1,33.54068854,PyGEM-OGGM_v13,0.27,3,5000,2,500
3562,1.05,33.03862631,PyGEM-OGGM_v13,0.27,3,5000,2,500
3564,1.1,32.5502302,PyGEM-OGGM_v13,0.27,3,5000,2,500
3565,1.15,32.06796425,PyGEM-OGGM_v13,0.27,3,5000,2,500
3566,1.2,31.58815037,PyGEM-OGGM_v13,0.27,3,5000,2,500
3567,1.25,31.12076773,PyGEM-OGGM_v13,0.27,3,5000,2,500
3568,1.3,30.68129454,PyGEM-OGGM_v13,0.27,3,5000,2,500
3569,1.35,30.28931119,PyGEM-OGGM_v13,0.27,3,5000,2,500
3570,1.4,30.00165724,PyGEM-OGGM_v13,0.27,3,5000,2,500
3571,1.45,29.8419879,PyGEM-OGGM_v13,0.27,3,5000,2,500
3576,1.5,29.76862198,PyGEM-OGGM_v13,0.27,3,5000,2,500
3579,1.55,29.72517587,PyGEM-OGGM_v13,0.27,3,5000,2,500
3580,1.6,29.68098142,PyGEM-OGGM_v13,0.27,3,5000,2,500
3582,1.65,29.60259618,PyGEM-OGGM_v13,0.27,3,5000,2,500
3590,1.7,29.46261939,PyGEM-OGGM_v13,0.27,3,5000,2,500
3594,1.75,29.2214738,PyGEM-OGGM_v13,0.27,3,5000,2,500
3595,1.8,28.82473888,PyGEM-OGGM_v13,0.27,3,5000,2,500
3596,1.85,28.24167706,PyGEM-OGGM_v13,0.27,3,5000,2,500
3597,1.9,27.48315398,PyGEM-OGGM_v13,0.27,3,5000,2,500
3600,1.95,26.57899848,PyGEM-OGGM_v13,0.27,3,5000,2,500
3602,2,25.55421182,PyGEM-OGGM_v13,0.27,3,5000,2,500
3605,2.05,24.42442233,PyGEM-OGGM_v13,0.27,3,5000,2,500
3608,2.1,23.19882305,PyGEM-OGGM_v13,0.27,3,5000,2,500
3610,2.15,21.89024974,PyGEM-OGGM_v13,0.27,3,5000,2,500
3615,2.2,20.51744522,PyGEM-OGGM_v13,0.27,3,5000,2,500
3616,2.25,19.11326764,PyGEM-OGGM_v13,0.27,3,5000,2,500
3617,2.3,17.74986978,PyGEM-OGGM_v13,0.27,3,5000,2,500
3620,2.35,16.51850425,PyGEM-OGGM_v13,0.27,3,5000,2,500
3621,2.4,15.49050319,PyGEM-OGGM_v13,0.27,3,5000,2,500
3623,2.45,14.68998582,PyGEM-OGGM_v13,0.27,3,5000,2,500
3624,2.5,14.10202239,PyGEM-OGGM_v13,0.27,3,5000,2,500
3625,2.55,13.68143081,PyGEM-OGGM_v13,0.27,3,5000,2,500
3627,2.6,13.36663674,PyGEM-OGGM_v13,0.27,3,5000,2,500
3628,2.65,13.10499826,PyGEM-OGGM_v13,0.27,3,5000,2,500
3630,2.7,12.88844076,PyGEM-OGGM_v13,0.27,3,5000,2,500
3633,2.75,12.69297027,PyGEM-OGGM_v13,0.27,3,5000,2,500
3634,2.8,12.49204053,PyGEM-OGGM_v13,0.27,3,5000,2,500
3637,2.85,12.26963367,PyGEM-OGGM_v13,0.27,3,5000,2,500
3638,2.9,12.01198754,PyGEM-OGGM_v13,0.27,3,5000,2,500
3639,2.95,11.70768251,PyGEM-OGGM_v13,0.27,3,5000,2,500
3642,3,11.37332489,PyGEM-OGGM_v13,0.27,3,5000,2,500
3645,3.05,11.02310813,PyGEM-OGGM_v13,0.27,3,5000,2,500
3646,3.1,10.6619224,PyGEM-OGGM_v13,0.27,3,5000,2,500
3648,3.15,10.29321675,PyGEM-OGGM_v13,0.27,3,5000,2,500
3649,3.2,9.918373575,PyGEM-OGGM_v13,0.27,3,5000,2,500
3650,3.25,9.545821681,PyGEM-OGGM_v13,0.27,3,5000,2,500
3651,3.3,9.181211285,PyGEM-OGGM_v13,0.27,3,5000,2,500
3652,3.35,8.825392893,PyGEM-OGGM_v13,0.27,3,5000,2,500
3653,3.4,8.471891786,PyGEM-OGGM_v13,0.27,3,5000,2,500
3655,3.45,8.108220836,PyGEM-OGGM_v13,0.27,3,5000,2,500
3657,3.5,7.732805508,PyGEM-OGGM_v13,0.27,3,5000,2,500
3661,3.55,7.350055695,PyGEM-OGGM_v13,0.27,3,5000,2,500
3662,3.6,6.964359754,PyGEM-OGGM_v13,0.27,3,5000,2,500
3664,3.65,6.581226156,PyGEM-OGGM_v13,0.27,3,5000,2,500
3665,3.7,6.20790659,PyGEM-OGGM_v13,0.27,3,5000,2,500
3666,3.75,5.849028004,PyGEM-OGGM_v13,0.27,3,5000,2,500
3667,3.8,5.506194814,PyGEM-OGGM_v13,0.27,3,5000,2,500
3669,3.85,5.177681084,PyGEM-OGGM_v13,0.27,3,5000,2,500
3670,3.9,4.862428457,PyGEM-OGGM_v13,0.27,3,5000,2,500
3671,3.95,4.559186363,PyGEM-OGGM_v13,0.27,3,5000,2,500
3673,4,4.265586698,PyGEM-OGGM_v13,0.27,3,5000,2,500
3675,4.05,3.979381821,PyGEM-OGGM_v13,0.27,3,5000,2,500
3676,4.1,3.700988164,PyGEM-OGGM_v13,0.27,3,5000,2,500
3677,4.15,3.433455524,PyGEM-OGGM_v13,0.27,3,5000,2,500
3679,4.2,3.178935242,PyGEM-OGGM_v13,0.27,3,5000,2,500
3680,4.25,2.936377876,PyGEM-OGGM_v13,0.27,3,5000,2,500
3681,4.3,2.704077569,PyGEM-OGGM_v13,0.27,3,5000,2,500
3682,4.35,2.483243405,PyGEM-OGGM_v13,0.27,3,5000,2,500
3683,4.4,2.277628136,PyGEM-OGGM_v13,0.27,3,5000,2,500
3685,4.45,2.09148174,PyGEM-OGGM_v13,0.27,3,5000,2,500
3686,4.5,1.927225065,PyGEM-OGGM_v13,0.27,3,5000,2,500
3687,4.55,1.784209214,PyGEM-OGGM_v13,0.27,3,5000,2,500
3689,4.6,1.660355844,PyGEM-OGGM_v13,0.27,3,5000,2,500
3690,4.65,1.552028136,PyGEM-OGGM_v13,0.27,3,5000,2,500
3692,4.7,1.457839538,PyGEM-OGGM_v13,0.27,3,5000,2,500
3693,4.75,1.377148765,PyGEM-OGGM_v13,0.27,3,5000,2,500
3694,4.8,1.308745668,PyGEM-OGGM_v13,0.27,3,5000,2,500
3695,4.85,1.250405348,PyGEM-OGGM_v13,0.27,3,5000,2,500
3696,4.9,1.200293176,PyGEM-OGGM_v13,0.27,3,5000,2,500
3697,4.95,1.157158507,PyGEM-OGGM_v13,0.27,3,5000,2,500
3698,5,1.119978344,PyGEM-OGGM_v13,0.27,3,5000,2,500
3699,5.05,1.087446911,PyGEM-OGGM_v13,0.27,3,5000,2,500
3700,5.1,1.057566553,PyGEM-OGGM_v13,0.27,3,5000,2,500
3701,5.15,1.028704147,PyGEM-OGGM_v13,0.27,3,5000,2,500
3702,5.2,1.000184177,PyGEM-OGGM_v13,0.27,3,5000,2,500
3704,5.25,0.971546292,PyGEM-OGGM_v13,0.27,3,5000,2,500
3705,5.3,0.942370967,PyGEM-OGGM_v13,0.27,3,5000,2,500
3706,5.35,0.912588589,PyGEM-OGGM_v13,0.27,3,5000,2,500
3707,5.4,0.882258186,PyGEM-OGGM_v13,0.27,3,5000,2,500
3708,5.45,0.85181001,PyGEM-OGGM_v13,0.27,3,5000,2,500
3709,5.5,0.821596249,PyGEM-OGGM_v13,0.27,3,5000,2,500
3710,5.55,0.791582475,PyGEM-OGGM_v13,0.27,3,5000,2,500
3711,5.6,0.761897079,PyGEM-OGGM_v13,0.27,3,5000,2,500
3712,5.65,0.732673548,PyGEM-OGGM_v13,0.27,3,5000,2,500
3713,5.7,0.704055336,PyGEM-OGGM_v13,0.27,3,5000,2,500
3714,5.75,0.676138737,PyGEM-OGGM_v13,0.27,3,5000,2,500
3715,5.8,0.649033299,PyGEM-OGGM_v13,0.27,3,5000,2,500
3718,5.85,0.622716324,PyGEM-OGGM_v13,0.27,3,5000,2,500
3719,5.9,0.597052207,PyGEM-OGGM_v13,0.27,3,5000,2,500
3720,5.95,0.571696114,PyGEM-OGGM_v13,0.27,3,5000,2,500
3721,6,0.546259836,PyGEM-OGGM_v13,0.27,3,5000,2,500
3722,6.05,0.520677073,PyGEM-OGGM_v13,0.27,3,5000,2,500
3723,6.1,0.495096344,PyGEM-OGGM_v13,0.27,3,5000,2,500
3724,6.15,0.469664923,PyGEM-OGGM_v13,0.27,3,5000,2,500
3725,6.2,0.444641945,PyGEM-OGGM_v13,0.27,3,5000,2,500
3726,6.25,0.420335482,PyGEM-OGGM_v13,0.27,3,5000,2,500
3727,6.3,0.396980984,PyGEM-OGGM_v13,0.27,3,5000,2,500
3728,6.35,0.374595973,PyGEM-OGGM_v13,0.27,3,5000,2,500
3729,6.4,0.353097008,PyGEM-OGGM_v13,0.27,3,5000,2,500
3730,6.45,0.332278496,PyGEM-OGGM_v13,0.27,3,5000,2,500
3731,6.5,0.311732727,PyGEM-OGGM_v13,0.27,3,5000,2,500
3732,6.55,0.291194083,PyGEM-OGGM_v13,0.27,3,5000,2,500
3733,6.6,0.270495526,PyGEM-OGGM_v13,0.27,3,5000,2,500
3734,6.65,0.249528984,PyGEM-OGGM_v13,0.27,3,5000,2,500
3735,6.7,0.228318887,PyGEM-OGGM_v13,0.27,3,5000,2,500
3736,6.75,0.206921839,PyGEM-OGGM_v13,0.27,3,5000,2,500
3737,6.8,0.185466967,PyGEM-OGGM_v13,0.27,3,5000,2,500
3738,6.85,0.164069421,PyGEM-OGGM_v13,0.27,3,5000,2,500
3742,-0.1,40.54572538,GLIMB,0.29,4,5000,2,500
3743,-0.05,39.2511887,GLIMB,0.29,4,5000,2,500
3744,0,37.95172045,GLIMB,0.29,4,5000,2,500
3745,0.05,36.64579579,GLIMB,0.29,4,5000,2,500
3747,0.1,35.33177124,GLIMB,0.29,4,5000,2,500
3749,0.15,34.00728185,GLIMB,0.29,4,5000,2,500
3751,0.2,32.66872695,GLIMB,0.29,4,5000,2,500
3754,0.25,31.3136135,GLIMB,0.29,4,5000,2,500
3756,0.3,29.9274754,GLIMB,0.29,4,5000,2,500
3758,0.35,28.49716962,GLIMB,0.29,4,5000,2,500
3764,0.4,27.03596419,GLIMB,0.29,4,5000,2,500
3765,0.45,25.56829517,GLIMB,0.29,4,5000,2,500
3767,0.5,24.12060975,GLIMB,0.29,4,5000,2,500
3768,0.55,22.71426681,GLIMB,0.29,4,5000,2,500
3769,0.6,21.36338639,GLIMB,0.29,4,5000,2,500
3770,0.65,20.07570293,GLIMB,0.29,4,5000,2,500
3771,0.7,18.85310246,GLIMB,0.29,4,5000,2,500
3772,0.75,17.69058177,GLIMB,0.29,4,5000,2,500
3773,0.8,16.58149675,GLIMB,0.29,4,5000,2,500
3774,0.85,15.51901551,GLIMB,0.29,4,5000,2,500
3775,0.9,14.49778094,GLIMB,0.29,4,5000,2,500
3780,0.95,13.51703403,GLIMB,0.29,4,5000,2,500
3781,1,12.57710314,GLIMB,0.29,4,5000,2,500
3782,1.05,11.68280645,GLIMB,0.29,4,5000,2,500
3784,1.1,10.84401948,GLIMB,0.29,4,5000,2,500
3785,1.15,10.07628901,GLIMB,0.29,4,5000,2,500
3786,1.2,9.398437255,GLIMB,0.29,4,5000,2,500
3787,1.25,8.826097641,GLIMB,0.29,4,5000,2,500
3788,1.3,8.370791444,GLIMB,0.29,4,5000,2,500
3789,1.35,8.038137739,GLIMB,0.29,4,5000,2,500
3790,1.4,7.824361671,GLIMB,0.29,4,5000,2,500
3791,1.45,7.701875846,GLIMB,0.29,4,5000,2,500
3796,1.5,7.615190316,GLIMB,0.29,4,5000,2,500
3799,1.55,7.498194695,GLIMB,0.29,4,5000,2,500
3800,1.6,7.294032554,GLIMB,0.29,4,5000,2,500
3802,1.65,6.994900896,GLIMB,0.29,4,5000,2,500
3810,1.7,6.66523652,GLIMB,0.29,4,5000,2,500
3814,1.75,6.346337019,GLIMB,0.29,4,5000,2,500
3815,1.8,6.046516814,GLIMB,0.29,4,5000,2,500
3816,1.85,5.76617345,GLIMB,0.29,4,5000,2,500
3817,1.9,5.500861767,GLIMB,0.29,4,5000,2,500
3820,1.95,5.241227351,GLIMB,0.29,4,5000,2,500
3822,2,4.974399876,GLIMB,0.29,4,5000,2,500
3825,2.05,4.689738228,GLIMB,0.29,4,5000,2,500
3828,2.1,4.378967894,GLIMB,0.29,4,5000,2,500
3830,2.15,4.040442566,GLIMB,0.29,4,5000,2,500
3835,2.2,3.682894465,GLIMB,0.29,4,5000,2,500
3836,2.25,3.321089346,GLIMB,0.29,4,5000,2,500
3837,2.3,2.967582575,GLIMB,0.29,4,5000,2,500
3840,2.35,2.633913496,GLIMB,0.29,4,5000,2,500
3841,2.4,2.330373471,GLIMB,0.29,4,5000,2,500
3843,2.45,2.062909504,GLIMB,0.29,4,5000,2,500
3844,2.5,1.832026687,GLIMB,0.29,4,5000,2,500
3845,2.55,1.628250988,GLIMB,0.29,4,5000,2,500
3847,2.6,1.440787979,GLIMB,0.29,4,5000,2,500
3848,2.65,1.262781726,GLIMB,0.29,4,5000,2,500
3850,2.7,1.093722337,GLIMB,0.29,4,5000,2,500
3853,2.75,0.940174582,GLIMB,0.29,4,5000,2,500
3854,2.8,0.809140169,GLIMB,0.29,4,5000,2,500
3857,2.85,0.698264773,GLIMB,0.29,4,5000,2,500
3858,2.9,0.605137929,GLIMB,0.29,4,5000,2,500
3859,2.95,0.526183359,GLIMB,0.29,4,5000,2,500
3862,3,0.459512393,GLIMB,0.29,4,5000,2,500
3865,3.05,0.4059764,GLIMB,0.29,4,5000,2,500
3866,3.1,0.364503921,GLIMB,0.29,4,5000,2,500
3868,3.15,0.332276546,GLIMB,0.29,4,5000,2,500
3869,3.2,0.307330852,GLIMB,0.29,4,5000,2,500
3870,3.25,0.288130104,GLIMB,0.29,4,5000,2,500
3871,3.3,0.27341889,GLIMB,0.29,4,5000,2,500
3872,3.35,0.26164164,GLIMB,0.29,4,5000,2,500
3873,3.4,0.252024249,GLIMB,0.29,4,5000,2,500
3875,3.45,0.243648,GLIMB,0.29,4,5000,2,500
3877,3.5,0.235913589,GLIMB,0.29,4,5000,2,500
3881,3.55,0.228450438,GLIMB,0.29,4,5000,2,500
3882,3.6,0.221091015,GLIMB,0.29,4,5000,2,500
3884,3.65,0.213372816,GLIMB,0.29,4,5000,2,500
3885,3.7,0.205155834,GLIMB,0.29,4,5000,2,500
3886,3.75,0.196701051,GLIMB,0.29,4,5000,2,500
3887,3.8,0.188131693,GLIMB,0.29,4,5000,2,500
3889,3.85,0.179209956,GLIMB,0.29,4,5000,2,500
3890,3.9,0.169818388,GLIMB,0.29,4,5000,2,500
3891,3.95,0.159829645,GLIMB,0.29,4,5000,2,500
3893,4,0.149176931,GLIMB,0.29,4,5000,2,500
3895,4.05,0.13805534,GLIMB,0.29,4,5000,2,500
3896,4.1,0.126614979,GLIMB,0.29,4,5000,2,500
3897,4.15,0.114976585,GLIMB,0.29,4,5000,2,500
3899,4.2,0.103158165,GLIMB,0.29,4,5000,2,500
3900,4.25,0.091287892,GLIMB,0.29,4,5000,2,500
3901,4.3,0.079584449,GLIMB,0.29,4,5000,2,500
3902,4.35,0.068334148,GLIMB,0.29,4,5000,2,500
3903,4.4,0.057827221,GLIMB,0.29,4,5000,2,500
3905,4.45,0.048295615,GLIMB,0.29,4,5000,2,500
3906,4.5,0.039877681,GLIMB,0.29,4,5000,2,500
3907,4.55,0.032611633,GLIMB,0.29,4,5000,2,500
3909,4.6,0.026474622,GLIMB,0.29,4,5000,2,500
3910,4.65,0.021354875,GLIMB,0.29,4,5000,2,500
3912,4.7,0.017086853,GLIMB,0.29,4,5000,2,500
3913,4.75,0.013515166,GLIMB,0.29,4,5000,2,500
3914,4.8,0.01057651,GLIMB,0.29,4,5000,2,500
3915,4.85,0.008213868,GLIMB,0.29,4,5000,2,500
3916,4.9,0.006336357,GLIMB,0.29,4,5000,2,500
3917,4.95,0.004858248,GLIMB,0.29,4,5000,2,500
3918,5,0.003719464,GLIMB,0.29,4,5000,2,500
3919,5.05,0.002853351,GLIMB,0.29,4,5000,2,500
3920,5.1,0.002211002,GLIMB,0.29,4,5000,2,500
3921,5.15,0.001751071,GLIMB,0.29,4,5000,2,500
3922,5.2,0.001441597,GLIMB,0.29,4,5000,2,500
3924,5.25,0.001251981,GLIMB,0.29,4,5000,2,500
3925,5.3,0.001148506,GLIMB,0.29,4,5000,2,500
3926,5.35,0.001105265,GLIMB,0.29,4,5000,2,500
3927,5.4,0.001094207,GLIMB,0.29,4,5000,2,500
3928,5.45,0.001080033,GLIMB,0.29,4,5000,2,500
3929,5.5,0.001030647,GLIMB,0.29,4,5000,2,500
3930,5.55,0.000926406,GLIMB,0.29,4,5000,2,500
3931,5.6,0.00075622,GLIMB,0.29,4,5000,2,500
3932,5.65,0.000529445,GLIMB,0.29,4,5000,2,500
3933,5.7,0.0002707,GLIMB,0.29,4,5000,2,500
3934,5.75,9.39E-06,GLIMB,0.29,4,5000,2,500
3935,5.8,0,GLIMB,0.29,4,5000,2,500
3938,5.85,0,GLIMB,0.29,4,5000,2,500
3939,5.9,0,GLIMB,0.29,4,5000,2,500
3940,5.95,0,GLIMB,0.29,4,5000,2,500
3941,6,0,GLIMB,0.29,4,5000,2,500
3942,6.05,0,GLIMB,0.29,4,5000,2,500
3943,6.1,0,GLIMB,0.29,4,5000,2,500
3944,6.15,0,GLIMB,0.29,4,5000,2,500
3945,6.2,0,GLIMB,0.29,4,5000,2,500
3946,6.25,0,GLIMB,0.29,4,5000,2,500
3947,6.3,0,GLIMB,0.29,4,5000,2,500
3948,6.35,0,GLIMB,0.29,4,5000,2,500
3949,6.4,0,GLIMB,0.29,4,5000,2,500
3950,6.45,0,GLIMB,0.29,4,5000,2,500
3951,6.5,0,GLIMB,0.29,4,5000,2,500
3952,6.55,0,GLIMB,0.29,4,5000,2,500
3953,6.6,0,GLIMB,0.29,4,5000,2,500
3954,6.65,0,GLIMB,0.29,4,5000,2,500
3955,6.7,0,GLIMB,0.29,4,5000,2,500
3956,6.75,0,GLIMB,0.29,4,5000,2,500
3957,6.8,0,GLIMB,0.29,4,5000,2,500
3958,6.85,0,GLIMB,0.29,4,5000,2,500
3962,-0.1,66.58459271,GloGEMflow,0.24,4,5000,2,500
3963,-0.05,66.30814657,GloGEMflow,0.24,4,5000,2,500
3964,0,65.82342569,GloGEMflow,0.24,4,5000,2,500
3965,0.05,65.11591698,GloGEMflow,0.24,4,5000,2,500
3967,0.1,64.17965066,GloGEMflow,0.24,4,5000,2,500
3969,0.15,63.0173685,GloGEMflow,0.24,4,5000,2,500
3971,0.2,61.63456277,GloGEMflow,0.24,4,5000,2,500
3974,0.25,60.04846429,GloGEMflow,0.24,4,5000,2,500
3976,0.3,58.27244166,GloGEMflow,0.24,4,5000,2,500
3978,0.35,56.32291553,GloGEMflow,0.24,4,5000,2,500
3984,0.4,54.22242855,GloGEMflow,0.24,4,5000,2,500
3985,0.45,51.96947266,GloGEMflow,0.24,4,5000,2,500
3987,0.5,49.5707309,GloGEMflow,0.24,4,5000,2,500
3988,0.55,47.0778432,GloGEMflow,0.24,4,5000,2,500
3989,0.6,44.54704593,GloGEMflow,0.24,4,5000,2,500
3990,0.65,42.01294869,GloGEMflow,0.24,4,5000,2,500
3991,0.7,39.49523467,GloGEMflow,0.24,4,5000,2,500
3992,0.75,36.99685838,GloGEMflow,0.24,4,5000,2,500
3993,0.8,34.52596498,GloGEMflow,0.24,4,5000,2,500
3994,0.85,32.09690403,GloGEMflow,0.24,4,5000,2,500
3995,0.9,29.73262676,GloGEMflow,0.24,4,5000,2,500
4000,0.95,27.46782702,GloGEMflow,0.24,4,5000,2,500
4001,1,25.34105123,GloGEMflow,0.24,4,5000,2,500
4002,1.05,23.38967872,GloGEMflow,0.24,4,5000,2,500
4004,1.1,21.66213647,GloGEMflow,0.24,4,5000,2,500
4005,1.15,20.21361483,GloGEMflow,0.24,4,5000,2,500
4006,1.2,19.08462233,GloGEMflow,0.24,4,5000,2,500
4007,1.25,18.28822519,GloGEMflow,0.24,4,5000,2,500
4008,1.3,17.81485785,GloGEMflow,0.24,4,5000,2,500
4009,1.35,17.6101068,GloGEMflow,0.24,4,5000,2,500
4010,1.4,17.54428049,GloGEMflow,0.24,4,5000,2,500
4011,1.45,17.43183164,GloGEMflow,0.24,4,5000,2,500
4016,1.5,17.14891899,GloGEMflow,0.24,4,5000,2,500
4019,1.55,16.66631051,GloGEMflow,0.24,4,5000,2,500
4020,1.6,15.97303359,GloGEMflow,0.24,4,5000,2,500
4022,1.65,15.11558389,GloGEMflow,0.24,4,5000,2,500
4030,1.7,14.16533781,GloGEMflow,0.24,4,5000,2,500
4034,1.75,13.14640582,GloGEMflow,0.24,4,5000,2,500
4035,1.8,12.07929326,GloGEMflow,0.24,4,5000,2,500
4036,1.85,11.00220031,GloGEMflow,0.24,4,5000,2,500
4037,1.9,9.956146482,GloGEMflow,0.24,4,5000,2,500
4040,1.95,8.971670451,GloGEMflow,0.24,4,5000,2,500
4042,2,8.058282809,GloGEMflow,0.24,4,5000,2,500
4045,2.05,7.212493622,GloGEMflow,0.24,4,5000,2,500
4048,2.1,6.440313639,GloGEMflow,0.24,4,5000,2,500
4050,2.15,5.778631353,GloGEMflow,0.24,4,5000,2,500
4055,2.2,5.2532693,GloGEMflow,0.24,4,5000,2,500
4056,2.25,4.847898767,GloGEMflow,0.24,4,5000,2,500
4057,2.3,4.515826972,GloGEMflow,0.24,4,5000,2,500
4060,2.35,4.187251419,GloGEMflow,0.24,4,5000,2,500
4061,2.4,3.838765456,GloGEMflow,0.24,4,5000,2,500
4063,2.45,3.489846004,GloGEMflow,0.24,4,5000,2,500
4064,2.5,3.157530904,GloGEMflow,0.24,4,5000,2,500
4065,2.55,2.847043252,GloGEMflow,0.24,4,5000,2,500
4067,2.6,2.562906691,GloGEMflow,0.24,4,5000,2,500
4068,2.65,2.306511829,GloGEMflow,0.24,4,5000,2,500
4070,2.7,2.07655478,GloGEMflow,0.24,4,5000,2,500
4073,2.75,1.870604238,GloGEMflow,0.24,4,5000,2,500
4074,2.8,1.680822451,GloGEMflow,0.24,4,5000,2,500
4077,2.85,1.505470349,GloGEMflow,0.24,4,5000,2,500
4078,2.9,1.345538132,GloGEMflow,0.24,4,5000,2,500
4079,2.95,1.202090183,GloGEMflow,0.24,4,5000,2,500
4082,3,1.0734808,GloGEMflow,0.24,4,5000,2,500
4085,3.05,0.955637545,GloGEMflow,0.24,4,5000,2,500
4086,3.1,0.848746495,GloGEMflow,0.24,4,5000,2,500
4088,3.15,0.756524477,GloGEMflow,0.24,4,5000,2,500
4089,3.2,0.684090622,GloGEMflow,0.24,4,5000,2,500
4090,3.25,0.631907978,GloGEMflow,0.24,4,5000,2,500
4091,3.3,0.594471808,GloGEMflow,0.24,4,5000,2,500
4092,3.35,0.565535788,GloGEMflow,0.24,4,5000,2,500
4093,3.4,0.540705365,GloGEMflow,0.24,4,5000,2,500
4095,3.45,0.518341983,GloGEMflow,0.24,4,5000,2,500
4097,3.5,0.49604079,GloGEMflow,0.24,4,5000,2,500
4101,3.55,0.472622589,GloGEMflow,0.24,4,5000,2,500
4102,3.6,0.448684806,GloGEMflow,0.24,4,5000,2,500
4104,3.65,0.424573895,GloGEMflow,0.24,4,5000,2,500
4105,3.7,0.401075631,GloGEMflow,0.24,4,5000,2,500
4106,3.75,0.378330179,GloGEMflow,0.24,4,5000,2,500
4107,3.8,0.356387296,GloGEMflow,0.24,4,5000,2,500
4109,3.85,0.335260294,GloGEMflow,0.24,4,5000,2,500
4110,3.9,0.314940848,GloGEMflow,0.24,4,5000,2,500
4111,3.95,0.295476425,GloGEMflow,0.24,4,5000,2,500
4113,4,0.276802646,GloGEMflow,0.24,4,5000,2,500
4115,4.05,0.25899155,GloGEMflow,0.24,4,5000,2,500
4116,4.1,0.242149219,GloGEMflow,0.24,4,5000,2,500
4117,4.15,0.225917065,GloGEMflow,0.24,4,5000,2,500
4119,4.2,0.209573509,GloGEMflow,0.24,4,5000,2,500
4120,4.25,0.192841575,GloGEMflow,0.24,4,5000,2,500
4121,4.3,0.175787222,GloGEMflow,0.24,4,5000,2,500
4122,4.35,0.158669738,GloGEMflow,0.24,4,5000,2,500
4123,4.4,0.141866488,GloGEMflow,0.24,4,5000,2,500
4125,4.45,0.125865381,GloGEMflow,0.24,4,5000,2,500
4126,4.5,0.111149361,GloGEMflow,0.24,4,5000,2,500
4127,4.55,0.098097698,GloGEMflow,0.24,4,5000,2,500
4129,4.6,0.086950179,GloGEMflow,0.24,4,5000,2,500
4130,4.65,0.077582737,GloGEMflow,0.24,4,5000,2,500
4132,4.7,0.069675928,GloGEMflow,0.24,4,5000,2,500
4133,4.75,0.06297296,GloGEMflow,0.24,4,5000,2,500
4134,4.8,0.057330239,GloGEMflow,0.24,4,5000,2,500
4135,4.85,0.05265443,GloGEMflow,0.24,4,5000,2,500
4136,4.9,0.048845906,GloGEMflow,0.24,4,5000,2,500
4137,4.95,0.045756589,GloGEMflow,0.24,4,5000,2,500
4138,5,0.043214028,GloGEMflow,0.24,4,5000,2,500
4139,5.05,0.041047864,GloGEMflow,0.24,4,5000,2,500
4140,5.1,0.039077464,GloGEMflow,0.24,4,5000,2,500
4141,5.15,0.037136439,GloGEMflow,0.24,4,5000,2,500
4142,5.2,0.035088997,GloGEMflow,0.24,4,5000,2,500
4144,5.25,0.032904863,GloGEMflow,0.24,4,5000,2,500
4145,5.3,0.030609576,GloGEMflow,0.24,4,5000,2,500
4146,5.35,0.028220115,GloGEMflow,0.24,4,5000,2,500
4147,5.4,0.025745047,GloGEMflow,0.24,4,5000,2,500
4148,5.45,0.023201549,GloGEMflow,0.24,4,5000,2,500
4149,5.5,0.020598135,GloGEMflow,0.24,4,5000,2,500
4150,5.55,0.017958025,GloGEMflow,0.24,4,5000,2,500
4151,5.6,0.015297909,GloGEMflow,0.24,4,5000,2,500
4152,5.65,0.012630529,GloGEMflow,0.24,4,5000,2,500
4153,5.7,0.009959163,GloGEMflow,0.24,4,5000,2,500
4154,5.75,0.00727233,GloGEMflow,0.24,4,5000,2,500
4155,5.8,0.004554384,GloGEMflow,0.24,4,5000,2,500
4158,5.85,0.001789254,GloGEMflow,0.24,4,5000,2,500
4159,5.9,0,GloGEMflow,0.24,4,5000,2,500
4160,5.95,0,GloGEMflow,0.24,4,5000,2,500
4161,6,0,GloGEMflow,0.24,4,5000,2,500
4162,6.05,0,GloGEMflow,0.24,4,5000,2,500
4163,6.1,0,GloGEMflow,0.24,4,5000,2,500
4164,6.15,0,GloGEMflow,0.24,4,5000,2,500
4165,6.2,0,GloGEMflow,0.24,4,5000,2,500
4166,6.25,0,GloGEMflow,0.24,4,5000,2,500
4167,6.3,0,GloGEMflow,0.24,4,5000,2,500
4168,6.35,0,GloGEMflow,0.24,4,5000,2,500
4169,6.4,0,GloGEMflow,0.24,4,5000,2,500
4170,6.45,0,GloGEMflow,0.24,4,5000,2,500
4171,6.5,0,GloGEMflow,0.24,4,5000,2,500
4172,6.55,0,GloGEMflow,0.24,4,5000,2,500
4173,6.6,0,GloGEMflow,0.24,4,5000,2,500
4174,6.65,0,GloGEMflow,0.24,4,5000,2,500
4175,6.7,0,GloGEMflow,0.24,4,5000,2,500
4176,6.75,0,GloGEMflow,0.24,4,5000,2,500
4177,6.8,0,GloGEMflow,0.24,4,5000,2,500
4178,6.85,0,GloGEMflow,0.24,4,5000,2,500
4182,-0.1,46.79324211,OGGM_v16,0.24,4,5000,2,500
4183,-0.05,45.31466653,OGGM_v16,0.24,4,5000,2,500
4184,0,43.84872572,OGGM_v16,0.24,4,5000,2,500
4185,0.05,42.39703333,OGGM_v16,0.24,4,5000,2,500
4187,0.1,40.96117726,OGGM_v16,0.24,4,5000,2,500
4189,0.15,39.53970842,OGGM_v16,0.24,4,5000,2,500
4191,0.2,38.11747704,OGGM_v16,0.24,4,5000,2,500
4194,0.25,36.68207581,OGGM_v16,0.24,4,5000,2,500
4196,0.3,35.23506886,OGGM_v16,0.24,4,5000,2,500
4198,0.35,33.78012122,OGGM_v16,0.24,4,5000,2,500
4204,0.4,32.32211256,OGGM_v16,0.24,4,5000,2,500
4205,0.45,30.86216777,OGGM_v16,0.24,4,5000,2,500
4207,0.5,29.40622168,OGGM_v16,0.24,4,5000,2,500
4208,0.55,27.97849942,OGGM_v16,0.24,4,5000,2,500
4209,0.6,26.60445414,OGGM_v16,0.24,4,5000,2,500
4210,0.65,25.30219979,OGGM_v16,0.24,4,5000,2,500
4211,0.7,24.08053226,OGGM_v16,0.24,4,5000,2,500
4212,0.75,22.94043781,OGGM_v16,0.24,4,5000,2,500
4213,0.8,21.88794939,OGGM_v16,0.24,4,5000,2,500
4214,0.85,20.93159509,OGGM_v16,0.24,4,5000,2,500
4215,0.9,20.08785742,OGGM_v16,0.24,4,5000,2,500
4220,0.95,19.35955264,OGGM_v16,0.24,4,5000,2,500
4221,1,18.72526209,OGGM_v16,0.24,4,5000,2,500
4222,1.05,18.18248751,OGGM_v16,0.24,4,5000,2,500
4224,1.1,17.74730086,OGGM_v16,0.24,4,5000,2,500
4225,1.15,17.42933077,OGGM_v16,0.24,4,5000,2,500
4226,1.2,17.22221156,OGGM_v16,0.24,4,5000,2,500
4227,1.25,17.11037161,OGGM_v16,0.24,4,5000,2,500
4228,1.3,17.05702319,OGGM_v16,0.24,4,5000,2,500
4229,1.35,16.9969829,OGGM_v16,0.24,4,5000,2,500
4230,1.4,16.84361167,OGGM_v16,0.24,4,5000,2,500
4231,1.45,16.53817645,OGGM_v16,0.24,4,5000,2,500
4236,1.5,16.08263157,OGGM_v16,0.24,4,5000,2,500
4239,1.55,15.46748957,OGGM_v16,0.24,4,5000,2,500
4240,1.6,14.69485774,OGGM_v16,0.24,4,5000,2,500
4242,1.65,13.83211898,OGGM_v16,0.24,4,5000,2,500
4250,1.7,12.93777778,OGGM_v16,0.24,4,5000,2,500
4254,1.75,12.02792115,OGGM_v16,0.24,4,5000,2,500
4255,1.8,11.11597721,OGGM_v16,0.24,4,5000,2,500
4256,1.85,10.22370677,OGGM_v16,0.24,4,5000,2,500
4257,1.9,9.368960324,OGGM_v16,0.24,4,5000,2,500
4260,1.95,8.55583849,OGGM_v16,0.24,4,5000,2,500
4262,2,7.7824204,OGGM_v16,0.24,4,5000,2,500
4265,2.05,7.050498236,OGGM_v16,0.24,4,5000,2,500
4268,2.1,6.382467286,OGGM_v16,0.24,4,5000,2,500
4270,2.15,5.796186784,OGGM_v16,0.24,4,5000,2,500
4275,2.2,5.283230583,OGGM_v16,0.24,4,5000,2,500
4276,2.25,4.823916066,OGGM_v16,0.24,4,5000,2,500
4277,2.3,4.385133421,OGGM_v16,0.24,4,5000,2,500
4280,2.35,3.938776991,OGGM_v16,0.24,4,5000,2,500
4281,2.4,3.499664795,OGGM_v16,0.24,4,5000,2,500
4283,2.45,3.107167453,OGGM_v16,0.24,4,5000,2,500
4284,2.5,2.7763357,OGGM_v16,0.24,4,5000,2,500
4285,2.55,2.499800259,OGGM_v16,0.24,4,5000,2,500
4287,2.6,2.266732991,OGGM_v16,0.24,4,5000,2,500
4288,2.65,2.070195272,OGGM_v16,0.24,4,5000,2,500
4290,2.7,1.90867596,OGGM_v16,0.24,4,5000,2,500
4293,2.75,1.779701239,OGGM_v16,0.24,4,5000,2,500
4294,2.8,1.676976862,OGGM_v16,0.24,4,5000,2,500
4297,2.85,1.594222639,OGGM_v16,0.24,4,5000,2,500
4298,2.9,1.527481601,OGGM_v16,0.24,4,5000,2,500
4299,2.95,1.474027987,OGGM_v16,0.24,4,5000,2,500
4302,3,1.426692184,OGGM_v16,0.24,4,5000,2,500
4305,3.05,1.374565765,OGGM_v16,0.24,4,5000,2,500
4306,3.1,1.310651274,OGGM_v16,0.24,4,5000,2,500
4308,3.15,1.233279951,OGGM_v16,0.24,4,5000,2,500
4309,3.2,1.147149599,OGGM_v16,0.24,4,5000,2,500
4310,3.25,1.0581146,OGGM_v16,0.24,4,5000,2,500
4311,3.3,0.970962877,OGGM_v16,0.24,4,5000,2,500
4312,3.35,0.887412228,OGGM_v16,0.24,4,5000,2,500
4313,3.4,0.808432125,OGGM_v16,0.24,4,5000,2,500
4315,3.45,0.736136077,OGGM_v16,0.24,4,5000,2,500
4317,3.5,0.67256119,OGGM_v16,0.24,4,5000,2,500
4321,3.55,0.616651306,OGGM_v16,0.24,4,5000,2,500
4322,3.6,0.566310957,OGGM_v16,0.24,4,5000,2,500
4324,3.65,0.521203745,OGGM_v16,0.24,4,5000,2,500
4325,3.7,0.482694449,OGGM_v16,0.24,4,5000,2,500
4326,3.75,0.451399641,OGGM_v16,0.24,4,5000,2,500
4327,3.8,0.425688091,OGGM_v16,0.24,4,5000,2,500
4329,3.85,0.402569272,OGGM_v16,0.24,4,5000,2,500
4330,3.9,0.3802239,OGGM_v16,0.24,4,5000,2,500
4331,3.95,0.357793684,OGGM_v16,0.24,4,5000,2,500
4333,4,0.334753038,OGGM_v16,0.24,4,5000,2,500
4335,4.05,0.310774488,OGGM_v16,0.24,4,5000,2,500
4336,4.1,0.285461282,OGGM_v16,0.24,4,5000,2,500
4337,4.15,0.25944088,OGGM_v16,0.24,4,5000,2,500
4339,4.2,0.233563206,OGGM_v16,0.24,4,5000,2,500
4340,4.25,0.208556254,OGGM_v16,0.24,4,5000,2,500
4341,4.3,0.18492241,OGGM_v16,0.24,4,5000,2,500
4342,4.35,0.163084415,OGGM_v16,0.24,4,5000,2,500
4343,4.4,0.143457986,OGGM_v16,0.24,4,5000,2,500
4345,4.45,0.126287921,OGGM_v16,0.24,4,5000,2,500
4346,4.5,0.111588957,OGGM_v16,0.24,4,5000,2,500
4347,4.55,0.09915069,OGGM_v16,0.24,4,5000,2,500
4349,4.6,0.088604775,OGGM_v16,0.24,4,5000,2,500
4350,4.65,0.079375461,OGGM_v16,0.24,4,5000,2,500
4352,4.7,0.071024945,OGGM_v16,0.24,4,5000,2,500
4353,4.75,0.06345281,OGGM_v16,0.24,4,5000,2,500
4354,4.8,0.05672057,OGGM_v16,0.24,4,5000,2,500
4355,4.85,0.050846936,OGGM_v16,0.24,4,5000,2,500
4356,4.9,0.045821861,OGGM_v16,0.24,4,5000,2,500
4357,4.95,0.041587541,OGGM_v16,0.24,4,5000,2,500
4358,5,0.038036656,OGGM_v16,0.24,4,5000,2,500
4359,5.05,0.035026301,OGGM_v16,0.24,4,5000,2,500
4360,5.1,0.032375482,OGGM_v16,0.24,4,5000,2,500
4361,5.15,0.029958173,OGGM_v16,0.24,4,5000,2,500
4362,5.2,0.027704293,OGGM_v16,0.24,4,5000,2,500
4364,5.25,0.025587264,OGGM_v16,0.24,4,5000,2,500
4365,5.3,0.023604263,OGGM_v16,0.24,4,5000,2,500
4366,5.35,0.021738288,OGGM_v16,0.24,4,5000,2,500
4367,5.4,0.019964057,OGGM_v16,0.24,4,5000,2,500
4368,5.45,0.01826546,OGGM_v16,0.24,4,5000,2,500
4369,5.5,0.016625781,OGGM_v16,0.24,4,5000,2,500
4370,5.55,0.015043196,OGGM_v16,0.24,4,5000,2,500
4371,5.6,0.013512043,OGGM_v16,0.24,4,5000,2,500
4372,5.65,0.012024091,OGGM_v16,0.24,4,5000,2,500
4373,5.7,0.010567579,OGGM_v16,0.24,4,5000,2,500
4374,5.75,0.009125766,OGGM_v16,0.24,4,5000,2,500
4375,5.8,0.007679193,OGGM_v16,0.24,4,5000,2,500
4378,5.85,0.006215586,OGGM_v16,0.24,4,5000,2,500
4379,5.9,0.004743332,OGGM_v16,0.24,4,5000,2,500
4380,5.95,0.003274537,OGGM_v16,0.24,4,5000,2,500
4381,6,0.00182537,OGGM_v16,0.24,4,5000,2,500
4382,6.05,0.000423954,OGGM_v16,0.24,4,5000,2,500
4383,6.1,0,OGGM_v16,0.24,4,5000,2,500
4384,6.15,0,OGGM_v16,0.24,4,5000,2,500
4385,6.2,0,OGGM_v16,0.24,4,5000,2,500
4386,6.25,0,OGGM_v16,0.24,4,5000,2,500
4387,6.3,0,OGGM_v16,0.24,4,5000,2,500
4388,6.35,0,OGGM_v16,0.24,4,5000,2,500
4389,6.4,0,OGGM_v16,0.24,4,5000,2,500
4390,6.45,0,OGGM_v16,0.24,4,5000,2,500
4391,6.5,0,OGGM_v16,0.24,4,5000,2,500
4392,6.55,0,OGGM_v16,0.24,4,5000,2,500
4393,6.6,0,OGGM_v16,0.24,4,5000,2,500
4394,6.65,0,OGGM_v16,0.24,4,5000,2,500
4395,6.7,0,OGGM_v16,0.24,4,5000,2,500
4396,6.75,0,OGGM_v16,0.24,4,5000,2,500
4397,6.8,0,OGGM_v16,0.24,4,5000,2,500
4398,6.85,0,OGGM_v16,0.24,4,5000,2,500
4402,-0.1,16.09006034,PyGEM-OGGM_v13,0.77,4,5000,2,500
4403,-0.05,15.67440448,PyGEM-OGGM_v13,0.77,4,5000,2,500
4404,0,15.26089701,PyGEM-OGGM_v13,0.77,4,5000,2,500
4405,0.05,14.84940971,PyGEM-OGGM_v13,0.77,4,5000,2,500
4407,0.1,14.43982189,PyGEM-OGGM_v13,0.77,4,5000,2,500
4409,0.15,14.03197247,PyGEM-OGGM_v13,0.77,4,5000,2,500
4411,0.2,13.62564064,PyGEM-OGGM_v13,0.77,4,5000,2,500
4414,0.25,13.22070198,PyGEM-OGGM_v13,0.77,4,5000,2,500
4416,0.3,12.81705796,PyGEM-OGGM_v13,0.77,4,5000,2,500
4418,0.35,12.41467825,PyGEM-OGGM_v13,0.77,4,5000,2,500
4424,0.4,12.01363379,PyGEM-OGGM_v13,0.77,4,5000,2,500
4425,0.45,11.61395161,PyGEM-OGGM_v13,0.77,4,5000,2,500
4427,0.5,11.21574285,PyGEM-OGGM_v13,0.77,4,5000,2,500
4428,0.55,10.81933932,PyGEM-OGGM_v13,0.77,4,5000,2,500
4429,0.6,10.42527016,PyGEM-OGGM_v13,0.77,4,5000,2,500
4430,0.65,10.03420495,PyGEM-OGGM_v13,0.77,4,5000,2,500
4431,0.7,9.646825048,PyGEM-OGGM_v13,0.77,4,5000,2,500
4432,0.75,9.263769292,PyGEM-OGGM_v13,0.77,4,5000,2,500
4433,0.8,8.88561058,PyGEM-OGGM_v13,0.77,4,5000,2,500
4434,0.85,8.512846612,PyGEM-OGGM_v13,0.77,4,5000,2,500
4435,0.9,8.145896577,PyGEM-OGGM_v13,0.77,4,5000,2,500
4440,0.95,7.785076833,PyGEM-OGGM_v13,0.77,4,5000,2,500
4441,1,7.43051628,PyGEM-OGGM_v13,0.77,4,5000,2,500
4442,1.05,7.082302676,PyGEM-OGGM_v13,0.77,4,5000,2,500
4444,1.1,6.740535276,PyGEM-OGGM_v13,0.77,4,5000,2,500
4445,1.15,6.405289929,PyGEM-OGGM_v13,0.77,4,5000,2,500
4446,1.2,6.076638603,PyGEM-OGGM_v13,0.77,4,5000,2,500
4447,1.25,5.754649438,PyGEM-OGGM_v13,0.77,4,5000,2,500
4448,1.3,5.439379766,PyGEM-OGGM_v13,0.77,4,5000,2,500
4449,1.35,5.130873096,PyGEM-OGGM_v13,0.77,4,5000,2,500
4450,1.4,4.829157961,PyGEM-OGGM_v13,0.77,4,5000,2,500
4451,1.45,4.534039333,PyGEM-OGGM_v13,0.77,4,5000,2,500
4456,1.5,4.244685888,PyGEM-OGGM_v13,0.77,4,5000,2,500
4459,1.55,3.960565472,PyGEM-OGGM_v13,0.77,4,5000,2,500
4460,1.6,3.68156193,PyGEM-OGGM_v13,0.77,4,5000,2,500
4462,1.65,3.407847906,PyGEM-OGGM_v13,0.77,4,5000,2,500
4470,1.7,3.139783648,PyGEM-OGGM_v13,0.77,4,5000,2,500
4474,1.75,2.877837275,PyGEM-OGGM_v13,0.77,4,5000,2,500
4475,1.8,2.622523171,PyGEM-OGGM_v13,0.77,4,5000,2,500
4476,1.85,2.374355897,PyGEM-OGGM_v13,0.77,4,5000,2,500
4477,1.9,2.133817358,PyGEM-OGGM_v13,0.77,4,5000,2,500
4480,1.95,1.901335051,PyGEM-OGGM_v13,0.77,4,5000,2,500
4482,2,1.677269305,PyGEM-OGGM_v13,0.77,4,5000,2,500
4485,2.05,1.461907709,PyGEM-OGGM_v13,0.77,4,5000,2,500
4488,2.1,1.255464967,PyGEM-OGGM_v13,0.77,4,5000,2,500
4490,2.15,1.058086793,PyGEM-OGGM_v13,0.77,4,5000,2,500
4495,2.2,0.869856385,PyGEM-OGGM_v13,0.77,4,5000,2,500
4496,2.25,0.690802292,PyGEM-OGGM_v13,0.77,4,5000,2,500
4497,2.3,0.520907436,PyGEM-OGGM_v13,0.77,4,5000,2,500
4500,2.35,0.360118261,PyGEM-OGGM_v13,0.77,4,5000,2,500
4501,2.4,0.208353167,PyGEM-OGGM_v13,0.77,4,5000,2,500
4503,2.45,0.065510375,PyGEM-OGGM_v13,0.77,4,5000,2,500
4504,2.5,0,PyGEM-OGGM_v13,0.77,4,5000,2,500
4505,2.55,0,PyGEM-OGGM_v13,0.77,4,5000,2,500
4507,2.6,0,PyGEM-OGGM_v13,0.77,4,5000,2,500
4508,2.65,0,PyGEM-OGGM_v13,0.77,4,5000,2,500
4510,2.7,0,PyGEM-OGGM_v13,0.77,4,5000,2,500
4513,2.75,0,PyGEM-OGGM_v13,0.77,4,5000,2,500
4514,2.8,0,PyGEM-OGGM_v13,0.77,4,5000,2,500
4517,2.85,0,PyGEM-OGGM_v13,0.77,4,5000,2,500
4518,2.9,0,PyGEM-OGGM_v13,0.77,4,5000,2,500
4519,2.95,0,PyGEM-OGGM_v13,0.77,4,5000,2,500
4522,3,0,PyGEM-OGGM_v13,0.77,4,5000,2,500
4525,3.05,0,PyGEM-OGGM_v13,0.77,4,5000,2,500
4526,3.1,0,PyGEM-OGGM_v13,0.77,4,5000,2,500
4528,3.15,0,PyGEM-OGGM_v13,0.77,4,5000,2,500
4529,3.2,0,PyGEM-OGGM_v13,0.77,4,5000,2,500
4530,3.25,0,PyGEM-OGGM_v13,0.77,4,5000,2,500
4531,3.3,0,PyGEM-OGGM_v13,0.77,4,5000,2,500
4532,3.35,0,PyGEM-OGGM_v13,0.77,4,5000,2,500
4533,3.4,0,PyGEM-OGGM_v13,0.77,4,5000,2,500
4535,3.45,0,PyGEM-OGGM_v13,0.77,4,5000,2,500
4537,3.5,0,PyGEM-OGGM_v13,0.77,4,5000,2,500
4541,3.55,0,PyGEM-OGGM_v13,0.77,4,5000,2,500
4542,3.6,0,PyGEM-OGGM_v13,0.77,4,5000,2,500
4544,3.65,0,PyGEM-OGGM_v13,0.77,4,5000,2,500
4545,3.7,0,PyGEM-OGGM_v13,0.77,4,5000,2,500
4546,3.75,0,PyGEM-OGGM_v13,0.77,4,5000,2,500
4547,3.8,0,PyGEM-OGGM_v13,0.77,4,5000,2,500
4549,3.85,0,PyGEM-OGGM_v13,0.77,4,5000,2,500
4550,3.9,0,PyGEM-OGGM_v13,0.77,4,5000,2,500
4551,3.95,0,PyGEM-OGGM_v13,0.77,4,5000,2,500
4553,4,0,PyGEM-OGGM_v13,0.77,4,5000,2,500
4555,4.05,0,PyGEM-OGGM_v13,0.77,4,5000,2,500
4556,4.1,0,PyGEM-OGGM_v13,0.77,4,5000,2,500
4557,4.15,0,PyGEM-OGGM_v13,0.77,4,5000,2,500
4559,4.2,0,PyGEM-OGGM_v13,0.77,4,5000,2,500
4560,4.25,0,PyGEM-OGGM_v13,0.77,4,5000,2,500
4561,4.3,0,PyGEM-OGGM_v13,0.77,4,5000,2,500
4562,4.35,0,PyGEM-OGGM_v13,0.77,4,5000,2,500
4563,4.4,0,PyGEM-OGGM_v13,0.77,4,5000,2,500
4565,4.45,0,PyGEM-OGGM_v13,0.77,4,5000,2,500
4566,4.5,0,PyGEM-OGGM_v13,0.77,4,5000,2,500
4567,4.55,0,PyGEM-OGGM_v13,0.77,4,5000,2,500
4569,4.6,0,PyGEM-OGGM_v13,0.77,4,5000,2,500
4570,4.65,0,PyGEM-OGGM_v13,0.77,4,5000,2,500
4572,4.7,0,PyGEM-OGGM_v13,0.77,4,5000,2,500
4573,4.75,0,PyGEM-OGGM_v13,0.77,4,5000,2,500
4574,4.8,0,PyGEM-OGGM_v13,0.77,4,5000,2,500
4575,4.85,0,PyGEM-OGGM_v13,0.77,4,5000,2,500
4576,4.9,0,PyGEM-OGGM_v13,0.77,4,5000,2,500
4577,4.95,0,PyGEM-OGGM_v13,0.77,4,5000,2,500
4578,5,0,PyGEM-OGGM_v13,0.77,4,5000,2,500
4579,5.05,0,PyGEM-OGGM_v13,0.77,4,5000,2,500
4580,5.1,0,PyGEM-OGGM_v13,0.77,4,5000,2,500
4581,5.15,0,PyGEM-OGGM_v13,0.77,4,5000,2,500
4582,5.2,0,PyGEM-OGGM_v13,0.77,4,5000,2,500
4584,5.25,0,PyGEM-OGGM_v13,0.77,4,5000,2,500
4585,5.3,0,PyGEM-OGGM_v13,0.77,4,5000,2,500
4586,5.35,0,PyGEM-OGGM_v13,0.77,4,5000,2,500
4587,5.4,0,PyGEM-OGGM_v13,0.77,4,5000,2,500
4588,5.45,0,PyGEM-OGGM_v13,0.77,4,5000,2,500
4589,5.5,0,PyGEM-OGGM_v13,0.77,4,5000,2,500
4590,5.55,0,PyGEM-OGGM_v13,0.77,4,5000,2,500
4591,5.6,0,PyGEM-OGGM_v13,0.77,4,5000,2,500
4592,5.65,0,PyGEM-OGGM_v13,0.77,4,5000,2,500
4593,5.7,0,PyGEM-OGGM_v13,0.77,4,5000,2,500
4594,5.75,0,PyGEM-OGGM_v13,0.77,4,5000,2,500
4595,5.8,0,PyGEM-OGGM_v13,0.77,4,5000,2,500
4598,5.85,0,PyGEM-OGGM_v13,0.77,4,5000,2,500
4599,5.9,0,PyGEM-OGGM_v13,0.77,4,5000,2,500
4600,5.95,0,PyGEM-OGGM_v13,0.77,4,5000,2,500
4601,6,0,PyGEM-OGGM_v13,0.77,4,5000,2,500
4602,6.05,0,PyGEM-OGGM_v13,0.77,4,5000,2,500
4603,6.1,0,PyGEM-OGGM_v13,0.77,4,5000,2,500
4604,6.15,0,PyGEM-OGGM_v13,0.77,4,5000,2,500
4605,6.2,0,PyGEM-OGGM_v13,0.77,4,5000,2,500
4606,6.25,0,PyGEM-OGGM_v13,0.77,4,5000,2,500
4607,6.3,0,PyGEM-OGGM_v13,0.77,4,5000,2,500
4608,6.35,0,PyGEM-OGGM_v13,0.77,4,5000,2,500
4609,6.4,0,PyGEM-OGGM_v13,0.77,4,5000,2,500
4610,6.45,0,PyGEM-OGGM_v13,0.77,4,5000,2,500
4611,6.5,0,PyGEM-OGGM_v13,0.77,4,5000,2,500
4612,6.55,0,PyGEM-OGGM_v13,0.77,4,5000,2,500
4613,6.6,0,PyGEM-OGGM_v13,0.77,4,5000,2,500
4614,6.65,0,PyGEM-OGGM_v13,0.77,4,5000,2,500
4615,6.7,0,PyGEM-OGGM_v13,0.77,4,5000,2,500
4616,6.75,0,PyGEM-OGGM_v13,0.77,4,5000,2,500
4617,6.8,0,PyGEM-OGGM_v13,0.77,4,5000,2,500
4618,6.85,0,PyGEM-OGGM_v13,0.77,4,5000,2,500
4622,-0.1,87.65260851,GLIMB,0.26,5,5000,2,500
4623,-0.05,87.07437299,GLIMB,0.26,5,5000,2,500
4624,0,86.45859954,GLIMB,0.26,5,5000,2,500
4625,0.05,85.80377202,GLIMB,0.26,5,5000,2,500
4627,0.1,85.10086123,GLIMB,0.26,5,5000,2,500
4629,0.15,84.33625699,GLIMB,0.26,5,5000,2,500
4631,0.2,83.49132305,GLIMB,0.26,5,5000,2,500
4634,0.25,82.54231963,GLIMB,0.26,5,5000,2,500
4636,0.3,81.46130405,GLIMB,0.26,5,5000,2,500
4638,0.35,80.22780594,GLIMB,0.26,5,5000,2,500
4644,0.4,78.82352566,GLIMB,0.26,5,5000,2,500
4645,0.45,77.25254415,GLIMB,0.26,5,5000,2,500
4647,0.5,75.55212742,GLIMB,0.26,5,5000,2,500
4648,0.55,73.77763317,GLIMB,0.26,5,5000,2,500
4649,0.6,71.99701359,GLIMB,0.26,5,5000,2,500
4650,0.65,70.26239867,GLIMB,0.26,5,5000,2,500
4651,0.7,68.59359421,GLIMB,0.26,5,5000,2,500
4652,0.75,66.97894704,GLIMB,0.26,5,5000,2,500
4653,0.8,65.37438261,GLIMB,0.26,5,5000,2,500
4654,0.85,63.74414178,GLIMB,0.26,5,5000,2,500
4655,0.9,62.07095955,GLIMB,0.26,5,5000,2,500
4660,0.95,60.36022311,GLIMB,0.26,5,5000,2,500
4661,1,58.62902037,GLIMB,0.26,5,5000,2,500
4662,1.05,56.91724781,GLIMB,0.26,5,5000,2,500
4664,1.1,55.27617951,GLIMB,0.26,5,5000,2,500
4665,1.15,53.74647504,GLIMB,0.26,5,5000,2,500
4666,1.2,52.37185905,GLIMB,0.26,5,5000,2,500
4667,1.25,51.19782533,GLIMB,0.26,5,5000,2,500
4668,1.3,50.25975092,GLIMB,0.26,5,5000,2,500
4669,1.35,49.56486165,GLIMB,0.26,5,5000,2,500
4670,1.4,49.07780298,GLIMB,0.26,5,5000,2,500
4671,1.45,48.70373789,GLIMB,0.26,5,5000,2,500
4676,1.5,48.32468386,GLIMB,0.26,5,5000,2,500
4679,1.55,47.89534184,GLIMB,0.26,5,5000,2,500
4680,1.6,47.46926837,GLIMB,0.26,5,5000,2,500
4682,1.65,47.10897296,GLIMB,0.26,5,5000,2,500
4690,1.7,46.88599898,GLIMB,0.26,5,5000,2,500
4694,1.75,46.81102262,GLIMB,0.26,5,5000,2,500
4695,1.8,46.79135887,GLIMB,0.26,5,5000,2,500
4696,1.85,46.69749215,GLIMB,0.26,5,5000,2,500
4697,1.9,46.43102889,GLIMB,0.26,5,5000,2,500
4700,1.95,45.92207375,GLIMB,0.26,5,5000,2,500
4702,2,45.13198826,GLIMB,0.26,5,5000,2,500
4705,2.05,44.07206691,GLIMB,0.26,5,5000,2,500
4708,2.1,42.79107043,GLIMB,0.26,5,5000,2,500
4710,2.15,41.29550437,GLIMB,0.26,5,5000,2,500
4715,2.2,39.54541185,GLIMB,0.26,5,5000,2,500
4716,2.25,37.54909207,GLIMB,0.26,5,5000,2,500
4717,2.3,35.37362496,GLIMB,0.26,5,5000,2,500
4720,2.35,33.10489956,GLIMB,0.26,5,5000,2,500
4721,2.4,30.81724677,GLIMB,0.26,5,5000,2,500
4723,2.45,28.582616,GLIMB,0.26,5,5000,2,500
4724,2.5,26.48369107,GLIMB,0.26,5,5000,2,500
4725,2.55,24.5929213,GLIMB,0.26,5,5000,2,500
4727,2.6,22.92517705,GLIMB,0.26,5,5000,2,500
4728,2.65,21.43850592,GLIMB,0.26,5,5000,2,500
4730,2.7,20.09441641,GLIMB,0.26,5,5000,2,500
4733,2.75,18.8581173,GLIMB,0.26,5,5000,2,500
4734,2.8,17.70311423,GLIMB,0.26,5,5000,2,500
4737,2.85,16.60493267,GLIMB,0.26,5,5000,2,500
4738,2.9,15.54758259,GLIMB,0.26,5,5000,2,500
4739,2.95,14.53420321,GLIMB,0.26,5,5000,2,500
4742,3,13.58676015,GLIMB,0.26,5,5000,2,500
4745,3.05,12.73265571,GLIMB,0.26,5,5000,2,500
4746,3.1,11.98850376,GLIMB,0.26,5,5000,2,500
4748,3.15,11.33379012,GLIMB,0.26,5,5000,2,500
4749,3.2,10.75217464,GLIMB,0.26,5,5000,2,500
4750,3.25,10.22326779,GLIMB,0.26,5,5000,2,500
4751,3.3,9.717508123,GLIMB,0.26,5,5000,2,500
4752,3.35,9.213893481,GLIMB,0.26,5,5000,2,500
4753,3.4,8.712529394,GLIMB,0.26,5,5000,2,500
4755,3.45,8.229043165,GLIMB,0.26,5,5000,2,500
4757,3.5,7.778428169,GLIMB,0.26,5,5000,2,500
4761,3.55,7.373809549,GLIMB,0.26,5,5000,2,500
4762,3.6,7.021617984,GLIMB,0.26,5,5000,2,500
4764,3.65,6.722898187,GLIMB,0.26,5,5000,2,500
4765,3.7,6.46830419,GLIMB,0.26,5,5000,2,500
4766,3.75,6.242991518,GLIMB,0.26,5,5000,2,500
4767,3.8,6.039629456,GLIMB,0.26,5,5000,2,500
4769,3.85,5.85708314,GLIMB,0.26,5,5000,2,500
4770,3.9,5.690261749,GLIMB,0.26,5,5000,2,500
4771,3.95,5.532058837,GLIMB,0.26,5,5000,2,500
4773,4,5.376149569,GLIMB,0.26,5,5000,2,500
4775,4.05,5.214513344,GLIMB,0.26,5,5000,2,500
4776,4.1,5.040887524,GLIMB,0.26,5,5000,2,500
4777,4.15,4.85106042,GLIMB,0.26,5,5000,2,500
4779,4.2,4.646756984,GLIMB,0.26,5,5000,2,500
4780,4.25,4.431617302,GLIMB,0.26,5,5000,2,500
4781,4.3,4.211033007,GLIMB,0.26,5,5000,2,500
4782,4.35,3.99280939,GLIMB,0.26,5,5000,2,500
4783,4.4,3.782443336,GLIMB,0.26,5,5000,2,500
4785,4.45,3.58272959,GLIMB,0.26,5,5000,2,500
4786,4.5,3.395524764,GLIMB,0.26,5,5000,2,500
4787,4.55,3.221452939,GLIMB,0.26,5,5000,2,500
4789,4.6,3.061357475,GLIMB,0.26,5,5000,2,500
4790,4.65,2.915901275,GLIMB,0.26,5,5000,2,500
4792,4.7,2.784873568,GLIMB,0.26,5,5000,2,500
4793,4.75,2.666908113,GLIMB,0.26,5,5000,2,500
4794,4.8,2.560316078,GLIMB,0.26,5,5000,2,500
4795,4.85,2.463404537,GLIMB,0.26,5,5000,2,500
4796,4.9,2.37479731,GLIMB,0.26,5,5000,2,500
4797,4.95,2.293580306,GLIMB,0.26,5,5000,2,500
4798,5,2.218891761,GLIMB,0.26,5,5000,2,500
4799,5.05,2.149920251,GLIMB,0.26,5,5000,2,500
4800,5.1,2.086039554,GLIMB,0.26,5,5000,2,500
4801,5.15,2.026482496,GLIMB,0.26,5,5000,2,500
4802,5.2,1.970177282,GLIMB,0.26,5,5000,2,500
4804,5.25,1.915912196,GLIMB,0.26,5,5000,2,500
4805,5.3,1.862776573,GLIMB,0.26,5,5000,2,500
4806,5.35,1.810302354,GLIMB,0.26,5,5000,2,500
4807,5.4,1.758017455,GLIMB,0.26,5,5000,2,500
4808,5.45,1.705460097,GLIMB,0.26,5,5000,2,500
4809,5.5,1.652682179,GLIMB,0.26,5,5000,2,500
4810,5.55,1.600363517,GLIMB,0.26,5,5000,2,500
4811,5.6,1.548984201,GLIMB,0.26,5,5000,2,500
4812,5.65,1.498150504,GLIMB,0.26,5,5000,2,500
4813,5.7,1.447307902,GLIMB,0.26,5,5000,2,500
4814,5.75,1.395916568,GLIMB,0.26,5,5000,2,500
4815,5.8,1.343494627,GLIMB,0.26,5,5000,2,500
4818,5.85,1.290006632,GLIMB,0.26,5,5000,2,500
4819,5.9,1.235768495,GLIMB,0.26,5,5000,2,500
4820,5.95,1.181308617,GLIMB,0.26,5,5000,2,500
4821,6,1.127200622,GLIMB,0.26,5,5000,2,500
4822,6.05,1.073872711,GLIMB,0.26,5,5000,2,500
4823,6.1,1.021617722,GLIMB,0.26,5,5000,2,500
4824,6.15,0.970380508,GLIMB,0.26,5,5000,2,500
4825,6.2,0.920005977,GLIMB,0.26,5,5000,2,500
4826,6.25,0.870313126,GLIMB,0.26,5,5000,2,500
4827,6.3,0.821125545,GLIMB,0.26,5,5000,2,500
4828,6.35,0.772271101,GLIMB,0.26,5,5000,2,500
4829,6.4,0.723555507,GLIMB,0.26,5,5000,2,500
4830,6.45,0.674739692,GLIMB,0.26,5,5000,2,500
4831,6.5,0.625618835,GLIMB,0.26,5,5000,2,500
4832,6.55,0.576064492,GLIMB,0.26,5,5000,2,500
4833,6.6,0.526075966,GLIMB,0.26,5,5000,2,500
4834,6.65,0.475752805,GLIMB,0.26,5,5000,2,500
4835,6.7,0.425246315,GLIMB,0.26,5,5000,2,500
4836,6.75,0.374707436,GLIMB,0.26,5,5000,2,500
4837,6.8,0.324268272,GLIMB,0.26,5,5000,2,500
4838,6.85,0.273958857,GLIMB,0.26,5,5000,2,500
4842,-0.1,133.3471928,GloGEMflow,0.47,5,5000,2,500
4843,-0.05,130.0989144,GloGEMflow,0.47,5,5000,2,500
4844,0,126.8189004,GloGEMflow,0.47,5,5000,2,500
4845,0.05,123.501134,GloGEMflow,0.47,5,5000,2,500
4847,0.1,120.1461203,GloGEMflow,0.47,5,5000,2,500
4849,0.15,116.7594623,GloGEMflow,0.47,5,5000,2,500
4851,0.2,113.3522213,GloGEMflow,0.47,5,5000,2,500
4854,0.25,109.9402491,GloGEMflow,0.47,5,5000,2,500
4856,0.3,106.5373477,GloGEMflow,0.47,5,5000,2,500
4858,0.35,103.1569905,GloGEMflow,0.47,5,5000,2,500
4864,0.4,99.81855333,GloGEMflow,0.47,5,5000,2,500
4865,0.45,96.54041965,GloGEMflow,0.47,5,5000,2,500
4867,0.5,93.33959298,GloGEMflow,0.47,5,5000,2,500
4868,0.55,90.23080706,GloGEMflow,0.47,5,5000,2,500
4869,0.6,87.22532622,GloGEMflow,0.47,5,5000,2,500
4870,0.65,84.33076418,GloGEMflow,0.47,5,5000,2,500
4871,0.7,81.5508471,GloGEMflow,0.47,5,5000,2,500
4872,0.75,78.88628624,GloGEMflow,0.47,5,5000,2,500
4873,0.8,76.33580258,GloGEMflow,0.47,5,5000,2,500
4874,0.85,73.89638588,GloGEMflow,0.47,5,5000,2,500
4875,0.9,71.56266609,GloGEMflow,0.47,5,5000,2,500
4880,0.95,69.32527607,GloGEMflow,0.47,5,5000,2,500
4881,1,67.17553715,GloGEMflow,0.47,5,5000,2,500
4882,1.05,65.10668767,GloGEMflow,0.47,5,5000,2,500
4884,1.1,63.11241439,GloGEMflow,0.47,5,5000,2,500
4885,1.15,61.18579995,GloGEMflow,0.47,5,5000,2,500
4886,1.2,59.32176713,GloGEMflow,0.47,5,5000,2,500
4887,1.25,57.51693855,GloGEMflow,0.47,5,5000,2,500
4888,1.3,55.76785739,GloGEMflow,0.47,5,5000,2,500
4889,1.35,54.0717762,GloGEMflow,0.47,5,5000,2,500
4890,1.4,52.42836102,GloGEMflow,0.47,5,5000,2,500
4891,1.45,50.83916444,GloGEMflow,0.47,5,5000,2,500
4896,1.5,49.30660076,GloGEMflow,0.47,5,5000,2,500
4899,1.55,47.83234124,GloGEMflow,0.47,5,5000,2,500
4900,1.6,46.41659739,GloGEMflow,0.47,5,5000,2,500
4902,1.65,45.05990563,GloGEMflow,0.47,5,5000,2,500
4910,1.7,43.76286717,GloGEMflow,0.47,5,5000,2,500
4914,1.75,42.5247632,GloGEMflow,0.47,5,5000,2,500
4915,1.8,41.3420039,GloGEMflow,0.47,5,5000,2,500
4916,1.85,40.20916382,GloGEMflow,0.47,5,5000,2,500
4917,1.9,39.11985613,GloGEMflow,0.47,5,5000,2,500
4920,1.95,38.0658984,GloGEMflow,0.47,5,5000,2,500
4922,2,37.03639049,GloGEMflow,0.47,5,5000,2,500
4925,2.05,36.017822,GloGEMflow,0.47,5,5000,2,500
4928,2.1,34.99418493,GloGEMflow,0.47,5,5000,2,500
4930,2.15,33.9476585,GloGEMflow,0.47,5,5000,2,500
4935,2.2,32.86148983,GloGEMflow,0.47,5,5000,2,500
4936,2.25,31.72295079,GloGEMflow,0.47,5,5000,2,500
4937,2.3,30.52705232,GloGEMflow,0.47,5,5000,2,500
4940,2.35,29.28037383,GloGEMflow,0.47,5,5000,2,500
4941,2.4,28.00379306,GloGEMflow,0.47,5,5000,2,500
4943,2.45,26.7358326,GloGEMflow,0.47,5,5000,2,500
4944,2.5,25.52420132,GloGEMflow,0.47,5,5000,2,500
4945,2.55,24.38470604,GloGEMflow,0.47,5,5000,2,500
4947,2.6,23.32096435,GloGEMflow,0.47,5,5000,2,500
4948,2.65,22.33398843,GloGEMflow,0.47,5,5000,2,500
4950,2.7,21.42325796,GloGEMflow,0.47,5,5000,2,500
4953,2.75,20.58660144,GloGEMflow,0.47,5,5000,2,500
4954,2.8,19.82049754,GloGEMflow,0.47,5,5000,2,500
4957,2.85,19.1213996,GloGEMflow,0.47,5,5000,2,500
4958,2.9,18.48441361,GloGEMflow,0.47,5,5000,2,500
4959,2.95,17.90272073,GloGEMflow,0.47,5,5000,2,500
4962,3,17.37087174,GloGEMflow,0.47,5,5000,2,500
4965,3.05,16.88387241,GloGEMflow,0.47,5,5000,2,500
4966,3.1,16.43640234,GloGEMflow,0.47,5,5000,2,500
4968,3.15,16.02253805,GloGEMflow,0.47,5,5000,2,500
4969,3.2,15.63590579,GloGEMflow,0.47,5,5000,2,500
4970,3.25,15.26974602,GloGEMflow,0.47,5,5000,2,500
4971,3.3,14.91762881,GloGEMflow,0.47,5,5000,2,500
4972,3.35,14.57449928,GloGEMflow,0.47,5,5000,2,500
4973,3.4,14.23748226,GloGEMflow,0.47,5,5000,2,500
4975,3.45,13.90677214,GloGEMflow,0.47,5,5000,2,500
4977,3.5,13.58392874,GloGEMflow,0.47,5,5000,2,500
4981,3.55,13.26755588,GloGEMflow,0.47,5,5000,2,500
4982,3.6,12.95668532,GloGEMflow,0.47,5,5000,2,500
4984,3.65,12.65151844,GloGEMflow,0.47,5,5000,2,500
4985,3.7,12.35264311,GloGEMflow,0.47,5,5000,2,500
4986,3.75,12.05873179,GloGEMflow,0.47,5,5000,2,500
4987,3.8,11.76907082,GloGEMflow,0.47,5,5000,2,500
4989,3.85,11.48406497,GloGEMflow,0.47,5,5000,2,500
4990,3.9,11.20292906,GloGEMflow,0.47,5,5000,2,500
4991,3.95,10.9249119,GloGEMflow,0.47,5,5000,2,500
4993,4,10.65156059,GloGEMflow,0.47,5,5000,2,500
4995,4.05,10.38472547,GloGEMflow,0.47,5,5000,2,500
4996,4.1,10.1243491,GloGEMflow,0.47,5,5000,2,500
4997,4.15,9.869742903,GloGEMflow,0.47,5,5000,2,500
4999,4.2,9.619969147,GloGEMflow,0.47,5,5000,2,500
5000,4.25,9.373880936,GloGEMflow,0.47,5,5000,2,500
5001,4.3,9.130304532,GloGEMflow,0.47,5,5000,2,500
5002,4.35,8.888947499,GloGEMflow,0.47,5,5000,2,500
5003,4.4,8.650018179,GloGEMflow,0.47,5,5000,2,500
5005,4.45,8.413721616,GloGEMflow,0.47,5,5000,2,500
5006,4.5,8.179965965,GloGEMflow,0.47,5,5000,2,500
5007,4.55,7.948939354,GloGEMflow,0.47,5,5000,2,500
5009,4.6,7.721019219,GloGEMflow,0.47,5,5000,2,500
5010,4.65,7.496719814,GloGEMflow,0.47,5,5000,2,500
5012,4.7,7.276528729,GloGEMflow,0.47,5,5000,2,500
5013,4.75,7.060786581,GloGEMflow,0.47,5,5000,2,500
5014,4.8,6.84950167,GloGEMflow,0.47,5,5000,2,500
5015,4.85,6.642357713,GloGEMflow,0.47,5,5000,2,500
5016,4.9,6.439124107,GloGEMflow,0.47,5,5000,2,500
5017,4.95,6.239447465,GloGEMflow,0.47,5,5000,2,500
5018,5,6.042887917,GloGEMflow,0.47,5,5000,2,500
5019,5.05,5.849318677,GloGEMflow,0.47,5,5000,2,500
5020,5.1,5.6587454,GloGEMflow,0.47,5,5000,2,500
5021,5.15,5.471204682,GloGEMflow,0.47,5,5000,2,500
5022,5.2,5.2867391,GloGEMflow,0.47,5,5000,2,500
5024,5.25,5.105398627,GloGEMflow,0.47,5,5000,2,500
5025,5.3,4.927206927,GloGEMflow,0.47,5,5000,2,500
5026,5.35,4.752106216,GloGEMflow,0.47,5,5000,2,500
5027,5.4,4.579923173,GloGEMflow,0.47,5,5000,2,500
5028,5.45,4.410324027,GloGEMflow,0.47,5,5000,2,500
5029,5.5,4.24315737,GloGEMflow,0.47,5,5000,2,500
5030,5.55,4.078397872,GloGEMflow,0.47,5,5000,2,500
5031,5.6,3.915968902,GloGEMflow,0.47,5,5000,2,500
5032,5.65,3.755754813,GloGEMflow,0.47,5,5000,2,500
5033,5.7,3.597581366,GloGEMflow,0.47,5,5000,2,500
5034,5.75,3.44113269,GloGEMflow,0.47,5,5000,2,500
5035,5.8,3.285948707,GloGEMflow,0.47,5,5000,2,500
5038,5.85,3.131718532,GloGEMflow,0.47,5,5000,2,500
5039,5.9,2.978306687,GloGEMflow,0.47,5,5000,2,500
5040,5.95,2.825557058,GloGEMflow,0.47,5,5000,2,500
5041,6,2.673196389,GloGEMflow,0.47,5,5000,2,500
5042,6.05,2.520981136,GloGEMflow,0.47,5,5000,2,500
5043,6.1,2.368853379,GloGEMflow,0.47,5,5000,2,500
5044,6.15,2.21682238,GloGEMflow,0.47,5,5000,2,500
5045,6.2,2.064933433,GloGEMflow,0.47,5,5000,2,500
5046,6.25,1.913220774,GloGEMflow,0.47,5,5000,2,500
5047,6.3,1.761731419,GloGEMflow,0.47,5,5000,2,500
5048,6.35,1.610471019,GloGEMflow,0.47,5,5000,2,500
5049,6.4,1.459618563,GloGEMflow,0.47,5,5000,2,500
5050,6.45,1.309401136,GloGEMflow,0.47,5,5000,2,500
5051,6.5,1.159937082,GloGEMflow,0.47,5,5000,2,500
5052,6.55,1.011236587,GloGEMflow,0.47,5,5000,2,500
5053,6.6,0.86310635,GloGEMflow,0.47,5,5000,2,500
5054,6.65,0.715356902,GloGEMflow,0.47,5,5000,2,500
5055,6.7,0.567943876,GloGEMflow,0.47,5,5000,2,500
5056,6.75,0.420801842,GloGEMflow,0.47,5,5000,2,500
5057,6.8,0.273813857,GloGEMflow,0.47,5,5000,2,500
5058,6.85,0.126779344,GloGEMflow,0.47,5,5000,2,500
5062,-0.1,110.5412179,OGGM_v16,0.45,5,5000,2,500
5063,-0.05,106.684197,OGGM_v16,0.45,5,5000,2,500
5064,0,102.8028866,OGGM_v16,0.45,5,5000,2,500
5065,0.05,98.89401427,OGGM_v16,0.45,5,5000,2,500
5067,0.1,94.95923229,OGGM_v16,0.45,5,5000,2,500
5069,0.15,91.00382496,OGGM_v16,0.45,5,5000,2,500
5071,0.2,87.03933395,OGGM_v16,0.45,5,5000,2,500
5074,0.25,83.0873044,OGGM_v16,0.45,5,5000,2,500
5076,0.3,79.17165611,OGGM_v16,0.45,5,5000,2,500
5078,0.35,75.31346188,OGGM_v16,0.45,5,5000,2,500
5084,0.4,71.53577949,OGGM_v16,0.45,5,5000,2,500
5085,0.45,67.86004269,OGGM_v16,0.45,5,5000,2,500
5087,0.5,64.30895891,OGGM_v16,0.45,5,5000,2,500
5088,0.55,60.9034034,OGGM_v16,0.45,5,5000,2,500
5089,0.6,57.65687389,OGGM_v16,0.45,5,5000,2,500
5090,0.65,54.57751732,OGGM_v16,0.45,5,5000,2,500
5091,0.7,51.66822459,OGGM_v16,0.45,5,5000,2,500
5092,0.75,48.92732648,OGGM_v16,0.45,5,5000,2,500
5093,0.8,46.34867158,OGGM_v16,0.45,5,5000,2,500
5094,0.85,43.9249111,OGGM_v16,0.45,5,5000,2,500
5095,0.9,41.64948124,OGGM_v16,0.45,5,5000,2,500
5100,0.95,39.51588376,OGGM_v16,0.45,5,5000,2,500
5101,1,37.51985623,OGGM_v16,0.45,5,5000,2,500
5102,1.05,35.65831156,OGGM_v16,0.45,5,5000,2,500
5104,1.1,33.92781313,OGGM_v16,0.45,5,5000,2,500
5105,1.15,32.32515198,OGGM_v16,0.45,5,5000,2,500
5106,1.2,30.84824499,OGGM_v16,0.45,5,5000,2,500
5107,1.25,29.49539619,OGGM_v16,0.45,5,5000,2,500
5108,1.3,28.26482332,OGGM_v16,0.45,5,5000,2,500
5109,1.35,27.1554125,OGGM_v16,0.45,5,5000,2,500
5110,1.4,26.16714298,OGGM_v16,0.45,5,5000,2,500
5111,1.45,25.29948371,OGGM_v16,0.45,5,5000,2,500
5116,1.5,24.55267755,OGGM_v16,0.45,5,5000,2,500
5119,1.55,23.9276874,OGGM_v16,0.45,5,5000,2,500
5120,1.6,23.42495745,OGGM_v16,0.45,5,5000,2,500
5122,1.65,23.0427534,OGGM_v16,0.45,5,5000,2,500
5130,1.7,22.77537587,OGGM_v16,0.45,5,5000,2,500
5134,1.75,22.61035623,OGGM_v16,0.45,5,5000,2,500
5135,1.8,22.52697816,OGGM_v16,0.45,5,5000,2,500
5136,1.85,22.49609272,OGGM_v16,0.45,5,5000,2,500
5137,1.9,22.48093852,OGGM_v16,0.45,5,5000,2,500
5140,1.95,22.4377799,OGGM_v16,0.45,5,5000,2,500
5142,2,22.31725662,OGGM_v16,0.45,5,5000,2,500
5145,2.05,22.06763041,OGGM_v16,0.45,5,5000,2,500
5148,2.1,21.64071309,OGGM_v16,0.45,5,5000,2,500
5150,2.15,21.00083667,OGGM_v16,0.45,5,5000,2,500
5155,2.2,20.13579008,OGGM_v16,0.45,5,5000,2,500
5156,2.25,19.06726325,OGGM_v16,0.45,5,5000,2,500
5157,2.3,17.85935018,OGGM_v16,0.45,5,5000,2,500
5160,2.35,16.6190565,OGGM_v16,0.45,5,5000,2,500
5161,2.4,15.41075023,OGGM_v16,0.45,5,5000,2,500
5163,2.45,14.24330697,OGGM_v16,0.45,5,5000,2,500
5164,2.5,13.1247279,OGGM_v16,0.45,5,5000,2,500
5165,2.55,12.06401667,OGGM_v16,0.45,5,5000,2,500
5167,2.6,11.06923499,OGGM_v16,0.45,5,5000,2,500
5168,2.65,10.14604142,OGGM_v16,0.45,5,5000,2,500
5170,2.7,9.29761235,OGGM_v16,0.45,5,5000,2,500
5173,2.75,8.524197655,OGGM_v16,0.45,5,5000,2,500
5174,2.8,7.823055471,OGGM_v16,0.45,5,5000,2,500
5177,2.85,7.190772838,OGGM_v16,0.45,5,5000,2,500
5178,2.9,6.623772823,OGGM_v16,0.45,5,5000,2,500
5179,2.95,6.119852862,OGGM_v16,0.45,5,5000,2,500
5182,3,5.675381239,OGGM_v16,0.45,5,5000,2,500
5185,3.05,5.28369679,OGGM_v16,0.45,5,5000,2,500
5186,3.1,4.938162233,OGGM_v16,0.45,5,5000,2,500
5188,3.15,4.632226868,OGGM_v16,0.45,5,5000,2,500
5189,3.2,4.360067532,OGGM_v16,0.45,5,5000,2,500
5190,3.25,4.114927366,OGGM_v16,0.45,5,5000,2,500
5191,3.3,3.889212425,OGGM_v16,0.45,5,5000,2,500
5192,3.35,3.677313184,OGGM_v16,0.45,5,5000,2,500
5193,3.4,3.474627348,OGGM_v16,0.45,5,5000,2,500
5195,3.45,3.277394288,OGGM_v16,0.45,5,5000,2,500
5197,3.5,3.084823829,OGGM_v16,0.45,5,5000,2,500
5201,3.55,2.899373112,OGGM_v16,0.45,5,5000,2,500
5202,3.6,2.724034436,OGGM_v16,0.45,5,5000,2,500
5204,3.65,2.559427948,OGGM_v16,0.45,5,5000,2,500
5205,3.7,2.406832336,OGGM_v16,0.45,5,5000,2,500
5206,3.75,2.265629448,OGGM_v16,0.45,5,5000,2,500
5207,3.8,2.135476017,OGGM_v16,0.45,5,5000,2,500
5209,3.85,2.01600858,OGGM_v16,0.45,5,5000,2,500
5210,3.9,1.90647514,OGGM_v16,0.45,5,5000,2,500
5211,3.95,1.805137673,OGGM_v16,0.45,5,5000,2,500
5213,4,1.71066001,OGGM_v16,0.45,5,5000,2,500
5215,4.05,1.621662491,OGGM_v16,0.45,5,5000,2,500
5216,4.1,1.537487472,OGGM_v16,0.45,5,5000,2,500
5217,4.15,1.458130505,OGGM_v16,0.45,5,5000,2,500
5219,4.2,1.384081835,OGGM_v16,0.45,5,5000,2,500
5220,4.25,1.315595711,OGGM_v16,0.45,5,5000,2,500
5221,4.3,1.252386709,OGGM_v16,0.45,5,5000,2,500
5222,4.35,1.193872617,OGGM_v16,0.45,5,5000,2,500
5223,4.4,1.139333181,OGGM_v16,0.45,5,5000,2,500
5225,4.45,1.087907783,OGGM_v16,0.45,5,5000,2,500
5226,4.5,1.038728668,OGGM_v16,0.45,5,5000,2,500
5227,4.55,0.991272598,OGGM_v16,0.45,5,5000,2,500
5229,4.6,0.945124675,OGGM_v16,0.45,5,5000,2,500
5230,4.65,0.899945952,OGGM_v16,0.45,5,5000,2,500
5232,4.7,0.855470686,OGGM_v16,0.45,5,5000,2,500
5233,4.75,0.811478219,OGGM_v16,0.45,5,5000,2,500
5234,4.8,0.768322816,OGGM_v16,0.45,5,5000,2,500
5235,4.85,0.726735216,OGGM_v16,0.45,5,5000,2,500
5236,4.9,0.68741467,OGGM_v16,0.45,5,5000,2,500
5237,4.95,0.650851059,OGGM_v16,0.45,5,5000,2,500
5238,5,0.61733748,OGGM_v16,0.45,5,5000,2,500
5239,5.05,0.586848887,OGGM_v16,0.45,5,5000,2,500
5240,5.1,0.559185444,OGGM_v16,0.45,5,5000,2,500
5241,5.15,0.533859688,OGGM_v16,0.45,5,5000,2,500
5242,5.2,0.510227188,OGGM_v16,0.45,5,5000,2,500
5244,5.25,0.487709966,OGGM_v16,0.45,5,5000,2,500
5245,5.3,0.465809574,OGGM_v16,0.45,5,5000,2,500
5246,5.35,0.444275028,OGGM_v16,0.45,5,5000,2,500
5247,5.4,0.423007389,OGGM_v16,0.45,5,5000,2,500
5248,5.45,0.401996762,OGGM_v16,0.45,5,5000,2,500
5249,5.5,0.381237701,OGGM_v16,0.45,5,5000,2,500
5250,5.55,0.360747646,OGGM_v16,0.45,5,5000,2,500
5251,5.6,0.340546179,OGGM_v16,0.45,5,5000,2,500
5252,5.65,0.320664131,OGGM_v16,0.45,5,5000,2,500
5253,5.7,0.301118983,OGGM_v16,0.45,5,5000,2,500
5254,5.75,0.281905713,OGGM_v16,0.45,5,5000,2,500
5255,5.8,0.262943976,OGGM_v16,0.45,5,5000,2,500
5258,5.85,0.24408758,OGGM_v16,0.45,5,5000,2,500
5259,5.9,0.225236816,OGGM_v16,0.45,5,5000,2,500
5260,5.95,0.206293997,OGGM_v16,0.45,5,5000,2,500
5261,6,0.187136769,OGGM_v16,0.45,5,5000,2,500
5262,6.05,0.167667753,OGGM_v16,0.45,5,5000,2,500
5263,6.1,0.147871872,OGGM_v16,0.45,5,5000,2,500
5264,6.15,0.127769991,OGGM_v16,0.45,5,5000,2,500
5265,6.2,0.107404879,OGGM_v16,0.45,5,5000,2,500
5266,6.25,0.086841661,OGGM_v16,0.45,5,5000,2,500
5267,6.3,0.066189389,OGGM_v16,0.45,5,5000,2,500
5268,6.35,0.045553897,OGGM_v16,0.45,5,5000,2,500
5269,6.4,0.025010557,OGGM_v16,0.45,5,5000,2,500
5270,6.45,0.004600166,OGGM_v16,0.45,5,5000,2,500
5271,6.5,0,OGGM_v16,0.45,5,5000,2,500
5272,6.55,0,OGGM_v16,0.45,5,5000,2,500
5273,6.6,0,OGGM_v16,0.45,5,5000,2,500
5274,6.65,0,OGGM_v16,0.45,5,5000,2,500
5275,6.7,0,OGGM_v16,0.45,5,5000,2,500
5276,6.75,0,OGGM_v16,0.45,5,5000,2,500
5277,6.8,0,OGGM_v16,0.45,5,5000,2,500
5278,6.85,0,OGGM_v16,0.45,5,5000,2,500
5282,-0.1,62.41913205,PyGEM-OGGM_v13,0.29,5,5000,2,500
5283,-0.05,60.90837226,PyGEM-OGGM_v13,0.29,5,5000,2,500
5284,0,59.40194467,PyGEM-OGGM_v13,0.29,5,5000,2,500
5285,0.05,57.90286472,PyGEM-OGGM_v13,0.29,5,5000,2,500
5287,0.1,56.41344878,PyGEM-OGGM_v13,0.29,5,5000,2,500
5289,0.15,54.93484672,PyGEM-OGGM_v13,0.29,5,5000,2,500
5291,0.2,53.46762768,PyGEM-OGGM_v13,0.29,5,5000,2,500
5294,0.25,52.01193742,PyGEM-OGGM_v13,0.29,5,5000,2,500
5296,0.3,50.56216858,PyGEM-OGGM_v13,0.29,5,5000,2,500
5298,0.35,49.11565065,PyGEM-OGGM_v13,0.29,5,5000,2,500
5304,0.4,47.67753583,PyGEM-OGGM_v13,0.29,5,5000,2,500
5305,0.45,46.25506558,PyGEM-OGGM_v13,0.29,5,5000,2,500
5307,0.5,44.85626292,PyGEM-OGGM_v13,0.29,5,5000,2,500
5308,0.55,43.48768023,PyGEM-OGGM_v13,0.29,5,5000,2,500
5309,0.6,42.15365331,PyGEM-OGGM_v13,0.29,5,5000,2,500
5310,0.65,40.85594472,PyGEM-OGGM_v13,0.29,5,5000,2,500
5311,0.7,39.5881524,PyGEM-OGGM_v13,0.29,5,5000,2,500
5312,0.75,38.33505616,PyGEM-OGGM_v13,0.29,5,5000,2,500
5313,0.8,37.08073439,PyGEM-OGGM_v13,0.29,5,5000,2,500
5314,0.85,35.81452172,PyGEM-OGGM_v13,0.29,5,5000,2,500
5315,0.9,34.53916106,PyGEM-OGGM_v13,0.29,5,5000,2,500
5320,0.95,33.27087361,PyGEM-OGGM_v13,0.29,5,5000,2,500
5321,1,32.02865572,PyGEM-OGGM_v13,0.29,5,5000,2,500
5322,1.05,30.83200827,PyGEM-OGGM_v13,0.29,5,5000,2,500
5324,1.1,29.70356651,PyGEM-OGGM_v13,0.29,5,5000,2,500
5325,1.15,28.66840233,PyGEM-OGGM_v13,0.29,5,5000,2,500
5326,1.2,27.7449709,PyGEM-OGGM_v13,0.29,5,5000,2,500
5327,1.25,26.95007067,PyGEM-OGGM_v13,0.29,5,5000,2,500
5328,1.3,26.29213665,PyGEM-OGGM_v13,0.29,5,5000,2,500
5329,1.35,25.7783545,PyGEM-OGGM_v13,0.29,5,5000,2,500
5330,1.4,25.40592146,PyGEM-OGGM_v13,0.29,5,5000,2,500
5331,1.45,25.16229051,PyGEM-OGGM_v13,0.29,5,5000,2,500
5336,1.5,25.02195802,PyGEM-OGGM_v13,0.29,5,5000,2,500
5339,1.55,24.93637386,PyGEM-OGGM_v13,0.29,5,5000,2,500
5340,1.6,24.84055515,PyGEM-OGGM_v13,0.29,5,5000,2,500
5342,1.65,24.69449912,PyGEM-OGGM_v13,0.29,5,5000,2,500
5350,1.7,24.50958477,PyGEM-OGGM_v13,0.29,5,5000,2,500
5354,1.75,24.29671697,PyGEM-OGGM_v13,0.29,5,5000,2,500
5355,1.8,24.0335812,PyGEM-OGGM_v13,0.29,5,5000,2,500
5356,1.85,23.68494891,PyGEM-OGGM_v13,0.29,5,5000,2,500
5357,1.9,23.21699691,PyGEM-OGGM_v13,0.29,5,5000,2,500
5360,1.95,22.60724373,PyGEM-OGGM_v13,0.29,5,5000,2,500
5362,2,21.8469796,PyGEM-OGGM_v13,0.29,5,5000,2,500
5365,2.05,20.94390805,PyGEM-OGGM_v13,0.29,5,5000,2,500
5368,2.1,19.92277584,PyGEM-OGGM_v13,0.29,5,5000,2,500
5370,2.15,18.82591687,PyGEM-OGGM_v13,0.29,5,5000,2,500
5375,2.2,17.69465862,PyGEM-OGGM_v13,0.29,5,5000,2,500
5376,2.25,16.54738775,PyGEM-OGGM_v13,0.29,5,5000,2,500
5377,2.3,15.40431479,PyGEM-OGGM_v13,0.29,5,5000,2,500
5380,2.35,14.29136573,PyGEM-OGGM_v13,0.29,5,5000,2,500
5381,2.4,13.23764345,PyGEM-OGGM_v13,0.29,5,5000,2,500
5383,2.45,12.26811339,PyGEM-OGGM_v13,0.29,5,5000,2,500
5384,2.5,11.39184546,PyGEM-OGGM_v13,0.29,5,5000,2,500
5385,2.55,10.60189066,PyGEM-OGGM_v13,0.29,5,5000,2,500
5387,2.6,9.893220109,PyGEM-OGGM_v13,0.29,5,5000,2,500
5388,2.65,9.256817108,PyGEM-OGGM_v13,0.29,5,5000,2,500
5390,2.7,8.683148712,PyGEM-OGGM_v13,0.29,5,5000,2,500
5393,2.75,8.172013879,PyGEM-OGGM_v13,0.29,5,5000,2,500
5394,2.8,7.727922444,PyGEM-OGGM_v13,0.29,5,5000,2,500
5397,2.85,7.353412695,PyGEM-OGGM_v13,0.29,5,5000,2,500
5398,2.9,7.042530628,PyGEM-OGGM_v13,0.29,5,5000,2,500
5399,2.95,6.772637336,PyGEM-OGGM_v13,0.29,5,5000,2,500
5402,3,6.52171691,PyGEM-OGGM_v13,0.29,5,5000,2,500
5405,3.05,6.282473237,PyGEM-OGGM_v13,0.29,5,5000,2,500
5406,3.1,6.054944326,PyGEM-OGGM_v13,0.29,5,5000,2,500
5408,3.15,5.836806714,PyGEM-OGGM_v13,0.29,5,5000,2,500
5409,3.2,5.625123845,PyGEM-OGGM_v13,0.29,5,5000,2,500
5410,3.25,5.417767614,PyGEM-OGGM_v13,0.29,5,5000,2,500
5411,3.3,5.213634676,PyGEM-OGGM_v13,0.29,5,5000,2,500
5412,3.35,5.012561333,PyGEM-OGGM_v13,0.29,5,5000,2,500
5413,3.4,4.814686709,PyGEM-OGGM_v13,0.29,5,5000,2,500
5415,3.45,4.620468943,PyGEM-OGGM_v13,0.29,5,5000,2,500
5417,3.5,4.430761733,PyGEM-OGGM_v13,0.29,5,5000,2,500
5421,3.55,4.246636556,PyGEM-OGGM_v13,0.29,5,5000,2,500
5422,3.6,4.070094465,PyGEM-OGGM_v13,0.29,5,5000,2,500
5424,3.65,3.903761098,PyGEM-OGGM_v13,0.29,5,5000,2,500
5425,3.7,3.748661617,PyGEM-OGGM_v13,0.29,5,5000,2,500
5426,3.75,3.605640302,PyGEM-OGGM_v13,0.29,5,5000,2,500
5427,3.8,3.477167079,PyGEM-OGGM_v13,0.29,5,5000,2,500
5429,3.85,3.363725123,PyGEM-OGGM_v13,0.29,5,5000,2,500
5430,3.9,3.263787002,PyGEM-OGGM_v13,0.29,5,5000,2,500
5431,3.95,3.176196187,PyGEM-OGGM_v13,0.29,5,5000,2,500
5433,4,3.098472647,PyGEM-OGGM_v13,0.29,5,5000,2,500
5435,4.05,3.026754029,PyGEM-OGGM_v13,0.29,5,5000,2,500
5436,4.1,2.958208139,PyGEM-OGGM_v13,0.29,5,5000,2,500
5437,4.15,2.890613686,PyGEM-OGGM_v13,0.29,5,5000,2,500
5439,4.2,2.821270816,PyGEM-OGGM_v13,0.29,5,5000,2,500
5440,4.25,2.748395964,PyGEM-OGGM_v13,0.29,5,5000,2,500
5441,4.3,2.671772265,PyGEM-OGGM_v13,0.29,5,5000,2,500
5442,4.35,2.591719718,PyGEM-OGGM_v13,0.29,5,5000,2,500
5443,4.4,2.508998587,PyGEM-OGGM_v13,0.29,5,5000,2,500
5445,4.45,2.424945769,PyGEM-OGGM_v13,0.29,5,5000,2,500
5446,4.5,2.341087674,PyGEM-OGGM_v13,0.29,5,5000,2,500
5447,4.55,2.258905861,PyGEM-OGGM_v13,0.29,5,5000,2,500
5449,4.6,2.179014619,PyGEM-OGGM_v13,0.29,5,5000,2,500
5450,4.65,2.101731643,PyGEM-OGGM_v13,0.29,5,5000,2,500
5452,4.7,2.027261847,PyGEM-OGGM_v13,0.29,5,5000,2,500
5453,4.75,1.955708106,PyGEM-OGGM_v13,0.29,5,5000,2,500
5454,4.8,1.886969852,PyGEM-OGGM_v13,0.29,5,5000,2,500
5455,4.85,1.820796579,PyGEM-OGGM_v13,0.29,5,5000,2,500
5456,4.9,1.757192252,PyGEM-OGGM_v13,0.29,5,5000,2,500
5457,4.95,1.696233248,PyGEM-OGGM_v13,0.29,5,5000,2,500
5458,5,1.637903097,PyGEM-OGGM_v13,0.29,5,5000,2,500
5459,5.05,1.581922727,PyGEM-OGGM_v13,0.29,5,5000,2,500
5460,5.1,1.52769998,PyGEM-OGGM_v13,0.29,5,5000,2,500
5461,5.15,1.474720162,PyGEM-OGGM_v13,0.29,5,5000,2,500
5462,5.2,1.422737588,PyGEM-OGGM_v13,0.29,5,5000,2,500
5464,5.25,1.371621565,PyGEM-OGGM_v13,0.29,5,5000,2,500
5465,5.3,1.321361967,PyGEM-OGGM_v13,0.29,5,5000,2,500
5466,5.35,1.272073179,PyGEM-OGGM_v13,0.29,5,5000,2,500
5467,5.4,1.223857647,PyGEM-OGGM_v13,0.29,5,5000,2,500
5468,5.45,1.176718313,PyGEM-OGGM_v13,0.29,5,5000,2,500
5469,5.5,1.130600157,PyGEM-OGGM_v13,0.29,5,5000,2,500
5470,5.55,1.085654349,PyGEM-OGGM_v13,0.29,5,5000,2,500
5471,5.6,1.042026328,PyGEM-OGGM_v13,0.29,5,5000,2,500
5472,5.65,0.999807888,PyGEM-OGGM_v13,0.29,5,5000,2,500
5473,5.7,0.959115775,PyGEM-OGGM_v13,0.29,5,5000,2,500
5474,5.75,0.919898481,PyGEM-OGGM_v13,0.29,5,5000,2,500
5475,5.8,0.882023726,PyGEM-OGGM_v13,0.29,5,5000,2,500
5478,5.85,0.845388737,PyGEM-OGGM_v13,0.29,5,5000,2,500
5479,5.9,0.809951954,PyGEM-OGGM_v13,0.29,5,5000,2,500
5480,5.95,0.775547771,PyGEM-OGGM_v13,0.29,5,5000,2,500
5481,6,0.741907388,PyGEM-OGGM_v13,0.29,5,5000,2,500
5482,6.05,0.708769756,PyGEM-OGGM_v13,0.29,5,5000,2,500
5483,6.1,0.675881603,PyGEM-OGGM_v13,0.29,5,5000,2,500
5484,6.15,0.642968736,PyGEM-OGGM_v13,0.29,5,5000,2,500
5485,6.2,0.609776703,PyGEM-OGGM_v13,0.29,5,5000,2,500
5486,6.25,0.576110892,PyGEM-OGGM_v13,0.29,5,5000,2,500
5487,6.3,0.541801263,PyGEM-OGGM_v13,0.29,5,5000,2,500
5488,6.35,0.506706419,PyGEM-OGGM_v13,0.29,5,5000,2,500
5489,6.4,0.4708039,PyGEM-OGGM_v13,0.29,5,5000,2,500
5490,6.45,0.434155997,PyGEM-OGGM_v13,0.29,5,5000,2,500
5491,6.5,0.396862926,PyGEM-OGGM_v13,0.29,5,5000,2,500
5492,6.55,0.359023113,PyGEM-OGGM_v13,0.29,5,5000,2,500
5493,6.6,0.320783982,PyGEM-OGGM_v13,0.29,5,5000,2,500
5494,6.65,0.282316048,PyGEM-OGGM_v13,0.29,5,5000,2,500
5495,6.7,0.24378643,PyGEM-OGGM_v13,0.29,5,5000,2,500
5496,6.75,0.205345414,PyGEM-OGGM_v13,0.29,5,5000,2,500
5497,6.8,0.167176476,PyGEM-OGGM_v13,0.29,5,5000,2,500
5498,6.85,0.129449618,PyGEM-OGGM_v13,0.29,5,5000,2,500
5502,-0.1,86.39879971,GLIMB,0.24,6,5000,2,500
5503,-0.05,81.94024954,GLIMB,0.24,6,5000,2,500
5504,0,77.66672631,GLIMB,0.24,6,5000,2,500
5505,0.05,73.58666732,GLIMB,0.24,6,5000,2,500
5507,0.1,69.70232786,GLIMB,0.24,6,5000,2,500
5509,0.15,66.00575082,GLIMB,0.24,6,5000,2,500
5511,0.2,62.47239507,GLIMB,0.24,6,5000,2,500
5514,0.25,59.10784544,GLIMB,0.24,6,5000,2,500
5516,0.3,55.93282297,GLIMB,0.24,6,5000,2,500
5518,0.35,52.96007522,GLIMB,0.24,6,5000,2,500
5524,0.4,50.18441164,GLIMB,0.24,6,5000,2,500
5525,0.45,47.60384079,GLIMB,0.24,6,5000,2,500
5527,0.5,45.22498791,GLIMB,0.24,6,5000,2,500
5528,0.55,43.05851177,GLIMB,0.24,6,5000,2,500
5529,0.6,41.12409998,GLIMB,0.24,6,5000,2,500
5530,0.65,39.4595358,GLIMB,0.24,6,5000,2,500
5531,0.7,38.08412034,GLIMB,0.24,6,5000,2,500
5532,0.75,36.97300301,GLIMB,0.24,6,5000,2,500
5533,0.8,36.05282212,GLIMB,0.24,6,5000,2,500
5534,0.85,35.24481583,GLIMB,0.24,6,5000,2,500
5535,0.9,34.48842218,GLIMB,0.24,6,5000,2,500
5540,0.95,33.75107697,GLIMB,0.24,6,5000,2,500
5541,1,33.01799806,GLIMB,0.24,6,5000,2,500
5542,1.05,32.29426683,GLIMB,0.24,6,5000,2,500
5544,1.1,31.58506703,GLIMB,0.24,6,5000,2,500
5545,1.15,30.87761195,GLIMB,0.24,6,5000,2,500
5546,1.2,30.14846348,GLIMB,0.24,6,5000,2,500
5547,1.25,29.3601688,GLIMB,0.24,6,5000,2,500
5548,1.3,28.47021567,GLIMB,0.24,6,5000,2,500
5549,1.35,27.44272121,GLIMB,0.24,6,5000,2,500
5550,1.4,26.24803765,GLIMB,0.24,6,5000,2,500
5551,1.45,24.92173142,GLIMB,0.24,6,5000,2,500
5556,1.5,23.60577712,GLIMB,0.24,6,5000,2,500
5559,1.55,22.39089084,GLIMB,0.24,6,5000,2,500
5560,1.6,21.33751614,GLIMB,0.24,6,5000,2,500
5562,1.65,20.51179655,GLIMB,0.24,6,5000,2,500
5570,1.7,19.92172622,GLIMB,0.24,6,5000,2,500
5574,1.75,19.54363066,GLIMB,0.24,6,5000,2,500
5575,1.8,19.32810775,GLIMB,0.24,6,5000,2,500
5576,1.85,19.16429839,GLIMB,0.24,6,5000,2,500
5577,1.9,18.9332809,GLIMB,0.24,6,5000,2,500
5580,1.95,18.54681676,GLIMB,0.24,6,5000,2,500
5582,2,18.00982425,GLIMB,0.24,6,5000,2,500
5585,2.05,17.41605862,GLIMB,0.24,6,5000,2,500
5588,2.1,16.81076699,GLIMB,0.24,6,5000,2,500
5590,2.15,16.19133835,GLIMB,0.24,6,5000,2,500
5595,2.2,15.53556174,GLIMB,0.24,6,5000,2,500
5596,2.25,14.78339512,GLIMB,0.24,6,5000,2,500
5597,2.3,13.90242016,GLIMB,0.24,6,5000,2,500
5600,2.35,12.91185565,GLIMB,0.24,6,5000,2,500
5601,2.4,11.88168802,GLIMB,0.24,6,5000,2,500
5603,2.45,10.85643894,GLIMB,0.24,6,5000,2,500
5604,2.5,9.853354949,GLIMB,0.24,6,5000,2,500
5605,2.55,8.884058572,GLIMB,0.24,6,5000,2,500
5607,2.6,7.96024963,GLIMB,0.24,6,5000,2,500
5608,2.65,7.098667897,GLIMB,0.24,6,5000,2,500
5610,2.7,6.329049014,GLIMB,0.24,6,5000,2,500
5613,2.75,5.664744988,GLIMB,0.24,6,5000,2,500
5614,2.8,5.087035498,GLIMB,0.24,6,5000,2,500
5617,2.85,4.586808117,GLIMB,0.24,6,5000,2,500
5618,2.9,4.159467108,GLIMB,0.24,6,5000,2,500
5619,2.95,3.8077419,GLIMB,0.24,6,5000,2,500
5622,3,3.529205874,GLIMB,0.24,6,5000,2,500
5625,3.05,3.32356541,GLIMB,0.24,6,5000,2,500
5626,3.1,3.188602064,GLIMB,0.24,6,5000,2,500
5628,3.15,3.112574186,GLIMB,0.24,6,5000,2,500
5629,3.2,3.077144195,GLIMB,0.24,6,5000,2,500
5630,3.25,3.062029702,GLIMB,0.24,6,5000,2,500
5631,3.3,3.050985565,GLIMB,0.24,6,5000,2,500
5632,3.35,3.032254635,GLIMB,0.24,6,5000,2,500
5633,3.4,2.99749489,GLIMB,0.24,6,5000,2,500
5635,3.45,2.946932033,GLIMB,0.24,6,5000,2,500
5637,3.5,2.884691504,GLIMB,0.24,6,5000,2,500
5641,3.55,2.812759896,GLIMB,0.24,6,5000,2,500
5642,3.6,2.733652162,GLIMB,0.24,6,5000,2,500
5644,3.65,2.646831273,GLIMB,0.24,6,5000,2,500
5645,3.7,2.549091728,GLIMB,0.24,6,5000,2,500
5646,3.75,2.438362037,GLIMB,0.24,6,5000,2,500
5647,3.8,2.31522078,GLIMB,0.24,6,5000,2,500
5649,3.85,2.18120636,GLIMB,0.24,6,5000,2,500
5650,3.9,2.03776942,GLIMB,0.24,6,5000,2,500
5651,3.95,1.886727299,GLIMB,0.24,6,5000,2,500
5653,4,1.730597615,GLIMB,0.24,6,5000,2,500
5655,4.05,1.573461867,GLIMB,0.24,6,5000,2,500
5656,4.1,1.419615257,GLIMB,0.24,6,5000,2,500
5657,4.15,1.273096692,GLIMB,0.24,6,5000,2,500
5659,4.2,1.136786954,GLIMB,0.24,6,5000,2,500
5660,4.25,1.013095924,GLIMB,0.24,6,5000,2,500
5661,4.3,0.903306486,GLIMB,0.24,6,5000,2,500
5662,4.35,0.807529813,GLIMB,0.24,6,5000,2,500
5663,4.4,0.72573832,GLIMB,0.24,6,5000,2,500
5665,4.45,0.657362622,GLIMB,0.24,6,5000,2,500
5666,4.5,0.600735121,GLIMB,0.24,6,5000,2,500
5667,4.55,0.553241953,GLIMB,0.24,6,5000,2,500
5669,4.6,0.512068057,GLIMB,0.24,6,5000,2,500
5670,4.65,0.474781859,GLIMB,0.24,6,5000,2,500
5672,4.7,0.440518811,GLIMB,0.24,6,5000,2,500
5673,4.75,0.409359685,GLIMB,0.24,6,5000,2,500
5674,4.8,0.381316262,GLIMB,0.24,6,5000,2,500
5675,4.85,0.356317129,GLIMB,0.24,6,5000,2,500
5676,4.9,0.334225555,GLIMB,0.24,6,5000,2,500
5677,4.95,0.314498098,GLIMB,0.24,6,5000,2,500
5678,5,0.296448204,GLIMB,0.24,6,5000,2,500
5679,5.05,0.279435431,GLIMB,0.24,6,5000,2,500
5680,5.1,0.262765028,GLIMB,0.24,6,5000,2,500
5681,5.15,0.245874543,GLIMB,0.24,6,5000,2,500
5682,5.2,0.228659455,GLIMB,0.24,6,5000,2,500
5684,5.25,0.211302286,GLIMB,0.24,6,5000,2,500
5685,5.3,0.194202424,GLIMB,0.24,6,5000,2,500
5686,5.35,0.177679223,GLIMB,0.24,6,5000,2,500
5687,5.4,0.161646546,GLIMB,0.24,6,5000,2,500
5688,5.45,0.146090666,GLIMB,0.24,6,5000,2,500
5689,5.5,0.131079755,GLIMB,0.24,6,5000,2,500
5690,5.55,0.11662055,GLIMB,0.24,6,5000,2,500
5691,5.6,0.102543233,GLIMB,0.24,6,5000,2,500
5692,5.65,0.088723971,GLIMB,0.24,6,5000,2,500
5693,5.7,0.075096454,GLIMB,0.24,6,5000,2,500
5694,5.75,0.061651717,GLIMB,0.24,6,5000,2,500
5695,5.8,0.048471003,GLIMB,0.24,6,5000,2,500
5698,5.85,0.035703975,GLIMB,0.24,6,5000,2,500
5699,5.9,0.023517983,GLIMB,0.24,6,5000,2,500
5700,5.95,0.011950185,GLIMB,0.24,6,5000,2,500
5701,6,0.000983884,GLIMB,0.24,6,5000,2,500
5702,6.05,0,GLIMB,0.24,6,5000,2,500
5703,6.1,0,GLIMB,0.24,6,5000,2,500
5704,6.15,0,GLIMB,0.24,6,5000,2,500
5705,6.2,0,GLIMB,0.24,6,5000,2,500
5706,6.25,0,GLIMB,0.24,6,5000,2,500
5707,6.3,0,GLIMB,0.24,6,5000,2,500
5708,6.35,0,GLIMB,0.24,6,5000,2,500
5709,6.4,0,GLIMB,0.24,6,5000,2,500
5710,6.45,0,GLIMB,0.24,6,5000,2,500
5711,6.5,0,GLIMB,0.24,6,5000,2,500
5712,6.55,0,GLIMB,0.24,6,5000,2,500
5713,6.6,0,GLIMB,0.24,6,5000,2,500
5714,6.65,0,GLIMB,0.24,6,5000,2,500
5715,6.7,0,GLIMB,0.24,6,5000,2,500
5716,6.75,0,GLIMB,0.24,6,5000,2,500
5717,6.8,0,GLIMB,0.24,6,5000,2,500
5718,6.85,0,GLIMB,0.24,6,5000,2,500
5722,-0.1,115.8683719,GO,0.28,6,5000,2,500
5723,-0.05,113.4086371,GO,0.28,6,5000,2,500
5724,0,110.9822496,GO,0.28,6,5000,2,500
5725,0.05,108.5894804,GO,0.28,6,5000,2,500
5727,0.1,106.2235644,GO,0.28,6,5000,2,500
5729,0.15,103.8817633,GO,0.28,6,5000,2,500
5731,0.2,101.5637798,GO,0.28,6,5000,2,500
5734,0.25,99.26880802,GO,0.28,6,5000,2,500
5736,0.3,96.98200901,GO,0.28,6,5000,2,500
5738,0.35,94.67156307,GO,0.28,6,5000,2,500
5744,0.4,92.32661772,GO,0.28,6,5000,2,500
5745,0.45,89.95984091,GO,0.28,6,5000,2,500
5747,0.5,87.59867841,GO,0.28,6,5000,2,500
5748,0.55,85.2899222,GO,0.28,6,5000,2,500
5749,0.6,83.07749996,GO,0.28,6,5000,2,500
5750,0.65,80.97973121,GO,0.28,6,5000,2,500
5751,0.7,78.9795306,GO,0.28,6,5000,2,500
5752,0.75,77.07374439,GO,0.28,6,5000,2,500
5753,0.8,75.27544356,GO,0.28,6,5000,2,500
5754,0.85,73.59863079,GO,0.28,6,5000,2,500
5755,0.9,72.05971419,GO,0.28,6,5000,2,500
5760,0.95,70.6661057,GO,0.28,6,5000,2,500
5761,1,69.42301307,GO,0.28,6,5000,2,500
5762,1.05,68.35325056,GO,0.28,6,5000,2,500
5764,1.1,67.46856577,GO,0.28,6,5000,2,500
5765,1.15,66.77853051,GO,0.28,6,5000,2,500
5766,1.2,66.30064509,GO,0.28,6,5000,2,500
5767,1.25,66.0223147,GO,0.28,6,5000,2,500
5768,1.3,65.87515092,GO,0.28,6,5000,2,500
5769,1.35,65.77846921,GO,0.28,6,5000,2,500
5770,1.4,65.65871724,GO,0.28,6,5000,2,500
5771,1.45,65.44356342,GO,0.28,6,5000,2,500
5776,1.5,65.06017845,GO,0.28,6,5000,2,500
5779,1.55,64.51469333,GO,0.28,6,5000,2,500
5780,1.6,63.89030285,GO,0.28,6,5000,2,500
5782,1.65,63.23301932,GO,0.28,6,5000,2,500
5790,1.7,62.61462739,GO,0.28,6,5000,2,500
5794,1.75,62.00460055,GO,0.28,6,5000,2,500
5795,1.8,61.25161038,GO,0.28,6,5000,2,500
5796,1.85,60.19420817,GO,0.28,6,5000,2,500
5797,1.9,58.73337778,GO,0.28,6,5000,2,500
5800,1.95,56.85280006,GO,0.28,6,5000,2,500
5802,2,54.60565197,GO,0.28,6,5000,2,500
5805,2.05,52.08361277,GO,0.28,6,5000,2,500
5808,2.1,49.39035527,GO,0.28,6,5000,2,500
5810,2.15,46.60898359,GO,0.28,6,5000,2,500
5815,2.2,43.78454898,GO,0.28,6,5000,2,500
5816,2.25,40.93996603,GO,0.28,6,5000,2,500
5817,2.3,38.11104725,GO,0.28,6,5000,2,500
5820,2.35,35.34197073,GO,0.28,6,5000,2,500
5821,2.4,32.70055689,GO,0.28,6,5000,2,500
5823,2.45,30.24998732,GO,0.28,6,5000,2,500
5824,2.5,28.04886976,GO,0.28,6,5000,2,500
5825,2.55,26.21069302,GO,0.28,6,5000,2,500
5827,2.6,24.83660118,GO,0.28,6,5000,2,500
5828,2.65,23.92945246,GO,0.28,6,5000,2,500
5830,2.7,23.37788231,GO,0.28,6,5000,2,500
5833,2.75,23.01539559,GO,0.28,6,5000,2,500
5834,2.8,22.72844172,GO,0.28,6,5000,2,500
5837,2.85,22.49784645,GO,0.28,6,5000,2,500
5838,2.9,22.31270657,GO,0.28,6,5000,2,500
5839,2.95,22.12236735,GO,0.28,6,5000,2,500
5842,3,21.85010176,GO,0.28,6,5000,2,500
5845,3.05,21.45687521,GO,0.28,6,5000,2,500
5846,3.1,20.94228332,GO,0.28,6,5000,2,500
5848,3.15,20.31565427,GO,0.28,6,5000,2,500
5849,3.2,19.58335637,GO,0.28,6,5000,2,500
5850,3.25,18.7719148,GO,0.28,6,5000,2,500
5851,3.3,17.91946861,GO,0.28,6,5000,2,500
5852,3.35,17.06571856,GO,0.28,6,5000,2,500
5853,3.4,16.23632113,GO,0.28,6,5000,2,500
5855,3.45,15.44843107,GO,0.28,6,5000,2,500
5857,3.5,14.70957938,GO,0.28,6,5000,2,500
5861,3.55,14.02085868,GO,0.28,6,5000,2,500
5862,3.6,13.38128723,GO,0.28,6,5000,2,500
5864,3.65,12.78421595,GO,0.28,6,5000,2,500
5865,3.7,12.22227841,GO,0.28,6,5000,2,500
5866,3.75,11.6928011,GO,0.28,6,5000,2,500
5867,3.8,11.19389227,GO,0.28,6,5000,2,500
5869,3.85,10.72141981,GO,0.28,6,5000,2,500
5870,3.9,10.26537079,GO,0.28,6,5000,2,500
5871,3.95,9.816745858,GO,0.28,6,5000,2,500
5873,4,9.371589597,GO,0.28,6,5000,2,500
5875,4.05,8.927172456,GO,0.28,6,5000,2,500
5876,4.1,8.482980616,GO,0.28,6,5000,2,500
5877,4.15,8.038179779,GO,0.28,6,5000,2,500
5879,4.2,7.590679979,GO,0.28,6,5000,2,500
5880,4.25,7.134758817,GO,0.28,6,5000,2,500
5881,4.3,6.667243785,GO,0.28,6,5000,2,500
5882,4.35,6.191543217,GO,0.28,6,5000,2,500
5883,4.4,5.716979407,GO,0.28,6,5000,2,500
5885,4.45,5.253290244,GO,0.28,6,5000,2,500
5886,4.5,4.808520828,GO,0.28,6,5000,2,500
5887,4.55,4.389756969,GO,0.28,6,5000,2,500
5889,4.6,4.001402974,GO,0.28,6,5000,2,500
5890,4.65,3.643996292,GO,0.28,6,5000,2,500
5892,4.7,3.316182651,GO,0.28,6,5000,2,500
5893,4.75,3.016779833,GO,0.28,6,5000,2,500
5894,4.8,2.744603451,GO,0.28,6,5000,2,500
5895,4.85,2.498579464,GO,0.28,6,5000,2,500
5896,4.9,2.278051716,GO,0.28,6,5000,2,500
5897,4.95,2.081264735,GO,0.28,6,5000,2,500
5898,5,1.90499193,GO,0.28,6,5000,2,500
5899,5.05,1.745796582,GO,0.28,6,5000,2,500
5900,5.1,1.600716195,GO,0.28,6,5000,2,500
5901,5.15,1.466759618,GO,0.28,6,5000,2,500
5902,5.2,1.341650708,GO,0.28,6,5000,2,500
5904,5.25,1.224403046,GO,0.28,6,5000,2,500
5905,5.3,1.114481522,GO,0.28,6,5000,2,500
5906,5.35,1.010887633,GO,0.28,6,5000,2,500
5907,5.4,0.912585753,GO,0.28,6,5000,2,500
5908,5.45,0.818779014,GO,0.28,6,5000,2,500
5909,5.5,0.728649311,GO,0.28,6,5000,2,500
5910,5.55,0.641772662,GO,0.28,6,5000,2,500
5911,5.6,0.557887405,GO,0.28,6,5000,2,500
5912,5.65,0.476646196,GO,0.28,6,5000,2,500
5913,5.7,0.398104815,GO,0.28,6,5000,2,500
5914,5.75,0.321965922,GO,0.28,6,5000,2,500
5915,5.8,0.247159361,GO,0.28,6,5000,2,500
5918,5.85,0.172844341,GO,0.28,6,5000,2,500
5919,5.9,0.098518263,GO,0.28,6,5000,2,500
5920,5.95,0.023375732,GO,0.28,6,5000,2,500
5921,6,0,GO,0.28,6,5000,2,500
5922,6.05,0,GO,0.28,6,5000,2,500
5923,6.1,0,GO,0.28,6,5000,2,500
5924,6.15,0,GO,0.28,6,5000,2,500
5925,6.2,0,GO,0.28,6,5000,2,500
5926,6.25,0,GO,0.28,6,5000,2,500
5927,6.3,0,GO,0.28,6,5000,2,500
5928,6.35,0,GO,0.28,6,5000,2,500
5929,6.4,0,GO,0.28,6,5000,2,500
5930,6.45,0,GO,0.28,6,5000,2,500
5931,6.5,0,GO,0.28,6,5000,2,500
5932,6.55,0,GO,0.28,6,5000,2,500
5933,6.6,0,GO,0.28,6,5000,2,500
5934,6.65,0,GO,0.28,6,5000,2,500
5935,6.7,0,GO,0.28,6,5000,2,500
5936,6.75,0,GO,0.28,6,5000,2,500
5937,6.8,0,GO,0.28,6,5000,2,500
5938,6.85,0,GO,0.28,6,5000,2,500
5942,-0.1,142.0123337,GloGEMflow,0.3,6,5000,2,500
5943,-0.05,138.6828816,GloGEMflow,0.3,6,5000,2,500
5944,0,135.3413626,GloGEMflow,0.3,6,5000,2,500
5945,0.05,131.963505,GloGEMflow,0.3,6,5000,2,500
5947,0.1,128.5126866,GloGEMflow,0.3,6,5000,2,500
5949,0.15,124.9391743,GloGEMflow,0.3,6,5000,2,500
5951,0.2,121.1871929,GloGEMflow,0.3,6,5000,2,500
5954,0.25,117.1927506,GloGEMflow,0.3,6,5000,2,500
5956,0.3,112.9068964,GloGEMflow,0.3,6,5000,2,500
5958,0.35,108.3427156,GloGEMflow,0.3,6,5000,2,500
5964,0.4,103.5718207,GloGEMflow,0.3,6,5000,2,500
5965,0.45,98.68508109,GloGEMflow,0.3,6,5000,2,500
5967,0.5,93.76646597,GloGEMflow,0.3,6,5000,2,500
5968,0.55,88.89450716,GloGEMflow,0.3,6,5000,2,500
5969,0.6,84.12411253,GloGEMflow,0.3,6,5000,2,500
5970,0.65,79.49383734,GloGEMflow,0.3,6,5000,2,500
5971,0.7,75.02393018,GloGEMflow,0.3,6,5000,2,500
5972,0.75,70.71706251,GloGEMflow,0.3,6,5000,2,500
5973,0.8,66.57277608,GloGEMflow,0.3,6,5000,2,500
5974,0.85,62.5957016,GloGEMflow,0.3,6,5000,2,500
5975,0.9,58.79050346,GloGEMflow,0.3,6,5000,2,500
5980,0.95,55.15278747,GloGEMflow,0.3,6,5000,2,500
5981,1,51.67699583,GloGEMflow,0.3,6,5000,2,500
5982,1.05,48.38225718,GloGEMflow,0.3,6,5000,2,500
5984,1.1,45.30256833,GloGEMflow,0.3,6,5000,2,500
5985,1.15,42.47002068,GloGEMflow,0.3,6,5000,2,500
5986,1.2,39.92203167,GloGEMflow,0.3,6,5000,2,500
5987,1.25,37.69105004,GloGEMflow,0.3,6,5000,2,500
5988,1.3,35.79798145,GloGEMflow,0.3,6,5000,2,500
5989,1.35,34.24469138,GloGEMflow,0.3,6,5000,2,500
5990,1.4,33.01461161,GloGEMflow,0.3,6,5000,2,500
5991,1.45,32.0609968,GloGEMflow,0.3,6,5000,2,500
5996,1.5,31.27528235,GloGEMflow,0.3,6,5000,2,500
5999,1.55,30.51573119,GloGEMflow,0.3,6,5000,2,500
6000,1.6,29.64337768,GloGEMflow,0.3,6,5000,2,500
6002,1.65,28.58286955,GloGEMflow,0.3,6,5000,2,500
6010,1.7,27.44547346,GloGEMflow,0.3,6,5000,2,500
6014,1.75,26.32682675,GloGEMflow,0.3,6,5000,2,500
6015,1.8,25.16178894,GloGEMflow,0.3,6,5000,2,500
6016,1.85,23.91096513,GloGEMflow,0.3,6,5000,2,500
6017,1.9,22.5733266,GloGEMflow,0.3,6,5000,2,500
6020,1.95,21.16364092,GloGEMflow,0.3,6,5000,2,500
6022,2,19.70389958,GloGEMflow,0.3,6,5000,2,500
6025,2.05,18.2157199,GloGEMflow,0.3,6,5000,2,500
6028,2.1,16.72061001,GloGEMflow,0.3,6,5000,2,500
6030,2.15,15.22885904,GloGEMflow,0.3,6,5000,2,500
6035,2.2,13.7409647,GloGEMflow,0.3,6,5000,2,500
6036,2.25,12.25422538,GloGEMflow,0.3,6,5000,2,500
6037,2.3,10.77915753,GloGEMflow,0.3,6,5000,2,500
6040,2.35,9.343125739,GloGEMflow,0.3,6,5000,2,500
6041,2.4,7.966632152,GloGEMflow,0.3,6,5000,2,500
6043,2.45,6.669402922,GloGEMflow,0.3,6,5000,2,500
6044,2.5,5.489118923,GloGEMflow,0.3,6,5000,2,500
6045,2.55,4.467262144,GloGEMflow,0.3,6,5000,2,500
6047,2.6,3.652137842,GloGEMflow,0.3,6,5000,2,500
6048,2.65,3.072713477,GloGEMflow,0.3,6,5000,2,500
6050,2.7,2.722818186,GloGEMflow,0.3,6,5000,2,500
6053,2.75,2.552339127,GloGEMflow,0.3,6,5000,2,500
6054,2.8,2.487551662,GloGEMflow,0.3,6,5000,2,500
6057,2.85,2.470341554,GloGEMflow,0.3,6,5000,2,500
6058,2.9,2.467004709,GloGEMflow,0.3,6,5000,2,500
6059,2.95,2.45840184,GloGEMflow,0.3,6,5000,2,500
6062,3,2.430675538,GloGEMflow,0.3,6,5000,2,500
6065,3.05,2.390500085,GloGEMflow,0.3,6,5000,2,500
6066,3.1,2.343636047,GloGEMflow,0.3,6,5000,2,500
6068,3.15,2.28411908,GloGEMflow,0.3,6,5000,2,500
6069,3.2,2.207844853,GloGEMflow,0.3,6,5000,2,500
6070,3.25,2.119638461,GloGEMflow,0.3,6,5000,2,500
6071,3.3,2.026118032,GloGEMflow,0.3,6,5000,2,500
6072,3.35,1.932548205,GloGEMflow,0.3,6,5000,2,500
6073,3.4,1.840113903,GloGEMflow,0.3,6,5000,2,500
6075,3.45,1.75067556,GloGEMflow,0.3,6,5000,2,500
6077,3.5,1.665109415,GloGEMflow,0.3,6,5000,2,500
6081,3.55,1.583640417,GloGEMflow,0.3,6,5000,2,500
6082,3.6,1.506609573,GloGEMflow,0.3,6,5000,2,500
6084,3.65,1.433502562,GloGEMflow,0.3,6,5000,2,500
6085,3.7,1.363733692,GloGEMflow,0.3,6,5000,2,500
6086,3.75,1.296031039,GloGEMflow,0.3,6,5000,2,500
6087,3.8,1.229427172,GloGEMflow,0.3,6,5000,2,500
6089,3.85,1.1634905,GloGEMflow,0.3,6,5000,2,500
6090,3.9,1.098274998,GloGEMflow,0.3,6,5000,2,500
6091,3.95,1.033601119,GloGEMflow,0.3,6,5000,2,500
6093,4,0.969402539,GloGEMflow,0.3,6,5000,2,500
6095,4.05,0.906377248,GloGEMflow,0.3,6,5000,2,500
6096,4.1,0.845456528,GloGEMflow,0.3,6,5000,2,500
6097,4.15,0.787897272,GloGEMflow,0.3,6,5000,2,500
6099,4.2,0.734649163,GloGEMflow,0.3,6,5000,2,500
6100,4.25,0.686184354,GloGEMflow,0.3,6,5000,2,500
6101,4.3,0.64289927,GloGEMflow,0.3,6,5000,2,500
6102,4.35,0.604639549,GloGEMflow,0.3,6,5000,2,500
6103,4.4,0.57077807,GloGEMflow,0.3,6,5000,2,500
6105,4.45,0.540521917,GloGEMflow,0.3,6,5000,2,500
6106,4.5,0.512910931,GloGEMflow,0.3,6,5000,2,500
6107,4.55,0.487166737,GloGEMflow,0.3,6,5000,2,500
6109,4.6,0.462925662,GloGEMflow,0.3,6,5000,2,500
6110,4.65,0.440030916,GloGEMflow,0.3,6,5000,2,500
6112,4.7,0.418564679,GloGEMflow,0.3,6,5000,2,500
6113,4.75,0.398663074,GloGEMflow,0.3,6,5000,2,500
6114,4.8,0.380429972,GloGEMflow,0.3,6,5000,2,500
6115,4.85,0.363798058,GloGEMflow,0.3,6,5000,2,500
6116,4.9,0.348579433,GloGEMflow,0.3,6,5000,2,500
6117,4.95,0.33462919,GloGEMflow,0.3,6,5000,2,500
6118,5,0.321867198,GloGEMflow,0.3,6,5000,2,500
6119,5.05,0.310135481,GloGEMflow,0.3,6,5000,2,500
6120,5.1,0.29931656,GloGEMflow,0.3,6,5000,2,500
6121,5.15,0.289300349,GloGEMflow,0.3,6,5000,2,500
6122,5.2,0.279970054,GloGEMflow,0.3,6,5000,2,500
6124,5.25,0.271197022,GloGEMflow,0.3,6,5000,2,500
6125,5.3,0.262840233,GloGEMflow,0.3,6,5000,2,500
6126,5.35,0.254774937,GloGEMflow,0.3,6,5000,2,500
6127,5.4,0.246912274,GloGEMflow,0.3,6,5000,2,500
6128,5.45,0.239204934,GloGEMflow,0.3,6,5000,2,500
6129,5.5,0.231607601,GloGEMflow,0.3,6,5000,2,500
6130,5.55,0.224060476,GloGEMflow,0.3,6,5000,2,500
6131,5.6,0.216517734,GloGEMflow,0.3,6,5000,2,500
6132,5.65,0.208966236,GloGEMflow,0.3,6,5000,2,500
6133,5.7,0.201375889,GloGEMflow,0.3,6,5000,2,500
6134,5.75,0.193717088,GloGEMflow,0.3,6,5000,2,500
6135,5.8,0.185945445,GloGEMflow,0.3,6,5000,2,500
6138,5.85,0.178099259,GloGEMflow,0.3,6,5000,2,500
6139,5.9,0.170297872,GloGEMflow,0.3,6,5000,2,500
6140,5.95,0.162576801,GloGEMflow,0.3,6,5000,2,500
6141,6,0.154945591,GloGEMflow,0.3,6,5000,2,500
6142,6.05,0.147390812,GloGEMflow,0.3,6,5000,2,500
6143,6.1,0.139878693,GloGEMflow,0.3,6,5000,2,500
6144,6.15,0.132353602,GloGEMflow,0.3,6,5000,2,500
6145,6.2,0.124754202,GloGEMflow,0.3,6,5000,2,500
6146,6.25,0.117015842,GloGEMflow,0.3,6,5000,2,500
6147,6.3,0.10908082,GloGEMflow,0.3,6,5000,2,500
6148,6.35,0.100905209,GloGEMflow,0.3,6,5000,2,500
6149,6.4,0.092436301,GloGEMflow,0.3,6,5000,2,500
6150,6.45,0.083629597,GloGEMflow,0.3,6,5000,2,500
6151,6.5,0.074487147,GloGEMflow,0.3,6,5000,2,500
6152,6.55,0.065029946,GloGEMflow,0.3,6,5000,2,500
6153,6.6,0.05532435,GloGEMflow,0.3,6,5000,2,500
6154,6.65,0.045461091,GloGEMflow,0.3,6,5000,2,500
6155,6.7,0.035554873,GloGEMflow,0.3,6,5000,2,500
6156,6.75,0.025718445,GloGEMflow,0.3,6,5000,2,500
6157,6.8,0.016019266,GloGEMflow,0.3,6,5000,2,500
6158,6.85,0.006473413,GloGEMflow,0.3,6,5000,2,500
6162,-0.1,187.3964865,GloGEMflow3D,0.21,6,5000,2,500
6163,-0.05,182.9216669,GloGEMflow3D,0.21,6,5000,2,500
6164,0,178.4610731,GloGEMflow3D,0.21,6,5000,2,500
6165,0.05,173.8863116,GloGEMflow3D,0.21,6,5000,2,500
6167,0.1,169.1201823,GloGEMflow3D,0.21,6,5000,2,500
6169,0.15,164.1660304,GloGEMflow3D,0.21,6,5000,2,500
6171,0.2,159.0613544,GloGEMflow3D,0.21,6,5000,2,500
6174,0.25,153.84441,GloGEMflow3D,0.21,6,5000,2,500
6176,0.3,148.4447822,GloGEMflow3D,0.21,6,5000,2,500
6178,0.35,142.7463851,GloGEMflow3D,0.21,6,5000,2,500
6184,0.4,136.7630161,GloGEMflow3D,0.21,6,5000,2,500
6185,0.45,130.5886496,GloGEMflow3D,0.21,6,5000,2,500
6187,0.5,124.311991,GloGEMflow3D,0.21,6,5000,2,500
6188,0.55,118.0081748,GloGEMflow3D,0.21,6,5000,2,500
6189,0.6,111.7579266,GloGEMflow3D,0.21,6,5000,2,500
6190,0.65,105.6207213,GloGEMflow3D,0.21,6,5000,2,500
6191,0.7,99.61263704,GloGEMflow3D,0.21,6,5000,2,500
6192,0.75,93.65862524,GloGEMflow3D,0.21,6,5000,2,500
6193,0.8,87.71989715,GloGEMflow3D,0.21,6,5000,2,500
6194,0.85,81.83029171,GloGEMflow3D,0.21,6,5000,2,500
6195,0.9,76.18214718,GloGEMflow3D,0.21,6,5000,2,500
6200,0.95,71.02006726,GloGEMflow3D,0.21,6,5000,2,500
6201,1,66.6592626,GloGEMflow3D,0.21,6,5000,2,500
6202,1.05,63.32680718,GloGEMflow3D,0.21,6,5000,2,500
6204,1.1,60.99019719,GloGEMflow3D,0.21,6,5000,2,500
6205,1.15,59.35781549,GloGEMflow3D,0.21,6,5000,2,500
6206,1.2,57.965344,GloGEMflow3D,0.21,6,5000,2,500
6207,1.25,56.52591282,GloGEMflow3D,0.21,6,5000,2,500
6208,1.3,54.89611203,GloGEMflow3D,0.21,6,5000,2,500
6209,1.35,53.02359958,GloGEMflow3D,0.21,6,5000,2,500
6210,1.4,50.93419578,GloGEMflow3D,0.21,6,5000,2,500
6211,1.45,48.71161759,GloGEMflow3D,0.21,6,5000,2,500
6216,1.5,46.47870256,GloGEMflow3D,0.21,6,5000,2,500
6219,1.55,44.15425666,GloGEMflow3D,0.21,6,5000,2,500
6220,1.6,41.45998765,GloGEMflow3D,0.21,6,5000,2,500
6222,1.65,38.60545905,GloGEMflow3D,0.21,6,5000,2,500
6230,1.7,35.98868021,GloGEMflow3D,0.21,6,5000,2,500
6234,1.75,33.89770363,GloGEMflow3D,0.21,6,5000,2,500
6235,1.8,32.46142356,GloGEMflow3D,0.21,6,5000,2,500
6236,1.85,31.65608767,GloGEMflow3D,0.21,6,5000,2,500
6237,1.9,31.26384217,GloGEMflow3D,0.21,6,5000,2,500
6240,1.95,30.87526218,GloGEMflow3D,0.21,6,5000,2,500
6242,2,30.16919256,GloGEMflow3D,0.21,6,5000,2,500
6245,2.05,29.00270252,GloGEMflow3D,0.21,6,5000,2,500
6248,2.1,27.44090797,GloGEMflow3D,0.21,6,5000,2,500
6250,2.15,25.71059722,GloGEMflow3D,0.21,6,5000,2,500
6255,2.2,23.82620301,GloGEMflow3D,0.21,6,5000,2,500
6256,2.25,21.63539992,GloGEMflow3D,0.21,6,5000,2,500
6257,2.3,19.32136583,GloGEMflow3D,0.21,6,5000,2,500
6260,2.35,17.17507582,GloGEMflow3D,0.21,6,5000,2,500
6261,2.4,15.36508107,GloGEMflow3D,0.21,6,5000,2,500
6263,2.45,13.90707669,GloGEMflow3D,0.21,6,5000,2,500
6264,2.5,12.71746782,GloGEMflow3D,0.21,6,5000,2,500
6265,2.55,11.75093561,GloGEMflow3D,0.21,6,5000,2,500
6267,2.6,10.96757,GloGEMflow3D,0.21,6,5000,2,500
6268,2.65,10.3340416,GloGEMflow3D,0.21,6,5000,2,500
6270,2.7,9.853284254,GloGEMflow3D,0.21,6,5000,2,500
6273,2.75,9.519377772,GloGEMflow3D,0.21,6,5000,2,500
6274,2.8,9.257754928,GloGEMflow3D,0.21,6,5000,2,500
6277,2.85,8.965099323,GloGEMflow3D,0.21,6,5000,2,500
6278,2.9,8.573281047,GloGEMflow3D,0.21,6,5000,2,500
6279,2.95,8.115844903,GloGEMflow3D,0.21,6,5000,2,500
6282,3,7.663236129,GloGEMflow3D,0.21,6,5000,2,500
6285,3.05,7.279777826,GloGEMflow3D,0.21,6,5000,2,500
6286,3.1,6.982968203,GloGEMflow3D,0.21,6,5000,2,500
6288,3.15,6.776231714,GloGEMflow3D,0.21,6,5000,2,500
6289,3.2,6.643577517,GloGEMflow3D,0.21,6,5000,2,500
6290,3.25,6.553118698,GloGEMflow3D,0.21,6,5000,2,500
6291,3.3,6.481452862,GloGEMflow3D,0.21,6,5000,2,500
6292,3.35,6.422727034,GloGEMflow3D,0.21,6,5000,2,500
6293,3.4,6.37595117,GloGEMflow3D,0.21,6,5000,2,500
6295,3.45,6.337230971,GloGEMflow3D,0.21,6,5000,2,500
6297,3.5,6.301014139,GloGEMflow3D,0.21,6,5000,2,500
6301,3.55,6.255935133,GloGEMflow3D,0.21,6,5000,2,500
6302,3.6,6.189456492,GloGEMflow3D,0.21,6,5000,2,500
6304,3.65,6.090509873,GloGEMflow3D,0.21,6,5000,2,500
6305,3.7,5.960408695,GloGEMflow3D,0.21,6,5000,2,500
6306,3.75,5.79873922,GloGEMflow3D,0.21,6,5000,2,500
6307,3.8,5.599741566,GloGEMflow3D,0.21,6,5000,2,500
6309,3.85,5.357940254,GloGEMflow3D,0.21,6,5000,2,500
6310,3.9,5.074981648,GloGEMflow3D,0.21,6,5000,2,500
6311,3.95,4.758298976,GloGEMflow3D,0.21,6,5000,2,500
6313,4,4.417062075,GloGEMflow3D,0.21,6,5000,2,500
6315,4.05,4.05941115,GloGEMflow3D,0.21,6,5000,2,500
6316,4.1,3.690631642,GloGEMflow3D,0.21,6,5000,2,500
6317,4.15,3.318050435,GloGEMflow3D,0.21,6,5000,2,500
6319,4.2,2.949518113,GloGEMflow3D,0.21,6,5000,2,500
6320,4.25,2.592956706,GloGEMflow3D,0.21,6,5000,2,500
6321,4.3,2.255617781,GloGEMflow3D,0.21,6,5000,2,500
6322,4.35,1.94495889,GloGEMflow3D,0.21,6,5000,2,500
6323,4.4,1.666458493,GloGEMflow3D,0.21,6,5000,2,500
6325,4.45,1.421857973,GloGEMflow3D,0.21,6,5000,2,500
6326,4.5,1.208083992,GloGEMflow3D,0.21,6,5000,2,500
6327,4.55,1.025206402,GloGEMflow3D,0.21,6,5000,2,500
6329,4.6,0.87050213,GloGEMflow3D,0.21,6,5000,2,500
6330,4.65,0.738307623,GloGEMflow3D,0.21,6,5000,2,500
6332,4.7,0.626876892,GloGEMflow3D,0.21,6,5000,2,500
6333,4.75,0.5339891,GloGEMflow3D,0.21,6,5000,2,500
6334,4.8,0.457221559,GloGEMflow3D,0.21,6,5000,2,500
6335,4.85,0.393902409,GloGEMflow3D,0.21,6,5000,2,500
6336,4.9,0.343184039,GloGEMflow3D,0.21,6,5000,2,500
6337,4.95,0.303880048,GloGEMflow3D,0.21,6,5000,2,500
6338,5,0.274349619,GloGEMflow3D,0.21,6,5000,2,500
6339,5.05,0.252915258,GloGEMflow3D,0.21,6,5000,2,500
6340,5.1,0.237838494,GloGEMflow3D,0.21,6,5000,2,500
6341,5.15,0.227050632,GloGEMflow3D,0.21,6,5000,2,500
6342,5.2,0.218769282,GloGEMflow3D,0.21,6,5000,2,500
6344,5.25,0.212225548,GloGEMflow3D,0.21,6,5000,2,500
6345,5.3,0.206997267,GloGEMflow3D,0.21,6,5000,2,500
6346,5.35,0.202317032,GloGEMflow3D,0.21,6,5000,2,500
6347,5.4,0.197332095,GloGEMflow3D,0.21,6,5000,2,500
6348,5.45,0.191586076,GloGEMflow3D,0.21,6,5000,2,500
6349,5.5,0.185627473,GloGEMflow3D,0.21,6,5000,2,500
6350,5.55,0.179894629,GloGEMflow3D,0.21,6,5000,2,500
6351,5.6,0.174158767,GloGEMflow3D,0.21,6,5000,2,500
6352,5.65,0.168295252,GloGEMflow3D,0.21,6,5000,2,500
6353,5.7,0.162293406,GloGEMflow3D,0.21,6,5000,2,500
6354,5.75,0.156289784,GloGEMflow3D,0.21,6,5000,2,500
6355,5.8,0.150383056,GloGEMflow3D,0.21,6,5000,2,500
6358,5.85,0.14465916,GloGEMflow3D,0.21,6,5000,2,500
6359,5.9,0.139130608,GloGEMflow3D,0.21,6,5000,2,500
6360,5.95,0.13364311,GloGEMflow3D,0.21,6,5000,2,500
6361,6,0.128051183,GloGEMflow3D,0.21,6,5000,2,500
6362,6.05,0.122285089,GloGEMflow3D,0.21,6,5000,2,500
6363,6.1,0.116301348,GloGEMflow3D,0.21,6,5000,2,500
6364,6.15,0.11001484,GloGEMflow3D,0.21,6,5000,2,500
6365,6.2,0.10338104,GloGEMflow3D,0.21,6,5000,2,500
6366,6.25,0.096409934,GloGEMflow3D,0.21,6,5000,2,500
6367,6.3,0.089142402,GloGEMflow3D,0.21,6,5000,2,500
6368,6.35,0.081671915,GloGEMflow3D,0.21,6,5000,2,500
6369,6.4,0.074085341,GloGEMflow3D,0.21,6,5000,2,500
6370,6.45,0.066461523,GloGEMflow3D,0.21,6,5000,2,500
6371,6.5,0.058820945,GloGEMflow3D,0.21,6,5000,2,500
6372,6.55,0.05117061,GloGEMflow3D,0.21,6,5000,2,500
6373,6.6,0.043518519,GloGEMflow3D,0.21,6,5000,2,500
6374,6.65,0.035866443,GloGEMflow3D,0.21,6,5000,2,500
6375,6.7,0.028214384,GloGEMflow3D,0.21,6,5000,2,500
6376,6.75,0.020562335,GloGEMflow3D,0.21,6,5000,2,500
6377,6.8,0.012910293,GloGEMflow3D,0.21,6,5000,2,500
6378,6.85,0.005258255,GloGEMflow3D,0.21,6,5000,2,500
6382,-0.1,92.12658381,OGGM_v16,0.27,6,5000,2,500
6383,-0.05,90.01825291,OGGM_v16,0.27,6,5000,2,500
6384,0,87.92564193,OGGM_v16,0.27,6,5000,2,500
6385,0.05,85.84333477,OGGM_v16,0.27,6,5000,2,500
6387,0.1,83.7659717,OGGM_v16,0.27,6,5000,2,500
6389,0.15,81.68728672,OGGM_v16,0.27,6,5000,2,500
6391,0.2,79.59691706,OGGM_v16,0.27,6,5000,2,500
6394,0.25,77.48231114,OGGM_v16,0.27,6,5000,2,500
6396,0.3,75.32680767,OGGM_v16,0.27,6,5000,2,500
6398,0.35,73.11270047,OGGM_v16,0.27,6,5000,2,500
6404,0.4,70.83298638,OGGM_v16,0.27,6,5000,2,500
6405,0.45,68.49095295,OGGM_v16,0.27,6,5000,2,500
6407,0.5,66.11596245,OGGM_v16,0.27,6,5000,2,500
6408,0.55,63.73189673,OGGM_v16,0.27,6,5000,2,500
6409,0.6,61.34341014,OGGM_v16,0.27,6,5000,2,500
6410,0.65,58.96009175,OGGM_v16,0.27,6,5000,2,500
6411,0.7,56.6032397,OGGM_v16,0.27,6,5000,2,500
6412,0.75,54.30716187,OGGM_v16,0.27,6,5000,2,500
6413,0.8,52.10400225,OGGM_v16,0.27,6,5000,2,500
6414,0.85,50.01553583,OGGM_v16,0.27,6,5000,2,500
6415,0.9,48.04823734,OGGM_v16,0.27,6,5000,2,500
6420,0.95,46.20331927,OGGM_v16,0.27,6,5000,2,500
6421,1,44.50043225,OGGM_v16,0.27,6,5000,2,500
6422,1.05,42.97599174,OGGM_v16,0.27,6,5000,2,500
6424,1.1,41.65151503,OGGM_v16,0.27,6,5000,2,500
6425,1.15,40.52706765,OGGM_v16,0.27,6,5000,2,500
6426,1.2,39.59973488,OGGM_v16,0.27,6,5000,2,500
6427,1.25,38.85020831,OGGM_v16,0.27,6,5000,2,500
6428,1.3,38.22585124,OGGM_v16,0.27,6,5000,2,500
6429,1.35,37.63603612,OGGM_v16,0.27,6,5000,2,500
6430,1.4,36.97022504,OGGM_v16,0.27,6,5000,2,500
6431,1.45,36.15986247,OGGM_v16,0.27,6,5000,2,500
6436,1.5,35.18530246,OGGM_v16,0.27,6,5000,2,500
6439,1.55,34.08659729,OGGM_v16,0.27,6,5000,2,500
6440,1.6,32.92845406,OGGM_v16,0.27,6,5000,2,500
6442,1.65,31.75196295,OGGM_v16,0.27,6,5000,2,500
6450,1.7,30.57200033,OGGM_v16,0.27,6,5000,2,500
6454,1.75,29.37909219,OGGM_v16,0.27,6,5000,2,500
6455,1.8,28.12580284,OGGM_v16,0.27,6,5000,2,500
6456,1.85,26.7621584,OGGM_v16,0.27,6,5000,2,500
6457,1.9,25.28154972,OGGM_v16,0.27,6,5000,2,500
6460,1.95,23.71829005,OGGM_v16,0.27,6,5000,2,500
6462,2,22.13318021,OGGM_v16,0.27,6,5000,2,500
6465,2.05,20.59220858,OGGM_v16,0.27,6,5000,2,500
6468,2.1,19.11799036,OGGM_v16,0.27,6,5000,2,500
6470,2.15,17.67496276,OGGM_v16,0.27,6,5000,2,500
6475,2.2,16.21068833,OGGM_v16,0.27,6,5000,2,500
6476,2.25,14.64698798,OGGM_v16,0.27,6,5000,2,500
6477,2.3,12.96653697,OGGM_v16,0.27,6,5000,2,500
6480,2.35,11.21786611,OGGM_v16,0.27,6,5000,2,500
6481,2.4,9.473606655,OGGM_v16,0.27,6,5000,2,500
6483,2.45,7.807375858,OGGM_v16,0.27,6,5000,2,500
6484,2.5,6.302556355,OGGM_v16,0.27,6,5000,2,500
6485,2.55,5.053375616,OGGM_v16,0.27,6,5000,2,500
6487,2.6,4.088237502,OGGM_v16,0.27,6,5000,2,500
6488,2.65,3.341787743,OGGM_v16,0.27,6,5000,2,500
6490,2.7,2.759617174,OGGM_v16,0.27,6,5000,2,500
6493,2.75,2.335295573,OGGM_v16,0.27,6,5000,2,500
6494,2.8,2.081921044,OGGM_v16,0.27,6,5000,2,500
6497,2.85,1.954106921,OGGM_v16,0.27,6,5000,2,500
6498,2.9,1.886663445,OGGM_v16,0.27,6,5000,2,500
6499,2.95,1.851609995,OGGM_v16,0.27,6,5000,2,500
6502,3,1.835085794,OGGM_v16,0.27,6,5000,2,500
6505,3.05,1.814195526,OGGM_v16,0.27,6,5000,2,500
6506,3.1,1.781660025,OGGM_v16,0.27,6,5000,2,500
6508,3.15,1.738755173,OGGM_v16,0.27,6,5000,2,500
6509,3.2,1.691316379,OGGM_v16,0.27,6,5000,2,500
6510,3.25,1.643044323,OGGM_v16,0.27,6,5000,2,500
6511,3.3,1.598466553,OGGM_v16,0.27,6,5000,2,500
6512,3.35,1.561657758,OGGM_v16,0.27,6,5000,2,500
6513,3.4,1.530959414,OGGM_v16,0.27,6,5000,2,500
6515,3.45,1.503498644,OGGM_v16,0.27,6,5000,2,500
6517,3.5,1.476139102,OGGM_v16,0.27,6,5000,2,500
6521,3.55,1.446063712,OGGM_v16,0.27,6,5000,2,500
6522,3.6,1.411988861,OGGM_v16,0.27,6,5000,2,500
6524,3.65,1.374779041,OGGM_v16,0.27,6,5000,2,500
6525,3.7,1.335726985,OGGM_v16,0.27,6,5000,2,500
6526,3.75,1.296102484,OGGM_v16,0.27,6,5000,2,500
6527,3.8,1.256720514,OGGM_v16,0.27,6,5000,2,500
6529,3.85,1.217387022,OGGM_v16,0.27,6,5000,2,500
6530,3.9,1.177809347,OGGM_v16,0.27,6,5000,2,500
6531,3.95,1.137831897,OGGM_v16,0.27,6,5000,2,500
6533,4,1.09741466,OGGM_v16,0.27,6,5000,2,500
6535,4.05,1.05653384,OGGM_v16,0.27,6,5000,2,500
6536,4.1,1.015066491,OGGM_v16,0.27,6,5000,2,500
6537,4.15,0.973128955,OGGM_v16,0.27,6,5000,2,500
6539,4.2,0.930834799,OGGM_v16,0.27,6,5000,2,500
6540,4.25,0.888516729,OGGM_v16,0.27,6,5000,2,500
6541,4.3,0.846351349,OGGM_v16,0.27,6,5000,2,500
6542,4.35,0.804044995,OGGM_v16,0.27,6,5000,2,500
6543,4.4,0.761678562,OGGM_v16,0.27,6,5000,2,500
6545,4.45,0.719791983,OGGM_v16,0.27,6,5000,2,500
6546,4.5,0.678943491,OGGM_v16,0.27,6,5000,2,500
6547,4.55,0.639840226,OGGM_v16,0.27,6,5000,2,500
6549,4.6,0.602974854,OGGM_v16,0.27,6,5000,2,500
6550,4.65,0.568740198,OGGM_v16,0.27,6,5000,2,500
6552,4.7,0.537200753,OGGM_v16,0.27,6,5000,2,500
6553,4.75,0.508135441,OGGM_v16,0.27,6,5000,2,500
6554,4.8,0.481257902,OGGM_v16,0.27,6,5000,2,500
6555,4.85,0.456440555,OGGM_v16,0.27,6,5000,2,500
6556,4.9,0.433572127,OGGM_v16,0.27,6,5000,2,500
6557,4.95,0.412517822,OGGM_v16,0.27,6,5000,2,500
6558,5,0.393065961,OGGM_v16,0.27,6,5000,2,500
6559,5.05,0.374990107,OGGM_v16,0.27,6,5000,2,500
6560,5.1,0.358087623,OGGM_v16,0.27,6,5000,2,500
6561,5.15,0.342213964,OGGM_v16,0.27,6,5000,2,500
6562,5.2,0.327248274,OGGM_v16,0.27,6,5000,2,500
6564,5.25,0.313039758,OGGM_v16,0.27,6,5000,2,500
6565,5.3,0.299370544,OGGM_v16,0.27,6,5000,2,500
6566,5.35,0.286050455,OGGM_v16,0.27,6,5000,2,500
6567,5.4,0.27298226,OGGM_v16,0.27,6,5000,2,500
6568,5.45,0.260142101,OGGM_v16,0.27,6,5000,2,500
6569,5.5,0.247546188,OGGM_v16,0.27,6,5000,2,500
6570,5.55,0.235210894,OGGM_v16,0.27,6,5000,2,500
6571,5.6,0.223150639,OGGM_v16,0.27,6,5000,2,500
6572,5.65,0.211409138,OGGM_v16,0.27,6,5000,2,500
6573,5.7,0.200048966,OGGM_v16,0.27,6,5000,2,500
6574,5.75,0.189134628,OGGM_v16,0.27,6,5000,2,500
6575,5.8,0.178755402,OGGM_v16,0.27,6,5000,2,500
6578,5.85,0.168996303,OGGM_v16,0.27,6,5000,2,500
6579,5.9,0.159909687,OGGM_v16,0.27,6,5000,2,500
6580,5.95,0.15144743,OGGM_v16,0.27,6,5000,2,500
6581,6,0.143500579,OGGM_v16,0.27,6,5000,2,500
6582,6.05,0.135955317,OGGM_v16,0.27,6,5000,2,500
6583,6.1,0.128701534,OGGM_v16,0.27,6,5000,2,500
6584,6.15,0.121612123,OGGM_v16,0.27,6,5000,2,500
6585,6.2,0.114573142,OGGM_v16,0.27,6,5000,2,500
6586,6.25,0.107479057,OGGM_v16,0.27,6,5000,2,500
6587,6.3,0.100226764,OGGM_v16,0.27,6,5000,2,500
6588,6.35,0.092717829,OGGM_v16,0.27,6,5000,2,500
6589,6.4,0.084902082,OGGM_v16,0.27,6,5000,2,500
6590,6.45,0.076783522,OGGM_v16,0.27,6,5000,2,500
6591,6.5,0.068402076,OGGM_v16,0.27,6,5000,2,500
6592,6.55,0.059814414,OGGM_v16,0.27,6,5000,2,500
6593,6.6,0.051076982,OGGM_v16,0.27,6,5000,2,500
6594,6.65,0.042261871,OGGM_v16,0.27,6,5000,2,500
6595,6.7,0.03344801,OGGM_v16,0.27,6,5000,2,500
6596,6.75,0.024649259,OGGM_v16,0.27,6,5000,2,500
6597,6.8,0.015872652,OGGM_v16,0.27,6,5000,2,500
6598,6.85,0.00713349,OGGM_v16,0.27,6,5000,2,500
6602,-0.1,131.4854844,PyGEM-OGGM_v13,0.23,6,5000,2,500
6603,-0.05,124.5338068,PyGEM-OGGM_v13,0.23,6,5000,2,500
6604,0,117.6503167,PyGEM-OGGM_v13,0.23,6,5000,2,500
6605,0.05,110.8976583,PyGEM-OGGM_v13,0.23,6,5000,2,500
6607,0.1,104.319555,PyGEM-OGGM_v13,0.23,6,5000,2,500
6609,0.15,97.89470284,PyGEM-OGGM_v13,0.23,6,5000,2,500
6611,0.2,91.56553053,PyGEM-OGGM_v13,0.23,6,5000,2,500
6614,0.25,85.30039883,PyGEM-OGGM_v13,0.23,6,5000,2,500
6616,0.3,79.13536258,PyGEM-OGGM_v13,0.23,6,5000,2,500
6618,0.35,73.14012961,PyGEM-OGGM_v13,0.23,6,5000,2,500
6624,0.4,67.39388923,PyGEM-OGGM_v13,0.23,6,5000,2,500
6625,0.45,61.95925852,PyGEM-OGGM_v13,0.23,6,5000,2,500
6627,0.5,56.8808079,PyGEM-OGGM_v13,0.23,6,5000,2,500
6628,0.55,52.18831077,PyGEM-OGGM_v13,0.23,6,5000,2,500
6629,0.6,47.89647272,PyGEM-OGGM_v13,0.23,6,5000,2,500
6630,0.65,44.01227845,PyGEM-OGGM_v13,0.23,6,5000,2,500
6631,0.7,40.52034847,PyGEM-OGGM_v13,0.23,6,5000,2,500
6632,0.75,37.40469526,PyGEM-OGGM_v13,0.23,6,5000,2,500
6633,0.8,34.63395799,PyGEM-OGGM_v13,0.23,6,5000,2,500
6634,0.85,32.18720631,PyGEM-OGGM_v13,0.23,6,5000,2,500
6635,0.9,30.06640214,PyGEM-OGGM_v13,0.23,6,5000,2,500
6640,0.95,28.27929496,PyGEM-OGGM_v13,0.23,6,5000,2,500
6641,1,26.82010076,PyGEM-OGGM_v13,0.23,6,5000,2,500
6642,1.05,25.67619753,PyGEM-OGGM_v13,0.23,6,5000,2,500
6644,1.1,24.82587652,PyGEM-OGGM_v13,0.23,6,5000,2,500
6645,1.15,24.21045301,PyGEM-OGGM_v13,0.23,6,5000,2,500
6646,1.2,23.70476418,PyGEM-OGGM_v13,0.23,6,5000,2,500
6647,1.25,23.09345033,PyGEM-OGGM_v13,0.23,6,5000,2,500
6648,1.3,22.10696505,PyGEM-OGGM_v13,0.23,6,5000,2,500
6649,1.35,20.5643486,PyGEM-OGGM_v13,0.23,6,5000,2,500
6650,1.4,18.58481334,PyGEM-OGGM_v13,0.23,6,5000,2,500
6651,1.45,16.63274081,PyGEM-OGGM_v13,0.23,6,5000,2,500
6656,1.5,14.87409131,PyGEM-OGGM_v13,0.23,6,5000,2,500
6659,1.55,13.28475098,PyGEM-OGGM_v13,0.23,6,5000,2,500
6660,1.6,11.83053095,PyGEM-OGGM_v13,0.23,6,5000,2,500
6662,1.65,10.55746638,PyGEM-OGGM_v13,0.23,6,5000,2,500
6670,1.7,9.496605344,PyGEM-OGGM_v13,0.23,6,5000,2,500
6674,1.75,8.638821393,PyGEM-OGGM_v13,0.23,6,5000,2,500
6675,1.8,7.954237524,PyGEM-OGGM_v13,0.23,6,5000,2,500
6676,1.85,7.377924295,PyGEM-OGGM_v13,0.23,6,5000,2,500
6677,1.9,6.84095571,PyGEM-OGGM_v13,0.23,6,5000,2,500
6680,1.95,6.318845441,PyGEM-OGGM_v13,0.23,6,5000,2,500
6682,2,5.851387022,PyGEM-OGGM_v13,0.23,6,5000,2,500
6685,2.05,5.471908545,PyGEM-OGGM_v13,0.23,6,5000,2,500
6688,2.1,5.191671241,PyGEM-OGGM_v13,0.23,6,5000,2,500
6690,2.15,4.986584273,PyGEM-OGGM_v13,0.23,6,5000,2,500
6695,2.2,4.769036818,PyGEM-OGGM_v13,0.23,6,5000,2,500
6696,2.25,4.461602294,PyGEM-OGGM_v13,0.23,6,5000,2,500
6697,2.3,4.04983564,PyGEM-OGGM_v13,0.23,6,5000,2,500
6700,2.35,3.593868679,PyGEM-OGGM_v13,0.23,6,5000,2,500
6701,2.4,3.171810313,PyGEM-OGGM_v13,0.23,6,5000,2,500
6703,2.45,2.788607446,PyGEM-OGGM_v13,0.23,6,5000,2,500
6704,2.5,2.439330243,PyGEM-OGGM_v13,0.23,6,5000,2,500
6705,2.55,2.134663851,PyGEM-OGGM_v13,0.23,6,5000,2,500
6707,2.6,1.885917823,PyGEM-OGGM_v13,0.23,6,5000,2,500
6708,2.65,1.696832965,PyGEM-OGGM_v13,0.23,6,5000,2,500
6710,2.7,1.56105332,PyGEM-OGGM_v13,0.23,6,5000,2,500
6713,2.75,1.459815833,PyGEM-OGGM_v13,0.23,6,5000,2,500
6714,2.8,1.378849687,PyGEM-OGGM_v13,0.23,6,5000,2,500
6717,2.85,1.30477621,PyGEM-OGGM_v13,0.23,6,5000,2,500
6718,2.9,1.232209297,PyGEM-OGGM_v13,0.23,6,5000,2,500
6719,2.95,1.167279044,PyGEM-OGGM_v13,0.23,6,5000,2,500
6722,3,1.111517762,PyGEM-OGGM_v13,0.23,6,5000,2,500
6725,3.05,1.062976722,PyGEM-OGGM_v13,0.23,6,5000,2,500
6726,3.1,1.023585135,PyGEM-OGGM_v13,0.23,6,5000,2,500
6728,3.15,0.994421352,PyGEM-OGGM_v13,0.23,6,5000,2,500
6729,3.2,0.974233256,PyGEM-OGGM_v13,0.23,6,5000,2,500
6730,3.25,0.960012795,PyGEM-OGGM_v13,0.23,6,5000,2,500
6731,3.3,0.948534009,PyGEM-OGGM_v13,0.23,6,5000,2,500
6732,3.35,0.937872788,PyGEM-OGGM_v13,0.23,6,5000,2,500
6733,3.4,0.927000306,PyGEM-OGGM_v13,0.23,6,5000,2,500
6735,3.45,0.915671275,PyGEM-OGGM_v13,0.23,6,5000,2,500
6737,3.5,0.903202799,PyGEM-OGGM_v13,0.23,6,5000,2,500
6741,3.55,0.888797959,PyGEM-OGGM_v13,0.23,6,5000,2,500
6742,3.6,0.871913661,PyGEM-OGGM_v13,0.23,6,5000,2,500
6744,3.65,0.851798126,PyGEM-OGGM_v13,0.23,6,5000,2,500
6745,3.7,0.828256357,PyGEM-OGGM_v13,0.23,6,5000,2,500
6746,3.75,0.801228735,PyGEM-OGGM_v13,0.23,6,5000,2,500
6747,3.8,0.7712837,PyGEM-OGGM_v13,0.23,6,5000,2,500
6749,3.85,0.738785122,PyGEM-OGGM_v13,0.23,6,5000,2,500
6750,3.9,0.703804947,PyGEM-OGGM_v13,0.23,6,5000,2,500
6751,3.95,0.666683771,PyGEM-OGGM_v13,0.23,6,5000,2,500
6753,4,0.628413136,PyGEM-OGGM_v13,0.23,6,5000,2,500
6755,4.05,0.590146899,PyGEM-OGGM_v13,0.23,6,5000,2,500
6756,4.1,0.552631221,PyGEM-OGGM_v13,0.23,6,5000,2,500
6757,4.15,0.516451691,PyGEM-OGGM_v13,0.23,6,5000,2,500
6759,4.2,0.482201788,PyGEM-OGGM_v13,0.23,6,5000,2,500
6760,4.25,0.450254489,PyGEM-OGGM_v13,0.23,6,5000,2,500
6761,4.3,0.420829082,PyGEM-OGGM_v13,0.23,6,5000,2,500
6762,4.35,0.394026768,PyGEM-OGGM_v13,0.23,6,5000,2,500
6763,4.4,0.369863432,PyGEM-OGGM_v13,0.23,6,5000,2,500
6765,4.45,0.347999952,PyGEM-OGGM_v13,0.23,6,5000,2,500
6766,4.5,0.327898706,PyGEM-OGGM_v13,0.23,6,5000,2,500
6767,4.55,0.309206955,PyGEM-OGGM_v13,0.23,6,5000,2,500
6769,4.6,0.291783906,PyGEM-OGGM_v13,0.23,6,5000,2,500
6770,4.65,0.275642052,PyGEM-OGGM_v13,0.23,6,5000,2,500
6772,4.7,0.260340944,PyGEM-OGGM_v13,0.23,6,5000,2,500
6773,4.75,0.245667601,PyGEM-OGGM_v13,0.23,6,5000,2,500
6774,4.8,0.231879566,PyGEM-OGGM_v13,0.23,6,5000,2,500
6775,4.85,0.219194121,PyGEM-OGGM_v13,0.23,6,5000,2,500
6776,4.9,0.207643685,PyGEM-OGGM_v13,0.23,6,5000,2,500
6777,4.95,0.197103084,PyGEM-OGGM_v13,0.23,6,5000,2,500
6778,5,0.187312722,PyGEM-OGGM_v13,0.23,6,5000,2,500
6779,5.05,0.177940764,PyGEM-OGGM_v13,0.23,6,5000,2,500
6780,5.1,0.168784145,PyGEM-OGGM_v13,0.23,6,5000,2,500
6781,5.15,0.159700638,PyGEM-OGGM_v13,0.23,6,5000,2,500
6782,5.2,0.150672198,PyGEM-OGGM_v13,0.23,6,5000,2,500
6784,5.25,0.141788458,PyGEM-OGGM_v13,0.23,6,5000,2,500
6785,5.3,0.133136953,PyGEM-OGGM_v13,0.23,6,5000,2,500
6786,5.35,0.124733405,PyGEM-OGGM_v13,0.23,6,5000,2,500
6787,5.4,0.116548657,PyGEM-OGGM_v13,0.23,6,5000,2,500
6788,5.45,0.108586506,PyGEM-OGGM_v13,0.23,6,5000,2,500
6789,5.5,0.100818777,PyGEM-OGGM_v13,0.23,6,5000,2,500
6790,5.55,0.093254237,PyGEM-OGGM_v13,0.23,6,5000,2,500
6791,5.6,0.085912666,PyGEM-OGGM_v13,0.23,6,5000,2,500
6792,5.65,0.078811579,PyGEM-OGGM_v13,0.23,6,5000,2,500
6793,5.7,0.07196018,PyGEM-OGGM_v13,0.23,6,5000,2,500
6794,5.75,0.065340656,PyGEM-OGGM_v13,0.23,6,5000,2,500
6795,5.8,0.05895074,PyGEM-OGGM_v13,0.23,6,5000,2,500
6798,5.85,0.05278557,PyGEM-OGGM_v13,0.23,6,5000,2,500
6799,5.9,0.046802963,PyGEM-OGGM_v13,0.23,6,5000,2,500
6800,5.95,0.040967806,PyGEM-OGGM_v13,0.23,6,5000,2,500
6801,6,0.035255501,PyGEM-OGGM_v13,0.23,6,5000,2,500
6802,6.05,0.029642326,PyGEM-OGGM_v13,0.23,6,5000,2,500
6803,6.1,0.02410232,PyGEM-OGGM_v13,0.23,6,5000,2,500
6804,6.15,0.018605653,PyGEM-OGGM_v13,0.23,6,5000,2,500
6805,6.2,0.013129964,PyGEM-OGGM_v13,0.23,6,5000,2,500
6806,6.25,0.007673905,PyGEM-OGGM_v13,0.23,6,5000,2,500
6807,6.3,0.002249955,PyGEM-OGGM_v13,0.23,6,5000,2,500
6808,6.35,0,PyGEM-OGGM_v13,0.23,6,5000,2,500
6809,6.4,0,PyGEM-OGGM_v13,0.23,6,5000,2,500
6810,6.45,0,PyGEM-OGGM_v13,0.23,6,5000,2,500
6811,6.5,0,PyGEM-OGGM_v13,0.23,6,5000,2,500
6812,6.55,0,PyGEM-OGGM_v13,0.23,6,5000,2,500
6813,6.6,0,PyGEM-OGGM_v13,0.23,6,5000,2,500
6814,6.65,0,PyGEM-OGGM_v13,0.23,6,5000,2,500
6815,6.7,0,PyGEM-OGGM_v13,0.23,6,5000,2,500
6816,6.75,0,PyGEM-OGGM_v13,0.23,6,5000,2,500
6817,6.8,0,PyGEM-OGGM_v13,0.23,6,5000,2,500
6818,6.85,0,PyGEM-OGGM_v13,0.23,6,5000,2,500
6822,-0.1,100.5981195,GLIMB,0.38,7,5000,2,500
6823,-0.05,98.52834344,GLIMB,0.38,7,5000,2,500
6824,0,96.43320246,GLIMB,0.38,7,5000,2,500
6825,0.05,94.30599082,GLIMB,0.38,7,5000,2,500
6827,0.1,92.14902189,GLIMB,0.38,7,5000,2,500
6829,0.15,89.96883003,GLIMB,0.38,7,5000,2,500
6831,0.2,87.77052368,GLIMB,0.38,7,5000,2,500
6834,0.25,85.55202494,GLIMB,0.38,7,5000,2,500
6836,0.3,83.31708886,GLIMB,0.38,7,5000,2,500
6838,0.35,81.07196993,GLIMB,0.38,7,5000,2,500
6844,0.4,78.81842437,GLIMB,0.38,7,5000,2,500
6845,0.45,76.56895685,GLIMB,0.38,7,5000,2,500
6847,0.5,74.34647523,GLIMB,0.38,7,5000,2,500
6848,0.55,72.16884801,GLIMB,0.38,7,5000,2,500
6849,0.6,70.04055781,GLIMB,0.38,7,5000,2,500
6850,0.65,67.9552944,GLIMB,0.38,7,5000,2,500
6851,0.7,65.90131788,GLIMB,0.38,7,5000,2,500
6852,0.75,63.86248815,GLIMB,0.38,7,5000,2,500
6853,0.8,61.82170835,GLIMB,0.38,7,5000,2,500
6854,0.85,59.76635889,GLIMB,0.38,7,5000,2,500
6855,0.9,57.68830318,GLIMB,0.38,7,5000,2,500
6860,0.95,55.58146899,GLIMB,0.38,7,5000,2,500
6861,1,53.43889181,GLIMB,0.38,7,5000,2,500
6862,1.05,51.25833964,GLIMB,0.38,7,5000,2,500
6864,1.1,49.04523727,GLIMB,0.38,7,5000,2,500
6865,1.15,46.80713114,GLIMB,0.38,7,5000,2,500
6866,1.2,44.55441425,GLIMB,0.38,7,5000,2,500
6867,1.25,42.29548504,GLIMB,0.38,7,5000,2,500
6868,1.3,40.03476279,GLIMB,0.38,7,5000,2,500
6869,1.35,37.77996085,GLIMB,0.38,7,5000,2,500
6870,1.4,35.54263217,GLIMB,0.38,7,5000,2,500
6871,1.45,33.33540943,GLIMB,0.38,7,5000,2,500
6876,1.5,31.16959002,GLIMB,0.38,7,5000,2,500
6879,1.55,29.05492037,GLIMB,0.38,7,5000,2,500
6880,1.6,27.00013787,GLIMB,0.38,7,5000,2,500
6882,1.65,25.01614503,GLIMB,0.38,7,5000,2,500
6890,1.7,23.11605897,GLIMB,0.38,7,5000,2,500
6894,1.75,21.30885458,GLIMB,0.38,7,5000,2,500
6895,1.8,19.60333986,GLIMB,0.38,7,5000,2,500
6896,1.85,18.01058268,GLIMB,0.38,7,5000,2,500
6897,1.9,16.53918999,GLIMB,0.38,7,5000,2,500
6900,1.95,15.19057187,GLIMB,0.38,7,5000,2,500
6902,2,13.9575348,GLIMB,0.38,7,5000,2,500
6905,2.05,12.83141386,GLIMB,0.38,7,5000,2,500
6908,2.1,11.81015761,GLIMB,0.38,7,5000,2,500
6910,2.15,10.88693856,GLIMB,0.38,7,5000,2,500
6915,2.2,10.05319304,GLIMB,0.38,7,5000,2,500
6916,2.25,9.299022356,GLIMB,0.38,7,5000,2,500
6917,2.3,8.614562255,GLIMB,0.38,7,5000,2,500
6920,2.35,7.98894708,GLIMB,0.38,7,5000,2,500
6921,2.4,7.407063198,GLIMB,0.38,7,5000,2,500
6923,2.45,6.854404038,GLIMB,0.38,7,5000,2,500
6924,2.5,6.318733477,GLIMB,0.38,7,5000,2,500
6925,2.55,5.791197677,GLIMB,0.38,7,5000,2,500
6927,2.6,5.268403597,GLIMB,0.38,7,5000,2,500
6928,2.65,4.754758719,GLIMB,0.38,7,5000,2,500
6930,2.7,4.26180301,GLIMB,0.38,7,5000,2,500
6933,2.75,3.801880894,GLIMB,0.38,7,5000,2,500
6934,2.8,3.382697364,GLIMB,0.38,7,5000,2,500
6937,2.85,3.006033673,GLIMB,0.38,7,5000,2,500
6938,2.9,2.674660059,GLIMB,0.38,7,5000,2,500
6939,2.95,2.389570478,GLIMB,0.38,7,5000,2,500
6942,3,2.150026564,GLIMB,0.38,7,5000,2,500
6945,3.05,1.953945833,GLIMB,0.38,7,5000,2,500
6946,3.1,1.798970618,GLIMB,0.38,7,5000,2,500
6948,3.15,1.682627134,GLIMB,0.38,7,5000,2,500
6949,3.2,1.60049486,GLIMB,0.38,7,5000,2,500
6950,3.25,1.542398899,GLIMB,0.38,7,5000,2,500
6951,3.3,1.500606219,GLIMB,0.38,7,5000,2,500
6952,3.35,1.471712303,GLIMB,0.38,7,5000,2,500
6953,3.4,1.453422295,GLIMB,0.38,7,5000,2,500
6955,3.45,1.442435227,GLIMB,0.38,7,5000,2,500
6957,3.5,1.435456243,GLIMB,0.38,7,5000,2,500
6961,3.55,1.429627621,GLIMB,0.38,7,5000,2,500
6962,3.6,1.423219816,GLIMB,0.38,7,5000,2,500
6964,3.65,1.415925429,GLIMB,0.38,7,5000,2,500
6965,3.7,1.408964746,GLIMB,0.38,7,5000,2,500
6966,3.75,1.40202488,GLIMB,0.38,7,5000,2,500
6967,3.8,1.393653788,GLIMB,0.38,7,5000,2,500
6969,3.85,1.382127081,GLIMB,0.38,7,5000,2,500
6970,3.9,1.36699281,GLIMB,0.38,7,5000,2,500
6971,3.95,1.348230394,GLIMB,0.38,7,5000,2,500
6973,4,1.326034312,GLIMB,0.38,7,5000,2,500
6975,4.05,1.300514934,GLIMB,0.38,7,5000,2,500
6976,4.1,1.271622302,GLIMB,0.38,7,5000,2,500
6977,4.15,1.239747994,GLIMB,0.38,7,5000,2,500
6979,4.2,1.205943057,GLIMB,0.38,7,5000,2,500
6980,4.25,1.1712009,GLIMB,0.38,7,5000,2,500
6981,4.3,1.136007392,GLIMB,0.38,7,5000,2,500
6982,4.35,1.100580742,GLIMB,0.38,7,5000,2,500
6983,4.4,1.065048155,GLIMB,0.38,7,5000,2,500
6985,4.45,1.029826271,GLIMB,0.38,7,5000,2,500
6986,4.5,0.995368368,GLIMB,0.38,7,5000,2,500
6987,4.55,0.961980892,GLIMB,0.38,7,5000,2,500
6989,4.6,0.929735372,GLIMB,0.38,7,5000,2,500
6990,4.65,0.898551533,GLIMB,0.38,7,5000,2,500
6992,4.7,0.868241382,GLIMB,0.38,7,5000,2,500
6993,4.75,0.838644072,GLIMB,0.38,7,5000,2,500
6994,4.8,0.809738619,GLIMB,0.38,7,5000,2,500
6995,4.85,0.781593617,GLIMB,0.38,7,5000,2,500
6996,4.9,0.754287887,GLIMB,0.38,7,5000,2,500
6997,4.95,0.727895979,GLIMB,0.38,7,5000,2,500
6998,5,0.702468216,GLIMB,0.38,7,5000,2,500
6999,5.05,0.67801069,GLIMB,0.38,7,5000,2,500
7000,5.1,0.654445711,GLIMB,0.38,7,5000,2,500
7001,5.15,0.631605839,GLIMB,0.38,7,5000,2,500
7002,5.2,0.609422696,GLIMB,0.38,7,5000,2,500
7004,5.25,0.587895471,GLIMB,0.38,7,5000,2,500
7005,5.3,0.567041606,GLIMB,0.38,7,5000,2,500
7006,5.35,0.5468948,GLIMB,0.38,7,5000,2,500
7007,5.4,0.527452874,GLIMB,0.38,7,5000,2,500
7008,5.45,0.508628569,GLIMB,0.38,7,5000,2,500
7009,5.5,0.490273064,GLIMB,0.38,7,5000,2,500
7010,5.55,0.472242559,GLIMB,0.38,7,5000,2,500
7011,5.6,0.454464027,GLIMB,0.38,7,5000,2,500
7012,5.65,0.436870628,GLIMB,0.38,7,5000,2,500
7013,5.7,0.419400345,GLIMB,0.38,7,5000,2,500
7014,5.75,0.402006875,GLIMB,0.38,7,5000,2,500
7015,5.8,0.384678231,GLIMB,0.38,7,5000,2,500
7018,5.85,0.367411826,GLIMB,0.38,7,5000,2,500
7019,5.9,0.350258978,GLIMB,0.38,7,5000,2,500
7020,5.95,0.333225999,GLIMB,0.38,7,5000,2,500
7021,6,0.316273206,GLIMB,0.38,7,5000,2,500
7022,6.05,0.2993547,GLIMB,0.38,7,5000,2,500
7023,6.1,0.282409866,GLIMB,0.38,7,5000,2,500
7024,6.15,0.265350668,GLIMB,0.38,7,5000,2,500
7025,6.2,0.248093191,GLIMB,0.38,7,5000,2,500
7026,6.25,0.230607374,GLIMB,0.38,7,5000,2,500
7027,6.3,0.212876855,GLIMB,0.38,7,5000,2,500
7028,6.35,0.194890194,GLIMB,0.38,7,5000,2,500
7029,6.4,0.176659705,GLIMB,0.38,7,5000,2,500
7030,6.45,0.158231581,GLIMB,0.38,7,5000,2,500
7031,6.5,0.139668305,GLIMB,0.38,7,5000,2,500
7032,6.55,0.121057416,GLIMB,0.38,7,5000,2,500
7033,6.6,0.102486285,GLIMB,0.38,7,5000,2,500
7034,6.65,0.084025622,GLIMB,0.38,7,5000,2,500
7035,6.7,0.065757464,GLIMB,0.38,7,5000,2,500
7036,6.75,0.047721456,GLIMB,0.38,7,5000,2,500
7037,6.8,0.02992556,GLIMB,0.38,7,5000,2,500
7038,6.85,0.012375917,GLIMB,0.38,7,5000,2,500
7042,-0.1,104.472436,GloGEMflow,0.36,7,5000,2,500
7043,-0.05,103.3283195,GloGEMflow,0.36,7,5000,2,500
7044,0,102.1678144,GloGEMflow,0.36,7,5000,2,500
7045,0.05,100.9895333,GloGEMflow,0.36,7,5000,2,500
7047,0.1,99.79652407,GloGEMflow,0.36,7,5000,2,500
7049,0.15,98.59360221,GloGEMflow,0.36,7,5000,2,500
7051,0.2,97.3856991,GloGEMflow,0.36,7,5000,2,500
7054,0.25,96.17745016,GloGEMflow,0.36,7,5000,2,500
7056,0.3,94.96606295,GloGEMflow,0.36,7,5000,2,500
7058,0.35,93.7513749,GloGEMflow,0.36,7,5000,2,500
7064,0.4,92.53920111,GloGEMflow,0.36,7,5000,2,500
7065,0.45,91.34335923,GloGEMflow,0.36,7,5000,2,500
7067,0.5,90.18579417,GloGEMflow,0.36,7,5000,2,500
7068,0.55,89.08579733,GloGEMflow,0.36,7,5000,2,500
7069,0.6,88.05994006,GloGEMflow,0.36,7,5000,2,500
7070,0.65,87.13194911,GloGEMflow,0.36,7,5000,2,500
7071,0.7,86.31714465,GloGEMflow,0.36,7,5000,2,500
7072,0.75,85.61299505,GloGEMflow,0.36,7,5000,2,500
7073,0.8,85.00527348,GloGEMflow,0.36,7,5000,2,500
7074,0.85,84.46554389,GloGEMflow,0.36,7,5000,2,500
7075,0.9,83.96287417,GloGEMflow,0.36,7,5000,2,500
7080,0.95,83.47900755,GloGEMflow,0.36,7,5000,2,500
7081,1,82.97888182,GloGEMflow,0.36,7,5000,2,500
7082,1.05,82.41602296,GloGEMflow,0.36,7,5000,2,500
7084,1.1,81.75214584,GloGEMflow,0.36,7,5000,2,500
7085,1.15,80.95885395,GloGEMflow,0.36,7,5000,2,500
7086,1.2,80.0214943,GloGEMflow,0.36,7,5000,2,500
7087,1.25,78.9363416,GloGEMflow,0.36,7,5000,2,500
7088,1.3,77.70186546,GloGEMflow,0.36,7,5000,2,500
7089,1.35,76.31975213,GloGEMflow,0.36,7,5000,2,500
7090,1.4,74.79589496,GloGEMflow,0.36,7,5000,2,500
7091,1.45,73.13495671,GloGEMflow,0.36,7,5000,2,500
7096,1.5,71.34298393,GloGEMflow,0.36,7,5000,2,500
7099,1.55,69.41762974,GloGEMflow,0.36,7,5000,2,500
7100,1.6,67.35093289,GloGEMflow,0.36,7,5000,2,500
7102,1.65,65.14907261,GloGEMflow,0.36,7,5000,2,500
7110,1.7,62.8370272,GloGEMflow,0.36,7,5000,2,500
7114,1.75,60.45832663,GloGEMflow,0.36,7,5000,2,500
7115,1.8,58.07889314,GloGEMflow,0.36,7,5000,2,500
7116,1.85,55.78006299,GloGEMflow,0.36,7,5000,2,500
7117,1.9,53.63885151,GloGEMflow,0.36,7,5000,2,500
7120,1.95,51.70107209,GloGEMflow,0.36,7,5000,2,500
7122,2,49.97322277,GloGEMflow,0.36,7,5000,2,500
7125,2.05,48.4705983,GloGEMflow,0.36,7,5000,2,500
7128,2.1,47.20648891,GloGEMflow,0.36,7,5000,2,500
7130,2.15,46.1887446,GloGEMflow,0.36,7,5000,2,500
7135,2.2,45.41551243,GloGEMflow,0.36,7,5000,2,500
7136,2.25,44.87343532,GloGEMflow,0.36,7,5000,2,500
7137,2.3,44.53860811,GloGEMflow,0.36,7,5000,2,500
7140,2.35,44.3700643,GloGEMflow,0.36,7,5000,2,500
7141,2.4,44.31275751,GloGEMflow,0.36,7,5000,2,500
7143,2.45,44.29745507,GloGEMflow,0.36,7,5000,2,500
7144,2.5,44.24380581,GloGEMflow,0.36,7,5000,2,500
7145,2.55,44.07112411,GloGEMflow,0.36,7,5000,2,500
7147,2.6,43.71529675,GloGEMflow,0.36,7,5000,2,500
7148,2.65,43.1522436,GloGEMflow,0.36,7,5000,2,500
7150,2.7,42.40511606,GloGEMflow,0.36,7,5000,2,500
7153,2.75,41.53848482,GloGEMflow,0.36,7,5000,2,500
7154,2.8,40.61903183,GloGEMflow,0.36,7,5000,2,500
7157,2.85,39.69240444,GloGEMflow,0.36,7,5000,2,500
7158,2.9,38.7716826,GloGEMflow,0.36,7,5000,2,500
7159,2.95,37.8596723,GloGEMflow,0.36,7,5000,2,500
7162,3,36.96155769,GloGEMflow,0.36,7,5000,2,500
7165,3.05,36.08531,GloGEMflow,0.36,7,5000,2,500
7166,3.1,35.23541067,GloGEMflow,0.36,7,5000,2,500
7168,3.15,34.40880074,GloGEMflow,0.36,7,5000,2,500
7169,3.2,33.60785274,GloGEMflow,0.36,7,5000,2,500
7170,3.25,32.8421985,GloGEMflow,0.36,7,5000,2,500
7171,3.3,32.12003552,GloGEMflow,0.36,7,5000,2,500
7172,3.35,31.4424792,GloGEMflow,0.36,7,5000,2,500
7173,3.4,30.80556639,GloGEMflow,0.36,7,5000,2,500
7175,3.45,30.20098379,GloGEMflow,0.36,7,5000,2,500
7177,3.5,29.619524,GloGEMflow,0.36,7,5000,2,500
7181,3.55,29.05640717,GloGEMflow,0.36,7,5000,2,500
7182,3.6,28.50684761,GloGEMflow,0.36,7,5000,2,500
7184,3.65,27.9663114,GloGEMflow,0.36,7,5000,2,500
7185,3.7,27.43370151,GloGEMflow,0.36,7,5000,2,500
7186,3.75,26.91068226,GloGEMflow,0.36,7,5000,2,500
7187,3.8,26.4005502,GloGEMflow,0.36,7,5000,2,500
7189,3.85,25.90748502,GloGEMflow,0.36,7,5000,2,500
7190,3.9,25.43566859,GloGEMflow,0.36,7,5000,2,500
7191,3.95,24.98873171,GloGEMflow,0.36,7,5000,2,500
7193,4,24.56926568,GloGEMflow,0.36,7,5000,2,500
7195,4.05,24.17770742,GloGEMflow,0.36,7,5000,2,500
7196,4.1,23.81041319,GloGEMflow,0.36,7,5000,2,500
7197,4.15,23.46150014,GloGEMflow,0.36,7,5000,2,500
7199,4.2,23.12713245,GloGEMflow,0.36,7,5000,2,500
7200,4.25,22.80666469,GloGEMflow,0.36,7,5000,2,500
7201,4.3,22.49979576,GloGEMflow,0.36,7,5000,2,500
7202,4.35,22.20526463,GloGEMflow,0.36,7,5000,2,500
7203,4.4,21.92156423,GloGEMflow,0.36,7,5000,2,500
7205,4.45,21.64838231,GloGEMflow,0.36,7,5000,2,500
7206,4.5,21.38604035,GloGEMflow,0.36,7,5000,2,500
7207,4.55,21.13453064,GloGEMflow,0.36,7,5000,2,500
7209,4.6,20.89371081,GloGEMflow,0.36,7,5000,2,500
7210,4.65,20.66330556,GloGEMflow,0.36,7,5000,2,500
7212,4.7,20.44217051,GloGEMflow,0.36,7,5000,2,500
7213,4.75,20.22898655,GloGEMflow,0.36,7,5000,2,500
7214,4.8,20.02220993,GloGEMflow,0.36,7,5000,2,500
7215,4.85,19.82007737,GloGEMflow,0.36,7,5000,2,500
7216,4.9,19.62229607,GloGEMflow,0.36,7,5000,2,500
7217,4.95,19.42892503,GloGEMflow,0.36,7,5000,2,500
7218,5,19.23967426,GloGEMflow,0.36,7,5000,2,500
7219,5.05,19.05413488,GloGEMflow,0.36,7,5000,2,500
7220,5.1,18.87195574,GloGEMflow,0.36,7,5000,2,500
7221,5.15,18.69263655,GloGEMflow,0.36,7,5000,2,500
7222,5.2,18.51553013,GloGEMflow,0.36,7,5000,2,500
7224,5.25,18.34004011,GloGEMflow,0.36,7,5000,2,500
7225,5.3,18.1653415,GloGEMflow,0.36,7,5000,2,500
7226,5.35,17.99069584,GloGEMflow,0.36,7,5000,2,500
7227,5.4,17.81550963,GloGEMflow,0.36,7,5000,2,500
7228,5.45,17.64018872,GloGEMflow,0.36,7,5000,2,500
7229,5.5,17.46539955,GloGEMflow,0.36,7,5000,2,500
7230,5.55,17.29182119,GloGEMflow,0.36,7,5000,2,500
7231,5.6,17.12019231,GloGEMflow,0.36,7,5000,2,500
7232,5.65,16.9510923,GloGEMflow,0.36,7,5000,2,500
7233,5.7,16.78465155,GloGEMflow,0.36,7,5000,2,500
7234,5.75,16.62043631,GloGEMflow,0.36,7,5000,2,500
7235,5.8,16.45776513,GloGEMflow,0.36,7,5000,2,500
7238,5.85,16.29566019,GloGEMflow,0.36,7,5000,2,500
7239,5.9,16.13401848,GloGEMflow,0.36,7,5000,2,500
7240,5.95,15.97315162,GloGEMflow,0.36,7,5000,2,500
7241,6,15.81343054,GloGEMflow,0.36,7,5000,2,500
7242,6.05,15.65510962,GloGEMflow,0.36,7,5000,2,500
7243,6.1,15.49782241,GloGEMflow,0.36,7,5000,2,500
7244,6.15,15.34074492,GloGEMflow,0.36,7,5000,2,500
7245,6.2,15.18325445,GloGEMflow,0.36,7,5000,2,500
7246,6.25,15.02483954,GloGEMflow,0.36,7,5000,2,500
7247,6.3,14.86542972,GloGEMflow,0.36,7,5000,2,500
7248,6.35,14.70525401,GloGEMflow,0.36,7,5000,2,500
7249,6.4,14.54459108,GloGEMflow,0.36,7,5000,2,500
7250,6.45,14.38377618,GloGEMflow,0.36,7,5000,2,500
7251,6.5,14.22371477,GloGEMflow,0.36,7,5000,2,500
7252,6.55,14.0655148,GloGEMflow,0.36,7,5000,2,500
7253,6.6,13.91015365,GloGEMflow,0.36,7,5000,2,500
7254,6.65,13.75822571,GloGEMflow,0.36,7,5000,2,500
7255,6.7,13.60974375,GloGEMflow,0.36,7,5000,2,500
7256,6.75,13.46424247,GloGEMflow,0.36,7,5000,2,500
7257,6.8,13.3218518,GloGEMflow,0.36,7,5000,2,500
7258,6.85,13.18239645,GloGEMflow,0.36,7,5000,2,500
7262,-0.1,122.1218416,OGGM_v16,0.84,7,5000,2,500
7263,-0.05,119.2007912,OGGM_v16,0.84,7,5000,2,500
7264,0,116.295306,OGGM_v16,0.84,7,5000,2,500
7265,0.05,113.4047885,OGGM_v16,0.84,7,5000,2,500
7267,0.1,110.5287976,OGGM_v16,0.84,7,5000,2,500
7269,0.15,107.6667366,OGGM_v16,0.84,7,5000,2,500
7271,0.2,104.817609,OGGM_v16,0.84,7,5000,2,500
7274,0.25,101.9807909,OGGM_v16,0.84,7,5000,2,500
7276,0.3,99.15592409,OGGM_v16,0.84,7,5000,2,500
7278,0.35,96.34286695,OGGM_v16,0.84,7,5000,2,500
7284,0.4,93.54162717,OGGM_v16,0.84,7,5000,2,500
7285,0.45,90.75156406,OGGM_v16,0.84,7,5000,2,500
7287,0.5,87.97215145,OGGM_v16,0.84,7,5000,2,500
7288,0.55,85.20380845,OGGM_v16,0.84,7,5000,2,500
7289,0.6,82.44775228,OGGM_v16,0.84,7,5000,2,500
7290,0.65,79.70600324,OGGM_v16,0.84,7,5000,2,500
7291,0.7,76.98112487,OGGM_v16,0.84,7,5000,2,500
7292,0.75,74.27598249,OGGM_v16,0.84,7,5000,2,500
7293,0.8,71.59353275,OGGM_v16,0.84,7,5000,2,500
7294,0.85,68.93672474,OGGM_v16,0.84,7,5000,2,500
7295,0.9,66.30841029,OGGM_v16,0.84,7,5000,2,500
7300,0.95,63.70875853,OGGM_v16,0.84,7,5000,2,500
7301,1,61.1296606,OGGM_v16,0.84,7,5000,2,500
7302,1.05,58.56549687,OGGM_v16,0.84,7,5000,2,500
7304,1.1,56.01494431,OGGM_v16,0.84,7,5000,2,500
7305,1.15,53.47981427,OGGM_v16,0.84,7,5000,2,500
7306,1.2,50.96407885,OGGM_v16,0.84,7,5000,2,500
7307,1.25,48.47306413,OGGM_v16,0.84,7,5000,2,500
7308,1.3,46.01279544,OGGM_v16,0.84,7,5000,2,500
7309,1.35,43.58948144,OGGM_v16,0.84,7,5000,2,500
7310,1.4,41.2091241,OGGM_v16,0.84,7,5000,2,500
7311,1.45,38.87723995,OGGM_v16,0.84,7,5000,2,500
7316,1.5,36.59867688,OGGM_v16,0.84,7,5000,2,500
7319,1.55,34.37751038,OGGM_v16,0.84,7,5000,2,500
7320,1.6,32.21700375,OGGM_v16,0.84,7,5000,2,500
7322,1.65,30.1196165,OGGM_v16,0.84,7,5000,2,500
7330,1.7,28.08704686,OGGM_v16,0.84,7,5000,2,500
7334,1.75,26.12029623,OGGM_v16,0.84,7,5000,2,500
7335,1.8,24.21974824,OGGM_v16,0.84,7,5000,2,500
7336,1.85,22.38525405,OGGM_v16,0.84,7,5000,2,500
7337,1.9,20.61621878,OGGM_v16,0.84,7,5000,2,500
7340,1.95,18.91168569,OGGM_v16,0.84,7,5000,2,500
7342,2,17.27041562,OGGM_v16,0.84,7,5000,2,500
7345,2.05,15.6909579,OGGM_v16,0.84,7,5000,2,500
7348,2.1,14.17171296,OGGM_v16,0.84,7,5000,2,500
7350,2.15,12.7109876,OGGM_v16,0.84,7,5000,2,500
7355,2.2,11.30704359,OGGM_v16,0.84,7,5000,2,500
7356,2.25,9.958138253,OGGM_v16,0.84,7,5000,2,500
7357,2.3,8.66255764,OGGM_v16,0.84,7,5000,2,500
7360,2.35,7.418644321,OGGM_v16,0.84,7,5000,2,500
7361,2.4,6.224820272,OGGM_v16,0.84,7,5000,2,500
7363,2.45,5.079604346,OGGM_v16,0.84,7,5000,2,500
7364,2.5,3.981625198,OGGM_v16,0.84,7,5000,2,500
7365,2.55,2.929627688,OGGM_v16,0.84,7,5000,2,500
7367,2.6,1.922477263,OGGM_v16,0.84,7,5000,2,500
7368,2.65,0.959163648,OGGM_v16,0.84,7,5000,2,500
7370,2.7,0.038802831,OGGM_v16,0.84,7,5000,2,500
7373,2.75,0,OGGM_v16,0.84,7,5000,2,500
7374,2.8,0,OGGM_v16,0.84,7,5000,2,500
7377,2.85,0,OGGM_v16,0.84,7,5000,2,500
7378,2.9,0,OGGM_v16,0.84,7,5000,2,500
7379,2.95,0,OGGM_v16,0.84,7,5000,2,500
7382,3,0,OGGM_v16,0.84,7,5000,2,500
7385,3.05,0,OGGM_v16,0.84,7,5000,2,500
7386,3.1,0,OGGM_v16,0.84,7,5000,2,500
7388,3.15,0,OGGM_v16,0.84,7,5000,2,500
7389,3.2,0,OGGM_v16,0.84,7,5000,2,500
7390,3.25,0,OGGM_v16,0.84,7,5000,2,500
7391,3.3,0,OGGM_v16,0.84,7,5000,2,500
7392,3.35,0,OGGM_v16,0.84,7,5000,2,500
7393,3.4,0,OGGM_v16,0.84,7,5000,2,500
7395,3.45,0,OGGM_v16,0.84,7,5000,2,500
7397,3.5,0,OGGM_v16,0.84,7,5000,2,500
7401,3.55,0,OGGM_v16,0.84,7,5000,2,500
7402,3.6,0,OGGM_v16,0.84,7,5000,2,500
7404,3.65,0,OGGM_v16,0.84,7,5000,2,500
7405,3.7,0,OGGM_v16,0.84,7,5000,2,500
7406,3.75,0,OGGM_v16,0.84,7,5000,2,500
7407,3.8,0,OGGM_v16,0.84,7,5000,2,500
7409,3.85,0,OGGM_v16,0.84,7,5000,2,500
7410,3.9,0,OGGM_v16,0.84,7,5000,2,500
7411,3.95,0,OGGM_v16,0.84,7,5000,2,500
7413,4,0,OGGM_v16,0.84,7,5000,2,500
7415,4.05,0,OGGM_v16,0.84,7,5000,2,500
7416,4.1,0,OGGM_v16,0.84,7,5000,2,500
7417,4.15,0,OGGM_v16,0.84,7,5000,2,500
7419,4.2,0,OGGM_v16,0.84,7,5000,2,500
7420,4.25,0,OGGM_v16,0.84,7,5000,2,500
7421,4.3,0,OGGM_v16,0.84,7,5000,2,500
7422,4.35,0,OGGM_v16,0.84,7,5000,2,500
7423,4.4,0,OGGM_v16,0.84,7,5000,2,500
7425,4.45,0,OGGM_v16,0.84,7,5000,2,500
7426,4.5,0,OGGM_v16,0.84,7,5000,2,500
7427,4.55,0,OGGM_v16,0.84,7,5000,2,500
7429,4.6,0,OGGM_v16,0.84,7,5000,2,500
7430,4.65,0,OGGM_v16,0.84,7,5000,2,500
7432,4.7,0,OGGM_v16,0.84,7,5000,2,500
7433,4.75,0,OGGM_v16,0.84,7,5000,2,500
7434,4.8,0,OGGM_v16,0.84,7,5000,2,500
7435,4.85,0,OGGM_v16,0.84,7,5000,2,500
7436,4.9,0,OGGM_v16,0.84,7,5000,2,500
7437,4.95,0,OGGM_v16,0.84,7,5000,2,500
7438,5,0,OGGM_v16,0.84,7,5000,2,500
7439,5.05,0,OGGM_v16,0.84,7,5000,2,500
7440,5.1,0,OGGM_v16,0.84,7,5000,2,500
7441,5.15,0,OGGM_v16,0.84,7,5000,2,500
7442,5.2,0,OGGM_v16,0.84,7,5000,2,500
7444,5.25,0,OGGM_v16,0.84,7,5000,2,500
7445,5.3,0,OGGM_v16,0.84,7,5000,2,500
7446,5.35,0,OGGM_v16,0.84,7,5000,2,500
7447,5.4,0,OGGM_v16,0.84,7,5000,2,500
7448,5.45,0,OGGM_v16,0.84,7,5000,2,500
7449,5.5,0,OGGM_v16,0.84,7,5000,2,500
7450,5.55,0,OGGM_v16,0.84,7,5000,2,500
7451,5.6,0,OGGM_v16,0.84,7,5000,2,500
7452,5.65,0,OGGM_v16,0.84,7,5000,2,500
7453,5.7,0,OGGM_v16,0.84,7,5000,2,500
7454,5.75,0,OGGM_v16,0.84,7,5000,2,500
7455,5.8,0,OGGM_v16,0.84,7,5000,2,500
7458,5.85,0,OGGM_v16,0.84,7,5000,2,500
7459,5.9,0,OGGM_v16,0.84,7,5000,2,500
7460,5.95,0,OGGM_v16,0.84,7,5000,2,500
7461,6,0,OGGM_v16,0.84,7,5000,2,500
7462,6.05,0,OGGM_v16,0.84,7,5000,2,500
7463,6.1,0,OGGM_v16,0.84,7,5000,2,500
7464,6.15,0,OGGM_v16,0.84,7,5000,2,500
7465,6.2,0,OGGM_v16,0.84,7,5000,2,500
7466,6.25,0,OGGM_v16,0.84,7,5000,2,500
7467,6.3,0,OGGM_v16,0.84,7,5000,2,500
7468,6.35,0,OGGM_v16,0.84,7,5000,2,500
7469,6.4,0,OGGM_v16,0.84,7,5000,2,500
7470,6.45,0,OGGM_v16,0.84,7,5000,2,500
7471,6.5,0,OGGM_v16,0.84,7,5000,2,500
7472,6.55,0,OGGM_v16,0.84,7,5000,2,500
7473,6.6,0,OGGM_v16,0.84,7,5000,2,500
7474,6.65,0,OGGM_v16,0.84,7,5000,2,500
7475,6.7,0,OGGM_v16,0.84,7,5000,2,500
7476,6.75,0,OGGM_v16,0.84,7,5000,2,500
7477,6.8,0,OGGM_v16,0.84,7,5000,2,500
7478,6.85,0,OGGM_v16,0.84,7,5000,2,500
7482,-0.1,94.79804938,PyGEM-OGGM_v13,0.79,7,5000,2,500
7483,-0.05,92.88567515,PyGEM-OGGM_v13,0.79,7,5000,2,500
7484,0,90.97006534,PyGEM-OGGM_v13,0.79,7,5000,2,500
7485,0.05,89.05068804,PyGEM-OGGM_v13,0.79,7,5000,2,500
7487,0.1,87.12714393,PyGEM-OGGM_v13,0.79,7,5000,2,500
7489,0.15,85.19893052,PyGEM-OGGM_v13,0.79,7,5000,2,500
7491,0.2,83.26523524,PyGEM-OGGM_v13,0.79,7,5000,2,500
7494,0.25,81.32567911,PyGEM-OGGM_v13,0.79,7,5000,2,500
7496,0.3,79.3798078,PyGEM-OGGM_v13,0.79,7,5000,2,500
7498,0.35,77.42692326,PyGEM-OGGM_v13,0.79,7,5000,2,500
7504,0.4,75.46668423,PyGEM-OGGM_v13,0.79,7,5000,2,500
7505,0.45,73.498793,PyGEM-OGGM_v13,0.79,7,5000,2,500
7507,0.5,71.5237768,PyGEM-OGGM_v13,0.79,7,5000,2,500
7508,0.55,69.54287125,PyGEM-OGGM_v13,0.79,7,5000,2,500
7509,0.6,67.55771965,PyGEM-OGGM_v13,0.79,7,5000,2,500
7510,0.65,65.57038982,PyGEM-OGGM_v13,0.79,7,5000,2,500
7511,0.7,63.58319478,PyGEM-OGGM_v13,0.79,7,5000,2,500
7512,0.75,61.59850953,PyGEM-OGGM_v13,0.79,7,5000,2,500
7513,0.8,59.618676,PyGEM-OGGM_v13,0.79,7,5000,2,500
7514,0.85,57.64595799,PyGEM-OGGM_v13,0.79,7,5000,2,500
7515,0.9,55.68251303,PyGEM-OGGM_v13,0.79,7,5000,2,500
7520,0.95,53.7302067,PyGEM-OGGM_v13,0.79,7,5000,2,500
7521,1,51.78994262,PyGEM-OGGM_v13,0.79,7,5000,2,500
7522,1.05,49.86260101,PyGEM-OGGM_v13,0.79,7,5000,2,500
7524,1.1,47.94940467,PyGEM-OGGM_v13,0.79,7,5000,2,500
7525,1.15,46.05163694,PyGEM-OGGM_v13,0.79,7,5000,2,500
7526,1.2,44.17075397,PyGEM-OGGM_v13,0.79,7,5000,2,500
7527,1.25,42.30639301,PyGEM-OGGM_v13,0.79,7,5000,2,500
7528,1.3,40.45194768,PyGEM-OGGM_v13,0.79,7,5000,2,500
7529,1.35,38.60302626,PyGEM-OGGM_v13,0.79,7,5000,2,500
7530,1.4,36.75879128,PyGEM-OGGM_v13,0.79,7,5000,2,500
7531,1.45,34.92097776,PyGEM-OGGM_v13,0.79,7,5000,2,500
7536,1.5,33.09308267,PyGEM-OGGM_v13,0.79,7,5000,2,500
7539,1.55,31.27970149,PyGEM-OGGM_v13,0.79,7,5000,2,500
7540,1.6,29.48599557,PyGEM-OGGM_v13,0.79,7,5000,2,500
7542,1.65,27.71727643,PyGEM-OGGM_v13,0.79,7,5000,2,500
7550,1.7,25.97869482,PyGEM-OGGM_v13,0.79,7,5000,2,500
7554,1.75,24.27502234,PyGEM-OGGM_v13,0.79,7,5000,2,500
7555,1.8,22.61050136,PyGEM-OGGM_v13,0.79,7,5000,2,500
7556,1.85,20.98876108,PyGEM-OGGM_v13,0.79,7,5000,2,500
7557,1.9,19.41278533,PyGEM-OGGM_v13,0.79,7,5000,2,500
7560,1.95,17.8849188,PyGEM-OGGM_v13,0.79,7,5000,2,500
7562,2,16.40690154,PyGEM-OGGM_v13,0.79,7,5000,2,500
7565,2.05,14.97992226,PyGEM-OGGM_v13,0.79,7,5000,2,500
7568,2.1,13.60468289,PyGEM-OGGM_v13,0.79,7,5000,2,500
7570,2.15,12.28146777,PyGEM-OGGM_v13,0.79,7,5000,2,500
7575,2.2,11.01021242,PyGEM-OGGM_v13,0.79,7,5000,2,500
7576,2.25,9.790570799,PyGEM-OGGM_v13,0.79,7,5000,2,500
7577,2.3,8.621977911,PyGEM-OGGM_v13,0.79,7,5000,2,500
7580,2.35,7.503708499,PyGEM-OGGM_v13,0.79,7,5000,2,500
7581,2.4,6.434931188,PyGEM-OGGM_v13,0.79,7,5000,2,500
7583,2.45,5.414755273,PyGEM-OGGM_v13,0.79,7,5000,2,500
7584,2.5,4.442270044,PyGEM-OGGM_v13,0.79,7,5000,2,500
7585,2.55,3.516579071,PyGEM-OGGM_v13,0.79,7,5000,2,500
7587,2.6,2.636828661,PyGEM-OGGM_v13,0.79,7,5000,2,500
7588,2.65,1.802229813,PyGEM-OGGM_v13,0.79,7,5000,2,500
7590,2.7,1.012075507,PyGEM-OGGM_v13,0.79,7,5000,2,500
7593,2.75,0.265754365,PyGEM-OGGM_v13,0.79,7,5000,2,500
7594,2.8,0,PyGEM-OGGM_v13,0.79,7,5000,2,500
7597,2.85,0,PyGEM-OGGM_v13,0.79,7,5000,2,500
7598,2.9,0,PyGEM-OGGM_v13,0.79,7,5000,2,500
7599,2.95,0,PyGEM-OGGM_v13,0.79,7,5000,2,500
7602,3,0,PyGEM-OGGM_v13,0.79,7,5000,2,500
7605,3.05,0,PyGEM-OGGM_v13,0.79,7,5000,2,500
7606,3.1,0,PyGEM-OGGM_v13,0.79,7,5000,2,500
7608,3.15,0,PyGEM-OGGM_v13,0.79,7,5000,2,500
7609,3.2,0,PyGEM-OGGM_v13,0.79,7,5000,2,500
7610,3.25,0,PyGEM-OGGM_v13,0.79,7,5000,2,500
7611,3.3,0,PyGEM-OGGM_v13,0.79,7,5000,2,500
7612,3.35,0,PyGEM-OGGM_v13,0.79,7,5000,2,500
7613,3.4,0,PyGEM-OGGM_v13,0.79,7,5000,2,500
7615,3.45,0,PyGEM-OGGM_v13,0.79,7,5000,2,500
7617,3.5,0,PyGEM-OGGM_v13,0.79,7,5000,2,500
7621,3.55,0,PyGEM-OGGM_v13,0.79,7,5000,2,500
7622,3.6,0,PyGEM-OGGM_v13,0.79,7,5000,2,500
7624,3.65,0,PyGEM-OGGM_v13,0.79,7,5000,2,500
7625,3.7,0,PyGEM-OGGM_v13,0.79,7,5000,2,500
7626,3.75,0,PyGEM-OGGM_v13,0.79,7,5000,2,500
7627,3.8,0,PyGEM-OGGM_v13,0.79,7,5000,2,500
7629,3.85,0,PyGEM-OGGM_v13,0.79,7,5000,2,500
7630,3.9,0,PyGEM-OGGM_v13,0.79,7,5000,2,500
7631,3.95,0,PyGEM-OGGM_v13,0.79,7,5000,2,500
7633,4,0,PyGEM-OGGM_v13,0.79,7,5000,2,500
7635,4.05,0,PyGEM-OGGM_v13,0.79,7,5000,2,500
7636,4.1,0,PyGEM-OGGM_v13,0.79,7,5000,2,500
7637,4.15,0,PyGEM-OGGM_v13,0.79,7,5000,2,500
7639,4.2,0,PyGEM-OGGM_v13,0.79,7,5000,2,500
7640,4.25,0,PyGEM-OGGM_v13,0.79,7,5000,2,500
7641,4.3,0,PyGEM-OGGM_v13,0.79,7,5000,2,500
7642,4.35,0,PyGEM-OGGM_v13,0.79,7,5000,2,500
7643,4.4,0,PyGEM-OGGM_v13,0.79,7,5000,2,500
7645,4.45,0,PyGEM-OGGM_v13,0.79,7,5000,2,500
7646,4.5,0,PyGEM-OGGM_v13,0.79,7,5000,2,500
7647,4.55,0,PyGEM-OGGM_v13,0.79,7,5000,2,500
7649,4.6,0,PyGEM-OGGM_v13,0.79,7,5000,2,500
7650,4.65,0,PyGEM-OGGM_v13,0.79,7,5000,2,500
7652,4.7,0,PyGEM-OGGM_v13,0.79,7,5000,2,500
7653,4.75,0,PyGEM-OGGM_v13,0.79,7,5000,2,500
7654,4.8,0,PyGEM-OGGM_v13,0.79,7,5000,2,500
7655,4.85,0,PyGEM-OGGM_v13,0.79,7,5000,2,500
7656,4.9,0,PyGEM-OGGM_v13,0.79,7,5000,2,500
7657,4.95,0,PyGEM-OGGM_v13,0.79,7,5000,2,500
7658,5,0,PyGEM-OGGM_v13,0.79,7,5000,2,500
7659,5.05,0,PyGEM-OGGM_v13,0.79,7,5000,2,500
7660,5.1,0,PyGEM-OGGM_v13,0.79,7,5000,2,500
7661,5.15,0,PyGEM-OGGM_v13,0.79,7,5000,2,500
7662,5.2,0,PyGEM-OGGM_v13,0.79,7,5000,2,500
7664,5.25,0,PyGEM-OGGM_v13,0.79,7,5000,2,500
7665,5.3,0,PyGEM-OGGM_v13,0.79,7,5000,2,500
7666,5.35,0,PyGEM-OGGM_v13,0.79,7,5000,2,500
7667,5.4,0,PyGEM-OGGM_v13,0.79,7,5000,2,500
7668,5.45,0,PyGEM-OGGM_v13,0.79,7,5000,2,500
7669,5.5,0,PyGEM-OGGM_v13,0.79,7,5000,2,500
7670,5.55,0,PyGEM-OGGM_v13,0.79,7,5000,2,500
7671,5.6,0,PyGEM-OGGM_v13,0.79,7,5000,2,500
7672,5.65,0,PyGEM-OGGM_v13,0.79,7,5000,2,500
7673,5.7,0,PyGEM-OGGM_v13,0.79,7,5000,2,500
7674,5.75,0,PyGEM-OGGM_v13,0.79,7,5000,2,500
7675,5.8,0,PyGEM-OGGM_v13,0.79,7,5000,2,500
7678,5.85,0,PyGEM-OGGM_v13,0.79,7,5000,2,500
7679,5.9,0,PyGEM-OGGM_v13,0.79,7,5000,2,500
7680,5.95,0,PyGEM-OGGM_v13,0.79,7,5000,2,500
7681,6,0,PyGEM-OGGM_v13,0.79,7,5000,2,500
7682,6.05,0,PyGEM-OGGM_v13,0.79,7,5000,2,500
7683,6.1,0,PyGEM-OGGM_v13,0.79,7,5000,2,500
7684,6.15,0,PyGEM-OGGM_v13,0.79,7,5000,2,500
7685,6.2,0,PyGEM-OGGM_v13,0.79,7,5000,2,500
7686,6.25,0,PyGEM-OGGM_v13,0.79,7,5000,2,500
7687,6.3,0,PyGEM-OGGM_v13,0.79,7,5000,2,500
7688,6.35,0,PyGEM-OGGM_v13,0.79,7,5000,2,500
7689,6.4,0,PyGEM-OGGM_v13,0.79,7,5000,2,500
7690,6.45,0,PyGEM-OGGM_v13,0.79,7,5000,2,500
7691,6.5,0,PyGEM-OGGM_v13,0.79,7,5000,2,500
7692,6.55,0,PyGEM-OGGM_v13,0.79,7,5000,2,500
7693,6.6,0,PyGEM-OGGM_v13,0.79,7,5000,2,500
7694,6.65,0,PyGEM-OGGM_v13,0.79,7,5000,2,500
7695,6.7,0,PyGEM-OGGM_v13,0.79,7,5000,2,500
7696,6.75,0,PyGEM-OGGM_v13,0.79,7,5000,2,500
7697,6.8,0,PyGEM-OGGM_v13,0.79,7,5000,2,500
7698,6.85,0,PyGEM-OGGM_v13,0.79,7,5000,2,500
7702,-0.1,76.55678008,GLIMB,0.68,8,5000,2,500
7703,-0.05,74.1631354,GLIMB,0.68,8,5000,2,500
7704,0,71.77971952,GLIMB,0.68,8,5000,2,500
7705,0.05,69.40652717,GLIMB,0.68,8,5000,2,500
7707,0.1,67.04459745,GLIMB,0.68,8,5000,2,500
7709,0.15,64.69417411,GLIMB,0.68,8,5000,2,500
7711,0.2,62.35484792,GLIMB,0.68,8,5000,2,500
7714,0.25,60.02691251,GLIMB,0.68,8,5000,2,500
7716,0.3,57.71022292,GLIMB,0.68,8,5000,2,500
7718,0.35,55.40501029,GLIMB,0.68,8,5000,2,500
7724,0.4,53.11272821,GLIMB,0.68,8,5000,2,500
7725,0.45,50.83528002,GLIMB,0.68,8,5000,2,500
7727,0.5,48.57526448,GLIMB,0.68,8,5000,2,500
7728,0.55,46.33641503,GLIMB,0.68,8,5000,2,500
7729,0.6,44.12313672,GLIMB,0.68,8,5000,2,500
7730,0.65,41.94034891,GLIMB,0.68,8,5000,2,500
7731,0.7,39.79291655,GLIMB,0.68,8,5000,2,500
7732,0.75,37.68526965,GLIMB,0.68,8,5000,2,500
7733,0.8,35.62117521,GLIMB,0.68,8,5000,2,500
7734,0.85,33.60369214,GLIMB,0.68,8,5000,2,500
7735,0.9,31.63527981,GLIMB,0.68,8,5000,2,500
7740,0.95,29.71756331,GLIMB,0.68,8,5000,2,500
7741,1,27.85044414,GLIMB,0.68,8,5000,2,500
7742,1.05,26.0334727,GLIMB,0.68,8,5000,2,500
7744,1.1,24.26635321,GLIMB,0.68,8,5000,2,500
7745,1.15,22.54867691,GLIMB,0.68,8,5000,2,500
7746,1.2,20.88009497,GLIMB,0.68,8,5000,2,500
7747,1.25,19.26031928,GLIMB,0.68,8,5000,2,500
7748,1.3,17.68912167,GLIMB,0.68,8,5000,2,500
7749,1.35,16.16635803,GLIMB,0.68,8,5000,2,500
7750,1.4,14.69185906,GLIMB,0.68,8,5000,2,500
7751,1.45,13.26527054,GLIMB,0.68,8,5000,2,500
7756,1.5,11.88611711,GLIMB,0.68,8,5000,2,500
7759,1.55,10.55372787,GLIMB,0.68,8,5000,2,500
7760,1.6,9.267288334,GLIMB,0.68,8,5000,2,500
7762,1.65,8.026340094,GLIMB,0.68,8,5000,2,500
7770,1.7,6.830816253,GLIMB,0.68,8,5000,2,500
7774,1.75,5.68047709,GLIMB,0.68,8,5000,2,500
7775,1.8,4.57476713,GLIMB,0.68,8,5000,2,500
7776,1.85,3.514700286,GLIMB,0.68,8,5000,2,500
7777,1.9,2.502596065,GLIMB,0.68,8,5000,2,500
7780,1.95,1.541451539,GLIMB,0.68,8,5000,2,500
7782,2,0.634472221,GLIMB,0.68,8,5000,2,500
7785,2.05,0,GLIMB,0.68,8,5000,2,500
7788,2.1,0,GLIMB,0.68,8,5000,2,500
7790,2.15,0,GLIMB,0.68,8,5000,2,500
7795,2.2,0,GLIMB,0.68,8,5000,2,500
7796,2.25,0,GLIMB,0.68,8,5000,2,500
7797,2.3,0,GLIMB,0.68,8,5000,2,500
7800,2.35,0,GLIMB,0.68,8,5000,2,500
7801,2.4,0,GLIMB,0.68,8,5000,2,500
7803,2.45,0,GLIMB,0.68,8,5000,2,500
7804,2.5,0,GLIMB,0.68,8,5000,2,500
7805,2.55,0,GLIMB,0.68,8,5000,2,500
7807,2.6,0,GLIMB,0.68,8,5000,2,500
7808,2.65,0,GLIMB,0.68,8,5000,2,500
7810,2.7,0,GLIMB,0.68,8,5000,2,500
7813,2.75,0,GLIMB,0.68,8,5000,2,500
7814,2.8,0,GLIMB,0.68,8,5000,2,500
7817,2.85,0,GLIMB,0.68,8,5000,2,500
7818,2.9,0,GLIMB,0.68,8,5000,2,500
7819,2.95,0,GLIMB,0.68,8,5000,2,500
7822,3,0,GLIMB,0.68,8,5000,2,500
7825,3.05,0,GLIMB,0.68,8,5000,2,500
7826,3.1,0,GLIMB,0.68,8,5000,2,500
7828,3.15,0,GLIMB,0.68,8,5000,2,500
7829,3.2,0,GLIMB,0.68,8,5000,2,500
7830,3.25,0,GLIMB,0.68,8,5000,2,500
7831,3.3,0,GLIMB,0.68,8,5000,2,500
7832,3.35,0,GLIMB,0.68,8,5000,2,500
7833,3.4,0,GLIMB,0.68,8,5000,2,500
7835,3.45,0,GLIMB,0.68,8,5000,2,500
7837,3.5,0,GLIMB,0.68,8,5000,2,500
7841,3.55,0,GLIMB,0.68,8,5000,2,500
7842,3.6,0,GLIMB,0.68,8,5000,2,500
7844,3.65,0,GLIMB,0.68,8,5000,2,500
7845,3.7,0,GLIMB,0.68,8,5000,2,500
7846,3.75,0,GLIMB,0.68,8,5000,2,500
7847,3.8,0,GLIMB,0.68,8,5000,2,500
7849,3.85,0,GLIMB,0.68,8,5000,2,500
7850,3.9,0,GLIMB,0.68,8,5000,2,500
7851,3.95,0,GLIMB,0.68,8,5000,2,500
7853,4,0,GLIMB,0.68,8,5000,2,500
7855,4.05,0,GLIMB,0.68,8,5000,2,500
7856,4.1,0,GLIMB,0.68,8,5000,2,500
7857,4.15,0,GLIMB,0.68,8,5000,2,500
7859,4.2,0,GLIMB,0.68,8,5000,2,500
7860,4.25,0,GLIMB,0.68,8,5000,2,500
7861,4.3,0,GLIMB,0.68,8,5000,2,500
7862,4.35,0,GLIMB,0.68,8,5000,2,500
7863,4.4,0,GLIMB,0.68,8,5000,2,500
7865,4.45,0,GLIMB,0.68,8,5000,2,500
7866,4.5,0,GLIMB,0.68,8,5000,2,500
7867,4.55,0,GLIMB,0.68,8,5000,2,500
7869,4.6,0,GLIMB,0.68,8,5000,2,500
7870,4.65,0,GLIMB,0.68,8,5000,2,500
7872,4.7,0,GLIMB,0.68,8,5000,2,500
7873,4.75,0,GLIMB,0.68,8,5000,2,500
7874,4.8,0,GLIMB,0.68,8,5000,2,500
7875,4.85,0,GLIMB,0.68,8,5000,2,500
7876,4.9,0,GLIMB,0.68,8,5000,2,500
7877,4.95,0,GLIMB,0.68,8,5000,2,500
7878,5,0,GLIMB,0.68,8,5000,2,500
7879,5.05,0,GLIMB,0.68,8,5000,2,500
7880,5.1,0,GLIMB,0.68,8,5000,2,500
7881,5.15,0,GLIMB,0.68,8,5000,2,500
7882,5.2,0,GLIMB,0.68,8,5000,2,500
7884,5.25,0,GLIMB,0.68,8,5000,2,500
7885,5.3,0,GLIMB,0.68,8,5000,2,500
7886,5.35,0,GLIMB,0.68,8,5000,2,500
7887,5.4,0,GLIMB,0.68,8,5000,2,500
7888,5.45,0,GLIMB,0.68,8,5000,2,500
7889,5.5,0,GLIMB,0.68,8,5000,2,500
7890,5.55,0,GLIMB,0.68,8,5000,2,500
7891,5.6,0,GLIMB,0.68,8,5000,2,500
7892,5.65,0,GLIMB,0.68,8,5000,2,500
7893,5.7,0,GLIMB,0.68,8,5000,2,500
7894,5.75,0,GLIMB,0.68,8,5000,2,500
7895,5.8,0,GLIMB,0.68,8,5000,2,500
7898,5.85,0,GLIMB,0.68,8,5000,2,500
7899,5.9,0,GLIMB,0.68,8,5000,2,500
7900,5.95,0,GLIMB,0.68,8,5000,2,500
7901,6,0,GLIMB,0.68,8,5000,2,500
7902,6.05,0,GLIMB,0.68,8,5000,2,500
7903,6.1,0,GLIMB,0.68,8,5000,2,500
7904,6.15,0,GLIMB,0.68,8,5000,2,500
7905,6.2,0,GLIMB,0.68,8,5000,2,500
7906,6.25,0,GLIMB,0.68,8,5000,2,500
7907,6.3,0,GLIMB,0.68,8,5000,2,500
7908,6.35,0,GLIMB,0.68,8,5000,2,500
7909,6.4,0,GLIMB,0.68,8,5000,2,500
7910,6.45,0,GLIMB,0.68,8,5000,2,500
7911,6.5,0,GLIMB,0.68,8,5000,2,500
7912,6.55,0,GLIMB,0.68,8,5000,2,500
7913,6.6,0,GLIMB,0.68,8,5000,2,500
7914,6.65,0,GLIMB,0.68,8,5000,2,500
7915,6.7,0,GLIMB,0.68,8,5000,2,500
7916,6.75,0,GLIMB,0.68,8,5000,2,500
7917,6.8,0,GLIMB,0.68,8,5000,2,500
7918,6.85,0,GLIMB,0.68,8,5000,2,500
7922,-0.1,137.0393074,GloGEMflow,0.72,8,5000,2,500
7923,-0.05,132.8424034,GloGEMflow,0.72,8,5000,2,500
7924,0,128.651741,GloGEMflow,0.72,8,5000,2,500
7925,0.05,124.4666467,GloGEMflow,0.72,8,5000,2,500
7927,0.1,120.2876454,GloGEMflow,0.72,8,5000,2,500
7929,0.15,116.1162041,GloGEMflow,0.72,8,5000,2,500
7931,0.2,111.9537844,GloGEMflow,0.72,8,5000,2,500
7934,0.25,107.8034827,GloGEMflow,0.72,8,5000,2,500
7936,0.3,103.6689475,GloGEMflow,0.72,8,5000,2,500
7938,0.35,99.553206,GloGEMflow,0.72,8,5000,2,500
7944,0.4,95.45979287,GloGEMflow,0.72,8,5000,2,500
7945,0.45,91.39146005,GloGEMflow,0.72,8,5000,2,500
7947,0.5,87.35238603,GloGEMflow,0.72,8,5000,2,500
7948,0.55,83.34958319,GloGEMflow,0.72,8,5000,2,500
7949,0.6,79.39131429,GloGEMflow,0.72,8,5000,2,500
7950,0.65,75.48660174,GloGEMflow,0.72,8,5000,2,500
7951,0.7,71.64434913,GloGEMflow,0.72,8,5000,2,500
7952,0.75,67.87272422,GloGEMflow,0.72,8,5000,2,500
7953,0.8,64.17877999,GloGEMflow,0.72,8,5000,2,500
7954,0.85,60.56822949,GloGEMflow,0.72,8,5000,2,500
7955,0.9,57.04539383,GloGEMflow,0.72,8,5000,2,500
7960,0.95,53.6130639,GloGEMflow,0.72,8,5000,2,500
7961,1,50.2721706,GloGEMflow,0.72,8,5000,2,500
7962,1.05,47.02292675,GloGEMflow,0.72,8,5000,2,500
7964,1.1,43.86510441,GloGEMflow,0.72,8,5000,2,500
7965,1.15,40.79783177,GloGEMflow,0.72,8,5000,2,500
7966,1.2,37.81993934,GloGEMflow,0.72,8,5000,2,500
7967,1.25,34.93013078,GloGEMflow,0.72,8,5000,2,500
7968,1.3,32.12699484,GloGEMflow,0.72,8,5000,2,500
7969,1.35,29.40903952,GloGEMflow,0.72,8,5000,2,500
7970,1.4,26.77473991,GloGEMflow,0.72,8,5000,2,500
7971,1.45,24.22259004,GloGEMflow,0.72,8,5000,2,500
7976,1.5,21.75113782,GloGEMflow,0.72,8,5000,2,500
7979,1.55,19.35880459,GloGEMflow,0.72,8,5000,2,500
7980,1.6,17.04390111,GloGEMflow,0.72,8,5000,2,500
7982,1.65,14.80526623,GloGEMflow,0.72,8,5000,2,500
7990,1.7,12.64108286,GloGEMflow,0.72,8,5000,2,500
7994,1.75,10.54927755,GloGEMflow,0.72,8,5000,2,500
7995,1.8,8.53062931,GloGEMflow,0.72,8,5000,2,500
7996,1.85,6.588014138,GloGEMflow,0.72,8,5000,2,500
7997,1.9,4.725496777,GloGEMflow,0.72,8,5000,2,500
8000,1.95,2.947642304,GloGEMflow,0.72,8,5000,2,500
8002,2,1.259004924,GloGEMflow,0.72,8,5000,2,500
8005,2.05,0,GloGEMflow,0.72,8,5000,2,500
8008,2.1,0,GloGEMflow,0.72,8,5000,2,500
8010,2.15,0,GloGEMflow,0.72,8,5000,2,500
8015,2.2,0,GloGEMflow,0.72,8,5000,2,500
8016,2.25,0,GloGEMflow,0.72,8,5000,2,500
8017,2.3,0,GloGEMflow,0.72,8,5000,2,500
8020,2.35,0,GloGEMflow,0.72,8,5000,2,500
8021,2.4,0,GloGEMflow,0.72,8,5000,2,500
8023,2.45,0,GloGEMflow,0.72,8,5000,2,500
8024,2.5,0,GloGEMflow,0.72,8,5000,2,500
8025,2.55,0,GloGEMflow,0.72,8,5000,2,500
8027,2.6,0,GloGEMflow,0.72,8,5000,2,500
8028,2.65,0,GloGEMflow,0.72,8,5000,2,500
8030,2.7,0,GloGEMflow,0.72,8,5000,2,500
8033,2.75,0,GloGEMflow,0.72,8,5000,2,500
8034,2.8,0,GloGEMflow,0.72,8,5000,2,500
8037,2.85,0,GloGEMflow,0.72,8,5000,2,500
8038,2.9,0,GloGEMflow,0.72,8,5000,2,500
8039,2.95,0,GloGEMflow,0.72,8,5000,2,500
8042,3,0,GloGEMflow,0.72,8,5000,2,500
8045,3.05,0,GloGEMflow,0.72,8,5000,2,500
8046,3.1,0,GloGEMflow,0.72,8,5000,2,500
8048,3.15,0,GloGEMflow,0.72,8,5000,2,500
8049,3.2,0,GloGEMflow,0.72,8,5000,2,500
8050,3.25,0,GloGEMflow,0.72,8,5000,2,500
8051,3.3,0,GloGEMflow,0.72,8,5000,2,500
8052,3.35,0,GloGEMflow,0.72,8,5000,2,500
8053,3.4,0,GloGEMflow,0.72,8,5000,2,500
8055,3.45,0,GloGEMflow,0.72,8,5000,2,500
8057,3.5,0,GloGEMflow,0.72,8,5000,2,500
8061,3.55,0,GloGEMflow,0.72,8,5000,2,500
8062,3.6,0,GloGEMflow,0.72,8,5000,2,500
8064,3.65,0,GloGEMflow,0.72,8,5000,2,500
8065,3.7,0,GloGEMflow,0.72,8,5000,2,500
8066,3.75,0,GloGEMflow,0.72,8,5000,2,500
8067,3.8,0,GloGEMflow,0.72,8,5000,2,500
8069,3.85,0,GloGEMflow,0.72,8,5000,2,500
8070,3.9,0,GloGEMflow,0.72,8,5000,2,500
8071,3.95,0,GloGEMflow,0.72,8,5000,2,500
8073,4,0,GloGEMflow,0.72,8,5000,2,500
8075,4.05,0,GloGEMflow,0.72,8,5000,2,500
8076,4.1,0,GloGEMflow,0.72,8,5000,2,500
8077,4.15,0,GloGEMflow,0.72,8,5000,2,500
8079,4.2,0,GloGEMflow,0.72,8,5000,2,500
8080,4.25,0,GloGEMflow,0.72,8,5000,2,500
8081,4.3,0,GloGEMflow,0.72,8,5000,2,500
8082,4.35,0,GloGEMflow,0.72,8,5000,2,500
8083,4.4,0,GloGEMflow,0.72,8,5000,2,500
8085,4.45,0,GloGEMflow,0.72,8,5000,2,500
8086,4.5,0,GloGEMflow,0.72,8,5000,2,500
8087,4.55,0,GloGEMflow,0.72,8,5000,2,500
8089,4.6,0,GloGEMflow,0.72,8,5000,2,500
8090,4.65,0,GloGEMflow,0.72,8,5000,2,500
8092,4.7,0,GloGEMflow,0.72,8,5000,2,500
8093,4.75,0,GloGEMflow,0.72,8,5000,2,500
8094,4.8,0,GloGEMflow,0.72,8,5000,2,500
8095,4.85,0,GloGEMflow,0.72,8,5000,2,500
8096,4.9,0,GloGEMflow,0.72,8,5000,2,500
8097,4.95,0,GloGEMflow,0.72,8,5000,2,500
8098,5,0,GloGEMflow,0.72,8,5000,2,500
8099,5.05,0,GloGEMflow,0.72,8,5000,2,500
8100,5.1,0,GloGEMflow,0.72,8,5000,2,500
8101,5.15,0,GloGEMflow,0.72,8,5000,2,500
8102,5.2,0,GloGEMflow,0.72,8,5000,2,500
8104,5.25,0,GloGEMflow,0.72,8,5000,2,500
8105,5.3,0,GloGEMflow,0.72,8,5000,2,500
8106,5.35,0,GloGEMflow,0.72,8,5000,2,500
8107,5.4,0,GloGEMflow,0.72,8,5000,2,500
8108,5.45,0,GloGEMflow,0.72,8,5000,2,500
8109,5.5,0,GloGEMflow,0.72,8,5000,2,500
8110,5.55,0,GloGEMflow,0.72,8,5000,2,500
8111,5.6,0,GloGEMflow,0.72,8,5000,2,500
8112,5.65,0,GloGEMflow,0.72,8,5000,2,500
8113,5.7,0,GloGEMflow,0.72,8,5000,2,500
8114,5.75,0,GloGEMflow,0.72,8,5000,2,500
8115,5.8,0,GloGEMflow,0.72,8,5000,2,500
8118,5.85,0,GloGEMflow,0.72,8,5000,2,500
8119,5.9,0,GloGEMflow,0.72,8,5000,2,500
8120,5.95,0,GloGEMflow,0.72,8,5000,2,500
8121,6,0,GloGEMflow,0.72,8,5000,2,500
8122,6.05,0,GloGEMflow,0.72,8,5000,2,500
8123,6.1,0,GloGEMflow,0.72,8,5000,2,500
8124,6.15,0,GloGEMflow,0.72,8,5000,2,500
8125,6.2,0,GloGEMflow,0.72,8,5000,2,500
8126,6.25,0,GloGEMflow,0.72,8,5000,2,500
8127,6.3,0,GloGEMflow,0.72,8,5000,2,500
8128,6.35,0,GloGEMflow,0.72,8,5000,2,500
8129,6.4,0,GloGEMflow,0.72,8,5000,2,500
8130,6.45,0,GloGEMflow,0.72,8,5000,2,500
8131,6.5,0,GloGEMflow,0.72,8,5000,2,500
8132,6.55,0,GloGEMflow,0.72,8,5000,2,500
8133,6.6,0,GloGEMflow,0.72,8,5000,2,500
8134,6.65,0,GloGEMflow,0.72,8,5000,2,500
8135,6.7,0,GloGEMflow,0.72,8,5000,2,500
8136,6.75,0,GloGEMflow,0.72,8,5000,2,500
8137,6.8,0,GloGEMflow,0.72,8,5000,2,500
8138,6.85,0,GloGEMflow,0.72,8,5000,2,500
8142,-0.1,111.7069311,GloGEMflow3D,0.8,8,5000,2,500
8143,-0.05,108.2903102,GloGEMflow3D,0.8,8,5000,2,500
8144,0,104.8940477,GloGEMflow3D,0.8,8,5000,2,500
8145,0.05,101.518085,GloGEMflow3D,0.8,8,5000,2,500
8147,0.1,98.16267328,GloGEMflow3D,0.8,8,5000,2,500
8149,0.15,94.82809279,GloGEMflow3D,0.8,8,5000,2,500
8151,0.2,91.51470509,GloGEMflow3D,0.8,8,5000,2,500
8154,0.25,88.22340563,GloGEMflow3D,0.8,8,5000,2,500
8156,0.3,84.95468165,GloGEMflow3D,0.8,8,5000,2,500
8158,0.35,81.70879383,GloGEMflow3D,0.8,8,5000,2,500
8164,0.4,78.48691408,GloGEMflow3D,0.8,8,5000,2,500
8165,0.45,75.29074185,GloGEMflow3D,0.8,8,5000,2,500
8167,0.5,72.12296749,GloGEMflow3D,0.8,8,5000,2,500
8168,0.55,68.98729519,GloGEMflow3D,0.8,8,5000,2,500
8169,0.6,65.88804778,GloGEMflow3D,0.8,8,5000,2,500
8170,0.65,62.83002946,GloGEMflow3D,0.8,8,5000,2,500
8171,0.7,59.81813294,GloGEMflow3D,0.8,8,5000,2,500
8172,0.75,56.8569891,GloGEMflow3D,0.8,8,5000,2,500
8173,0.8,53.95076272,GloGEMflow3D,0.8,8,5000,2,500
8174,0.85,51.10304353,GloGEMflow3D,0.8,8,5000,2,500
8175,0.9,48.31678217,GloGEMflow3D,0.8,8,5000,2,500
8180,0.95,45.59415352,GloGEMflow3D,0.8,8,5000,2,500
8181,1,42.93602474,GloGEMflow3D,0.8,8,5000,2,500
8182,1.05,40.34279052,GloGEMflow3D,0.8,8,5000,2,500
8184,1.1,37.81477102,GloGEMflow3D,0.8,8,5000,2,500
8185,1.15,35.35030079,GloGEMflow3D,0.8,8,5000,2,500
8186,1.2,32.94233599,GloGEMflow3D,0.8,8,5000,2,500
8187,1.25,30.58629424,GloGEMflow3D,0.8,8,5000,2,500
8188,1.3,28.28098609,GloGEMflow3D,0.8,8,5000,2,500
8189,1.35,26.0275117,GloGEMflow3D,0.8,8,5000,2,500
8190,1.4,23.82839038,GloGEMflow3D,0.8,8,5000,2,500
8191,1.45,21.68688527,GloGEMflow3D,0.8,8,5000,2,500
8196,1.5,19.60649249,GloGEMflow3D,0.8,8,5000,2,500
8199,1.55,17.5905736,GloGEMflow3D,0.8,8,5000,2,500
8200,1.6,15.64210706,GloGEMflow3D,0.8,8,5000,2,500
8202,1.65,13.76353551,GloGEMflow3D,0.8,8,5000,2,500
8210,1.7,11.95669067,GloGEMflow3D,0.8,8,5000,2,500
8214,1.75,10.22278027,GloGEMflow3D,0.8,8,5000,2,500
8215,1.8,8.562412765,GloGEMflow3D,0.8,8,5000,2,500
8216,1.85,6.975647643,GloGEMflow3D,0.8,8,5000,2,500
8217,1.9,5.462063779,GloGEMflow3D,0.8,8,5000,2,500
8220,1.95,4.020836984,GloGEMflow3D,0.8,8,5000,2,500
8222,2,2.650818974,GloGEMflow3D,0.8,8,5000,2,500
8225,2.05,1.350612738,GloGEMflow3D,0.8,8,5000,2,500
8228,2.1,0.118642924,GloGEMflow3D,0.8,8,5000,2,500
8230,2.15,0,GloGEMflow3D,0.8,8,5000,2,500
8235,2.2,0,GloGEMflow3D,0.8,8,5000,2,500
8236,2.25,0,GloGEMflow3D,0.8,8,5000,2,500
8237,2.3,0,GloGEMflow3D,0.8,8,5000,2,500
8240,2.35,0,GloGEMflow3D,0.8,8,5000,2,500
8241,2.4,0,GloGEMflow3D,0.8,8,5000,2,500
8243,2.45,0,GloGEMflow3D,0.8,8,5000,2,500
8244,2.5,0,GloGEMflow3D,0.8,8,5000,2,500
8245,2.55,0,GloGEMflow3D,0.8,8,5000,2,500
8247,2.6,0,GloGEMflow3D,0.8,8,5000,2,500
8248,2.65,0,GloGEMflow3D,0.8,8,5000,2,500
8250,2.7,0,GloGEMflow3D,0.8,8,5000,2,500
8253,2.75,0,GloGEMflow3D,0.8,8,5000,2,500
8254,2.8,0,GloGEMflow3D,0.8,8,5000,2,500
8257,2.85,0,GloGEMflow3D,0.8,8,5000,2,500
8258,2.9,0,GloGEMflow3D,0.8,8,5000,2,500
8259,2.95,0,GloGEMflow3D,0.8,8,5000,2,500
8262,3,0,GloGEMflow3D,0.8,8,5000,2,500
8265,3.05,0,GloGEMflow3D,0.8,8,5000,2,500
8266,3.1,0,GloGEMflow3D,0.8,8,5000,2,500
8268,3.15,0,GloGEMflow3D,0.8,8,5000,2,500
8269,3.2,0,GloGEMflow3D,0.8,8,5000,2,500
8270,3.25,0,GloGEMflow3D,0.8,8,5000,2,500
8271,3.3,0,GloGEMflow3D,0.8,8,5000,2,500
8272,3.35,0,GloGEMflow3D,0.8,8,5000,2,500
8273,3.4,0,GloGEMflow3D,0.8,8,5000,2,500
8275,3.45,0,GloGEMflow3D,0.8,8,5000,2,500
8277,3.5,0,GloGEMflow3D,0.8,8,5000,2,500
8281,3.55,0,GloGEMflow3D,0.8,8,5000,2,500
8282,3.6,0,GloGEMflow3D,0.8,8,5000,2,500
8284,3.65,0,GloGEMflow3D,0.8,8,5000,2,500
8285,3.7,0,GloGEMflow3D,0.8,8,5000,2,500
8286,3.75,0,GloGEMflow3D,0.8,8,5000,2,500
8287,3.8,0,GloGEMflow3D,0.8,8,5000,2,500
8289,3.85,0,GloGEMflow3D,0.8,8,5000,2,500
8290,3.9,0,GloGEMflow3D,0.8,8,5000,2,500
8291,3.95,0,GloGEMflow3D,0.8,8,5000,2,500
8293,4,0,GloGEMflow3D,0.8,8,5000,2,500
8295,4.05,0,GloGEMflow3D,0.8,8,5000,2,500
8296,4.1,0,GloGEMflow3D,0.8,8,5000,2,500
8297,4.15,0,GloGEMflow3D,0.8,8,5000,2,500
8299,4.2,0,GloGEMflow3D,0.8,8,5000,2,500
8300,4.25,0,GloGEMflow3D,0.8,8,5000,2,500
8301,4.3,0,GloGEMflow3D,0.8,8,5000,2,500
8302,4.35,0,GloGEMflow3D,0.8,8,5000,2,500
8303,4.4,0,GloGEMflow3D,0.8,8,5000,2,500
8305,4.45,0,GloGEMflow3D,0.8,8,5000,2,500
8306,4.5,0,GloGEMflow3D,0.8,8,5000,2,500
8307,4.55,0,GloGEMflow3D,0.8,8,5000,2,500
8309,4.6,0,GloGEMflow3D,0.8,8,5000,2,500
8310,4.65,0,GloGEMflow3D,0.8,8,5000,2,500
8312,4.7,0,GloGEMflow3D,0.8,8,5000,2,500
8313,4.75,0,GloGEMflow3D,0.8,8,5000,2,500
8314,4.8,0,GloGEMflow3D,0.8,8,5000,2,500
8315,4.85,0,GloGEMflow3D,0.8,8,5000,2,500
8316,4.9,0,GloGEMflow3D,0.8,8,5000,2,500
8317,4.95,0,GloGEMflow3D,0.8,8,5000,2,500
8318,5,0,GloGEMflow3D,0.8,8,5000,2,500
8319,5.05,0,GloGEMflow3D,0.8,8,5000,2,500
8320,5.1,0,GloGEMflow3D,0.8,8,5000,2,500
8321,5.15,0,GloGEMflow3D,0.8,8,5000,2,500
8322,5.2,0,GloGEMflow3D,0.8,8,5000,2,500
8324,5.25,0,GloGEMflow3D,0.8,8,5000,2,500
8325,5.3,0,GloGEMflow3D,0.8,8,5000,2,500
8326,5.35,0,GloGEMflow3D,0.8,8,5000,2,500
8327,5.4,0,GloGEMflow3D,0.8,8,5000,2,500
8328,5.45,0,GloGEMflow3D,0.8,8,5000,2,500
8329,5.5,0,GloGEMflow3D,0.8,8,5000,2,500
8330,5.55,0,GloGEMflow3D,0.8,8,5000,2,500
8331,5.6,0,GloGEMflow3D,0.8,8,5000,2,500
8332,5.65,0,GloGEMflow3D,0.8,8,5000,2,500
8333,5.7,0,GloGEMflow3D,0.8,8,5000,2,500
8334,5.75,0,GloGEMflow3D,0.8,8,5000,2,500
8335,5.8,0,GloGEMflow3D,0.8,8,5000,2,500
8338,5.85,0,GloGEMflow3D,0.8,8,5000,2,500
8339,5.9,0,GloGEMflow3D,0.8,8,5000,2,500
8340,5.95,0,GloGEMflow3D,0.8,8,5000,2,500
8341,6,0,GloGEMflow3D,0.8,8,5000,2,500
8342,6.05,0,GloGEMflow3D,0.8,8,5000,2,500
8343,6.1,0,GloGEMflow3D,0.8,8,5000,2,500
8344,6.15,0,GloGEMflow3D,0.8,8,5000,2,500
8345,6.2,0,GloGEMflow3D,0.8,8,5000,2,500
8346,6.25,0,GloGEMflow3D,0.8,8,5000,2,500
8347,6.3,0,GloGEMflow3D,0.8,8,5000,2,500
8348,6.35,0,GloGEMflow3D,0.8,8,5000,2,500
8349,6.4,0,GloGEMflow3D,0.8,8,5000,2,500
8350,6.45,0,GloGEMflow3D,0.8,8,5000,2,500
8351,6.5,0,GloGEMflow3D,0.8,8,5000,2,500
8352,6.55,0,GloGEMflow3D,0.8,8,5000,2,500
8353,6.6,0,GloGEMflow3D,0.8,8,5000,2,500
8354,6.65,0,GloGEMflow3D,0.8,8,5000,2,500
8355,6.7,0,GloGEMflow3D,0.8,8,5000,2,500
8356,6.75,0,GloGEMflow3D,0.8,8,5000,2,500
8357,6.8,0,GloGEMflow3D,0.8,8,5000,2,500
8358,6.85,0,GloGEMflow3D,0.8,8,5000,2,500
8362,-0.1,114.2293586,OGGM_v16,0.99,8,5000,2,500
8363,-0.05,111.4845512,OGGM_v16,0.99,8,5000,2,500
8364,0,108.7304361,OGGM_v16,0.99,8,5000,2,500
8365,0.05,105.9513727,OGGM_v16,0.99,8,5000,2,500
8367,0.1,103.1376215,OGGM_v16,0.99,8,5000,2,500
8369,0.15,100.2843952,OGGM_v16,0.99,8,5000,2,500
8371,0.2,97.39100662,OGGM_v16,0.99,8,5000,2,500
8374,0.25,94.46009004,OGGM_v16,0.99,8,5000,2,500
8376,0.3,91.49688479,OGGM_v16,0.99,8,5000,2,500
8378,0.35,88.50857885,OGGM_v16,0.99,8,5000,2,500
8384,0.4,85.50371522,OGGM_v16,0.99,8,5000,2,500
8385,0.45,82.49166478,OGGM_v16,0.99,8,5000,2,500
8387,0.5,79.48216951,OGGM_v16,0.99,8,5000,2,500
8388,0.55,76.48495801,OGGM_v16,0.99,8,5000,2,500
8389,0.6,73.50943291,OGGM_v16,0.99,8,5000,2,500
8390,0.65,70.56442783,OGGM_v16,0.99,8,5000,2,500
8391,0.7,67.65802897,OGGM_v16,0.99,8,5000,2,500
8392,0.75,64.79745534,OGGM_v16,0.99,8,5000,2,500
8393,0.8,61.98898943,OGGM_v16,0.99,8,5000,2,500
8394,0.85,59.23795017,OGGM_v16,0.99,8,5000,2,500
8395,0.9,56.5487006,OGGM_v16,0.99,8,5000,2,500
8400,0.95,53.92468225,OGGM_v16,0.99,8,5000,2,500
8401,1,51.36846951,OGGM_v16,0.99,8,5000,2,500
8402,1.05,48.88183761,OGGM_v16,0.99,8,5000,2,500
8404,1.1,46.46583901,OGGM_v16,0.99,8,5000,2,500
8405,1.15,44.12088382,OGGM_v16,0.99,8,5000,2,500
8406,1.2,41.84682081,OGGM_v16,0.99,8,5000,2,500
8407,1.25,39.64301614,OGGM_v16,0.99,8,5000,2,500
8408,1.3,37.50842813,OGGM_v16,0.99,8,5000,2,500
8409,1.35,35.44167717,OGGM_v16,0.99,8,5000,2,500
8410,1.4,33.44110964,OGGM_v16,0.99,8,5000,2,500
8411,1.45,31.50485577,OGGM_v16,0.99,8,5000,2,500
8416,1.5,29.63088139,OGGM_v16,0.99,8,5000,2,500
8419,1.55,27.8170338,OGGM_v16,0.99,8,5000,2,500
8420,1.6,26.06108083,OGGM_v16,0.99,8,5000,2,500
8422,1.65,24.36074451,OGGM_v16,0.99,8,5000,2,500
8430,1.7,22.71372976,OGGM_v16,0.99,8,5000,2,500
8434,1.75,21.1177487,OGGM_v16,0.99,8,5000,2,500
8435,1.8,19.5705409,OGGM_v16,0.99,8,5000,2,500
8436,1.85,18.06989017,OGGM_v16,0.99,8,5000,2,500
8437,1.9,16.61363826,OGGM_v16,0.99,8,5000,2,500
8440,1.95,15.19969576,OGGM_v16,0.99,8,5000,2,500
8442,2,13.8260511,OGGM_v16,0.99,8,5000,2,500
8445,2.05,12.49077767,OGGM_v16,0.99,8,5000,2,500
8448,2.1,11.19203883,OGGM_v16,0.99,8,5000,2,500
8450,2.15,9.928091613,OGGM_v16,0.99,8,5000,2,500
8455,2.2,8.697289254,OGGM_v16,0.99,8,5000,2,500
8456,2.25,7.498082955,OGGM_v16,0.99,8,5000,2,500
8457,2.3,6.329022894,OGGM_v16,0.99,8,5000,2,500
8460,2.35,5.188758724,OGGM_v16,0.99,8,5000,2,500
8461,2.4,4.076039836,OGGM_v16,0.99,8,5000,2,500
8463,2.45,2.989715272,OGGM_v16,0.99,8,5000,2,500
8464,2.5,1.928732727,OGGM_v16,0.99,8,5000,2,500
8465,2.55,0.892136704,OGGM_v16,0.99,8,5000,2,500
8467,2.6,0,OGGM_v16,0.99,8,5000,2,500
8468,2.65,0,OGGM_v16,0.99,8,5000,2,500
8470,2.7,0,OGGM_v16,0.99,8,5000,2,500
8473,2.75,0,OGGM_v16,0.99,8,5000,2,500
8474,2.8,0,OGGM_v16,0.99,8,5000,2,500
8477,2.85,0,OGGM_v16,0.99,8,5000,2,500
8478,2.9,0,OGGM_v16,0.99,8,5000,2,500
8479,2.95,0,OGGM_v16,0.99,8,5000,2,500
8482,3,0,OGGM_v16,0.99,8,5000,2,500
8485,3.05,0,OGGM_v16,0.99,8,5000,2,500
8486,3.1,0,OGGM_v16,0.99,8,5000,2,500
8488,3.15,0,OGGM_v16,0.99,8,5000,2,500
8489,3.2,0,OGGM_v16,0.99,8,5000,2,500
8490,3.25,0,OGGM_v16,0.99,8,5000,2,500
8491,3.3,0,OGGM_v16,0.99,8,5000,2,500
8492,3.35,0,OGGM_v16,0.99,8,5000,2,500
8493,3.4,0,OGGM_v16,0.99,8,5000,2,500
8495,3.45,0,OGGM_v16,0.99,8,5000,2,500
8497,3.5,0,OGGM_v16,0.99,8,5000,2,500
8501,3.55,0,OGGM_v16,0.99,8,5000,2,500
8502,3.6,0,OGGM_v16,0.99,8,5000,2,500
8504,3.65,0,OGGM_v16,0.99,8,5000,2,500
8505,3.7,0,OGGM_v16,0.99,8,5000,2,500
8506,3.75,0,OGGM_v16,0.99,8,5000,2,500
8507,3.8,0,OGGM_v16,0.99,8,5000,2,500
8509,3.85,0,OGGM_v16,0.99,8,5000,2,500
8510,3.9,0,OGGM_v16,0.99,8,5000,2,500
8511,3.95,0,OGGM_v16,0.99,8,5000,2,500
8513,4,0,OGGM_v16,0.99,8,5000,2,500
8515,4.05,0,OGGM_v16,0.99,8,5000,2,500
8516,4.1,0,OGGM_v16,0.99,8,5000,2,500
8517,4.15,0,OGGM_v16,0.99,8,5000,2,500
8519,4.2,0,OGGM_v16,0.99,8,5000,2,500
8520,4.25,0,OGGM_v16,0.99,8,5000,2,500
8521,4.3,0,OGGM_v16,0.99,8,5000,2,500
8522,4.35,0,OGGM_v16,0.99,8,5000,2,500
8523,4.4,0,OGGM_v16,0.99,8,5000,2,500
8525,4.45,0,OGGM_v16,0.99,8,5000,2,500
8526,4.5,0,OGGM_v16,0.99,8,5000,2,500
8527,4.55,0,OGGM_v16,0.99,8,5000,2,500
8529,4.6,0,OGGM_v16,0.99,8,5000,2,500
8530,4.65,0,OGGM_v16,0.99,8,5000,2,500
8532,4.7,0,OGGM_v16,0.99,8,5000,2,500
8533,4.75,0,OGGM_v16,0.99,8,5000,2,500
8534,4.8,0,OGGM_v16,0.99,8,5000,2,500
8535,4.85,0,OGGM_v16,0.99,8,5000,2,500
8536,4.9,0,OGGM_v16,0.99,8,5000,2,500
8537,4.95,0,OGGM_v16,0.99,8,5000,2,500
8538,5,0,OGGM_v16,0.99,8,5000,2,500
8539,5.05,0,OGGM_v16,0.99,8,5000,2,500
8540,5.1,0,OGGM_v16,0.99,8,5000,2,500
8541,5.15,0,OGGM_v16,0.99,8,5000,2,500
8542,5.2,0,OGGM_v16,0.99,8,5000,2,500
8544,5.25,0,OGGM_v16,0.99,8,5000,2,500
8545,5.3,0,OGGM_v16,0.99,8,5000,2,500
8546,5.35,0,OGGM_v16,0.99,8,5000,2,500
8547,5.4,0,OGGM_v16,0.99,8,5000,2,500
8548,5.45,0,OGGM_v16,0.99,8,5000,2,500
8549,5.5,0,OGGM_v16,0.99,8,5000,2,500
8550,5.55,0,OGGM_v16,0.99,8,5000,2,500
8551,5.6,0,OGGM_v16,0.99,8,5000,2,500
8552,5.65,0,OGGM_v16,0.99,8,5000,2,500
8553,5.7,0,OGGM_v16,0.99,8,5000,2,500
8554,5.75,0,OGGM_v16,0.99,8,5000,2,500
8555,5.8,0,OGGM_v16,0.99,8,5000,2,500
8558,5.85,0,OGGM_v16,0.99,8,5000,2,500
8559,5.9,0,OGGM_v16,0.99,8,5000,2,500
8560,5.95,0,OGGM_v16,0.99,8,5000,2,500
8561,6,0,OGGM_v16,0.99,8,5000,2,500
8562,6.05,0,OGGM_v16,0.99,8,5000,2,500
8563,6.1,0,OGGM_v16,0.99,8,5000,2,500
8564,6.15,0,OGGM_v16,0.99,8,5000,2,500
8565,6.2,0,OGGM_v16,0.99,8,5000,2,500
8566,6.25,0,OGGM_v16,0.99,8,5000,2,500
8567,6.3,0,OGGM_v16,0.99,8,5000,2,500
8568,6.35,0,OGGM_v16,0.99,8,5000,2,500
8569,6.4,0,OGGM_v16,0.99,8,5000,2,500
8570,6.45,0,OGGM_v16,0.99,8,5000,2,500
8571,6.5,0,OGGM_v16,0.99,8,5000,2,500
8572,6.55,0,OGGM_v16,0.99,8,5000,2,500
8573,6.6,0,OGGM_v16,0.99,8,5000,2,500
8574,6.65,0,OGGM_v16,0.99,8,5000,2,500
8575,6.7,0,OGGM_v16,0.99,8,5000,2,500
8576,6.75,0,OGGM_v16,0.99,8,5000,2,500
8577,6.8,0,OGGM_v16,0.99,8,5000,2,500
8578,6.85,0,OGGM_v16,0.99,8,5000,2,500
8582,-0.1,41.01143762,PyGEM-OGGM_v13,0.99,8,5000,2,500
8583,-0.05,40.03957374,PyGEM-OGGM_v13,0.99,8,5000,2,500
8584,0,39.06706426,PyGEM-OGGM_v13,0.99,8,5000,2,500
8585,0.05,38.08807821,PyGEM-OGGM_v13,0.99,8,5000,2,500
8587,0.1,37.0989047,PyGEM-OGGM_v13,0.99,8,5000,2,500
8589,0.15,36.09761032,PyGEM-OGGM_v13,0.99,8,5000,2,500
8591,0.2,35.08373312,PyGEM-OGGM_v13,0.99,8,5000,2,500
8594,0.25,34.05800407,PyGEM-OGGM_v13,0.99,8,5000,2,500
8596,0.3,33.02209152,PyGEM-OGGM_v13,0.99,8,5000,2,500
8598,0.35,31.97836772,PyGEM-OGGM_v13,0.99,8,5000,2,500
8604,0.4,30.929698,PyGEM-OGGM_v13,0.99,8,5000,2,500
8605,0.45,29.87925379,PyGEM-OGGM_v13,0.99,8,5000,2,500
8607,0.5,28.83035065,PyGEM-OGGM_v13,0.99,8,5000,2,500
8608,0.55,27.78631188,PyGEM-OGGM_v13,0.99,8,5000,2,500
8609,0.6,26.75035747,PyGEM-OGGM_v13,0.99,8,5000,2,500
8610,0.65,25.72551758,PyGEM-OGGM_v13,0.99,8,5000,2,500
8611,0.7,24.71456879,PyGEM-OGGM_v13,0.99,8,5000,2,500
8612,0.75,23.7199909,PyGEM-OGGM_v13,0.99,8,5000,2,500
8613,0.8,22.74394163,PyGEM-OGGM_v13,0.99,8,5000,2,500
8614,0.85,21.78824631,PyGEM-OGGM_v13,0.99,8,5000,2,500
8615,0.9,20.85439988,PyGEM-OGGM_v13,0.99,8,5000,2,500
8620,0.95,19.94357836,PyGEM-OGGM_v13,0.99,8,5000,2,500
8621,1,19.05665728,PyGEM-OGGM_v13,0.99,8,5000,2,500
8622,1.05,18.19423523,PyGEM-OGGM_v13,0.99,8,5000,2,500
8624,1.1,17.35666064,PyGEM-OGGM_v13,0.99,8,5000,2,500
8625,1.15,16.54405961,PyGEM-OGGM_v13,0.99,8,5000,2,500
8626,1.2,15.75636377,PyGEM-OGGM_v13,0.99,8,5000,2,500
8627,1.25,14.99333754,PyGEM-OGGM_v13,0.99,8,5000,2,500
8628,1.3,14.25460405,PyGEM-OGGM_v13,0.99,8,5000,2,500
8629,1.35,13.53966943,PyGEM-OGGM_v13,0.99,8,5000,2,500
8630,1.4,12.84794497,PyGEM-OGGM_v13,0.99,8,5000,2,500
8631,1.45,12.17876744,PyGEM-OGGM_v13,0.99,8,5000,2,500
8636,1.5,11.53141782,PyGEM-OGGM_v13,0.99,8,5000,2,500
8639,1.55,10.90513609,PyGEM-OGGM_v13,0.99,8,5000,2,500
8640,1.6,10.29913453,PyGEM-OGGM_v13,0.99,8,5000,2,500
8642,1.65,9.712609622,PyGEM-OGGM_v13,0.99,8,5000,2,500
8650,1.7,9.144752181,PyGEM-OGGM_v13,0.99,8,5000,2,500
8654,1.75,8.594755979,PyGEM-OGGM_v13,0.99,8,5000,2,500
8655,1.8,8.061824889,PyGEM-OGGM_v13,0.99,8,5000,2,500
8656,1.85,7.5451789,PyGEM-OGGM_v13,0.99,8,5000,2,500
8657,1.9,7.044060056,PyGEM-OGGM_v13,0.99,8,5000,2,500
8660,1.95,6.557736806,PyGEM-OGGM_v13,0.99,8,5000,2,500
8662,2,6.085506591,PyGEM-OGGM_v13,0.99,8,5000,2,500
8665,2.05,5.626697732,PyGEM-OGGM_v13,0.99,8,5000,2,500
8668,2.1,5.180670812,PyGEM-OGGM_v13,0.99,8,5000,2,500
8670,2.15,4.746819617,PyGEM-OGGM_v13,0.99,8,5000,2,500
8675,2.2,4.324571699,PyGEM-OGGM_v13,0.99,8,5000,2,500
8676,2.25,3.91338865,PyGEM-OGGM_v13,0.99,8,5000,2,500
8677,2.3,3.512766114,PyGEM-OGGM_v13,0.99,8,5000,2,500
8680,2.35,3.122233553,PyGEM-OGGM_v13,0.99,8,5000,2,500
8681,2.4,2.741353988,PyGEM-OGGM_v13,0.99,8,5000,2,500
8683,2.45,2.369723643,PyGEM-OGGM_v13,0.99,8,5000,2,500
8684,2.5,2.006971418,PyGEM-OGGM_v13,0.99,8,5000,2,500
8685,2.55,1.652758163,PyGEM-OGGM_v13,0.99,8,5000,2,500
8687,2.6,1.306775789,PyGEM-OGGM_v13,0.99,8,5000,2,500
8688,2.65,0.96874638,PyGEM-OGGM_v13,0.99,8,5000,2,500
8690,2.7,0.638421309,PyGEM-OGGM_v13,0.99,8,5000,2,500
8693,2.75,0.315580336,PyGEM-OGGM_v13,0.99,8,5000,2,500
8694,2.8,3.07E-05,PyGEM-OGGM_v13,0.99,8,5000,2,500
8697,2.85,0,PyGEM-OGGM_v13,0.99,8,5000,2,500
8698,2.9,0,PyGEM-OGGM_v13,0.99,8,5000,2,500
8699,2.95,0,PyGEM-OGGM_v13,0.99,8,5000,2,500
8702,3,0,PyGEM-OGGM_v13,0.99,8,5000,2,500
8705,3.05,0,PyGEM-OGGM_v13,0.99,8,5000,2,500
8706,3.1,0,PyGEM-OGGM_v13,0.99,8,5000,2,500
8708,3.15,0,PyGEM-OGGM_v13,0.99,8,5000,2,500
8709,3.2,0,PyGEM-OGGM_v13,0.99,8,5000,2,500
8710,3.25,0,PyGEM-OGGM_v13,0.99,8,5000,2,500
8711,3.3,0,PyGEM-OGGM_v13,0.99,8,5000,2,500
8712,3.35,0,PyGEM-OGGM_v13,0.99,8,5000,2,500
8713,3.4,0,PyGEM-OGGM_v13,0.99,8,5000,2,500
8715,3.45,0,PyGEM-OGGM_v13,0.99,8,5000,2,500
8717,3.5,0,PyGEM-OGGM_v13,0.99,8,5000,2,500
8721,3.55,0,PyGEM-OGGM_v13,0.99,8,5000,2,500
8722,3.6,0,PyGEM-OGGM_v13,0.99,8,5000,2,500
8724,3.65,0,PyGEM-OGGM_v13,0.99,8,5000,2,500
8725,3.7,0,PyGEM-OGGM_v13,0.99,8,5000,2,500
8726,3.75,0,PyGEM-OGGM_v13,0.99,8,5000,2,500
8727,3.8,0,PyGEM-OGGM_v13,0.99,8,5000,2,500
8729,3.85,0,PyGEM-OGGM_v13,0.99,8,5000,2,500
8730,3.9,0,PyGEM-OGGM_v13,0.99,8,5000,2,500
8731,3.95,0,PyGEM-OGGM_v13,0.99,8,5000,2,500
8733,4,0,PyGEM-OGGM_v13,0.99,8,5000,2,500
8735,4.05,0,PyGEM-OGGM_v13,0.99,8,5000,2,500
8736,4.1,0,PyGEM-OGGM_v13,0.99,8,5000,2,500
8737,4.15,0,PyGEM-OGGM_v13,0.99,8,5000,2,500
8739,4.2,0,PyGEM-OGGM_v13,0.99,8,5000,2,500
8740,4.25,0,PyGEM-OGGM_v13,0.99,8,5000,2,500
8741,4.3,0,PyGEM-OGGM_v13,0.99,8,5000,2,500
8742,4.35,0,PyGEM-OGGM_v13,0.99,8,5000,2,500
8743,4.4,0,PyGEM-OGGM_v13,0.99,8,5000,2,500
8745,4.45,0,PyGEM-OGGM_v13,0.99,8,5000,2,500
8746,4.5,0,PyGEM-OGGM_v13,0.99,8,5000,2,500
8747,4.55,0,PyGEM-OGGM_v13,0.99,8,5000,2,500
8749,4.6,0,PyGEM-OGGM_v13,0.99,8,5000,2,500
8750,4.65,0,PyGEM-OGGM_v13,0.99,8,5000,2,500
8752,4.7,0,PyGEM-OGGM_v13,0.99,8,5000,2,500
8753,4.75,0,PyGEM-OGGM_v13,0.99,8,5000,2,500
8754,4.8,0,PyGEM-OGGM_v13,0.99,8,5000,2,500
8755,4.85,0,PyGEM-OGGM_v13,0.99,8,5000,2,500
8756,4.9,0,PyGEM-OGGM_v13,0.99,8,5000,2,500
8757,4.95,0,PyGEM-OGGM_v13,0.99,8,5000,2,500
8758,5,0,PyGEM-OGGM_v13,0.99,8,5000,2,500
8759,5.05,0,PyGEM-OGGM_v13,0.99,8,5000,2,500
8760,5.1,0,PyGEM-OGGM_v13,0.99,8,5000,2,500
8761,5.15,0,PyGEM-OGGM_v13,0.99,8,5000,2,500
8762,5.2,0,PyGEM-OGGM_v13,0.99,8,5000,2,500
8764,5.25,0,PyGEM-OGGM_v13,0.99,8,5000,2,500
8765,5.3,0,PyGEM-OGGM_v13,0.99,8,5000,2,500
8766,5.35,0,PyGEM-OGGM_v13,0.99,8,5000,2,500
8767,5.4,0,PyGEM-OGGM_v13,0.99,8,5000,2,500
8768,5.45,0,PyGEM-OGGM_v13,0.99,8,5000,2,500
8769,5.5,0,PyGEM-OGGM_v13,0.99,8,5000,2,500
8770,5.55,0,PyGEM-OGGM_v13,0.99,8,5000,2,500
8771,5.6,0,PyGEM-OGGM_v13,0.99,8,5000,2,500
8772,5.65,0,PyGEM-OGGM_v13,0.99,8,5000,2,500
8773,5.7,0,PyGEM-OGGM_v13,0.99,8,5000,2,500
8774,5.75,0,PyGEM-OGGM_v13,0.99,8,5000,2,500
8775,5.8,0,PyGEM-OGGM_v13,0.99,8,5000,2,500
8778,5.85,0,PyGEM-OGGM_v13,0.99,8,5000,2,500
8779,5.9,0,PyGEM-OGGM_v13,0.99,8,5000,2,500
8780,5.95,0,PyGEM-OGGM_v13,0.99,8,5000,2,500
8781,6,0,PyGEM-OGGM_v13,0.99,8,5000,2,500
8782,6.05,0,PyGEM-OGGM_v13,0.99,8,5000,2,500
8783,6.1,0,PyGEM-OGGM_v13,0.99,8,5000,2,500
8784,6.15,0,PyGEM-OGGM_v13,0.99,8,5000,2,500
8785,6.2,0,PyGEM-OGGM_v13,0.99,8,5000,2,500
8786,6.25,0,PyGEM-OGGM_v13,0.99,8,5000,2,500
8787,6.3,0,PyGEM-OGGM_v13,0.99,8,5000,2,500
8788,6.35,0,PyGEM-OGGM_v13,0.99,8,5000,2,500
8789,6.4,0,PyGEM-OGGM_v13,0.99,8,5000,2,500
8790,6.45,0,PyGEM-OGGM_v13,0.99,8,5000,2,500
8791,6.5,0,PyGEM-OGGM_v13,0.99,8,5000,2,500
8792,6.55,0,PyGEM-OGGM_v13,0.99,8,5000,2,500
8793,6.6,0,PyGEM-OGGM_v13,0.99,8,5000,2,500
8794,6.65,0,PyGEM-OGGM_v13,0.99,8,5000,2,500
8795,6.7,0,PyGEM-OGGM_v13,0.99,8,5000,2,500
8796,6.75,0,PyGEM-OGGM_v13,0.99,8,5000,2,500
8797,6.8,0,PyGEM-OGGM_v13,0.99,8,5000,2,500
8798,6.85,0,PyGEM-OGGM_v13,0.99,8,5000,2,500
8802,-0.1,103.7404216,GLIMB,0.86,9,5000,2,500
8803,-0.05,100.8267868,GLIMB,0.86,9,5000,2,500
8804,0,97.9196892,GLIMB,0.86,9,5000,2,500
8805,0.05,95.01938592,GLIMB,0.86,9,5000,2,500
8807,0.1,92.12631041,GLIMB,0.86,9,5000,2,500
8809,0.15,89.24107078,GLIMB,0.86,9,5000,2,500
8811,0.2,86.36466561,GLIMB,0.86,9,5000,2,500
8814,0.25,83.4982549,GLIMB,0.86,9,5000,2,500
8816,0.3,80.64243851,GLIMB,0.86,9,5000,2,500
8818,0.35,77.79742468,GLIMB,0.86,9,5000,2,500
8824,0.4,74.96385811,GLIMB,0.86,9,5000,2,500
8825,0.45,72.14223778,GLIMB,0.86,9,5000,2,500
8827,0.5,69.33360113,GLIMB,0.86,9,5000,2,500
8828,0.55,66.54014401,GLIMB,0.86,9,5000,2,500
8829,0.6,63.76494399,GLIMB,0.86,9,5000,2,500
8830,0.65,61.01184525,GLIMB,0.86,9,5000,2,500
8831,0.7,58.28246245,GLIMB,0.86,9,5000,2,500
8832,0.75,55.56991721,GLIMB,0.86,9,5000,2,500
8833,0.8,52.870181,GLIMB,0.86,9,5000,2,500
8834,0.85,50.18392962,GLIMB,0.86,9,5000,2,500
8835,0.9,47.51521576,GLIMB,0.86,9,5000,2,500
8840,0.95,44.87034216,GLIMB,0.86,9,5000,2,500
8841,1,42.25691824,GLIMB,0.86,9,5000,2,500
8842,1.05,39.68308999,GLIMB,0.86,9,5000,2,500
8844,1.1,37.15693377,GLIMB,0.86,9,5000,2,500
8845,1.15,34.68600235,GLIMB,0.86,9,5000,2,500
8846,1.2,32.27700812,GLIMB,0.86,9,5000,2,500
8847,1.25,29.93562541,GLIMB,0.86,9,5000,2,500
8848,1.3,27.66639207,GLIMB,0.86,9,5000,2,500
8849,1.35,25.47269011,GLIMB,0.86,9,5000,2,500
8850,1.4,23.35678605,GLIMB,0.86,9,5000,2,500
8851,1.45,21.31991336,GLIMB,0.86,9,5000,2,500
8856,1.5,19.36238196,GLIMB,0.86,9,5000,2,500
8859,1.55,17.48370216,GLIMB,0.86,9,5000,2,500
8860,1.6,15.68271308,GLIMB,0.86,9,5000,2,500
8862,1.65,13.95770942,GLIMB,0.86,9,5000,2,500
8870,1.7,12.30656177,GLIMB,0.86,9,5000,2,500
8874,1.75,10.72682722,GLIMB,0.86,9,5000,2,500
8875,1.8,9.215848609,GLIMB,0.86,9,5000,2,500
8876,1.85,7.770840825,GLIMB,0.86,9,5000,2,500
8877,1.9,6.388963345,GLIMB,0.86,9,5000,2,500
8880,1.95,5.067381426,GLIMB,0.86,9,5000,2,500
8882,2,3.803315444,GLIMB,0.86,9,5000,2,500
8885,2.05,2.594079828,GLIMB,0.86,9,5000,2,500
8888,2.1,1.437112718,GLIMB,0.86,9,5000,2,500
8890,2.15,0.329997871,GLIMB,0.86,9,5000,2,500
8895,2.2,0,GLIMB,0.86,9,5000,2,500
8896,2.25,0,GLIMB,0.86,9,5000,2,500
8897,2.3,0,GLIMB,0.86,9,5000,2,500
8900,2.35,0,GLIMB,0.86,9,5000,2,500
8901,2.4,0,GLIMB,0.86,9,5000,2,500
8903,2.45,0,GLIMB,0.86,9,5000,2,500
8904,2.5,0,GLIMB,0.86,9,5000,2,500
8905,2.55,0,GLIMB,0.86,9,5000,2,500
8907,2.6,0,GLIMB,0.86,9,5000,2,500
8908,2.65,0,GLIMB,0.86,9,5000,2,500
8910,2.7,0,GLIMB,0.86,9,5000,2,500
8913,2.75,0,GLIMB,0.86,9,5000,2,500
8914,2.8,0,GLIMB,0.86,9,5000,2,500
8917,2.85,0,GLIMB,0.86,9,5000,2,500
8918,2.9,0,GLIMB,0.86,9,5000,2,500
8919,2.95,0,GLIMB,0.86,9,5000,2,500
8922,3,0,GLIMB,0.86,9,5000,2,500
8925,3.05,0,GLIMB,0.86,9,5000,2,500
8926,3.1,0,GLIMB,0.86,9,5000,2,500
8928,3.15,0,GLIMB,0.86,9,5000,2,500
8929,3.2,0,GLIMB,0.86,9,5000,2,500
8930,3.25,0,GLIMB,0.86,9,5000,2,500
8931,3.3,0,GLIMB,0.86,9,5000,2,500
8932,3.35,0,GLIMB,0.86,9,5000,2,500
8933,3.4,0,GLIMB,0.86,9,5000,2,500
8935,3.45,0,GLIMB,0.86,9,5000,2,500
8937,3.5,0,GLIMB,0.86,9,5000,2,500
8941,3.55,0,GLIMB,0.86,9,5000,2,500
8942,3.6,0,GLIMB,0.86,9,5000,2,500
8944,3.65,0,GLIMB,0.86,9,5000,2,500
8945,3.7,0,GLIMB,0.86,9,5000,2,500
8946,3.75,0,GLIMB,0.86,9,5000,2,500
8947,3.8,0,GLIMB,0.86,9,5000,2,500
8949,3.85,0,GLIMB,0.86,9,5000,2,500
8950,3.9,0,GLIMB,0.86,9,5000,2,500
8951,3.95,0,GLIMB,0.86,9,5000,2,500
8953,4,0,GLIMB,0.86,9,5000,2,500
8955,4.05,0,GLIMB,0.86,9,5000,2,500
8956,4.1,0,GLIMB,0.86,9,5000,2,500
8957,4.15,0,GLIMB,0.86,9,5000,2,500
8959,4.2,0,GLIMB,0.86,9,5000,2,500
8960,4.25,0,GLIMB,0.86,9,5000,2,500
8961,4.3,0,GLIMB,0.86,9,5000,2,500
8962,4.35,0,GLIMB,0.86,9,5000,2,500
8963,4.4,0,GLIMB,0.86,9,5000,2,500
8965,4.45,0,GLIMB,0.86,9,5000,2,500
8966,4.5,0,GLIMB,0.86,9,5000,2,500
8967,4.55,0,GLIMB,0.86,9,5000,2,500
8969,4.6,0,GLIMB,0.86,9,5000,2,500
8970,4.65,0,GLIMB,0.86,9,5000,2,500
8972,4.7,0,GLIMB,0.86,9,5000,2,500
8973,4.75,0,GLIMB,0.86,9,5000,2,500
8974,4.8,0,GLIMB,0.86,9,5000,2,500
8975,4.85,0,GLIMB,0.86,9,5000,2,500
8976,4.9,0,GLIMB,0.86,9,5000,2,500
8977,4.95,0,GLIMB,0.86,9,5000,2,500
8978,5,0,GLIMB,0.86,9,5000,2,500
8979,5.05,0,GLIMB,0.86,9,5000,2,500
8980,5.1,0,GLIMB,0.86,9,5000,2,500
8981,5.15,0,GLIMB,0.86,9,5000,2,500
8982,5.2,0,GLIMB,0.86,9,5000,2,500
8984,5.25,0,GLIMB,0.86,9,5000,2,500
8985,5.3,0,GLIMB,0.86,9,5000,2,500
8986,5.35,0,GLIMB,0.86,9,5000,2,500
8987,5.4,0,GLIMB,0.86,9,5000,2,500
8988,5.45,0,GLIMB,0.86,9,5000,2,500
8989,5.5,0,GLIMB,0.86,9,5000,2,500
8990,5.55,0,GLIMB,0.86,9,5000,2,500
8991,5.6,0,GLIMB,0.86,9,5000,2,500
8992,5.65,0,GLIMB,0.86,9,5000,2,500
8993,5.7,0,GLIMB,0.86,9,5000,2,500
8994,5.75,0,GLIMB,0.86,9,5000,2,500
8995,5.8,0,GLIMB,0.86,9,5000,2,500
8998,5.85,0,GLIMB,0.86,9,5000,2,500
8999,5.9,0,GLIMB,0.86,9,5000,2,500
9000,5.95,0,GLIMB,0.86,9,5000,2,500
9001,6,0,GLIMB,0.86,9,5000,2,500
9002,6.05,0,GLIMB,0.86,9,5000,2,500
9003,6.1,0,GLIMB,0.86,9,5000,2,500
9004,6.15,0,GLIMB,0.86,9,5000,2,500
9005,6.2,0,GLIMB,0.86,9,5000,2,500
9006,6.25,0,GLIMB,0.86,9,5000,2,500
9007,6.3,0,GLIMB,0.86,9,5000,2,500
9008,6.35,0,GLIMB,0.86,9,5000,2,500
9009,6.4,0,GLIMB,0.86,9,5000,2,500
9010,6.45,0,GLIMB,0.86,9,5000,2,500
9011,6.5,0,GLIMB,0.86,9,5000,2,500
9012,6.55,0,GLIMB,0.86,9,5000,2,500
9013,6.6,0,GLIMB,0.86,9,5000,2,500
9014,6.65,0,GLIMB,0.86,9,5000,2,500
9015,6.7,0,GLIMB,0.86,9,5000,2,500
9016,6.75,0,GLIMB,0.86,9,5000,2,500
9017,6.8,0,GLIMB,0.86,9,5000,2,500
9018,6.85,0,GLIMB,0.86,9,5000,2,500
9022,-0.1,119.5387782,GloGEMflow,0.27,9,5000,2,500
9023,-0.05,115.4631081,GloGEMflow,0.27,9,5000,2,500
9024,0,111.4470233,GloGEMflow,0.27,9,5000,2,500
9025,0.05,107.4854591,GloGEMflow,0.27,9,5000,2,500
9027,0.1,103.5713518,GloGEMflow,0.27,9,5000,2,500
9029,0.15,99.69225895,GloGEMflow,0.27,9,5000,2,500
9031,0.2,95.84084781,GloGEMflow,0.27,9,5000,2,500
9034,0.25,92.01931086,GloGEMflow,0.27,9,5000,2,500
9036,0.3,88.22819392,GloGEMflow,0.27,9,5000,2,500
9038,0.35,84.46368143,GloGEMflow,0.27,9,5000,2,500
9044,0.4,80.74471762,GloGEMflow,0.27,9,5000,2,500
9045,0.45,77.10769609,GloGEMflow,0.27,9,5000,2,500
9047,0.5,73.59920121,GloGEMflow,0.27,9,5000,2,500
9048,0.55,70.27224098,GloGEMflow,0.27,9,5000,2,500
9049,0.6,67.16276769,GloGEMflow,0.27,9,5000,2,500
9050,0.65,64.30746299,GloGEMflow,0.27,9,5000,2,500
9051,0.7,61.7525158,GloGEMflow,0.27,9,5000,2,500
9052,0.75,59.54585705,GloGEMflow,0.27,9,5000,2,500
9053,0.8,57.70632027,GloGEMflow,0.27,9,5000,2,500
9054,0.85,56.18604993,GloGEMflow,0.27,9,5000,2,500
9055,0.9,54.92177811,GloGEMflow,0.27,9,5000,2,500
9060,0.95,53.89829583,GloGEMflow,0.27,9,5000,2,500
9061,1,53.15667444,GloGEMflow,0.27,9,5000,2,500
9062,1.05,52.68051368,GloGEMflow,0.27,9,5000,2,500
9064,1.1,52.41040302,GloGEMflow,0.27,9,5000,2,500
9065,1.15,52.23874984,GloGEMflow,0.27,9,5000,2,500
9066,1.2,52.05683064,GloGEMflow,0.27,9,5000,2,500
9067,1.25,51.75633563,GloGEMflow,0.27,9,5000,2,500
9068,1.3,51.21792657,GloGEMflow,0.27,9,5000,2,500
9069,1.35,50.29624981,GloGEMflow,0.27,9,5000,2,500
9070,1.4,48.80497719,GloGEMflow,0.27,9,5000,2,500
9071,1.45,46.57252942,GloGEMflow,0.27,9,5000,2,500
9076,1.5,43.55160133,GloGEMflow,0.27,9,5000,2,500
9079,1.55,39.87122571,GloGEMflow,0.27,9,5000,2,500
9080,1.6,35.81351416,GloGEMflow,0.27,9,5000,2,500
9082,1.65,31.65765545,GloGEMflow,0.27,9,5000,2,500
9090,1.7,27.63100045,GloGEMflow,0.27,9,5000,2,500
9094,1.75,23.84478153,GloGEMflow,0.27,9,5000,2,500
9095,1.8,20.40019954,GloGEMflow,0.27,9,5000,2,500
9096,1.85,17.40938271,GloGEMflow,0.27,9,5000,2,500
9097,1.9,14.96578374,GloGEMflow,0.27,9,5000,2,500
9100,1.95,13.11039605,GloGEMflow,0.27,9,5000,2,500
9102,2,11.82669764,GloGEMflow,0.27,9,5000,2,500
9105,2.05,11.02159922,GloGEMflow,0.27,9,5000,2,500
9108,2.1,10.52106154,GloGEMflow,0.27,9,5000,2,500
9110,2.15,10.15916717,GloGEMflow,0.27,9,5000,2,500
9115,2.2,9.875781843,GloGEMflow,0.27,9,5000,2,500
9116,2.25,9.636149238,GloGEMflow,0.27,9,5000,2,500
9117,2.3,9.376502047,GloGEMflow,0.27,9,5000,2,500
9120,2.35,9.040812193,GloGEMflow,0.27,9,5000,2,500
9121,2.4,8.605619719,GloGEMflow,0.27,9,5000,2,500
9123,2.45,8.035621161,GloGEMflow,0.27,9,5000,2,500
9124,2.5,7.322101148,GloGEMflow,0.27,9,5000,2,500
9125,2.55,6.550021495,GloGEMflow,0.27,9,5000,2,500
9127,2.6,5.834819296,GloGEMflow,0.27,9,5000,2,500
9128,2.65,5.279878385,GloGEMflow,0.27,9,5000,2,500
9130,2.7,4.89191032,GloGEMflow,0.27,9,5000,2,500
9133,2.75,4.61317263,GloGEMflow,0.27,9,5000,2,500
9134,2.8,4.404196019,GloGEMflow,0.27,9,5000,2,500
9137,2.85,4.241673115,GloGEMflow,0.27,9,5000,2,500
9138,2.9,4.104000616,GloGEMflow,0.27,9,5000,2,500
9139,2.95,3.985343211,GloGEMflow,0.27,9,5000,2,500
9142,3,3.885690089,GloGEMflow,0.27,9,5000,2,500
9145,3.05,3.804763226,GloGEMflow,0.27,9,5000,2,500
9146,3.1,3.738469359,GloGEMflow,0.27,9,5000,2,500
9148,3.15,3.683058433,GloGEMflow,0.27,9,5000,2,500
9149,3.2,3.640478225,GloGEMflow,0.27,9,5000,2,500
9150,3.25,3.612188148,GloGEMflow,0.27,9,5000,2,500
9151,3.3,3.594846914,GloGEMflow,0.27,9,5000,2,500
9152,3.35,3.582700662,GloGEMflow,0.27,9,5000,2,500
9153,3.4,3.571119247,GloGEMflow,0.27,9,5000,2,500
9155,3.45,3.556881468,GloGEMflow,0.27,9,5000,2,500
9157,3.5,3.540889715,GloGEMflow,0.27,9,5000,2,500
9161,3.55,3.525705173,GloGEMflow,0.27,9,5000,2,500
9162,3.6,3.511815527,GloGEMflow,0.27,9,5000,2,500
9164,3.65,3.498926462,GloGEMflow,0.27,9,5000,2,500
9165,3.7,3.484619446,GloGEMflow,0.27,9,5000,2,500
9166,3.75,3.46687777,GloGEMflow,0.27,9,5000,2,500
9167,3.8,3.444383987,GloGEMflow,0.27,9,5000,2,500
9169,3.85,3.416133899,GloGEMflow,0.27,9,5000,2,500
9170,3.9,3.381302319,GloGEMflow,0.27,9,5000,2,500
9171,3.95,3.339251943,GloGEMflow,0.27,9,5000,2,500
9173,4,3.290023298,GloGEMflow,0.27,9,5000,2,500
9175,4.05,3.234384105,GloGEMflow,0.27,9,5000,2,500
9176,4.1,3.173537486,GloGEMflow,0.27,9,5000,2,500
9177,4.15,3.108781737,GloGEMflow,0.27,9,5000,2,500
9179,4.2,3.041459636,GloGEMflow,0.27,9,5000,2,500
9180,4.25,2.972590279,GloGEMflow,0.27,9,5000,2,500
9181,4.3,2.902554864,GloGEMflow,0.27,9,5000,2,500
9182,4.35,2.830797358,GloGEMflow,0.27,9,5000,2,500
9183,4.4,2.757300437,GloGEMflow,0.27,9,5000,2,500
9185,4.45,2.681866579,GloGEMflow,0.27,9,5000,2,500
9186,4.5,2.604587093,GloGEMflow,0.27,9,5000,2,500
9187,4.55,2.526117504,GloGEMflow,0.27,9,5000,2,500
9189,4.6,2.446848931,GloGEMflow,0.27,9,5000,2,500
9190,4.65,2.366813301,GloGEMflow,0.27,9,5000,2,500
9192,4.7,2.286358961,GloGEMflow,0.27,9,5000,2,500
9193,4.75,2.206258804,GloGEMflow,0.27,9,5000,2,500
9194,4.8,2.127384678,GloGEMflow,0.27,9,5000,2,500
9195,4.85,2.050434843,GloGEMflow,0.27,9,5000,2,500
9196,4.9,1.975754189,GloGEMflow,0.27,9,5000,2,500
9197,4.95,1.903451798,GloGEMflow,0.27,9,5000,2,500
9198,5,1.833564928,GloGEMflow,0.27,9,5000,2,500
9199,5.05,1.766108555,GloGEMflow,0.27,9,5000,2,500
9200,5.1,1.701597264,GloGEMflow,0.27,9,5000,2,500
9201,5.15,1.640689233,GloGEMflow,0.27,9,5000,2,500
9202,5.2,1.583803371,GloGEMflow,0.27,9,5000,2,500
9204,5.25,1.530904463,GloGEMflow,0.27,9,5000,2,500
9205,5.3,1.481416157,GloGEMflow,0.27,9,5000,2,500
9206,5.35,1.434548529,GloGEMflow,0.27,9,5000,2,500
9207,5.4,1.389618706,GloGEMflow,0.27,9,5000,2,500
9208,5.45,1.345949311,GloGEMflow,0.27,9,5000,2,500
9209,5.5,1.302865364,GloGEMflow,0.27,9,5000,2,500
9210,5.55,1.2600626,GloGEMflow,0.27,9,5000,2,500
9211,5.6,1.21759014,GloGEMflow,0.27,9,5000,2,500
9212,5.65,1.175781397,GloGEMflow,0.27,9,5000,2,500
9213,5.7,1.135010688,GloGEMflow,0.27,9,5000,2,500
9214,5.75,1.095536849,GloGEMflow,0.27,9,5000,2,500
9215,5.8,1.057447801,GloGEMflow,0.27,9,5000,2,500
9218,5.85,1.020620872,GloGEMflow,0.27,9,5000,2,500
9219,5.9,0.984748696,GloGEMflow,0.27,9,5000,2,500
9220,5.95,0.949703678,GloGEMflow,0.27,9,5000,2,500
9221,6,0.915530429,GloGEMflow,0.27,9,5000,2,500
9222,6.05,0.882341627,GloGEMflow,0.27,9,5000,2,500
9223,6.1,0.850276249,GloGEMflow,0.27,9,5000,2,500
9224,6.15,0.81947283,GloGEMflow,0.27,9,5000,2,500
9225,6.2,0.790043658,GloGEMflow,0.27,9,5000,2,500
9226,6.25,0.762020852,GloGEMflow,0.27,9,5000,2,500
9227,6.3,0.735393109,GloGEMflow,0.27,9,5000,2,500
9228,6.35,0.710206445,GloGEMflow,0.27,9,5000,2,500
9229,6.4,0.686487436,GloGEMflow,0.27,9,5000,2,500
9230,6.45,0.664275251,GloGEMflow,0.27,9,5000,2,500
9231,6.5,0.643712334,GloGEMflow,0.27,9,5000,2,500
9232,6.55,0.62492507,GloGEMflow,0.27,9,5000,2,500
9233,6.6,0.607958679,GloGEMflow,0.27,9,5000,2,500
9234,6.65,0.592765204,GloGEMflow,0.27,9,5000,2,500
9235,6.7,0.579228214,GloGEMflow,0.27,9,5000,2,500
9236,6.75,0.56732367,GloGEMflow,0.27,9,5000,2,500
9237,6.8,0.557121935,GloGEMflow,0.27,9,5000,2,500
9238,6.85,0.54869181,GloGEMflow,0.27,9,5000,2,500
9242,-0.1,77.57615919,OGGM_v16,0.57,9,5000,2,500
9243,-0.05,76.18873526,OGGM_v16,0.57,9,5000,2,500
9244,0,74.8113603,OGGM_v16,0.57,9,5000,2,500
9245,0.05,73.44218122,OGGM_v16,0.57,9,5000,2,500
9247,0.1,72.07719917,OGGM_v16,0.57,9,5000,2,500
9249,0.15,70.71140768,OGGM_v16,0.57,9,5000,2,500
9251,0.2,69.33978303,OGGM_v16,0.57,9,5000,2,500
9254,0.25,67.95758903,OGGM_v16,0.57,9,5000,2,500
9256,0.3,66.55995754,OGGM_v16,0.57,9,5000,2,500
9258,0.35,65.14229846,OGGM_v16,0.57,9,5000,2,500
9264,0.4,63.69976931,OGGM_v16,0.57,9,5000,2,500
9265,0.45,62.22858879,OGGM_v16,0.57,9,5000,2,500
9267,0.5,60.72633556,OGGM_v16,0.57,9,5000,2,500
9268,0.55,59.19274233,OGGM_v16,0.57,9,5000,2,500
9269,0.6,57.62945222,OGGM_v16,0.57,9,5000,2,500
9270,0.65,56.03963744,OGGM_v16,0.57,9,5000,2,500
9271,0.7,54.42716321,OGGM_v16,0.57,9,5000,2,500
9272,0.75,52.79566823,OGGM_v16,0.57,9,5000,2,500
9273,0.8,51.14773046,OGGM_v16,0.57,9,5000,2,500
9274,0.85,49.48584084,OGGM_v16,0.57,9,5000,2,500
9275,0.9,47.81187071,OGGM_v16,0.57,9,5000,2,500
9280,0.95,46.12663027,OGGM_v16,0.57,9,5000,2,500
9281,1,44.42837719,OGGM_v16,0.57,9,5000,2,500
9282,1.05,42.71650172,OGGM_v16,0.57,9,5000,2,500
9284,1.1,40.99251648,OGGM_v16,0.57,9,5000,2,500
9285,1.15,39.25925764,OGGM_v16,0.57,9,5000,2,500
9286,1.2,37.52044861,OGGM_v16,0.57,9,5000,2,500
9287,1.25,35.78066189,OGGM_v16,0.57,9,5000,2,500
9288,1.3,34.04475245,OGGM_v16,0.57,9,5000,2,500
9289,1.35,32.31713307,OGGM_v16,0.57,9,5000,2,500
9290,1.4,30.601676,OGGM_v16,0.57,9,5000,2,500
9291,1.45,28.901823,OGGM_v16,0.57,9,5000,2,500
9296,1.5,27.22061959,OGGM_v16,0.57,9,5000,2,500
9299,1.55,25.55980232,OGGM_v16,0.57,9,5000,2,500
9300,1.6,23.91983723,OGGM_v16,0.57,9,5000,2,500
9302,1.65,22.30226742,OGGM_v16,0.57,9,5000,2,500
9310,1.7,20.70952439,OGGM_v16,0.57,9,5000,2,500
9314,1.75,19.14332976,OGGM_v16,0.57,9,5000,2,500
9315,1.8,17.60589454,OGGM_v16,0.57,9,5000,2,500
9316,1.85,16.10103536,OGGM_v16,0.57,9,5000,2,500
9317,1.9,14.63379317,OGGM_v16,0.57,9,5000,2,500
9320,1.95,13.20983084,OGGM_v16,0.57,9,5000,2,500
9322,2,11.83489376,OGGM_v16,0.57,9,5000,2,500
9325,2.05,10.51465357,OGGM_v16,0.57,9,5000,2,500
9328,2.1,9.254688281,OGGM_v16,0.57,9,5000,2,500
9330,2.15,8.060394793,OGGM_v16,0.57,9,5000,2,500
9335,2.2,6.937086003,OGGM_v16,0.57,9,5000,2,500
9336,2.25,5.889171535,OGGM_v16,0.57,9,5000,2,500
9337,2.3,4.92007176,OGGM_v16,0.57,9,5000,2,500
9340,2.35,4.034542442,OGGM_v16,0.57,9,5000,2,500
9341,2.4,3.237824675,OGGM_v16,0.57,9,5000,2,500
9343,2.45,2.534528683,OGGM_v16,0.57,9,5000,2,500
9344,2.5,1.927705881,OGGM_v16,0.57,9,5000,2,500
9345,2.55,1.418034939,OGGM_v16,0.57,9,5000,2,500
9347,2.6,1.003175949,OGGM_v16,0.57,9,5000,2,500
9348,2.65,0.677389864,OGGM_v16,0.57,9,5000,2,500
9350,2.7,0.431496468,OGGM_v16,0.57,9,5000,2,500
9353,2.75,0.253235359,OGGM_v16,0.57,9,5000,2,500
9354,2.8,0.128071256,OGGM_v16,0.57,9,5000,2,500
9357,2.85,0.040457481,OGGM_v16,0.57,9,5000,2,500
9358,2.9,0,OGGM_v16,0.57,9,5000,2,500
9359,2.95,0,OGGM_v16,0.57,9,5000,2,500
9362,3,0,OGGM_v16,0.57,9,5000,2,500
9365,3.05,0,OGGM_v16,0.57,9,5000,2,500
9366,3.1,0,OGGM_v16,0.57,9,5000,2,500
9368,3.15,0,OGGM_v16,0.57,9,5000,2,500
9369,3.2,0,OGGM_v16,0.57,9,5000,2,500
9370,3.25,0,OGGM_v16,0.57,9,5000,2,500
9371,3.3,0,OGGM_v16,0.57,9,5000,2,500
9372,3.35,0,OGGM_v16,0.57,9,5000,2,500
9373,3.4,0,OGGM_v16,0.57,9,5000,2,500
9375,3.45,0,OGGM_v16,0.57,9,5000,2,500
9377,3.5,0,OGGM_v16,0.57,9,5000,2,500
9381,3.55,0,OGGM_v16,0.57,9,5000,2,500
9382,3.6,0,OGGM_v16,0.57,9,5000,2,500
9384,3.65,0,OGGM_v16,0.57,9,5000,2,500
9385,3.7,0,OGGM_v16,0.57,9,5000,2,500
9386,3.75,0,OGGM_v16,0.57,9,5000,2,500
9387,3.8,0,OGGM_v16,0.57,9,5000,2,500
9389,3.85,0,OGGM_v16,0.57,9,5000,2,500
9390,3.9,0,OGGM_v16,0.57,9,5000,2,500
9391,3.95,0,OGGM_v16,0.57,9,5000,2,500
9393,4,0,OGGM_v16,0.57,9,5000,2,500
9395,4.05,0,OGGM_v16,0.57,9,5000,2,500
9396,4.1,0,OGGM_v16,0.57,9,5000,2,500
9397,4.15,0,OGGM_v16,0.57,9,5000,2,500
9399,4.2,0,OGGM_v16,0.57,9,5000,2,500
9400,4.25,0,OGGM_v16,0.57,9,5000,2,500
9401,4.3,0,OGGM_v16,0.57,9,5000,2,500
9402,4.35,0,OGGM_v16,0.57,9,5000,2,500
9403,4.4,0,OGGM_v16,0.57,9,5000,2,500
9405,4.45,0,OGGM_v16,0.57,9,5000,2,500
9406,4.5,0,OGGM_v16,0.57,9,5000,2,500
9407,4.55,0,OGGM_v16,0.57,9,5000,2,500
9409,4.6,0,OGGM_v16,0.57,9,5000,2,500
9410,4.65,0,OGGM_v16,0.57,9,5000,2,500
9412,4.7,0,OGGM_v16,0.57,9,5000,2,500
9413,4.75,0,OGGM_v16,0.57,9,5000,2,500
9414,4.8,0,OGGM_v16,0.57,9,5000,2,500
9415,4.85,0,OGGM_v16,0.57,9,5000,2,500
9416,4.9,0,OGGM_v16,0.57,9,5000,2,500
9417,4.95,0,OGGM_v16,0.57,9,5000,2,500
9418,5,0,OGGM_v16,0.57,9,5000,2,500
9419,5.05,0,OGGM_v16,0.57,9,5000,2,500
9420,5.1,0,OGGM_v16,0.57,9,5000,2,500
9421,5.15,0,OGGM_v16,0.57,9,5000,2,500
9422,5.2,0,OGGM_v16,0.57,9,5000,2,500
9424,5.25,0,OGGM_v16,0.57,9,5000,2,500
9425,5.3,0,OGGM_v16,0.57,9,5000,2,500
9426,5.35,0,OGGM_v16,0.57,9,5000,2,500
9427,5.4,0,OGGM_v16,0.57,9,5000,2,500
9428,5.45,0,OGGM_v16,0.57,9,5000,2,500
9429,5.5,0,OGGM_v16,0.57,9,5000,2,500
9430,5.55,0,OGGM_v16,0.57,9,5000,2,500
9431,5.6,0,OGGM_v16,0.57,9,5000,2,500
9432,5.65,0,OGGM_v16,0.57,9,5000,2,500
9433,5.7,0,OGGM_v16,0.57,9,5000,2,500
9434,5.75,0,OGGM_v16,0.57,9,5000,2,500
9435,5.8,0,OGGM_v16,0.57,9,5000,2,500
9438,5.85,0,OGGM_v16,0.57,9,5000,2,500
9439,5.9,0,OGGM_v16,0.57,9,5000,2,500
9440,5.95,0,OGGM_v16,0.57,9,5000,2,500
9441,6,0,OGGM_v16,0.57,9,5000,2,500
9442,6.05,0,OGGM_v16,0.57,9,5000,2,500
9443,6.1,0,OGGM_v16,0.57,9,5000,2,500
9444,6.15,0,OGGM_v16,0.57,9,5000,2,500
9445,6.2,0,OGGM_v16,0.57,9,5000,2,500
9446,6.25,0,OGGM_v16,0.57,9,5000,2,500
9447,6.3,0,OGGM_v16,0.57,9,5000,2,500
9448,6.35,0,OGGM_v16,0.57,9,5000,2,500
9449,6.4,0,OGGM_v16,0.57,9,5000,2,500
9450,6.45,0,OGGM_v16,0.57,9,5000,2,500
9451,6.5,0,OGGM_v16,0.57,9,5000,2,500
9452,6.55,0,OGGM_v16,0.57,9,5000,2,500
9453,6.6,0,OGGM_v16,0.57,9,5000,2,500
9454,6.65,0,OGGM_v16,0.57,9,5000,2,500
9455,6.7,0,OGGM_v16,0.57,9,5000,2,500
9456,6.75,0,OGGM_v16,0.57,9,5000,2,500
9457,6.8,0,OGGM_v16,0.57,9,5000,2,500
9458,6.85,0,OGGM_v16,0.57,9,5000,2,500
9462,-0.1,83.62837851,PyGEM-OGGM_v13,0.82,9,5000,2,500
9463,-0.05,81.92938208,PyGEM-OGGM_v13,0.82,9,5000,2,500
9464,0,80.22599432,PyGEM-OGGM_v13,0.82,9,5000,2,500
9465,0.05,78.5173108,PyGEM-OGGM_v13,0.82,9,5000,2,500
9467,0.1,76.8024186,PyGEM-OGGM_v13,0.82,9,5000,2,500
9469,0.15,75.08019327,PyGEM-OGGM_v13,0.82,9,5000,2,500
9471,0.2,73.34923153,PyGEM-OGGM_v13,0.82,9,5000,2,500
9474,0.25,71.60856072,PyGEM-OGGM_v13,0.82,9,5000,2,500
9476,0.3,69.85725983,PyGEM-OGGM_v13,0.82,9,5000,2,500
9478,0.35,68.09460965,PyGEM-OGGM_v13,0.82,9,5000,2,500
9484,0.4,66.320902,PyGEM-OGGM_v13,0.82,9,5000,2,500
9485,0.45,64.53639176,PyGEM-OGGM_v13,0.82,9,5000,2,500
9487,0.5,62.74167997,PyGEM-OGGM_v13,0.82,9,5000,2,500
9488,0.55,60.93823481,PyGEM-OGGM_v13,0.82,9,5000,2,500
9489,0.6,59.1282099,PyGEM-OGGM_v13,0.82,9,5000,2,500
9490,0.65,57.31437779,PyGEM-OGGM_v13,0.82,9,5000,2,500
9491,0.7,55.49990211,PyGEM-OGGM_v13,0.82,9,5000,2,500
9492,0.75,53.688139,PyGEM-OGGM_v13,0.82,9,5000,2,500
9493,0.8,51.88247729,PyGEM-OGGM_v13,0.82,9,5000,2,500
9494,0.85,50.08621826,PyGEM-OGGM_v13,0.82,9,5000,2,500
9495,0.9,48.30248476,PyGEM-OGGM_v13,0.82,9,5000,2,500
9500,0.95,46.5337154,PyGEM-OGGM_v13,0.82,9,5000,2,500
9501,1,44.77592971,PyGEM-OGGM_v13,0.82,9,5000,2,500
9502,1.05,43.0228898,PyGEM-OGGM_v13,0.82,9,5000,2,500
9504,1.1,41.27204117,PyGEM-OGGM_v13,0.82,9,5000,2,500
9505,1.15,39.52373587,PyGEM-OGGM_v13,0.82,9,5000,2,500
9506,1.2,37.78040385,PyGEM-OGGM_v13,0.82,9,5000,2,500
9507,1.25,36.04585901,PyGEM-OGGM_v13,0.82,9,5000,2,500
9508,1.3,34.32472653,PyGEM-OGGM_v13,0.82,9,5000,2,500
9509,1.35,32.62198228,PyGEM-OGGM_v13,0.82,9,5000,2,500
9510,1.4,30.9425951,PyGEM-OGGM_v13,0.82,9,5000,2,500
9511,1.45,29.29126229,PyGEM-OGGM_v13,0.82,9,5000,2,500
9516,1.5,27.67222666,PyGEM-OGGM_v13,0.82,9,5000,2,500
9519,1.55,26.08916281,PyGEM-OGGM_v13,0.82,9,5000,2,500
9520,1.6,24.54511987,PyGEM-OGGM_v13,0.82,9,5000,2,500
9522,1.65,23.04250833,PyGEM-OGGM_v13,0.82,9,5000,2,500
9530,1.7,21.58311992,PyGEM-OGGM_v13,0.82,9,5000,2,500
9534,1.75,20.16817046,PyGEM-OGGM_v13,0.82,9,5000,2,500
9535,1.8,18.79835675,PyGEM-OGGM_v13,0.82,9,5000,2,500
9536,1.85,17.47392209,PyGEM-OGGM_v13,0.82,9,5000,2,500
9537,1.9,16.19472543,PyGEM-OGGM_v13,0.82,9,5000,2,500
9540,1.95,14.9603096,PyGEM-OGGM_v13,0.82,9,5000,2,500
9542,2,13.76996604,PyGEM-OGGM_v13,0.82,9,5000,2,500
9545,2.05,12.62279402,PyGEM-OGGM_v13,0.82,9,5000,2,500
9548,2.1,11.51775473,PyGEM-OGGM_v13,0.82,9,5000,2,500
9550,2.15,10.45371985,PyGEM-OGGM_v13,0.82,9,5000,2,500
9555,2.2,9.429512117,PyGEM-OGGM_v13,0.82,9,5000,2,500
9556,2.25,8.44393859,PyGEM-OGGM_v13,0.82,9,5000,2,500
9557,2.3,7.495818815,PyGEM-OGGM_v13,0.82,9,5000,2,500
9560,2.35,6.584008161,PyGEM-OGGM_v13,0.82,9,5000,2,500
9561,2.4,5.707417116,PyGEM-OGGM_v13,0.82,9,5000,2,500
9563,2.45,4.865025967,PyGEM-OGGM_v13,0.82,9,5000,2,500
9564,2.5,4.05589636,PyGEM-OGGM_v13,0.82,9,5000,2,500
9565,2.55,3.279182206,PyGEM-OGGM_v13,0.82,9,5000,2,500
9567,2.6,2.534137654,PyGEM-OGGM_v13,0.82,9,5000,2,500
9568,2.65,1.820119235,PyGEM-OGGM_v13,0.82,9,5000,2,500
9570,2.7,1.136586597,PyGEM-OGGM_v13,0.82,9,5000,2,500
9573,2.75,0.483101645,PyGEM-OGGM_v13,0.82,9,5000,2,500
9574,2.8,0,PyGEM-OGGM_v13,0.82,9,5000,2,500
9577,2.85,0,PyGEM-OGGM_v13,0.82,9,5000,2,500
9578,2.9,0,PyGEM-OGGM_v13,0.82,9,5000,2,500
9579,2.95,0,PyGEM-OGGM_v13,0.82,9,5000,2,500
9582,3,0,PyGEM-OGGM_v13,0.82,9,5000,2,500
9585,3.05,0,PyGEM-OGGM_v13,0.82,9,5000,2,500
9586,3.1,0,PyGEM-OGGM_v13,0.82,9,5000,2,500
9588,3.15,0,PyGEM-OGGM_v13,0.82,9,5000,2,500
9589,3.2,0,PyGEM-OGGM_v13,0.82,9,5000,2,500
9590,3.25,0,PyGEM-OGGM_v13,0.82,9,5000,2,500
9591,3.3,0,PyGEM-OGGM_v13,0.82,9,5000,2,500
9592,3.35,0,PyGEM-OGGM_v13,0.82,9,5000,2,500
9593,3.4,0,PyGEM-OGGM_v13,0.82,9,5000,2,500
9595,3.45,0,PyGEM-OGGM_v13,0.82,9,5000,2,500
9597,3.5,0,PyGEM-OGGM_v13,0.82,9,5000,2,500
9601,3.55,0,PyGEM-OGGM_v13,0.82,9,5000,2,500
9602,3.6,0,PyGEM-OGGM_v13,0.82,9,5000,2,500
9604,3.65,0,PyGEM-OGGM_v13,0.82,9,5000,2,500
9605,3.7,0,PyGEM-OGGM_v13,0.82,9,5000,2,500
9606,3.75,0,PyGEM-OGGM_v13,0.82,9,5000,2,500
9607,3.8,0,PyGEM-OGGM_v13,0.82,9,5000,2,500
9609,3.85,0,PyGEM-OGGM_v13,0.82,9,5000,2,500
9610,3.9,0,PyGEM-OGGM_v13,0.82,9,5000,2,500
9611,3.95,0,PyGEM-OGGM_v13,0.82,9,5000,2,500
9613,4,0,PyGEM-OGGM_v13,0.82,9,5000,2,500
9615,4.05,0,PyGEM-OGGM_v13,0.82,9,5000,2,500
9616,4.1,0,PyGEM-OGGM_v13,0.82,9,5000,2,500
9617,4.15,0,PyGEM-OGGM_v13,0.82,9,5000,2,500
9619,4.2,0,PyGEM-OGGM_v13,0.82,9,5000,2,500
9620,4.25,0,PyGEM-OGGM_v13,0.82,9,5000,2,500
9621,4.3,0,PyGEM-OGGM_v13,0.82,9,5000,2,500
9622,4.35,0,PyGEM-OGGM_v13,0.82,9,5000,2,500
9623,4.4,0,PyGEM-OGGM_v13,0.82,9,5000,2,500
9625,4.45,0,PyGEM-OGGM_v13,0.82,9,5000,2,500
9626,4.5,0,PyGEM-OGGM_v13,0.82,9,5000,2,500
9627,4.55,0,PyGEM-OGGM_v13,0.82,9,5000,2,500
9629,4.6,0,PyGEM-OGGM_v13,0.82,9,5000,2,500
9630,4.65,0,PyGEM-OGGM_v13,0.82,9,5000,2,500
9632,4.7,0,PyGEM-OGGM_v13,0.82,9,5000,2,500
9633,4.75,0,PyGEM-OGGM_v13,0.82,9,5000,2,500
9634,4.8,0,PyGEM-OGGM_v13,0.82,9,5000,2,500
9635,4.85,0,PyGEM-OGGM_v13,0.82,9,5000,2,500
9636,4.9,0,PyGEM-OGGM_v13,0.82,9,5000,2,500
9637,4.95,0,PyGEM-OGGM_v13,0.82,9,5000,2,500
9638,5,0,PyGEM-OGGM_v13,0.82,9,5000,2,500
9639,5.05,0,PyGEM-OGGM_v13,0.82,9,5000,2,500
9640,5.1,0,PyGEM-OGGM_v13,0.82,9,5000,2,500
9641,5.15,0,PyGEM-OGGM_v13,0.82,9,5000,2,500
9642,5.2,0,PyGEM-OGGM_v13,0.82,9,5000,2,500
9644,5.25,0,PyGEM-OGGM_v13,0.82,9,5000,2,500
9645,5.3,0,PyGEM-OGGM_v13,0.82,9,5000,2,500
9646,5.35,0,PyGEM-OGGM_v13,0.82,9,5000,2,500
9647,5.4,0,PyGEM-OGGM_v13,0.82,9,5000,2,500
9648,5.45,0,PyGEM-OGGM_v13,0.82,9,5000,2,500
9649,5.5,0,PyGEM-OGGM_v13,0.82,9,5000,2,500
9650,5.55,0,PyGEM-OGGM_v13,0.82,9,5000,2,500
9651,5.6,0,PyGEM-OGGM_v13,0.82,9,5000,2,500
9652,5.65,0,PyGEM-OGGM_v13,0.82,9,5000,2,500
9653,5.7,0,PyGEM-OGGM_v13,0.82,9,5000,2,500
9654,5.75,0,PyGEM-OGGM_v13,0.82,9,5000,2,500
9655,5.8,0,PyGEM-OGGM_v13,0.82,9,5000,2,500
9658,5.85,0,PyGEM-OGGM_v13,0.82,9,5000,2,500
9659,5.9,0,PyGEM-OGGM_v13,0.82,9,5000,2,500
9660,5.95,0,PyGEM-OGGM_v13,0.82,9,5000,2,500
9661,6,0,PyGEM-OGGM_v13,0.82,9,5000,2,500
9662,6.05,0,PyGEM-OGGM_v13,0.82,9,5000,2,500
9663,6.1,0,PyGEM-OGGM_v13,0.82,9,5000,2,500
9664,6.15,0,PyGEM-OGGM_v13,0.82,9,5000,2,500
9665,6.2,0,PyGEM-OGGM_v13,0.82,9,5000,2,500
9666,6.25,0,PyGEM-OGGM_v13,0.82,9,5000,2,500
9667,6.3,0,PyGEM-OGGM_v13,0.82,9,5000,2,500
9668,6.35,0,PyGEM-OGGM_v13,0.82,9,5000,2,500
9669,6.4,0,PyGEM-OGGM_v13,0.82,9,5000,2,500
9670,6.45,0,PyGEM-OGGM_v13,0.82,9,5000,2,500
9671,6.5,0,PyGEM-OGGM_v13,0.82,9,5000,2,500
9672,6.55,0,PyGEM-OGGM_v13,0.82,9,5000,2,500
9673,6.6,0,PyGEM-OGGM_v13,0.82,9,5000,2,500
9674,6.65,0,PyGEM-OGGM_v13,0.82,9,5000,2,500
9675,6.7,0,PyGEM-OGGM_v13,0.82,9,5000,2,500
9676,6.75,0,PyGEM-OGGM_v13,0.82,9,5000,2,500
9677,6.8,0,PyGEM-OGGM_v13,0.82,9,5000,2,500
9678,6.85,0,PyGEM-OGGM_v13,0.82,9,5000,2,500
9682,-0.1,164.9621362,GLIMB,0.13,10,5000,2,500
9683,-0.05,157.5517637,GLIMB,0.13,10,5000,2,500
9684,0,151.5380148,GLIMB,0.13,10,5000,2,500
9685,0.05,146.580631,GLIMB,0.13,10,5000,2,500
9687,0.1,141.8497634,GLIMB,0.13,10,5000,2,500
9689,0.15,136.741563,GLIMB,0.13,10,5000,2,500
9691,0.2,131.3590825,GLIMB,0.13,10,5000,2,500
9694,0.25,126.0810017,GLIMB,0.13,10,5000,2,500
9696,0.3,121.086676,GLIMB,0.13,10,5000,2,500
9698,0.35,116.4469758,GLIMB,0.13,10,5000,2,500
9704,0.4,111.9295563,GLIMB,0.13,10,5000,2,500
9705,0.45,107.3315739,GLIMB,0.13,10,5000,2,500
9707,0.5,103.1215119,GLIMB,0.13,10,5000,2,500
9708,0.55,99.9499957,GLIMB,0.13,10,5000,2,500
9709,0.6,97.48107347,GLIMB,0.13,10,5000,2,500
9710,0.65,94.92248736,GLIMB,0.13,10,5000,2,500
9711,0.7,91.74898472,GLIMB,0.13,10,5000,2,500
9712,0.75,87.97957411,GLIMB,0.13,10,5000,2,500
9713,0.8,83.78420993,GLIMB,0.13,10,5000,2,500
9714,0.85,79.70668895,GLIMB,0.13,10,5000,2,500
9715,0.9,76.24183592,GLIMB,0.13,10,5000,2,500
9720,0.95,73.34857745,GLIMB,0.13,10,5000,2,500
9721,1,70.47183161,GLIMB,0.13,10,5000,2,500
9722,1.05,67.45499622,GLIMB,0.13,10,5000,2,500
9724,1.1,64.1496055,GLIMB,0.13,10,5000,2,500
9725,1.15,60.69532374,GLIMB,0.13,10,5000,2,500
9726,1.2,57.3611894,GLIMB,0.13,10,5000,2,500
9727,1.25,54.12805522,GLIMB,0.13,10,5000,2,500
9728,1.3,50.94792521,GLIMB,0.13,10,5000,2,500
9729,1.35,48.0479412,GLIMB,0.13,10,5000,2,500
9730,1.4,46.07530985,GLIMB,0.13,10,5000,2,500
9731,1.45,44.98407189,GLIMB,0.13,10,5000,2,500
9736,1.5,43.55947904,GLIMB,0.13,10,5000,2,500
9739,1.55,41.36839546,GLIMB,0.13,10,5000,2,500
9740,1.6,38.95386467,GLIMB,0.13,10,5000,2,500
9742,1.65,36.65748681,GLIMB,0.13,10,5000,2,500
9750,1.7,34.06376608,GLIMB,0.13,10,5000,2,500
9754,1.75,31.05945603,GLIMB,0.13,10,5000,2,500
9755,1.8,28.54045845,GLIMB,0.13,10,5000,2,500
9756,1.85,26.41397043,GLIMB,0.13,10,5000,2,500
9757,1.9,23.50649432,GLIMB,0.13,10,5000,2,500
9760,1.95,20.85465858,GLIMB,0.13,10,5000,2,500
9762,2,19.34932224,GLIMB,0.13,10,5000,2,500
9765,2.05,18.83573317,GLIMB,0.13,10,5000,2,500
9768,2.1,18.49301422,GLIMB,0.13,10,5000,2,500
9770,2.15,18.12814029,GLIMB,0.13,10,5000,2,500
9775,2.2,17.78272841,GLIMB,0.13,10,5000,2,500
9776,2.25,17.30729009,GLIMB,0.13,10,5000,2,500
9777,2.3,16.5892645,GLIMB,0.13,10,5000,2,500
9780,2.35,15.65259187,GLIMB,0.13,10,5000,2,500
9781,2.4,14.5362055,GLIMB,0.13,10,5000,2,500
9783,2.45,13.38411229,GLIMB,0.13,10,5000,2,500
9784,2.5,12.37687048,GLIMB,0.13,10,5000,2,500
9785,2.55,11.6161902,GLIMB,0.13,10,5000,2,500
9787,2.6,11.01920036,GLIMB,0.13,10,5000,2,500
9788,2.65,10.54331045,GLIMB,0.13,10,5000,2,500
9790,2.7,10.17873577,GLIMB,0.13,10,5000,2,500
9793,2.75,9.866227141,GLIMB,0.13,10,5000,2,500
9794,2.8,9.555369891,GLIMB,0.13,10,5000,2,500
9797,2.85,9.300184174,GLIMB,0.13,10,5000,2,500
9798,2.9,9.165065517,GLIMB,0.13,10,5000,2,500
9799,2.95,9.122899607,GLIMB,0.13,10,5000,2,500
9802,3,9.076469397,GLIMB,0.13,10,5000,2,500
9805,3.05,8.976163713,GLIMB,0.13,10,5000,2,500
9806,3.1,8.789634201,GLIMB,0.13,10,5000,2,500
9808,3.15,8.513304911,GLIMB,0.13,10,5000,2,500
9809,3.2,8.132179814,GLIMB,0.13,10,5000,2,500
9810,3.25,7.630350418,GLIMB,0.13,10,5000,2,500
9811,3.3,7.020545185,GLIMB,0.13,10,5000,2,500
9812,3.35,6.348033167,GLIMB,0.13,10,5000,2,500
9813,3.4,5.698948083,GLIMB,0.13,10,5000,2,500
9815,3.45,5.166873717,GLIMB,0.13,10,5000,2,500
9817,3.5,4.82238849,GLIMB,0.13,10,5000,2,500
9821,3.55,4.656771026,GLIMB,0.13,10,5000,2,500
9822,3.6,4.588682947,GLIMB,0.13,10,5000,2,500
9824,3.65,4.535556825,GLIMB,0.13,10,5000,2,500
9825,3.7,4.462746363,GLIMB,0.13,10,5000,2,500
9826,3.75,4.360098693,GLIMB,0.13,10,5000,2,500
9827,3.8,4.202006524,GLIMB,0.13,10,5000,2,500
9829,3.85,3.981789715,GLIMB,0.13,10,5000,2,500
9830,3.9,3.694354883,GLIMB,0.13,10,5000,2,500
9831,3.95,3.358162046,GLIMB,0.13,10,5000,2,500
9833,4,3.003856864,GLIMB,0.13,10,5000,2,500
9835,4.05,2.655793051,GLIMB,0.13,10,5000,2,500
9836,4.1,2.343844886,GLIMB,0.13,10,5000,2,500
9837,4.15,2.099926169,GLIMB,0.13,10,5000,2,500
9839,4.2,1.93213661,GLIMB,0.13,10,5000,2,500
9840,4.25,1.825517609,GLIMB,0.13,10,5000,2,500
9841,4.3,1.758177402,GLIMB,0.13,10,5000,2,500
9842,4.35,1.716697579,GLIMB,0.13,10,5000,2,500
9843,4.4,1.690908584,GLIMB,0.13,10,5000,2,500
9845,4.45,1.669581497,GLIMB,0.13,10,5000,2,500
9846,4.5,1.644177306,GLIMB,0.13,10,5000,2,500
9847,4.55,1.615048895,GLIMB,0.13,10,5000,2,500
9849,4.6,1.585226906,GLIMB,0.13,10,5000,2,500
9850,4.65,1.551520046,GLIMB,0.13,10,5000,2,500
9852,4.7,1.50919423,GLIMB,0.13,10,5000,2,500
9853,4.75,1.459295275,GLIMB,0.13,10,5000,2,500
9854,4.8,1.402030992,GLIMB,0.13,10,5000,2,500
9855,4.85,1.337530557,GLIMB,0.13,10,5000,2,500
9856,4.9,1.26937658,GLIMB,0.13,10,5000,2,500
9857,4.95,1.20225749,GLIMB,0.13,10,5000,2,500
9858,5,1.139010105,GLIMB,0.13,10,5000,2,500
9859,5.05,1.079589105,GLIMB,0.13,10,5000,2,500
9860,5.1,1.02175892,GLIMB,0.13,10,5000,2,500
9861,5.15,0.963188344,GLIMB,0.13,10,5000,2,500
9862,5.2,0.902714059,GLIMB,0.13,10,5000,2,500
9864,5.25,0.842467379,GLIMB,0.13,10,5000,2,500
9865,5.3,0.785940492,GLIMB,0.13,10,5000,2,500
9866,5.35,0.734592076,GLIMB,0.13,10,5000,2,500
9867,5.4,0.68905537,GLIMB,0.13,10,5000,2,500
9868,5.45,0.648106883,GLIMB,0.13,10,5000,2,500
9869,5.5,0.609862543,GLIMB,0.13,10,5000,2,500
9870,5.55,0.573138466,GLIMB,0.13,10,5000,2,500
9871,5.6,0.537586183,GLIMB,0.13,10,5000,2,500
9872,5.65,0.502918671,GLIMB,0.13,10,5000,2,500
9873,5.7,0.468587151,GLIMB,0.13,10,5000,2,500
9874,5.75,0.435221299,GLIMB,0.13,10,5000,2,500
9875,5.8,0.403853555,GLIMB,0.13,10,5000,2,500
9878,5.85,0.375320043,GLIMB,0.13,10,5000,2,500
9879,5.9,0.350202312,GLIMB,0.13,10,5000,2,500
9880,5.95,0.328728836,GLIMB,0.13,10,5000,2,500
9881,6,0.310587169,GLIMB,0.13,10,5000,2,500
9882,6.05,0.294925255,GLIMB,0.13,10,5000,2,500
9883,6.1,0.281073294,GLIMB,0.13,10,5000,2,500
9884,6.15,0.268804267,GLIMB,0.13,10,5000,2,500
9885,6.2,0.257930138,GLIMB,0.13,10,5000,2,500
9886,6.25,0.24849484,GLIMB,0.13,10,5000,2,500
9887,6.3,0.240559137,GLIMB,0.13,10,5000,2,500
9888,6.35,0.233885288,GLIMB,0.13,10,5000,2,500
9889,6.4,0.227809039,GLIMB,0.13,10,5000,2,500
9890,6.45,0.221777544,GLIMB,0.13,10,5000,2,500
9891,6.5,0.215474889,GLIMB,0.13,10,5000,2,500
9892,6.55,0.20876155,GLIMB,0.13,10,5000,2,500
9893,6.6,0.201861285,GLIMB,0.13,10,5000,2,500
9894,6.65,0.195432203,GLIMB,0.13,10,5000,2,500
9895,6.7,0.189971887,GLIMB,0.13,10,5000,2,500
9896,6.75,0.185675295,GLIMB,0.13,10,5000,2,500
9897,6.8,0.182656748,GLIMB,0.13,10,5000,2,500
9898,6.85,0.180833617,GLIMB,0.13,10,5000,2,500
9902,-0.1,98.86775856,GloGEMflow,0.27,10,5000,2,500
9903,-0.05,95.74760702,GloGEMflow,0.27,10,5000,2,500
9904,0,92.58782011,GloGEMflow,0.27,10,5000,2,500
9905,0.05,89.39976767,GloGEMflow,0.27,10,5000,2,500
9907,0.1,86.19663141,GloGEMflow,0.27,10,5000,2,500
9909,0.15,82.98751477,GloGEMflow,0.27,10,5000,2,500
9911,0.2,79.77822255,GloGEMflow,0.27,10,5000,2,500
9914,0.25,76.57290189,GloGEMflow,0.27,10,5000,2,500
9916,0.3,73.36607019,GloGEMflow,0.27,10,5000,2,500
9918,0.35,70.13692987,GloGEMflow,0.27,10,5000,2,500
9924,0.4,66.86734416,GloGEMflow,0.27,10,5000,2,500
9925,0.45,63.55868495,GloGEMflow,0.27,10,5000,2,500
9927,0.5,60.25110127,GloGEMflow,0.27,10,5000,2,500
9928,0.55,56.99904046,GloGEMflow,0.27,10,5000,2,500
9929,0.6,53.84567819,GloGEMflow,0.27,10,5000,2,500
9930,0.65,50.82751069,GloGEMflow,0.27,10,5000,2,500
9931,0.7,47.97571942,GloGEMflow,0.27,10,5000,2,500
9932,0.75,45.30831413,GloGEMflow,0.27,10,5000,2,500
9933,0.8,42.83018397,GloGEMflow,0.27,10,5000,2,500
9934,0.85,40.53616974,GloGEMflow,0.27,10,5000,2,500
9935,0.9,38.41758138,GloGEMflow,0.27,10,5000,2,500
9940,0.95,36.47029906,GloGEMflow,0.27,10,5000,2,500
9941,1,34.70369821,GloGEMflow,0.27,10,5000,2,500
9942,1.05,33.11443536,GloGEMflow,0.27,10,5000,2,500
9944,1.1,31.69885319,GloGEMflow,0.27,10,5000,2,500
9945,1.15,30.4402804,GloGEMflow,0.27,10,5000,2,500
9946,1.2,29.30977724,GloGEMflow,0.27,10,5000,2,500
9947,1.25,28.27340518,GloGEMflow,0.27,10,5000,2,500
9948,1.3,27.29530533,GloGEMflow,0.27,10,5000,2,500
9949,1.35,26.33142679,GloGEMflow,0.27,10,5000,2,500
9950,1.4,25.30961839,GloGEMflow,0.27,10,5000,2,500
9951,1.45,24.14169012,GloGEMflow,0.27,10,5000,2,500
9956,1.5,22.76237847,GloGEMflow,0.27,10,5000,2,500
9959,1.55,21.17670418,GloGEMflow,0.27,10,5000,2,500
9960,1.6,19.49192875,GloGEMflow,0.27,10,5000,2,500
9962,1.65,17.77957153,GloGEMflow,0.27,10,5000,2,500
9970,1.7,16.11844582,GloGEMflow,0.27,10,5000,2,500
9974,1.75,14.55871804,GloGEMflow,0.27,10,5000,2,500
9975,1.8,13.13405151,GloGEMflow,0.27,10,5000,2,500
9976,1.85,11.89299078,GloGEMflow,0.27,10,5000,2,500
9977,1.9,10.87504827,GloGEMflow,0.27,10,5000,2,500
9980,1.95,10.08649863,GloGEMflow,0.27,10,5000,2,500
9982,2,9.507836219,GloGEMflow,0.27,10,5000,2,500
9985,2.05,9.085005784,GloGEMflow,0.27,10,5000,2,500
9988,2.1,8.733629917,GloGEMflow,0.27,10,5000,2,500
9990,2.15,8.378630814,GloGEMflow,0.27,10,5000,2,500
9995,2.2,8.001422341,GloGEMflow,0.27,10,5000,2,500
9996,2.25,7.614547834,GloGEMflow,0.27,10,5000,2,500
9997,2.3,7.217970515,GloGEMflow,0.27,10,5000,2,500
10000,2.35,6.827573777,GloGEMflow,0.27,10,5000,2,500
10001,2.4,6.474362519,GloGEMflow,0.27,10,5000,2,500
10003,2.45,6.187157404,GloGEMflow,0.27,10,5000,2,500
10004,2.5,5.976235987,GloGEMflow,0.27,10,5000,2,500
10005,2.55,5.826951644,GloGEMflow,0.27,10,5000,2,500
10007,2.6,5.720218243,GloGEMflow,0.27,10,5000,2,500
10008,2.65,5.640335412,GloGEMflow,0.27,10,5000,2,500
10010,2.7,5.573797924,GloGEMflow,0.27,10,5000,2,500
10013,2.75,5.509771014,GloGEMflow,0.27,10,5000,2,500
10014,2.8,5.437300991,GloGEMflow,0.27,10,5000,2,500
10017,2.85,5.352265744,GloGEMflow,0.27,10,5000,2,500
10018,2.9,5.25644,GloGEMflow,0.27,10,5000,2,500
10019,2.95,5.146283169,GloGEMflow,0.27,10,5000,2,500
10022,3,5.023551812,GloGEMflow,0.27,10,5000,2,500
10025,3.05,4.891321821,GloGEMflow,0.27,10,5000,2,500
10026,3.1,4.752565481,GloGEMflow,0.27,10,5000,2,500
10028,3.15,4.609607413,GloGEMflow,0.27,10,5000,2,500
10029,3.2,4.46194676,GloGEMflow,0.27,10,5000,2,500
10030,3.25,4.307683528,GloGEMflow,0.27,10,5000,2,500
10031,3.3,4.148541226,GloGEMflow,0.27,10,5000,2,500
10032,3.35,3.987647108,GloGEMflow,0.27,10,5000,2,500
10033,3.4,3.82772579,GloGEMflow,0.27,10,5000,2,500
10035,3.45,3.670791815,GloGEMflow,0.27,10,5000,2,500
10037,3.5,3.518454545,GloGEMflow,0.27,10,5000,2,500
10041,3.55,3.371675183,GloGEMflow,0.27,10,5000,2,500
10042,3.6,3.230511588,GloGEMflow,0.27,10,5000,2,500
10044,3.65,3.094616016,GloGEMflow,0.27,10,5000,2,500
10045,3.7,2.963033177,GloGEMflow,0.27,10,5000,2,500
10046,3.75,2.833702625,GloGEMflow,0.27,10,5000,2,500
10047,3.8,2.706260073,GloGEMflow,0.27,10,5000,2,500
10049,3.85,2.581634865,GloGEMflow,0.27,10,5000,2,500
10050,3.9,2.460468131,GloGEMflow,0.27,10,5000,2,500
10051,3.95,2.342833526,GloGEMflow,0.27,10,5000,2,500
10053,4,2.229018744,GloGEMflow,0.27,10,5000,2,500
10055,4.05,2.118997786,GloGEMflow,0.27,10,5000,2,500
10056,4.1,2.012894912,GloGEMflow,0.27,10,5000,2,500
10057,4.15,1.911189699,GloGEMflow,0.27,10,5000,2,500
10059,4.2,1.814011783,GloGEMflow,0.27,10,5000,2,500
10060,4.25,1.721141028,GloGEMflow,0.27,10,5000,2,500
10061,4.3,1.632640525,GloGEMflow,0.27,10,5000,2,500
10062,4.35,1.548143442,GloGEMflow,0.27,10,5000,2,500
10063,4.4,1.467683171,GloGEMflow,0.27,10,5000,2,500
10065,4.45,1.391404489,GloGEMflow,0.27,10,5000,2,500
10066,4.5,1.319115335,GloGEMflow,0.27,10,5000,2,500
10067,4.55,1.250375305,GloGEMflow,0.27,10,5000,2,500
10069,4.6,1.18498037,GloGEMflow,0.27,10,5000,2,500
10070,4.65,1.1229847,GloGEMflow,0.27,10,5000,2,500
10072,4.7,1.064054481,GloGEMflow,0.27,10,5000,2,500
10073,4.75,1.007750005,GloGEMflow,0.27,10,5000,2,500
10074,4.8,0.954153285,GloGEMflow,0.27,10,5000,2,500
10075,4.85,0.903265754,GloGEMflow,0.27,10,5000,2,500
10076,4.9,0.854981404,GloGEMflow,0.27,10,5000,2,500
10077,4.95,0.809020894,GloGEMflow,0.27,10,5000,2,500
10078,5,0.765275474,GloGEMflow,0.27,10,5000,2,500
10079,5.05,0.723663841,GloGEMflow,0.27,10,5000,2,500
10080,5.1,0.683828537,GloGEMflow,0.27,10,5000,2,500
10081,5.15,0.645351564,GloGEMflow,0.27,10,5000,2,500
10082,5.2,0.607860965,GloGEMflow,0.27,10,5000,2,500
10084,5.25,0.570979297,GloGEMflow,0.27,10,5000,2,500
10085,5.3,0.534303832,GloGEMflow,0.27,10,5000,2,500
10086,5.35,0.497485531,GloGEMflow,0.27,10,5000,2,500
10087,5.4,0.460219637,GloGEMflow,0.27,10,5000,2,500
10088,5.45,0.42234987,GloGEMflow,0.27,10,5000,2,500
10089,5.5,0.383856283,GloGEMflow,0.27,10,5000,2,500
10090,5.55,0.344817849,GloGEMflow,0.27,10,5000,2,500
10091,5.6,0.30535312,GloGEMflow,0.27,10,5000,2,500
10092,5.65,0.265544961,GloGEMflow,0.27,10,5000,2,500
10093,5.7,0.225489103,GloGEMflow,0.27,10,5000,2,500
10094,5.75,0.185325236,GloGEMflow,0.27,10,5000,2,500
10095,5.8,0.145268632,GloGEMflow,0.27,10,5000,2,500
10098,5.85,0.105580421,GloGEMflow,0.27,10,5000,2,500
10099,5.9,0.066529623,GloGEMflow,0.27,10,5000,2,500
10100,5.95,0.028205832,GloGEMflow,0.27,10,5000,2,500
10101,6,0,GloGEMflow,0.27,10,5000,2,500
10102,6.05,0,GloGEMflow,0.27,10,5000,2,500
10103,6.1,0,GloGEMflow,0.27,10,5000,2,500
10104,6.15,0,GloGEMflow,0.27,10,5000,2,500
10105,6.2,0,GloGEMflow,0.27,10,5000,2,500
10106,6.25,0,GloGEMflow,0.27,10,5000,2,500
10107,6.3,0,GloGEMflow,0.27,10,5000,2,500
10108,6.35,0,GloGEMflow,0.27,10,5000,2,500
10109,6.4,0,GloGEMflow,0.27,10,5000,2,500
10110,6.45,0,GloGEMflow,0.27,10,5000,2,500
10111,6.5,0,GloGEMflow,0.27,10,5000,2,500
10112,6.55,0,GloGEMflow,0.27,10,5000,2,500
10113,6.6,0,GloGEMflow,0.27,10,5000,2,500
10114,6.65,0,GloGEMflow,0.27,10,5000,2,500
10115,6.7,0,GloGEMflow,0.27,10,5000,2,500
10116,6.75,0,GloGEMflow,0.27,10,5000,2,500
10117,6.8,0,GloGEMflow,0.27,10,5000,2,500
10118,6.85,0,GloGEMflow,0.27,10,5000,2,500
10122,-0.1,122.804059,GloGEMflow3D,0.27,10,5000,2,500
10123,-0.05,118.4317323,GloGEMflow3D,0.27,10,5000,2,500
10124,0,114.0143657,GloGEMflow3D,0.27,10,5000,2,500
10125,0.05,109.5597215,GloGEMflow3D,0.27,10,5000,2,500
10127,0.1,105.0826313,GloGEMflow3D,0.27,10,5000,2,500
10129,0.15,100.5925273,GloGEMflow3D,0.27,10,5000,2,500
10131,0.2,96.09400072,GloGEMflow3D,0.27,10,5000,2,500
10134,0.25,91.59455865,GloGEMflow3D,0.27,10,5000,2,500
10136,0.3,87.09443425,GloGEMflow3D,0.27,10,5000,2,500
10138,0.35,82.57332442,GloGEMflow3D,0.27,10,5000,2,500
10144,0.4,78.01290884,GloGEMflow3D,0.27,10,5000,2,500
10145,0.45,73.4406116,GloGEMflow3D,0.27,10,5000,2,500
10147,0.5,68.92054293,GloGEMflow3D,0.27,10,5000,2,500
10148,0.55,64.52336199,GloGEMflow3D,0.27,10,5000,2,500
10149,0.6,60.29952956,GloGEMflow3D,0.27,10,5000,2,500
10150,0.65,56.28224708,GloGEMflow3D,0.27,10,5000,2,500
10151,0.7,52.49018719,GloGEMflow3D,0.27,10,5000,2,500
10152,0.75,48.92880228,GloGEMflow3D,0.27,10,5000,2,500
10153,0.8,45.5945779,GloGEMflow3D,0.27,10,5000,2,500
10154,0.85,42.47632031,GloGEMflow3D,0.27,10,5000,2,500
10155,0.9,39.5561659,GloGEMflow3D,0.27,10,5000,2,500
10160,0.95,36.83032015,GloGEMflow3D,0.27,10,5000,2,500
10161,1,34.30144637,GloGEMflow3D,0.27,10,5000,2,500
10162,1.05,31.97388728,GloGEMflow3D,0.27,10,5000,2,500
10164,1.1,29.86532161,GloGEMflow3D,0.27,10,5000,2,500
10165,1.15,27.9933401,GloGEMflow3D,0.27,10,5000,2,500
10166,1.2,26.36317732,GloGEMflow3D,0.27,10,5000,2,500
10167,1.25,24.9752874,GloGEMflow3D,0.27,10,5000,2,500
10168,1.3,23.80793634,GloGEMflow3D,0.27,10,5000,2,500
10169,1.35,22.80002649,GloGEMflow3D,0.27,10,5000,2,500
10170,1.4,21.83553482,GloGEMflow3D,0.27,10,5000,2,500
10171,1.45,20.76800673,GloGEMflow3D,0.27,10,5000,2,500
10176,1.5,19.48141931,GloGEMflow3D,0.27,10,5000,2,500
10179,1.55,17.97857489,GloGEMflow3D,0.27,10,5000,2,500
10180,1.6,16.42130792,GloGEMflow3D,0.27,10,5000,2,500
10182,1.65,14.89852889,GloGEMflow3D,0.27,10,5000,2,500
10190,1.7,13.47614996,GloGEMflow3D,0.27,10,5000,2,500
10194,1.75,12.18332904,GloGEMflow3D,0.27,10,5000,2,500
10195,1.8,11.03595863,GloGEMflow3D,0.27,10,5000,2,500
10196,1.85,10.05696247,GloGEMflow3D,0.27,10,5000,2,500
10197,1.9,9.25420038,GloGEMflow3D,0.27,10,5000,2,500
10200,1.95,8.61663629,GloGEMflow3D,0.27,10,5000,2,500
10202,2,8.114981426,GloGEMflow3D,0.27,10,5000,2,500
10205,2.05,7.701844767,GloGEMflow3D,0.27,10,5000,2,500
10208,2.1,7.323174233,GloGEMflow3D,0.27,10,5000,2,500
10210,2.15,6.94541545,GloGEMflow3D,0.27,10,5000,2,500
10215,2.2,6.57863322,GloGEMflow3D,0.27,10,5000,2,500
10216,2.25,6.248127661,GloGEMflow3D,0.27,10,5000,2,500
10217,2.3,5.951308485,GloGEMflow3D,0.27,10,5000,2,500
10220,2.35,5.686707572,GloGEMflow3D,0.27,10,5000,2,500
10221,2.4,5.456659128,GloGEMflow3D,0.27,10,5000,2,500
10223,2.45,5.273545465,GloGEMflow3D,0.27,10,5000,2,500
10224,2.5,5.133046371,GloGEMflow3D,0.27,10,5000,2,500
10225,2.55,5.029451467,GloGEMflow3D,0.27,10,5000,2,500
10227,2.6,4.962510088,GloGEMflow3D,0.27,10,5000,2,500
10228,2.65,4.920427181,GloGEMflow3D,0.27,10,5000,2,500
10230,2.7,4.878950634,GloGEMflow3D,0.27,10,5000,2,500
10233,2.75,4.820448786,GloGEMflow3D,0.27,10,5000,2,500
10234,2.8,4.742917437,GloGEMflow3D,0.27,10,5000,2,500
10237,2.85,4.650078604,GloGEMflow3D,0.27,10,5000,2,500
10238,2.9,4.551300398,GloGEMflow3D,0.27,10,5000,2,500
10239,2.95,4.453875471,GloGEMflow3D,0.27,10,5000,2,500
10242,3,4.35727496,GloGEMflow3D,0.27,10,5000,2,500
10245,3.05,4.255835608,GloGEMflow3D,0.27,10,5000,2,500
10246,3.1,4.145982359,GloGEMflow3D,0.27,10,5000,2,500
10248,3.15,4.027338753,GloGEMflow3D,0.27,10,5000,2,500
10249,3.2,3.899370912,GloGEMflow3D,0.27,10,5000,2,500
10250,3.25,3.76362664,GloGEMflow3D,0.27,10,5000,2,500
10251,3.3,3.622733556,GloGEMflow3D,0.27,10,5000,2,500
10252,3.35,3.480333628,GloGEMflow3D,0.27,10,5000,2,500
10253,3.4,3.340972149,GloGEMflow3D,0.27,10,5000,2,500
10255,3.45,3.207661534,GloGEMflow3D,0.27,10,5000,2,500
10257,3.5,3.080636353,GloGEMflow3D,0.27,10,5000,2,500
10261,3.55,2.959317236,GloGEMflow3D,0.27,10,5000,2,500
10262,3.6,2.84280423,GloGEMflow3D,0.27,10,5000,2,500
10264,3.65,2.730221512,GloGEMflow3D,0.27,10,5000,2,500
10265,3.7,2.620451099,GloGEMflow3D,0.27,10,5000,2,500
10266,3.75,2.511736922,GloGEMflow3D,0.27,10,5000,2,500
10267,3.8,2.403701402,GloGEMflow3D,0.27,10,5000,2,500
10269,3.85,2.296553555,GloGEMflow3D,0.27,10,5000,2,500
10270,3.9,2.190545882,GloGEMflow3D,0.27,10,5000,2,500
10271,3.95,2.086048654,GloGEMflow3D,0.27,10,5000,2,500
10273,4,1.983584751,GloGEMflow3D,0.27,10,5000,2,500
10275,4.05,1.883798182,GloGEMflow3D,0.27,10,5000,2,500
10276,4.1,1.787352493,GloGEMflow3D,0.27,10,5000,2,500
10277,4.15,1.694942565,GloGEMflow3D,0.27,10,5000,2,500
10279,4.2,1.60712854,GloGEMflow3D,0.27,10,5000,2,500
10280,4.25,1.524796314,GloGEMflow3D,0.27,10,5000,2,500
10281,4.3,1.44861998,GloGEMflow3D,0.27,10,5000,2,500
10282,4.35,1.378202975,GloGEMflow3D,0.27,10,5000,2,500
10283,4.4,1.312753529,GloGEMflow3D,0.27,10,5000,2,500
10285,4.45,1.251975771,GloGEMflow3D,0.27,10,5000,2,500
10286,4.5,1.195418859,GloGEMflow3D,0.27,10,5000,2,500
10287,4.55,1.141983122,GloGEMflow3D,0.27,10,5000,2,500
10289,4.6,1.090562987,GloGEMflow3D,0.27,10,5000,2,500
10290,4.65,1.040506618,GloGEMflow3D,0.27,10,5000,2,500
10292,4.7,0.991548877,GloGEMflow3D,0.27,10,5000,2,500
10293,4.75,0.943568147,GloGEMflow3D,0.27,10,5000,2,500
10294,4.8,0.896525108,GloGEMflow3D,0.27,10,5000,2,500
10295,4.85,0.85038703,GloGEMflow3D,0.27,10,5000,2,500
10296,4.9,0.80519853,GloGEMflow3D,0.27,10,5000,2,500
10297,4.95,0.761089416,GloGEMflow3D,0.27,10,5000,2,500
10298,5,0.71833621,GloGEMflow3D,0.27,10,5000,2,500
10299,5.05,0.677153492,GloGEMflow3D,0.27,10,5000,2,500
10300,5.1,0.6375682,GloGEMflow3D,0.27,10,5000,2,500
10301,5.15,0.599576126,GloGEMflow3D,0.27,10,5000,2,500
10302,5.2,0.563154681,GloGEMflow3D,0.27,10,5000,2,500
10304,5.25,0.528073491,GloGEMflow3D,0.27,10,5000,2,500
10305,5.3,0.493955473,GloGEMflow3D,0.27,10,5000,2,500
10306,5.35,0.460422158,GloGEMflow3D,0.27,10,5000,2,500
10307,5.4,0.427086309,GloGEMflow3D,0.27,10,5000,2,500
10308,5.45,0.393812085,GloGEMflow3D,0.27,10,5000,2,500
10309,5.5,0.360606769,GloGEMflow3D,0.27,10,5000,2,500
10310,5.55,0.327430186,GloGEMflow3D,0.27,10,5000,2,500
10311,5.6,0.294207734,GloGEMflow3D,0.27,10,5000,2,500
10312,5.65,0.260893462,GloGEMflow3D,0.27,10,5000,2,500
10313,5.7,0.227465592,GloGEMflow3D,0.27,10,5000,2,500
10314,5.75,0.19403443,GloGEMflow3D,0.27,10,5000,2,500
10315,5.8,0.16078686,GloGEMflow3D,0.27,10,5000,2,500
10318,5.85,0.12795579,GloGEMflow3D,0.27,10,5000,2,500
10319,5.9,0.095792081,GloGEMflow3D,0.27,10,5000,2,500
10320,5.95,0.064379765,GloGEMflow3D,0.27,10,5000,2,500
10321,6,0.033615792,GloGEMflow3D,0.27,10,5000,2,500
10322,6.05,0.003262263,GloGEMflow3D,0.27,10,5000,2,500
10323,6.1,0,GloGEMflow3D,0.27,10,5000,2,500
10324,6.15,0,GloGEMflow3D,0.27,10,5000,2,500
10325,6.2,0,GloGEMflow3D,0.27,10,5000,2,500
10326,6.25,0,GloGEMflow3D,0.27,10,5000,2,500
10327,6.3,0,GloGEMflow3D,0.27,10,5000,2,500
10328,6.35,0,GloGEMflow3D,0.27,10,5000,2,500
10329,6.4,0,GloGEMflow3D,0.27,10,5000,2,500
10330,6.45,0,GloGEMflow3D,0.27,10,5000,2,500
10331,6.5,0,GloGEMflow3D,0.27,10,5000,2,500
10332,6.55,0,GloGEMflow3D,0.27,10,5000,2,500
10333,6.6,0,GloGEMflow3D,0.27,10,5000,2,500
10334,6.65,0,GloGEMflow3D,0.27,10,5000,2,500
10335,6.7,0,GloGEMflow3D,0.27,10,5000,2,500
10336,6.75,0,GloGEMflow3D,0.27,10,5000,2,500
10337,6.8,0,GloGEMflow3D,0.27,10,5000,2,500
10338,6.85,0,GloGEMflow3D,0.27,10,5000,2,500
10342,-0.1,256.6431439,OGGM_v16,0.18,10,5000,2,500
10343,-0.05,243.4740457,OGGM_v16,0.18,10,5000,2,500
10344,0,230.735526,OGGM_v16,0.18,10,5000,2,500
10345,0.05,218.4992455,OGGM_v16,0.18,10,5000,2,500
10347,0.1,206.6344377,OGGM_v16,0.18,10,5000,2,500
10349,0.15,195.0074432,OGGM_v16,0.18,10,5000,2,500
10351,0.2,183.578592,OGGM_v16,0.18,10,5000,2,500
10354,0.25,172.4315246,OGGM_v16,0.18,10,5000,2,500
10356,0.3,161.5819325,OGGM_v16,0.18,10,5000,2,500
10358,0.35,151.065935,OGGM_v16,0.18,10,5000,2,500
10364,0.4,140.8905379,OGGM_v16,0.18,10,5000,2,500
10365,0.45,131.0086601,OGGM_v16,0.18,10,5000,2,500
10367,0.5,121.4808167,OGGM_v16,0.18,10,5000,2,500
10368,0.55,112.4230321,OGGM_v16,0.18,10,5000,2,500
10369,0.6,103.9414344,OGGM_v16,0.18,10,5000,2,500
10370,0.65,96.10414578,OGGM_v16,0.18,10,5000,2,500
10371,0.7,88.94710473,OGGM_v16,0.18,10,5000,2,500
10372,0.75,82.47626699,OGGM_v16,0.18,10,5000,2,500
10373,0.8,76.58909252,OGGM_v16,0.18,10,5000,2,500
10374,0.85,71.07145412,OGGM_v16,0.18,10,5000,2,500
10375,0.9,65.73917289,OGGM_v16,0.18,10,5000,2,500
10380,0.95,60.62819299,OGGM_v16,0.18,10,5000,2,500
10381,1,55.98697835,OGGM_v16,0.18,10,5000,2,500
10382,1.05,52.04684789,OGGM_v16,0.18,10,5000,2,500
10384,1.1,49.00099564,OGGM_v16,0.18,10,5000,2,500
10385,1.15,46.73135641,OGGM_v16,0.18,10,5000,2,500
10386,1.2,45.03755683,OGGM_v16,0.18,10,5000,2,500
10387,1.25,43.57989707,OGGM_v16,0.18,10,5000,2,500
10388,1.3,42.12775701,OGGM_v16,0.18,10,5000,2,500
10389,1.35,40.61283397,OGGM_v16,0.18,10,5000,2,500
10390,1.4,38.94940299,OGGM_v16,0.18,10,5000,2,500
10391,1.45,37.11304841,OGGM_v16,0.18,10,5000,2,500
10396,1.5,35.17241874,OGGM_v16,0.18,10,5000,2,500
10399,1.55,32.9799303,OGGM_v16,0.18,10,5000,2,500
10400,1.6,30.29121251,OGGM_v16,0.18,10,5000,2,500
10402,1.65,27.23491213,OGGM_v16,0.18,10,5000,2,500
10410,1.7,24.10157515,OGGM_v16,0.18,10,5000,2,500
10414,1.75,21.08516576,OGGM_v16,0.18,10,5000,2,500
10415,1.8,18.45344712,OGGM_v16,0.18,10,5000,2,500
10416,1.85,16.4588823,OGGM_v16,0.18,10,5000,2,500
10417,1.9,15.15345522,OGGM_v16,0.18,10,5000,2,500
10420,1.95,14.42104407,OGGM_v16,0.18,10,5000,2,500
10422,2,14.05750303,OGGM_v16,0.18,10,5000,2,500
10425,2.05,13.81764795,OGGM_v16,0.18,10,5000,2,500
10428,2.1,13.50843776,OGGM_v16,0.18,10,5000,2,500
10430,2.15,13.03291003,OGGM_v16,0.18,10,5000,2,500
10435,2.2,12.47979811,OGGM_v16,0.18,10,5000,2,500
10436,2.25,11.84667029,OGGM_v16,0.18,10,5000,2,500
10437,2.3,11.20648965,OGGM_v16,0.18,10,5000,2,500
10440,2.35,10.64500089,OGGM_v16,0.18,10,5000,2,500
10441,2.4,10.14239394,OGGM_v16,0.18,10,5000,2,500
10443,2.45,9.670053426,OGGM_v16,0.18,10,5000,2,500
10444,2.5,9.220192918,OGGM_v16,0.18,10,5000,2,500
10445,2.55,8.811974698,OGGM_v16,0.18,10,5000,2,500
10447,2.6,8.464430074,OGGM_v16,0.18,10,5000,2,500
10448,2.65,8.165529423,OGGM_v16,0.18,10,5000,2,500
10450,2.7,7.88884242,OGGM_v16,0.18,10,5000,2,500
10453,2.75,7.619511855,OGGM_v16,0.18,10,5000,2,500
10454,2.8,7.34659944,OGGM_v16,0.18,10,5000,2,500
10457,2.85,7.070208889,OGGM_v16,0.18,10,5000,2,500
10458,2.9,6.809699933,OGGM_v16,0.18,10,5000,2,500
10459,2.95,6.574033099,OGGM_v16,0.18,10,5000,2,500
10462,3,6.364010751,OGGM_v16,0.18,10,5000,2,500
10465,3.05,6.172669158,OGGM_v16,0.18,10,5000,2,500
10466,3.1,5.995590137,OGGM_v16,0.18,10,5000,2,500
10468,3.15,5.829917713,OGGM_v16,0.18,10,5000,2,500
10469,3.2,5.668830847,OGGM_v16,0.18,10,5000,2,500
10470,3.25,5.508462982,OGGM_v16,0.18,10,5000,2,500
10471,3.3,5.345352815,OGGM_v16,0.18,10,5000,2,500
10472,3.35,5.174634585,OGGM_v16,0.18,10,5000,2,500
10473,3.4,4.992597408,OGGM_v16,0.18,10,5000,2,500
10475,3.45,4.805527646,OGGM_v16,0.18,10,5000,2,500
10477,3.5,4.623549584,OGGM_v16,0.18,10,5000,2,500
10481,3.55,4.45030625,OGGM_v16,0.18,10,5000,2,500
10482,3.6,4.288052107,OGGM_v16,0.18,10,5000,2,500
10484,3.65,4.139890133,OGGM_v16,0.18,10,5000,2,500
10485,3.7,4.002748434,OGGM_v16,0.18,10,5000,2,500
10486,3.75,3.87173895,OGGM_v16,0.18,10,5000,2,500
10487,3.8,3.743393659,OGGM_v16,0.18,10,5000,2,500
10489,3.85,3.6176688,OGGM_v16,0.18,10,5000,2,500
10490,3.9,3.49316978,OGGM_v16,0.18,10,5000,2,500
10491,3.95,3.365851786,OGGM_v16,0.18,10,5000,2,500
10493,4,3.23354385,OGGM_v16,0.18,10,5000,2,500
10495,4.05,3.097055668,OGGM_v16,0.18,10,5000,2,500
10496,4.1,2.956849204,OGGM_v16,0.18,10,5000,2,500
10497,4.15,2.81325615,OGGM_v16,0.18,10,5000,2,500
10499,4.2,2.668507847,OGGM_v16,0.18,10,5000,2,500
10500,4.25,2.52441258,OGGM_v16,0.18,10,5000,2,500
10501,4.3,2.381397225,OGGM_v16,0.18,10,5000,2,500
10502,4.35,2.240615283,OGGM_v16,0.18,10,5000,2,500
10503,4.4,2.105580325,OGGM_v16,0.18,10,5000,2,500
10505,4.45,1.980120235,OGGM_v16,0.18,10,5000,2,500
10506,4.5,1.865705546,OGGM_v16,0.18,10,5000,2,500
10507,4.55,1.760671883,OGGM_v16,0.18,10,5000,2,500
10509,4.6,1.662541414,OGGM_v16,0.18,10,5000,2,500
10510,4.65,1.569756478,OGGM_v16,0.18,10,5000,2,500
10512,4.7,1.48199719,OGGM_v16,0.18,10,5000,2,500
10513,4.75,1.40138828,OGGM_v16,0.18,10,5000,2,500
10514,4.8,1.329464411,OGGM_v16,0.18,10,5000,2,500
10515,4.85,1.265413981,OGGM_v16,0.18,10,5000,2,500
10516,4.9,1.207673981,OGGM_v16,0.18,10,5000,2,500
10517,4.95,1.153113364,OGGM_v16,0.18,10,5000,2,500
10518,5,1.10009028,OGGM_v16,0.18,10,5000,2,500
10519,5.05,1.048172746,OGGM_v16,0.18,10,5000,2,500
10520,5.1,0.997310222,OGGM_v16,0.18,10,5000,2,500
10521,5.15,0.94749673,OGGM_v16,0.18,10,5000,2,500
10522,5.2,0.89831447,OGGM_v16,0.18,10,5000,2,500
10524,5.25,0.849850201,OGGM_v16,0.18,10,5000,2,500
10525,5.3,0.801851746,OGGM_v16,0.18,10,5000,2,500
10526,5.35,0.754404803,OGGM_v16,0.18,10,5000,2,500
10527,5.4,0.708203596,OGGM_v16,0.18,10,5000,2,500
10528,5.45,0.66365315,OGGM_v16,0.18,10,5000,2,500
10529,5.5,0.62076698,OGGM_v16,0.18,10,5000,2,500
10530,5.55,0.579678897,OGGM_v16,0.18,10,5000,2,500
10531,5.6,0.540842851,OGGM_v16,0.18,10,5000,2,500
10532,5.65,0.505020359,OGGM_v16,0.18,10,5000,2,500
10533,5.7,0.472696012,OGGM_v16,0.18,10,5000,2,500
10534,5.75,0.444174888,OGGM_v16,0.18,10,5000,2,500
10535,5.8,0.419198433,OGGM_v16,0.18,10,5000,2,500
10538,5.85,0.396915052,OGGM_v16,0.18,10,5000,2,500
10539,5.9,0.376525463,OGGM_v16,0.18,10,5000,2,500
10540,5.95,0.357790146,OGGM_v16,0.18,10,5000,2,500
10541,6,0.340503119,OGGM_v16,0.18,10,5000,2,500
10542,6.05,0.324302419,OGGM_v16,0.18,10,5000,2,500
10543,6.1,0.308947868,OGGM_v16,0.18,10,5000,2,500
10544,6.15,0.294300753,OGGM_v16,0.18,10,5000,2,500
10545,6.2,0.280220816,OGGM_v16,0.18,10,5000,2,500
10546,6.25,0.266637821,OGGM_v16,0.18,10,5000,2,500
10547,6.3,0.2534767,OGGM_v16,0.18,10,5000,2,500
10548,6.35,0.240530827,OGGM_v16,0.18,10,5000,2,500
10549,6.4,0.227553724,OGGM_v16,0.18,10,5000,2,500
10550,6.45,0.214425105,OGGM_v16,0.18,10,5000,2,500
10551,6.5,0.20114917,OGGM_v16,0.18,10,5000,2,500
10552,6.55,0.187678798,OGGM_v16,0.18,10,5000,2,500
10553,6.6,0.173921725,OGGM_v16,0.18,10,5000,2,500
10554,6.65,0.159751085,OGGM_v16,0.18,10,5000,2,500
10555,6.7,0.145031608,OGGM_v16,0.18,10,5000,2,500
10556,6.75,0.129651833,OGGM_v16,0.18,10,5000,2,500
10557,6.8,0.113368029,OGGM_v16,0.18,10,5000,2,500
10558,6.85,0.096167185,OGGM_v16,0.18,10,5000,2,500
10562,-0.1,291.5541186,PyGEM-OGGM_v13,0.18,10,5000,2,500
10563,-0.05,277.2032756,PyGEM-OGGM_v13,0.18,10,5000,2,500
10564,0,262.2013706,PyGEM-OGGM_v13,0.18,10,5000,2,500
10565,0.05,246.5420567,PyGEM-OGGM_v13,0.18,10,5000,2,500
10567,0.1,230.5718514,PyGEM-OGGM_v13,0.18,10,5000,2,500
10569,0.15,214.4505193,PyGEM-OGGM_v13,0.18,10,5000,2,500
10571,0.2,198.1724157,PyGEM-OGGM_v13,0.18,10,5000,2,500
10574,0.25,181.8945011,PyGEM-OGGM_v13,0.18,10,5000,2,500
10576,0.3,165.7980788,PyGEM-OGGM_v13,0.18,10,5000,2,500
10578,0.35,150.1863841,PyGEM-OGGM_v13,0.18,10,5000,2,500
10584,0.4,135.3243125,PyGEM-OGGM_v13,0.18,10,5000,2,500
10585,0.45,121.3493402,PyGEM-OGGM_v13,0.18,10,5000,2,500
10587,0.5,108.4268482,PyGEM-OGGM_v13,0.18,10,5000,2,500
10588,0.55,96.76712842,PyGEM-OGGM_v13,0.18,10,5000,2,500
10589,0.6,86.59790425,PyGEM-OGGM_v13,0.18,10,5000,2,500
10590,0.65,78.17701989,PyGEM-OGGM_v13,0.18,10,5000,2,500
10591,0.7,71.7680274,PyGEM-OGGM_v13,0.18,10,5000,2,500
10592,0.75,67.52455647,PyGEM-OGGM_v13,0.18,10,5000,2,500
10593,0.8,65.22711367,PyGEM-OGGM_v13,0.18,10,5000,2,500
10594,0.85,63.98457188,PyGEM-OGGM_v13,0.18,10,5000,2,500
10595,0.9,62.41205718,PyGEM-OGGM_v13,0.18,10,5000,2,500
10600,0.95,60.17694419,PyGEM-OGGM_v13,0.18,10,5000,2,500
10601,1,57.91187893,PyGEM-OGGM_v13,0.18,10,5000,2,500
10602,1.05,55.57654252,PyGEM-OGGM_v13,0.18,10,5000,2,500
10604,1.1,53.07706123,PyGEM-OGGM_v13,0.18,10,5000,2,500
10605,1.15,50.46711805,PyGEM-OGGM_v13,0.18,10,5000,2,500
10606,1.2,47.70755075,PyGEM-OGGM_v13,0.18,10,5000,2,500
10607,1.25,44.86948655,PyGEM-OGGM_v13,0.18,10,5000,2,500
10608,1.3,41.87146753,PyGEM-OGGM_v13,0.18,10,5000,2,500
10609,1.35,38.61778163,PyGEM-OGGM_v13,0.18,10,5000,2,500
10610,1.4,35.07290378,PyGEM-OGGM_v13,0.18,10,5000,2,500
10611,1.45,31.31521751,PyGEM-OGGM_v13,0.18,10,5000,2,500
10616,1.5,27.57915599,PyGEM-OGGM_v13,0.18,10,5000,2,500
10619,1.55,24.09645043,PyGEM-OGGM_v13,0.18,10,5000,2,500
10620,1.6,21.15550366,PyGEM-OGGM_v13,0.18,10,5000,2,500
10622,1.65,18.94668367,PyGEM-OGGM_v13,0.18,10,5000,2,500
10630,1.7,17.39426491,PyGEM-OGGM_v13,0.18,10,5000,2,500
10634,1.75,16.33668902,PyGEM-OGGM_v13,0.18,10,5000,2,500
10635,1.8,15.75184702,PyGEM-OGGM_v13,0.18,10,5000,2,500
10636,1.85,15.57071007,PyGEM-OGGM_v13,0.18,10,5000,2,500
10637,1.9,15.53173158,PyGEM-OGGM_v13,0.18,10,5000,2,500
10640,1.95,15.25809107,PyGEM-OGGM_v13,0.18,10,5000,2,500
10642,2,14.51904271,PyGEM-OGGM_v13,0.18,10,5000,2,500
10645,2.05,13.45612967,PyGEM-OGGM_v13,0.18,10,5000,2,500
10648,2.1,12.59181325,PyGEM-OGGM_v13,0.18,10,5000,2,500
10650,2.15,12.02209788,PyGEM-OGGM_v13,0.18,10,5000,2,500
10655,2.2,11.51072827,PyGEM-OGGM_v13,0.18,10,5000,2,500
10656,2.25,10.94082202,PyGEM-OGGM_v13,0.18,10,5000,2,500
10657,2.3,10.37451833,PyGEM-OGGM_v13,0.18,10,5000,2,500
10660,2.35,9.872094017,PyGEM-OGGM_v13,0.18,10,5000,2,500
10661,2.4,9.435963218,PyGEM-OGGM_v13,0.18,10,5000,2,500
10663,2.45,9.049585718,PyGEM-OGGM_v13,0.18,10,5000,2,500
10664,2.5,8.692179643,PyGEM-OGGM_v13,0.18,10,5000,2,500
10665,2.55,8.349600396,PyGEM-OGGM_v13,0.18,10,5000,2,500
10667,2.6,8.021424112,PyGEM-OGGM_v13,0.18,10,5000,2,500
10668,2.65,7.691984515,PyGEM-OGGM_v13,0.18,10,5000,2,500
10670,2.7,7.342756568,PyGEM-OGGM_v13,0.18,10,5000,2,500
10673,2.75,6.978039395,PyGEM-OGGM_v13,0.18,10,5000,2,500
10674,2.8,6.596998383,PyGEM-OGGM_v13,0.18,10,5000,2,500
10677,2.85,6.21084099,PyGEM-OGGM_v13,0.18,10,5000,2,500
10678,2.9,5.839204243,PyGEM-OGGM_v13,0.18,10,5000,2,500
10679,2.95,5.499733112,PyGEM-OGGM_v13,0.18,10,5000,2,500
10682,3,5.206445758,PyGEM-OGGM_v13,0.18,10,5000,2,500
10685,3.05,4.964217335,PyGEM-OGGM_v13,0.18,10,5000,2,500
10686,3.1,4.775779535,PyGEM-OGGM_v13,0.18,10,5000,2,500
10688,3.15,4.637863325,PyGEM-OGGM_v13,0.18,10,5000,2,500
10689,3.2,4.541080503,PyGEM-OGGM_v13,0.18,10,5000,2,500
10690,3.25,4.471219509,PyGEM-OGGM_v13,0.18,10,5000,2,500
10691,3.3,4.413066435,PyGEM-OGGM_v13,0.18,10,5000,2,500
10692,3.35,4.35134751,PyGEM-OGGM_v13,0.18,10,5000,2,500
10693,3.4,4.271448475,PyGEM-OGGM_v13,0.18,10,5000,2,500
10695,3.45,4.165288604,PyGEM-OGGM_v13,0.18,10,5000,2,500
10697,3.5,4.036886441,PyGEM-OGGM_v13,0.18,10,5000,2,500
10701,3.55,3.895808252,PyGEM-OGGM_v13,0.18,10,5000,2,500
10702,3.6,3.748657546,PyGEM-OGGM_v13,0.18,10,5000,2,500
10704,3.65,3.596306844,PyGEM-OGGM_v13,0.18,10,5000,2,500
10705,3.7,3.438108451,PyGEM-OGGM_v13,0.18,10,5000,2,500
10706,3.75,3.273978425,PyGEM-OGGM_v13,0.18,10,5000,2,500
10707,3.8,3.105673214,PyGEM-OGGM_v13,0.18,10,5000,2,500
10709,3.85,2.934911214,PyGEM-OGGM_v13,0.18,10,5000,2,500
10710,3.9,2.763883283,PyGEM-OGGM_v13,0.18,10,5000,2,500
10711,3.95,2.595995929,PyGEM-OGGM_v13,0.18,10,5000,2,500
10713,4,2.434288013,PyGEM-OGGM_v13,0.18,10,5000,2,500
10715,4.05,2.279854204,PyGEM-OGGM_v13,0.18,10,5000,2,500
10716,4.1,2.135224735,PyGEM-OGGM_v13,0.18,10,5000,2,500
10717,4.15,2.002119077,PyGEM-OGGM_v13,0.18,10,5000,2,500
10719,4.2,1.879418175,PyGEM-OGGM_v13,0.18,10,5000,2,500
10720,4.25,1.767155292,PyGEM-OGGM_v13,0.18,10,5000,2,500
10721,4.3,1.666181858,PyGEM-OGGM_v13,0.18,10,5000,2,500
10722,4.35,1.575642241,PyGEM-OGGM_v13,0.18,10,5000,2,500
10723,4.4,1.497208149,PyGEM-OGGM_v13,0.18,10,5000,2,500
10725,4.45,1.43189615,PyGEM-OGGM_v13,0.18,10,5000,2,500
10726,4.5,1.377023679,PyGEM-OGGM_v13,0.18,10,5000,2,500
10727,4.55,1.329154106,PyGEM-OGGM_v13,0.18,10,5000,2,500
10729,4.6,1.288361866,PyGEM-OGGM_v13,0.18,10,5000,2,500
10730,4.65,1.254385588,PyGEM-OGGM_v13,0.18,10,5000,2,500
10732,4.7,1.224690936,PyGEM-OGGM_v13,0.18,10,5000,2,500
10733,4.75,1.197168162,PyGEM-OGGM_v13,0.18,10,5000,2,500
10734,4.8,1.17036692,PyGEM-OGGM_v13,0.18,10,5000,2,500
10735,4.85,1.143015722,PyGEM-OGGM_v13,0.18,10,5000,2,500
10736,4.9,1.113184737,PyGEM-OGGM_v13,0.18,10,5000,2,500
10737,4.95,1.078979257,PyGEM-OGGM_v13,0.18,10,5000,2,500
10738,5,1.039843591,PyGEM-OGGM_v13,0.18,10,5000,2,500
10739,5.05,0.996055283,PyGEM-OGGM_v13,0.18,10,5000,2,500
10740,5.1,0.948167583,PyGEM-OGGM_v13,0.18,10,5000,2,500
10741,5.15,0.89722957,PyGEM-OGGM_v13,0.18,10,5000,2,500
10742,5.2,0.844073597,PyGEM-OGGM_v13,0.18,10,5000,2,500
10744,5.25,0.788948378,PyGEM-OGGM_v13,0.18,10,5000,2,500
10745,5.3,0.732112515,PyGEM-OGGM_v13,0.18,10,5000,2,500
10746,5.35,0.675308151,PyGEM-OGGM_v13,0.18,10,5000,2,500
10747,5.4,0.620083283,PyGEM-OGGM_v13,0.18,10,5000,2,500
10748,5.45,0.567742975,PyGEM-OGGM_v13,0.18,10,5000,2,500
10749,5.5,0.519004695,PyGEM-OGGM_v13,0.18,10,5000,2,500
10750,5.55,0.474292839,PyGEM-OGGM_v13,0.18,10,5000,2,500
10751,5.6,0.433691873,PyGEM-OGGM_v13,0.18,10,5000,2,500
10752,5.65,0.39667742,PyGEM-OGGM_v13,0.18,10,5000,2,500
10753,5.7,0.363219973,PyGEM-OGGM_v13,0.18,10,5000,2,500
10754,5.75,0.333288559,PyGEM-OGGM_v13,0.18,10,5000,2,500
10755,5.8,0.306458187,PyGEM-OGGM_v13,0.18,10,5000,2,500
10758,5.85,0.281954911,PyGEM-OGGM_v13,0.18,10,5000,2,500
10759,5.9,0.259079287,PyGEM-OGGM_v13,0.18,10,5000,2,500
10760,5.95,0.237749621,PyGEM-OGGM_v13,0.18,10,5000,2,500
10761,6,0.21800612,PyGEM-OGGM_v13,0.18,10,5000,2,500
10762,6.05,0.199819727,PyGEM-OGGM_v13,0.18,10,5000,2,500
10763,6.1,0.183048496,PyGEM-OGGM_v13,0.18,10,5000,2,500
10764,6.15,0.167756468,PyGEM-OGGM_v13,0.18,10,5000,2,500
10765,6.2,0.154072397,PyGEM-OGGM_v13,0.18,10,5000,2,500
10766,6.25,0.142159517,PyGEM-OGGM_v13,0.18,10,5000,2,500
10767,6.3,0.132092809,PyGEM-OGGM_v13,0.18,10,5000,2,500
10768,6.35,0.123779659,PyGEM-OGGM_v13,0.18,10,5000,2,500
10769,6.4,0.116894848,PyGEM-OGGM_v13,0.18,10,5000,2,500
10770,6.45,0.111138587,PyGEM-OGGM_v13,0.18,10,5000,2,500
10771,6.5,0.106132878,PyGEM-OGGM_v13,0.18,10,5000,2,500
10772,6.55,0.101405296,PyGEM-OGGM_v13,0.18,10,5000,2,500
10773,6.6,0.096467379,PyGEM-OGGM_v13,0.18,10,5000,2,500
10774,6.65,0.0907461,PyGEM-OGGM_v13,0.18,10,5000,2,500
10775,6.7,0.083812523,PyGEM-OGGM_v13,0.18,10,5000,2,500
10776,6.75,0.075650883,PyGEM-OGGM_v13,0.18,10,5000,2,500
10777,6.8,0.066541564,PyGEM-OGGM_v13,0.18,10,5000,2,500
10778,6.85,0.056801914,PyGEM-OGGM_v13,0.18,10,5000,2,500
10782,-0.1,170.4741455,CISM2,0.24,11,5000,2,500
10783,-0.05,161.5734427,CISM2,0.24,11,5000,2,500
10784,0,152.8756764,CISM2,0.24,11,5000,2,500
10785,0.05,144.4149669,CISM2,0.24,11,5000,2,500
10787,0.1,136.2148874,CISM2,0.24,11,5000,2,500
10789,0.15,128.2726852,CISM2,0.24,11,5000,2,500
10791,0.2,120.5229755,CISM2,0.24,11,5000,2,500
10794,0.25,112.9403506,CISM2,0.24,11,5000,2,500
10796,0.3,105.5508071,CISM2,0.24,11,5000,2,500
10798,0.35,98.40304236,CISM2,0.24,11,5000,2,500
10804,0.4,91.54299597,CISM2,0.24,11,5000,2,500
10805,0.45,84.9876437,CISM2,0.24,11,5000,2,500
10807,0.5,78.75574151,CISM2,0.24,11,5000,2,500
10808,0.55,72.89705352,CISM2,0.24,11,5000,2,500
10809,0.6,67.44744306,CISM2,0.24,11,5000,2,500
10810,0.65,62.42101907,CISM2,0.24,11,5000,2,500
10811,0.7,57.83558981,CISM2,0.24,11,5000,2,500
10812,0.75,53.70460027,CISM2,0.24,11,5000,2,500
10813,0.8,50.00658368,CISM2,0.24,11,5000,2,500
10814,0.85,46.72146086,CISM2,0.24,11,5000,2,500
10815,0.9,43.8433791,CISM2,0.24,11,5000,2,500
10820,0.95,41.3722212,CISM2,0.24,11,5000,2,500
10821,1,39.31996263,CISM2,0.24,11,5000,2,500
10822,1.05,37.70237471,CISM2,0.24,11,5000,2,500
10824,1.1,36.5046307,CISM2,0.24,11,5000,2,500
10825,1.15,35.68685032,CISM2,0.24,11,5000,2,500
10826,1.2,35.13771058,CISM2,0.24,11,5000,2,500
10827,1.25,34.68204836,CISM2,0.24,11,5000,2,500
10828,1.3,34.08781297,CISM2,0.24,11,5000,2,500
10829,1.35,33.05525346,CISM2,0.24,11,5000,2,500
10830,1.4,31.29441591,CISM2,0.24,11,5000,2,500
10831,1.45,28.76917568,CISM2,0.24,11,5000,2,500
10836,1.5,25.86692935,CISM2,0.24,11,5000,2,500
10839,1.55,22.94627199,CISM2,0.24,11,5000,2,500
10840,1.6,20.15820672,CISM2,0.24,11,5000,2,500
10842,1.65,17.64618446,CISM2,0.24,11,5000,2,500
10850,1.7,15.46433856,CISM2,0.24,11,5000,2,500
10854,1.75,13.63732383,CISM2,0.24,11,5000,2,500
10855,1.8,12.17458192,CISM2,0.24,11,5000,2,500
10856,1.85,11.04832777,CISM2,0.24,11,5000,2,500
10857,1.9,10.22775058,CISM2,0.24,11,5000,2,500
10860,1.95,9.664576983,CISM2,0.24,11,5000,2,500
10862,2,9.285726224,CISM2,0.24,11,5000,2,500
10865,2.05,9.033179062,CISM2,0.24,11,5000,2,500
10868,2.1,8.840397861,CISM2,0.24,11,5000,2,500
10870,2.15,8.64959099,CISM2,0.24,11,5000,2,500
10875,2.2,8.426825875,CISM2,0.24,11,5000,2,500
10876,2.25,8.170113681,CISM2,0.24,11,5000,2,500
10877,2.3,7.867056085,CISM2,0.24,11,5000,2,500
10880,2.35,7.519743653,CISM2,0.24,11,5000,2,500
10881,2.4,7.158695523,CISM2,0.24,11,5000,2,500
10883,2.45,6.791626229,CISM2,0.24,11,5000,2,500
10884,2.5,6.421142351,CISM2,0.24,11,5000,2,500
10885,2.55,6.051248445,CISM2,0.24,11,5000,2,500
10887,2.6,5.68288395,CISM2,0.24,11,5000,2,500
10888,2.65,5.322015233,CISM2,0.24,11,5000,2,500
10890,2.7,4.978687023,CISM2,0.24,11,5000,2,500
10893,2.75,4.65712575,CISM2,0.24,11,5000,2,500
10894,2.8,4.352724341,CISM2,0.24,11,5000,2,500
10897,2.85,4.068156874,CISM2,0.24,11,5000,2,500
10898,2.9,3.807792701,CISM2,0.24,11,5000,2,500
10899,2.95,3.576073909,CISM2,0.24,11,5000,2,500
10902,3,3.371574422,CISM2,0.24,11,5000,2,500
10905,3.05,3.18868219,CISM2,0.24,11,5000,2,500
10906,3.1,3.01691408,CISM2,0.24,11,5000,2,500
10908,3.15,2.846844386,CISM2,0.24,11,5000,2,500
10909,3.2,2.678823171,CISM2,0.24,11,5000,2,500
10910,3.25,2.515781816,CISM2,0.24,11,5000,2,500
10911,3.3,2.356142546,CISM2,0.24,11,5000,2,500
10912,3.35,2.200226218,CISM2,0.24,11,5000,2,500
10913,3.4,2.049212276,CISM2,0.24,11,5000,2,500
10915,3.45,1.903981891,CISM2,0.24,11,5000,2,500
10917,3.5,1.765775296,CISM2,0.24,11,5000,2,500
10921,3.55,1.634201866,CISM2,0.24,11,5000,2,500
10922,3.6,1.508347632,CISM2,0.24,11,5000,2,500
10924,3.65,1.389529993,CISM2,0.24,11,5000,2,500
10925,3.7,1.279154846,CISM2,0.24,11,5000,2,500
10926,3.75,1.179229079,CISM2,0.24,11,5000,2,500
10927,3.8,1.091115012,CISM2,0.24,11,5000,2,500
10929,3.85,1.014339431,CISM2,0.24,11,5000,2,500
10930,3.9,0.947011124,CISM2,0.24,11,5000,2,500
10931,3.95,0.885589729,CISM2,0.24,11,5000,2,500
10933,4,0.82752279,CISM2,0.24,11,5000,2,500
10935,4.05,0.770696445,CISM2,0.24,11,5000,2,500
10936,4.1,0.714217572,CISM2,0.24,11,5000,2,500
10937,4.15,0.658609342,CISM2,0.24,11,5000,2,500
10939,4.2,0.60552377,CISM2,0.24,11,5000,2,500
10940,4.25,0.556498899,CISM2,0.24,11,5000,2,500
10941,4.3,0.512854275,CISM2,0.24,11,5000,2,500
10942,4.35,0.474488761,CISM2,0.24,11,5000,2,500
10943,4.4,0.439695469,CISM2,0.24,11,5000,2,500
10945,4.45,0.406518822,CISM2,0.24,11,5000,2,500
10946,4.5,0.374039956,CISM2,0.24,11,5000,2,500
10947,4.55,0.342354294,CISM2,0.24,11,5000,2,500
10949,4.6,0.311678735,CISM2,0.24,11,5000,2,500
10950,4.65,0.282316594,CISM2,0.24,11,5000,2,500
10952,4.7,0.254602572,CISM2,0.24,11,5000,2,500
10953,4.75,0.228893984,CISM2,0.24,11,5000,2,500
10954,4.8,0.205584716,CISM2,0.24,11,5000,2,500
10955,4.85,0.184973748,CISM2,0.24,11,5000,2,500
10956,4.9,0.167116232,CISM2,0.24,11,5000,2,500
10957,4.95,0.151910936,CISM2,0.24,11,5000,2,500
10958,5,0.139197433,CISM2,0.24,11,5000,2,500
10959,5.05,0.128797017,CISM2,0.24,11,5000,2,500
10960,5.1,0.120341329,CISM2,0.24,11,5000,2,500
10961,5.15,0.113386827,CISM2,0.24,11,5000,2,500
10962,5.2,0.10748308,CISM2,0.24,11,5000,2,500
10964,5.25,0.102131648,CISM2,0.24,11,5000,2,500
10965,5.3,0.096989269,CISM2,0.24,11,5000,2,500
10966,5.35,0.091963971,CISM2,0.24,11,5000,2,500
10967,5.4,0.086965151,CISM2,0.24,11,5000,2,500
10968,5.45,0.081921763,CISM2,0.24,11,5000,2,500
10969,5.5,0.076735103,CISM2,0.24,11,5000,2,500
10970,5.55,0.071344676,CISM2,0.24,11,5000,2,500
10971,5.6,0.065673126,CISM2,0.24,11,5000,2,500
10972,5.65,0.059650963,CISM2,0.24,11,5000,2,500
10973,5.7,0.053230694,CISM2,0.24,11,5000,2,500
10974,5.75,0.046399516,CISM2,0.24,11,5000,2,500
10975,5.8,0.039193715,CISM2,0.24,11,5000,2,500
10978,5.85,0.031705426,CISM2,0.24,11,5000,2,500
10979,5.9,0.024089209,CISM2,0.24,11,5000,2,500
10980,5.95,0.016475938,CISM2,0.24,11,5000,2,500
10981,6,0.008941626,CISM2,0.24,11,5000,2,500
10982,6.05,0.001512251,CISM2,0.24,11,5000,2,500
10983,6.1,0,CISM2,0.24,11,5000,2,500
10984,6.15,0,CISM2,0.24,11,5000,2,500
10985,6.2,0,CISM2,0.24,11,5000,2,500
10986,6.25,0,CISM2,0.24,11,5000,2,500
10987,6.3,0,CISM2,0.24,11,5000,2,500
10988,6.35,0,CISM2,0.24,11,5000,2,500
10989,6.4,0,CISM2,0.24,11,5000,2,500
10990,6.45,0,CISM2,0.24,11,5000,2,500
10991,6.5,0,CISM2,0.24,11,5000,2,500
10992,6.55,0,CISM2,0.24,11,5000,2,500
10993,6.6,0,CISM2,0.24,11,5000,2,500
10994,6.65,0,CISM2,0.24,11,5000,2,500
10995,6.7,0,CISM2,0.24,11,5000,2,500
10996,6.75,0,CISM2,0.24,11,5000,2,500
10997,6.8,0,CISM2,0.24,11,5000,2,500
10998,6.85,0,CISM2,0.24,11,5000,2,500
11002,-0.1,148.3497066,GLIMB,0.22,11,5000,2,500
11003,-0.05,140.4845885,GLIMB,0.22,11,5000,2,500
11004,0,132.5544994,GLIMB,0.22,11,5000,2,500
11005,0.05,124.7073886,GLIMB,0.22,11,5000,2,500
11007,0.1,117.0921057,GLIMB,0.22,11,5000,2,500
11009,0.15,109.8294889,GLIMB,0.22,11,5000,2,500
11011,0.2,102.9869249,GLIMB,0.22,11,5000,2,500
11014,0.25,96.583924,GLIMB,0.22,11,5000,2,500
11016,0.3,90.59708277,GLIMB,0.22,11,5000,2,500
11018,0.35,85.02852664,GLIMB,0.22,11,5000,2,500
11024,0.4,79.88619077,GLIMB,0.22,11,5000,2,500
11025,0.45,75.16496895,GLIMB,0.22,11,5000,2,500
11027,0.5,70.85127664,GLIMB,0.22,11,5000,2,500
11028,0.55,66.93981734,GLIMB,0.22,11,5000,2,500
11029,0.6,63.43168148,GLIMB,0.22,11,5000,2,500
11030,0.65,60.3017403,GLIMB,0.22,11,5000,2,500
11031,0.7,57.5120483,GLIMB,0.22,11,5000,2,500
11032,0.75,55.03182727,GLIMB,0.22,11,5000,2,500
11033,0.8,52.85335704,GLIMB,0.22,11,5000,2,500
11034,0.85,50.97599647,GLIMB,0.22,11,5000,2,500
11035,0.9,49.42218561,GLIMB,0.22,11,5000,2,500
11040,0.95,48.24218582,GLIMB,0.22,11,5000,2,500
11041,1,47.48268201,GLIMB,0.22,11,5000,2,500
11042,1.05,47.11919643,GLIMB,0.22,11,5000,2,500
11044,1.1,47.01105922,GLIMB,0.22,11,5000,2,500
11045,1.15,46.87443997,GLIMB,0.22,11,5000,2,500
11046,1.2,46.37043715,GLIMB,0.22,11,5000,2,500
11047,1.25,45.27360908,GLIMB,0.22,11,5000,2,500
11048,1.3,43.6861953,GLIMB,0.22,11,5000,2,500
11049,1.35,42.02053208,GLIMB,0.22,11,5000,2,500
11050,1.4,40.31154086,GLIMB,0.22,11,5000,2,500
11051,1.45,38.53439758,GLIMB,0.22,11,5000,2,500
11056,1.5,36.71531536,GLIMB,0.22,11,5000,2,500
11059,1.55,34.72283778,GLIMB,0.22,11,5000,2,500
11060,1.6,32.41623375,GLIMB,0.22,11,5000,2,500
11062,1.65,29.88786294,GLIMB,0.22,11,5000,2,500
11070,1.7,27.3098793,GLIMB,0.22,11,5000,2,500
11074,1.75,24.77711992,GLIMB,0.22,11,5000,2,500
11075,1.8,22.36989945,GLIMB,0.22,11,5000,2,500
11076,1.85,20.22788368,GLIMB,0.22,11,5000,2,500
11077,1.9,18.50928352,GLIMB,0.22,11,5000,2,500
11080,1.95,17.29274334,GLIMB,0.22,11,5000,2,500
11082,2,16.53572589,GLIMB,0.22,11,5000,2,500
11085,2.05,16.10393817,GLIMB,0.22,11,5000,2,500
11088,2.1,15.82111866,GLIMB,0.22,11,5000,2,500
11090,2.15,15.43185234,GLIMB,0.22,11,5000,2,500
11095,2.2,14.82333931,GLIMB,0.22,11,5000,2,500
11096,2.25,14.14378517,GLIMB,0.22,11,5000,2,500
11097,2.3,13.41858181,GLIMB,0.22,11,5000,2,500
11100,2.35,12.67351223,GLIMB,0.22,11,5000,2,500
11101,2.4,11.97462863,GLIMB,0.22,11,5000,2,500
11103,2.45,11.34523186,GLIMB,0.22,11,5000,2,500
11104,2.5,10.799052,GLIMB,0.22,11,5000,2,500
11105,2.55,10.32403082,GLIMB,0.22,11,5000,2,500
11107,2.6,9.881883574,GLIMB,0.22,11,5000,2,500
11108,2.65,9.448676225,GLIMB,0.22,11,5000,2,500
11110,2.7,9.020322884,GLIMB,0.22,11,5000,2,500
11113,2.75,8.590726195,GLIMB,0.22,11,5000,2,500
11114,2.8,8.158647229,GLIMB,0.22,11,5000,2,500
11117,2.85,7.73164978,GLIMB,0.22,11,5000,2,500
11118,2.9,7.322177841,GLIMB,0.22,11,5000,2,500
11119,2.95,6.944466059,GLIMB,0.22,11,5000,2,500
11122,3,6.612011694,GLIMB,0.22,11,5000,2,500
11125,3.05,6.31422653,GLIMB,0.22,11,5000,2,500
11126,3.1,6.027773132,GLIMB,0.22,11,5000,2,500
11128,3.15,5.740376616,GLIMB,0.22,11,5000,2,500
11129,3.2,5.447312112,GLIMB,0.22,11,5000,2,500
11130,3.25,5.150365663,GLIMB,0.22,11,5000,2,500
11131,3.3,4.852937212,GLIMB,0.22,11,5000,2,500
11132,3.35,4.555940465,GLIMB,0.22,11,5000,2,500
11133,3.4,4.263077102,GLIMB,0.22,11,5000,2,500
11135,3.45,3.97944799,GLIMB,0.22,11,5000,2,500
11137,3.5,3.708744199,GLIMB,0.22,11,5000,2,500
11141,3.55,3.455217956,GLIMB,0.22,11,5000,2,500
11142,3.6,3.22406809,GLIMB,0.22,11,5000,2,500
11144,3.65,3.019847867,GLIMB,0.22,11,5000,2,500
11145,3.7,2.84359837,GLIMB,0.22,11,5000,2,500
11146,3.75,2.690851682,GLIMB,0.22,11,5000,2,500
11147,3.8,2.55561304,GLIMB,0.22,11,5000,2,500
11149,3.85,2.433922552,GLIMB,0.22,11,5000,2,500
11150,3.9,2.322858395,GLIMB,0.22,11,5000,2,500
11151,3.95,2.219345441,GLIMB,0.22,11,5000,2,500
11153,4,2.120741117,GLIMB,0.22,11,5000,2,500
11155,4.05,2.025523387,GLIMB,0.22,11,5000,2,500
11156,4.1,1.932103873,GLIMB,0.22,11,5000,2,500
11157,4.15,1.838699826,GLIMB,0.22,11,5000,2,500
11159,4.2,1.744095431,GLIMB,0.22,11,5000,2,500
11160,4.25,1.647507537,GLIMB,0.22,11,5000,2,500
11161,4.3,1.548351624,GLIMB,0.22,11,5000,2,500
11162,4.35,1.447135907,GLIMB,0.22,11,5000,2,500
11163,4.4,1.346719935,GLIMB,0.22,11,5000,2,500
11165,4.45,1.250074242,GLIMB,0.22,11,5000,2,500
11166,4.5,1.159353681,GLIMB,0.22,11,5000,2,500
11167,4.55,1.075088306,GLIMB,0.22,11,5000,2,500
11169,4.6,0.998372148,GLIMB,0.22,11,5000,2,500
11170,4.65,0.928949456,GLIMB,0.22,11,5000,2,500
11172,4.7,0.865929933,GLIMB,0.22,11,5000,2,500
11173,4.75,0.808211717,GLIMB,0.22,11,5000,2,500
11174,4.8,0.755624488,GLIMB,0.22,11,5000,2,500
11175,4.85,0.707814418,GLIMB,0.22,11,5000,2,500
11176,4.9,0.664749228,GLIMB,0.22,11,5000,2,500
11177,4.95,0.626330595,GLIMB,0.22,11,5000,2,500
11178,5,0.592334882,GLIMB,0.22,11,5000,2,500
11179,5.05,0.562198801,GLIMB,0.22,11,5000,2,500
11180,5.1,0.535212172,GLIMB,0.22,11,5000,2,500
11181,5.15,0.510595853,GLIMB,0.22,11,5000,2,500
11182,5.2,0.487508319,GLIMB,0.22,11,5000,2,500
11184,5.25,0.465362374,GLIMB,0.22,11,5000,2,500
11185,5.3,0.443774694,GLIMB,0.22,11,5000,2,500
11186,5.35,0.422473828,GLIMB,0.22,11,5000,2,500
11187,5.4,0.401191847,GLIMB,0.22,11,5000,2,500
11188,5.45,0.379695944,GLIMB,0.22,11,5000,2,500
11189,5.5,0.357811265,GLIMB,0.22,11,5000,2,500
11190,5.55,0.335472992,GLIMB,0.22,11,5000,2,500
11191,5.6,0.312805823,GLIMB,0.22,11,5000,2,500
11192,5.65,0.290010931,GLIMB,0.22,11,5000,2,500
11193,5.7,0.267257973,GLIMB,0.22,11,5000,2,500
11194,5.75,0.24484124,GLIMB,0.22,11,5000,2,500
11195,5.8,0.22305541,GLIMB,0.22,11,5000,2,500
11198,5.85,0.20207456,GLIMB,0.22,11,5000,2,500
11199,5.9,0.182068376,GLIMB,0.22,11,5000,2,500
11200,5.95,0.163084625,GLIMB,0.22,11,5000,2,500
11201,6,0.145011465,GLIMB,0.22,11,5000,2,500
11202,6.05,0.127533468,GLIMB,0.22,11,5000,2,500
11203,6.1,0.110429762,GLIMB,0.22,11,5000,2,500
11204,6.15,0.093634702,GLIMB,0.22,11,5000,2,500
11205,6.2,0.077112226,GLIMB,0.22,11,5000,2,500
11206,6.25,0.060836133,GLIMB,0.22,11,5000,2,500
11207,6.3,0.044789648,GLIMB,0.22,11,5000,2,500
11208,6.35,0.029017046,GLIMB,0.22,11,5000,2,500
11209,6.4,0.013626787,GLIMB,0.22,11,5000,2,500
11210,6.45,0,GLIMB,0.22,11,5000,2,500
11211,6.5,0,GLIMB,0.22,11,5000,2,500
11212,6.55,0,GLIMB,0.22,11,5000,2,500
11213,6.6,0,GLIMB,0.22,11,5000,2,500
11214,6.65,0,GLIMB,0.22,11,5000,2,500
11215,6.7,0,GLIMB,0.22,11,5000,2,500
11216,6.75,0,GLIMB,0.22,11,5000,2,500
11217,6.8,0,GLIMB,0.22,11,5000,2,500
11218,6.85,0,GLIMB,0.22,11,5000,2,500
11222,-0.1,149.2412283,GloGEMflow,0.19,11,5000,2,500
11223,-0.05,142.3387402,GloGEMflow,0.19,11,5000,2,500
11224,0,135.5160271,GloGEMflow,0.19,11,5000,2,500
11225,0.05,128.7428411,GloGEMflow,0.19,11,5000,2,500
11227,0.1,122.0206411,GloGEMflow,0.19,11,5000,2,500
11229,0.15,115.423215,GloGEMflow,0.19,11,5000,2,500
11231,0.2,109.0489773,GloGEMflow,0.19,11,5000,2,500
11234,0.25,102.9689743,GloGEMflow,0.19,11,5000,2,500
11236,0.3,97.20280038,GloGEMflow,0.19,11,5000,2,500
11238,0.35,91.7389826,GloGEMflow,0.19,11,5000,2,500
11244,0.4,86.56897908,GloGEMflow,0.19,11,5000,2,500
11245,0.45,81.7337685,GloGEMflow,0.19,11,5000,2,500
11247,0.5,77.3262103,GloGEMflow,0.19,11,5000,2,500
11248,0.55,73.4348785,GloGEMflow,0.19,11,5000,2,500
11249,0.6,70.1361239,GloGEMflow,0.19,11,5000,2,500
11250,0.65,67.49412123,GloGEMflow,0.19,11,5000,2,500
11251,0.7,65.56739653,GloGEMflow,0.19,11,5000,2,500
11252,0.75,64.36674672,GloGEMflow,0.19,11,5000,2,500
11253,0.8,63.77133182,GloGEMflow,0.19,11,5000,2,500
11254,0.85,63.56798411,GloGEMflow,0.19,11,5000,2,500
11255,0.9,63.38272287,GloGEMflow,0.19,11,5000,2,500
11260,0.95,62.71405485,GloGEMflow,0.19,11,5000,2,500
11261,1,61.44927124,GloGEMflow,0.19,11,5000,2,500
11262,1.05,60.06822094,GloGEMflow,0.19,11,5000,2,500
11264,1.1,58.7537606,GloGEMflow,0.19,11,5000,2,500
11265,1.15,57.40869353,GloGEMflow,0.19,11,5000,2,500
11266,1.2,55.81504166,GloGEMflow,0.19,11,5000,2,500
11267,1.25,53.86333273,GloGEMflow,0.19,11,5000,2,500
11268,1.3,51.45127399,GloGEMflow,0.19,11,5000,2,500
11269,1.35,48.56606413,GloGEMflow,0.19,11,5000,2,500
11270,1.4,45.38512257,GloGEMflow,0.19,11,5000,2,500
11271,1.45,42.17310714,GloGEMflow,0.19,11,5000,2,500
11276,1.5,39.07711407,GloGEMflow,0.19,11,5000,2,500
11279,1.55,35.93296988,GloGEMflow,0.19,11,5000,2,500
11280,1.6,32.4077804,GloGEMflow,0.19,11,5000,2,500
11282,1.65,28.7655744,GloGEMflow,0.19,11,5000,2,500
11290,1.7,25.48220358,GloGEMflow,0.19,11,5000,2,500
11294,1.75,22.79107905,GloGEMflow,0.19,11,5000,2,500
11295,1.8,20.83439843,GloGEMflow,0.19,11,5000,2,500
11296,1.85,19.54262322,GloGEMflow,0.19,11,5000,2,500
11297,1.9,18.65006891,GloGEMflow,0.19,11,5000,2,500
11300,1.95,17.98744697,GloGEMflow,0.19,11,5000,2,500
11302,2,17.45850268,GloGEMflow,0.19,11,5000,2,500
11305,2.05,16.94091946,GloGEMflow,0.19,11,5000,2,500
11308,2.1,16.34686458,GloGEMflow,0.19,11,5000,2,500
11310,2.15,15.57938376,GloGEMflow,0.19,11,5000,2,500
11315,2.2,14.58771706,GloGEMflow,0.19,11,5000,2,500
11316,2.25,13.51642305,GloGEMflow,0.19,11,5000,2,500
11317,2.3,12.4756811,GloGEMflow,0.19,11,5000,2,500
11320,2.35,11.57419939,GloGEMflow,0.19,11,5000,2,500
11321,2.4,10.86477527,GloGEMflow,0.19,11,5000,2,500
11323,2.45,10.30876842,GloGEMflow,0.19,11,5000,2,500
11324,2.5,9.868314146,GloGEMflow,0.19,11,5000,2,500
11325,2.55,9.519423762,GloGEMflow,0.19,11,5000,2,500
11327,2.6,9.220453768,GloGEMflow,0.19,11,5000,2,500
11328,2.65,8.914625286,GloGEMflow,0.19,11,5000,2,500
11330,2.7,8.567527112,GloGEMflow,0.19,11,5000,2,500
11333,2.75,8.163405313,GloGEMflow,0.19,11,5000,2,500
11334,2.8,7.703514389,GloGEMflow,0.19,11,5000,2,500
11337,2.85,7.230951866,GloGEMflow,0.19,11,5000,2,500
11338,2.9,6.795693081,GloGEMflow,0.19,11,5000,2,500
11339,2.95,6.403823599,GloGEMflow,0.19,11,5000,2,500
11342,3,6.038597453,GloGEMflow,0.19,11,5000,2,500
11345,3.05,5.681474884,GloGEMflow,0.19,11,5000,2,500
11346,3.1,5.33562183,GloGEMflow,0.19,11,5000,2,500
11348,3.15,5.008376948,GloGEMflow,0.19,11,5000,2,500
11349,3.2,4.706843471,GloGEMflow,0.19,11,5000,2,500
11350,3.25,4.436391759,GloGEMflow,0.19,11,5000,2,500
11351,3.3,4.192024297,GloGEMflow,0.19,11,5000,2,500
11352,3.35,3.961387789,GloGEMflow,0.19,11,5000,2,500
11353,3.4,3.735503791,GloGEMflow,0.19,11,5000,2,500
11355,3.45,3.506626203,GloGEMflow,0.19,11,5000,2,500
11357,3.5,3.274559866,GloGEMflow,0.19,11,5000,2,500
11361,3.55,3.048490274,GloGEMflow,0.19,11,5000,2,500
11362,3.6,2.840743147,GloGEMflow,0.19,11,5000,2,500
11364,3.65,2.660824611,GloGEMflow,0.19,11,5000,2,500
11365,3.7,2.509798793,GloGEMflow,0.19,11,5000,2,500
11366,3.75,2.382994101,GloGEMflow,0.19,11,5000,2,500
11367,3.8,2.269080123,GloGEMflow,0.19,11,5000,2,500
11369,3.85,2.157130788,GloGEMflow,0.19,11,5000,2,500
11370,3.9,2.045743602,GloGEMflow,0.19,11,5000,2,500
11371,3.95,1.937214494,GloGEMflow,0.19,11,5000,2,500
11373,4,1.833546327,GloGEMflow,0.19,11,5000,2,500
11375,4.05,1.73432268,GloGEMflow,0.19,11,5000,2,500
11376,4.1,1.637751745,GloGEMflow,0.19,11,5000,2,500
11377,4.15,1.543716652,GloGEMflow,0.19,11,5000,2,500
11379,4.2,1.457384815,GloGEMflow,0.19,11,5000,2,500
11380,4.25,1.380340344,GloGEMflow,0.19,11,5000,2,500
11381,4.3,1.309804231,GloGEMflow,0.19,11,5000,2,500
11382,4.35,1.243095488,GloGEMflow,0.19,11,5000,2,500
11383,4.4,1.178907895,GloGEMflow,0.19,11,5000,2,500
11385,4.45,1.11765885,GloGEMflow,0.19,11,5000,2,500
11386,4.5,1.060122613,GloGEMflow,0.19,11,5000,2,500
11387,4.55,1.006395426,GloGEMflow,0.19,11,5000,2,500
11389,4.6,0.956297446,GloGEMflow,0.19,11,5000,2,500
11390,4.65,0.91011731,GloGEMflow,0.19,11,5000,2,500
11392,4.7,0.868355712,GloGEMflow,0.19,11,5000,2,500
11393,4.75,0.830818828,GloGEMflow,0.19,11,5000,2,500
11394,4.8,0.796914733,GloGEMflow,0.19,11,5000,2,500
11395,4.85,0.766430526,GloGEMflow,0.19,11,5000,2,500
11396,4.9,0.739381017,GloGEMflow,0.19,11,5000,2,500
11397,4.95,0.715849008,GloGEMflow,0.19,11,5000,2,500
11398,5,0.695655746,GloGEMflow,0.19,11,5000,2,500
11399,5.05,0.677905284,GloGEMflow,0.19,11,5000,2,500
11400,5.1,0.661272743,GloGEMflow,0.19,11,5000,2,500
11401,5.15,0.644449878,GloGEMflow,0.19,11,5000,2,500
11402,5.2,0.626809527,GloGEMflow,0.19,11,5000,2,500
11404,5.25,0.608370068,GloGEMflow,0.19,11,5000,2,500
11405,5.3,0.589814822,GloGEMflow,0.19,11,5000,2,500
11406,5.35,0.571589494,GloGEMflow,0.19,11,5000,2,500
11407,5.4,0.553920433,GloGEMflow,0.19,11,5000,2,500
11408,5.45,0.536826858,GloGEMflow,0.19,11,5000,2,500
11409,5.5,0.520382446,GloGEMflow,0.19,11,5000,2,500
11410,5.55,0.504526182,GloGEMflow,0.19,11,5000,2,500
11411,5.6,0.488996204,GloGEMflow,0.19,11,5000,2,500
11412,5.65,0.473615165,GloGEMflow,0.19,11,5000,2,500
11413,5.7,0.45851763,GloGEMflow,0.19,11,5000,2,500
11414,5.75,0.443832203,GloGEMflow,0.19,11,5000,2,500
11415,5.8,0.429662688,GloGEMflow,0.19,11,5000,2,500
11418,5.85,0.416092233,GloGEMflow,0.19,11,5000,2,500
11419,5.9,0.403073032,GloGEMflow,0.19,11,5000,2,500
11420,5.95,0.39053029,GloGEMflow,0.19,11,5000,2,500
11421,6,0.378320274,GloGEMflow,0.19,11,5000,2,500
11422,6.05,0.36622876,GloGEMflow,0.19,11,5000,2,500
11423,6.1,0.354153141,GloGEMflow,0.19,11,5000,2,500
11424,6.15,0.342042472,GloGEMflow,0.19,11,5000,2,500
11425,6.2,0.329903911,GloGEMflow,0.19,11,5000,2,500
11426,6.25,0.317852031,GloGEMflow,0.19,11,5000,2,500
11427,6.3,0.305999123,GloGEMflow,0.19,11,5000,2,500
11428,6.35,0.294412541,GloGEMflow,0.19,11,5000,2,500
11429,6.4,0.283015305,GloGEMflow,0.19,11,5000,2,500
11430,6.45,0.271700544,GloGEMflow,0.19,11,5000,2,500
11431,6.5,0.26043742,GloGEMflow,0.19,11,5000,2,500
11432,6.55,0.249261962,GloGEMflow,0.19,11,5000,2,500
11433,6.6,0.238222638,GloGEMflow,0.19,11,5000,2,500
11434,6.65,0.227369881,GloGEMflow,0.19,11,5000,2,500
11435,6.7,0.21674245,GloGEMflow,0.19,11,5000,2,500
11436,6.75,0.206371257,GloGEMflow,0.19,11,5000,2,500
11437,6.8,0.196294046,GloGEMflow,0.19,11,5000,2,500
11438,6.85,0.186522737,GloGEMflow,0.19,11,5000,2,500
11442,-0.1,151.7465234,GloGEMflow3D,0.24,11,5000,2,500
11443,-0.05,144.3786674,GloGEMflow3D,0.24,11,5000,2,500
11444,0,137.1747509,GloGEMflow3D,0.24,11,5000,2,500
11445,0.05,130.1731784,GloGEMflow3D,0.24,11,5000,2,500
11447,0.1,123.4001303,GloGEMflow3D,0.24,11,5000,2,500
11449,0.15,116.8605614,GloGEMflow3D,0.24,11,5000,2,500
11451,0.2,110.5153653,GloGEMflow3D,0.24,11,5000,2,500
11454,0.25,104.365652,GloGEMflow3D,0.24,11,5000,2,500
11456,0.3,98.44259062,GloGEMflow3D,0.24,11,5000,2,500
11458,0.35,92.77871526,GloGEMflow3D,0.24,11,5000,2,500
11464,0.4,87.39600493,GloGEMflow3D,0.24,11,5000,2,500
11465,0.45,82.30526173,GloGEMflow3D,0.24,11,5000,2,500
11467,0.5,77.52350395,GloGEMflow3D,0.24,11,5000,2,500
11468,0.55,73.07058009,GloGEMflow3D,0.24,11,5000,2,500
11469,0.6,68.95731027,GloGEMflow3D,0.24,11,5000,2,500
11470,0.65,65.16857192,GloGEMflow3D,0.24,11,5000,2,500
11471,0.7,61.69168688,GloGEMflow3D,0.24,11,5000,2,500
11472,0.75,58.54779172,GloGEMflow3D,0.24,11,5000,2,500
11473,0.8,55.75875248,GloGEMflow3D,0.24,11,5000,2,500
11474,0.85,53.34549806,GloGEMflow3D,0.24,11,5000,2,500
11475,0.9,51.33514425,GloGEMflow3D,0.24,11,5000,2,500
11480,0.95,49.73849721,GloGEMflow3D,0.24,11,5000,2,500
11481,1,48.53498269,GloGEMflow3D,0.24,11,5000,2,500
11482,1.05,47.6635286,GloGEMflow3D,0.24,11,5000,2,500
11484,1.1,47.06940726,GloGEMflow3D,0.24,11,5000,2,500
11485,1.15,46.73259893,GloGEMflow3D,0.24,11,5000,2,500
11486,1.2,46.56837964,GloGEMflow3D,0.24,11,5000,2,500
11487,1.25,46.39171536,GloGEMflow3D,0.24,11,5000,2,500
11488,1.3,45.92848994,GloGEMflow3D,0.24,11,5000,2,500
11489,1.35,44.84943411,GloGEMflow3D,0.24,11,5000,2,500
11490,1.4,42.91573463,GloGEMflow3D,0.24,11,5000,2,500
11491,1.45,40.15078663,GloGEMflow3D,0.24,11,5000,2,500
11496,1.5,36.94187775,GloGEMflow3D,0.24,11,5000,2,500
11499,1.55,33.59773333,GloGEMflow3D,0.24,11,5000,2,500
11500,1.6,30.26003203,GloGEMflow3D,0.24,11,5000,2,500
11502,1.65,27.12676359,GloGEMflow3D,0.24,11,5000,2,500
11510,1.7,24.30617674,GloGEMflow3D,0.24,11,5000,2,500
11514,1.75,21.81886999,GloGEMflow3D,0.24,11,5000,2,500
11515,1.8,19.70078014,GloGEMflow3D,0.24,11,5000,2,500
11516,1.85,18.00578609,GloGEMflow3D,0.24,11,5000,2,500
11517,1.9,16.74742712,GloGEMflow3D,0.24,11,5000,2,500
11520,1.95,15.864964,GloGEMflow3D,0.24,11,5000,2,500
11522,2,15.24503923,GloGEMflow3D,0.24,11,5000,2,500
11525,2.05,14.7786511,GloGEMflow3D,0.24,11,5000,2,500
11528,2.1,14.41642421,GloGEMflow3D,0.24,11,5000,2,500
11530,2.15,14.10510256,GloGEMflow3D,0.24,11,5000,2,500
11535,2.2,13.72419721,GloGEMflow3D,0.24,11,5000,2,500
11536,2.25,13.21406043,GloGEMflow3D,0.24,11,5000,2,500
11537,2.3,12.61519348,GloGEMflow3D,0.24,11,5000,2,500
11540,2.35,12.00523676,GloGEMflow3D,0.24,11,5000,2,500
11541,2.4,11.42826078,GloGEMflow3D,0.24,11,5000,2,500
11543,2.45,10.9003584,GloGEMflow3D,0.24,11,5000,2,500
11544,2.5,10.41040933,GloGEMflow3D,0.24,11,5000,2,500
11545,2.55,9.942070022,GloGEMflow3D,0.24,11,5000,2,500
11547,2.6,9.482840725,GloGEMflow3D,0.24,11,5000,2,500
11548,2.65,9.019486974,GloGEMflow3D,0.24,11,5000,2,500
11550,2.7,8.549621764,GloGEMflow3D,0.24,11,5000,2,500
11553,2.75,8.088317217,GloGEMflow3D,0.24,11,5000,2,500
11554,2.8,7.664252218,GloGEMflow3D,0.24,11,5000,2,500
11557,2.85,7.277658161,GloGEMflow3D,0.24,11,5000,2,500
11558,2.9,6.920708468,GloGEMflow3D,0.24,11,5000,2,500
11559,2.95,6.586319959,GloGEMflow3D,0.24,11,5000,2,500
11562,3,6.268492025,GloGEMflow3D,0.24,11,5000,2,500
11565,3.05,5.959181474,GloGEMflow3D,0.24,11,5000,2,500
11566,3.1,5.656940634,GloGEMflow3D,0.24,11,5000,2,500
11568,3.15,5.35806019,GloGEMflow3D,0.24,11,5000,2,500
11569,3.2,5.059573963,GloGEMflow3D,0.24,11,5000,2,500
11570,3.25,4.761727499,GloGEMflow3D,0.24,11,5000,2,500
11571,3.3,4.469114782,GloGEMflow3D,0.24,11,5000,2,500
11572,3.35,4.18558337,GloGEMflow3D,0.24,11,5000,2,500
11573,3.4,3.914298752,GloGEMflow3D,0.24,11,5000,2,500
11575,3.45,3.654672243,GloGEMflow3D,0.24,11,5000,2,500
11577,3.5,3.404264876,GloGEMflow3D,0.24,11,5000,2,500
11581,3.55,3.160951842,GloGEMflow3D,0.24,11,5000,2,500
11582,3.6,2.927117406,GloGEMflow3D,0.24,11,5000,2,500
11584,3.65,2.704567261,GloGEMflow3D,0.24,11,5000,2,500
11585,3.7,2.496773355,GloGEMflow3D,0.24,11,5000,2,500
11586,3.75,2.308429783,GloGEMflow3D,0.24,11,5000,2,500
11587,3.8,2.143591154,GloGEMflow3D,0.24,11,5000,2,500
11589,3.85,2.002065622,GloGEMflow3D,0.24,11,5000,2,500
11590,3.9,1.880990739,GloGEMflow3D,0.24,11,5000,2,500
11591,3.95,1.775239578,GloGEMflow3D,0.24,11,5000,2,500
11593,4,1.680966883,GloGEMflow3D,0.24,11,5000,2,500
11595,4.05,1.594425534,GloGEMflow3D,0.24,11,5000,2,500
11596,4.1,1.511500264,GloGEMflow3D,0.24,11,5000,2,500
11597,4.15,1.430680478,GloGEMflow3D,0.24,11,5000,2,500
11599,4.2,1.352915719,GloGEMflow3D,0.24,11,5000,2,500
11600,4.25,1.279297616,GloGEMflow3D,0.24,11,5000,2,500
11601,4.3,1.210487165,GloGEMflow3D,0.24,11,5000,2,500
11602,4.35,1.145884942,GloGEMflow3D,0.24,11,5000,2,500
11603,4.4,1.083662712,GloGEMflow3D,0.24,11,5000,2,500
11605,4.45,1.022129691,GloGEMflow3D,0.24,11,5000,2,500
11606,4.5,0.960284052,GloGEMflow3D,0.24,11,5000,2,500
11607,4.55,0.898487823,GloGEMflow3D,0.24,11,5000,2,500
11609,4.6,0.837313579,GloGEMflow3D,0.24,11,5000,2,500
11610,4.65,0.777396633,GloGEMflow3D,0.24,11,5000,2,500
11612,4.7,0.720037452,GloGEMflow3D,0.24,11,5000,2,500
11613,4.75,0.666532146,GloGEMflow3D,0.24,11,5000,2,500
11614,4.8,0.617916117,GloGEMflow3D,0.24,11,5000,2,500
11615,4.85,0.574777965,GloGEMflow3D,0.24,11,5000,2,500
11616,4.9,0.537407366,GloGEMflow3D,0.24,11,5000,2,500
11617,4.95,0.505098553,GloGEMflow3D,0.24,11,5000,2,500
11618,5,0.476583679,GloGEMflow3D,0.24,11,5000,2,500
11619,5.05,0.450860049,GloGEMflow3D,0.24,11,5000,2,500
11620,5.1,0.427062985,GloGEMflow3D,0.24,11,5000,2,500
11621,5.15,0.40450018,GloGEMflow3D,0.24,11,5000,2,500
11622,5.2,0.382621271,GloGEMflow3D,0.24,11,5000,2,500
11624,5.25,0.361009162,GloGEMflow3D,0.24,11,5000,2,500
11625,5.3,0.339565807,GloGEMflow3D,0.24,11,5000,2,500
11626,5.35,0.318442583,GloGEMflow3D,0.24,11,5000,2,500
11627,5.4,0.297794951,GloGEMflow3D,0.24,11,5000,2,500
11628,5.45,0.277801187,GloGEMflow3D,0.24,11,5000,2,500
11629,5.5,0.258532338,GloGEMflow3D,0.24,11,5000,2,500
11630,5.55,0.240001817,GloGEMflow3D,0.24,11,5000,2,500
11631,5.6,0.222046042,GloGEMflow3D,0.24,11,5000,2,500
11632,5.65,0.204378596,GloGEMflow3D,0.24,11,5000,2,500
11633,5.7,0.186758253,GloGEMflow3D,0.24,11,5000,2,500
11634,5.75,0.169106677,GloGEMflow3D,0.24,11,5000,2,500
11635,5.8,0.151515643,GloGEMflow3D,0.24,11,5000,2,500
11638,5.85,0.134139488,GloGEMflow3D,0.24,11,5000,2,500
11639,5.9,0.117245872,GloGEMflow3D,0.24,11,5000,2,500
11640,5.95,0.100866719,GloGEMflow3D,0.24,11,5000,2,500
11641,6,0.084915529,GloGEMflow3D,0.24,11,5000,2,500
11642,6.05,0.069366408,GloGEMflow3D,0.24,11,5000,2,500
11643,6.1,0.054205016,GloGEMflow3D,0.24,11,5000,2,500
11644,6.15,0.039387504,GloGEMflow3D,0.24,11,5000,2,500
11645,6.2,0.024897332,GloGEMflow3D,0.24,11,5000,2,500
11646,6.25,0.010721893,GloGEMflow3D,0.24,11,5000,2,500
11647,6.3,0,GloGEMflow3D,0.24,11,5000,2,500
11648,6.35,0,GloGEMflow3D,0.24,11,5000,2,500
11649,6.4,0,GloGEMflow3D,0.24,11,5000,2,500
11650,6.45,0,GloGEMflow3D,0.24,11,5000,2,500
11651,6.5,0,GloGEMflow3D,0.24,11,5000,2,500
11652,6.55,0,GloGEMflow3D,0.24,11,5000,2,500
11653,6.6,0,GloGEMflow3D,0.24,11,5000,2,500
11654,6.65,0,GloGEMflow3D,0.24,11,5000,2,500
11655,6.7,0,GloGEMflow3D,0.24,11,5000,2,500
11656,6.75,0,GloGEMflow3D,0.24,11,5000,2,500
11657,6.8,0,GloGEMflow3D,0.24,11,5000,2,500
11658,6.85,0,GloGEMflow3D,0.24,11,5000,2,500
11662,-0.1,200.5366433,OGGM_v16,0.22,11,5000,2,500
11663,-0.05,191.8229345,OGGM_v16,0.22,11,5000,2,500
11664,0,182.631349,OGGM_v16,0.22,11,5000,2,500
11665,0.05,173.132195,OGGM_v16,0.22,11,5000,2,500
11667,0.1,163.5480394,OGGM_v16,0.22,11,5000,2,500
11669,0.15,154.1013615,OGGM_v16,0.22,11,5000,2,500
11671,0.2,144.9432769,OGGM_v16,0.22,11,5000,2,500
11674,0.25,136.1469812,OGGM_v16,0.22,11,5000,2,500
11676,0.3,127.6961819,OGGM_v16,0.22,11,5000,2,500
11678,0.35,119.5979248,OGGM_v16,0.22,11,5000,2,500
11684,0.4,111.896315,OGGM_v16,0.22,11,5000,2,500
11685,0.45,104.6211505,OGGM_v16,0.22,11,5000,2,500
11687,0.5,97.77033902,OGGM_v16,0.22,11,5000,2,500
11688,0.55,91.35842314,OGGM_v16,0.22,11,5000,2,500
11689,0.6,85.42183109,OGGM_v16,0.22,11,5000,2,500
11690,0.65,80.0070275,OGGM_v16,0.22,11,5000,2,500
11691,0.7,75.11878613,OGGM_v16,0.22,11,5000,2,500
11692,0.75,70.715357,OGGM_v16,0.22,11,5000,2,500
11693,0.8,66.78668991,OGGM_v16,0.22,11,5000,2,500
11694,0.85,63.33952635,OGGM_v16,0.22,11,5000,2,500
11695,0.9,60.3916025,OGGM_v16,0.22,11,5000,2,500
11700,0.95,57.97402686,OGGM_v16,0.22,11,5000,2,500
11701,1,56.16261586,OGGM_v16,0.22,11,5000,2,500
11702,1.05,54.95777919,OGGM_v16,0.22,11,5000,2,500
11704,1.1,54.19512733,OGGM_v16,0.22,11,5000,2,500
11705,1.15,53.54431217,OGGM_v16,0.22,11,5000,2,500
11706,1.2,52.56033265,OGGM_v16,0.22,11,5000,2,500
11707,1.25,50.82558119,OGGM_v16,0.22,11,5000,2,500
11708,1.3,48.21475942,OGGM_v16,0.22,11,5000,2,500
11709,1.35,45.13925369,OGGM_v16,0.22,11,5000,2,500
11710,1.4,41.81391358,OGGM_v16,0.22,11,5000,2,500
11711,1.45,38.39918998,OGGM_v16,0.22,11,5000,2,500
11716,1.5,35.03771764,OGGM_v16,0.22,11,5000,2,500
11719,1.55,31.72521192,OGGM_v16,0.22,11,5000,2,500
11720,1.6,28.45965863,OGGM_v16,0.22,11,5000,2,500
11722,1.65,25.37545566,OGGM_v16,0.22,11,5000,2,500
11730,1.7,22.56658699,OGGM_v16,0.22,11,5000,2,500
11734,1.75,20.03260333,OGGM_v16,0.22,11,5000,2,500
11735,1.8,17.7819019,OGGM_v16,0.22,11,5000,2,500
11736,1.85,15.91050812,OGGM_v16,0.22,11,5000,2,500
11737,1.9,14.53348268,OGGM_v16,0.22,11,5000,2,500
11740,1.95,13.70387724,OGGM_v16,0.22,11,5000,2,500
11742,2,13.32654339,OGGM_v16,0.22,11,5000,2,500
11745,2.05,13.16960497,OGGM_v16,0.22,11,5000,2,500
11748,2.1,12.9929606,OGGM_v16,0.22,11,5000,2,500
11750,2.15,12.65131977,OGGM_v16,0.22,11,5000,2,500
11755,2.2,12.16458003,OGGM_v16,0.22,11,5000,2,500
11756,2.25,11.64176401,OGGM_v16,0.22,11,5000,2,500
11757,2.3,11.10099155,OGGM_v16,0.22,11,5000,2,500
11760,2.35,10.55360428,OGGM_v16,0.22,11,5000,2,500
11761,2.4,10.00255332,OGGM_v16,0.22,11,5000,2,500
11763,2.45,9.462605959,OGGM_v16,0.22,11,5000,2,500
11764,2.5,8.944535953,OGGM_v16,0.22,11,5000,2,500
11765,2.55,8.457969596,OGGM_v16,0.22,11,5000,2,500
11767,2.6,8.010313885,OGGM_v16,0.22,11,5000,2,500
11768,2.65,7.595075397,OGGM_v16,0.22,11,5000,2,500
11770,2.7,7.207927471,OGGM_v16,0.22,11,5000,2,500
11773,2.75,6.851687355,OGGM_v16,0.22,11,5000,2,500
11774,2.8,6.526428513,OGGM_v16,0.22,11,5000,2,500
11777,2.85,6.227585076,OGGM_v16,0.22,11,5000,2,500
11778,2.9,5.951139983,OGGM_v16,0.22,11,5000,2,500
11779,2.95,5.694826527,OGGM_v16,0.22,11,5000,2,500
11782,3,5.447402883,OGGM_v16,0.22,11,5000,2,500
11785,3.05,5.198043612,OGGM_v16,0.22,11,5000,2,500
11786,3.1,4.947182225,OGGM_v16,0.22,11,5000,2,500
11788,3.15,4.695607168,OGGM_v16,0.22,11,5000,2,500
11789,3.2,4.440564717,OGGM_v16,0.22,11,5000,2,500
11790,3.25,4.18287768,OGGM_v16,0.22,11,5000,2,500
11791,3.3,3.927289793,OGGM_v16,0.22,11,5000,2,500
11792,3.35,3.678065885,OGGM_v16,0.22,11,5000,2,500
11793,3.4,3.436621783,OGGM_v16,0.22,11,5000,2,500
11795,3.45,3.207802754,OGGM_v16,0.22,11,5000,2,500
11797,3.5,2.997330346,OGGM_v16,0.22,11,5000,2,500
11801,3.55,2.807102921,OGGM_v16,0.22,11,5000,2,500
11802,3.6,2.636171461,OGGM_v16,0.22,11,5000,2,500
11804,3.65,2.482143517,OGGM_v16,0.22,11,5000,2,500
11805,3.7,2.341917407,OGGM_v16,0.22,11,5000,2,500
11806,3.75,2.21505987,OGGM_v16,0.22,11,5000,2,500
11807,3.8,2.10162208,OGGM_v16,0.22,11,5000,2,500
11809,3.85,2.000840954,OGGM_v16,0.22,11,5000,2,500
11810,3.9,1.910810132,OGGM_v16,0.22,11,5000,2,500
11811,3.95,1.827682965,OGGM_v16,0.22,11,5000,2,500
11813,4,1.746702633,OGGM_v16,0.22,11,5000,2,500
11815,4.05,1.664969576,OGGM_v16,0.22,11,5000,2,500
11816,4.1,1.580827364,OGGM_v16,0.22,11,5000,2,500
11817,4.15,1.49631219,OGGM_v16,0.22,11,5000,2,500
11819,4.2,1.414169649,OGGM_v16,0.22,11,5000,2,500
11820,4.25,1.334754941,OGGM_v16,0.22,11,5000,2,500
11821,4.3,1.257291191,OGGM_v16,0.22,11,5000,2,500
11822,4.35,1.181833095,OGGM_v16,0.22,11,5000,2,500
11823,4.4,1.108449634,OGGM_v16,0.22,11,5000,2,500
11825,4.45,1.037086303,OGGM_v16,0.22,11,5000,2,500
11826,4.5,0.968350664,OGGM_v16,0.22,11,5000,2,500
11827,4.55,0.903748198,OGGM_v16,0.22,11,5000,2,500
11829,4.6,0.844341129,OGGM_v16,0.22,11,5000,2,500
11830,4.65,0.790312318,OGGM_v16,0.22,11,5000,2,500
11832,4.7,0.740905357,OGGM_v16,0.22,11,5000,2,500
11833,4.75,0.694704126,OGGM_v16,0.22,11,5000,2,500
11834,4.8,0.651328887,OGGM_v16,0.22,11,5000,2,500
11835,4.85,0.611488354,OGGM_v16,0.22,11,5000,2,500
11836,4.9,0.575769608,OGGM_v16,0.22,11,5000,2,500
11837,4.95,0.544226796,OGGM_v16,0.22,11,5000,2,500
11838,5,0.5158619,OGGM_v16,0.22,11,5000,2,500
11839,5.05,0.489374794,OGGM_v16,0.22,11,5000,2,500
11840,5.1,0.464294018,OGGM_v16,0.22,11,5000,2,500
11841,5.15,0.440550359,OGGM_v16,0.22,11,5000,2,500
11842,5.2,0.418171507,OGGM_v16,0.22,11,5000,2,500
11844,5.25,0.397128277,OGGM_v16,0.22,11,5000,2,500
11845,5.3,0.377208433,OGGM_v16,0.22,11,5000,2,500
11846,5.35,0.358111251,OGGM_v16,0.22,11,5000,2,500
11847,5.4,0.339672911,OGGM_v16,0.22,11,5000,2,500
11848,5.45,0.3217235,OGGM_v16,0.22,11,5000,2,500
11849,5.5,0.304085907,OGGM_v16,0.22,11,5000,2,500
11850,5.55,0.286598356,OGGM_v16,0.22,11,5000,2,500
11851,5.6,0.26914021,OGGM_v16,0.22,11,5000,2,500
11852,5.65,0.251625906,OGGM_v16,0.22,11,5000,2,500
11853,5.7,0.234014462,OGGM_v16,0.22,11,5000,2,500
11854,5.75,0.216391913,OGGM_v16,0.22,11,5000,2,500
11855,5.8,0.198941021,OGGM_v16,0.22,11,5000,2,500
11858,5.85,0.181911241,OGGM_v16,0.22,11,5000,2,500
11859,5.9,0.165534557,OGGM_v16,0.22,11,5000,2,500
11860,5.95,0.149910717,OGGM_v16,0.22,11,5000,2,500
11861,6,0.135055365,OGGM_v16,0.22,11,5000,2,500
11862,6.05,0.120920595,OGGM_v16,0.22,11,5000,2,500
11863,6.1,0.107496836,OGGM_v16,0.22,11,5000,2,500
11864,6.15,0.09477347,OGGM_v16,0.22,11,5000,2,500
11865,6.2,0.082680967,OGGM_v16,0.22,11,5000,2,500
11866,6.25,0.071146412,OGGM_v16,0.22,11,5000,2,500
11867,6.3,0.060153798,OGGM_v16,0.22,11,5000,2,500
11868,6.35,0.049707139,OGGM_v16,0.22,11,5000,2,500
11869,6.4,0.039833554,OGGM_v16,0.22,11,5000,2,500
11870,6.45,0.030578818,OGGM_v16,0.22,11,5000,2,500
11871,6.5,0.02199655,OGGM_v16,0.22,11,5000,2,500
11872,6.55,0.014127034,OGGM_v16,0.22,11,5000,2,500
11873,6.6,0.006978394,OGGM_v16,0.22,11,5000,2,500
11874,6.65,0.000539058,OGGM_v16,0.22,11,5000,2,500
11875,6.7,0,OGGM_v16,0.22,11,5000,2,500
11876,6.75,0,OGGM_v16,0.22,11,5000,2,500
11877,6.8,0,OGGM_v16,0.22,11,5000,2,500
11878,6.85,0,OGGM_v16,0.22,11,5000,2,500
11882,-0.1,163.7399994,PyGEM-OGGM_v13,0.27,11,5000,2,500
11883,-0.05,158.6309042,PyGEM-OGGM_v13,0.27,11,5000,2,500
11884,0,153.426647,PyGEM-OGGM_v13,0.27,11,5000,2,500
11885,0.05,148.1505635,PyGEM-OGGM_v13,0.27,11,5000,2,500
11887,0.1,142.8362472,PyGEM-OGGM_v13,0.27,11,5000,2,500
11889,0.15,137.4847224,PyGEM-OGGM_v13,0.27,11,5000,2,500
11891,0.2,132.0694946,PyGEM-OGGM_v13,0.27,11,5000,2,500
11894,0.25,126.6143819,PyGEM-OGGM_v13,0.27,11,5000,2,500
11896,0.3,121.1506865,PyGEM-OGGM_v13,0.27,11,5000,2,500
11898,0.35,115.6966533,PyGEM-OGGM_v13,0.27,11,5000,2,500
11904,0.4,110.2936137,PyGEM-OGGM_v13,0.27,11,5000,2,500
11905,0.45,104.9804962,PyGEM-OGGM_v13,0.27,11,5000,2,500
11907,0.5,99.78398957,PyGEM-OGGM_v13,0.27,11,5000,2,500
11908,0.55,94.73481277,PyGEM-OGGM_v13,0.27,11,5000,2,500
11909,0.6,89.84588166,PyGEM-OGGM_v13,0.27,11,5000,2,500
11910,0.65,85.08994467,PyGEM-OGGM_v13,0.27,11,5000,2,500
11911,0.7,80.44311809,PyGEM-OGGM_v13,0.27,11,5000,2,500
11912,0.75,75.90066111,PyGEM-OGGM_v13,0.27,11,5000,2,500
11913,0.8,71.45680671,PyGEM-OGGM_v13,0.27,11,5000,2,500
11914,0.85,67.11362158,PyGEM-OGGM_v13,0.27,11,5000,2,500
11915,0.9,62.88193082,PyGEM-OGGM_v13,0.27,11,5000,2,500
11920,0.95,58.76877416,PyGEM-OGGM_v13,0.27,11,5000,2,500
11921,1,54.7854271,PyGEM-OGGM_v13,0.27,11,5000,2,500
11922,1.05,50.94833951,PyGEM-OGGM_v13,0.27,11,5000,2,500
11924,1.1,47.27453597,PyGEM-OGGM_v13,0.27,11,5000,2,500
11925,1.15,43.75276916,PyGEM-OGGM_v13,0.27,11,5000,2,500
11926,1.2,40.36195485,PyGEM-OGGM_v13,0.27,11,5000,2,500
11927,1.25,37.09231354,PyGEM-OGGM_v13,0.27,11,5000,2,500
11928,1.3,33.94451697,PyGEM-OGGM_v13,0.27,11,5000,2,500
11929,1.35,30.92088786,PyGEM-OGGM_v13,0.27,11,5000,2,500
11930,1.4,28.0125757,PyGEM-OGGM_v13,0.27,11,5000,2,500
11931,1.45,25.21830072,PyGEM-OGGM_v13,0.27,11,5000,2,500
11936,1.5,22.54990066,PyGEM-OGGM_v13,0.27,11,5000,2,500
11939,1.55,20.04766525,PyGEM-OGGM_v13,0.27,11,5000,2,500
11940,1.6,17.80149713,PyGEM-OGGM_v13,0.27,11,5000,2,500
11942,1.65,15.86109544,PyGEM-OGGM_v13,0.27,11,5000,2,500
11950,1.7,14.21506217,PyGEM-OGGM_v13,0.27,11,5000,2,500
11954,1.75,12.8166916,PyGEM-OGGM_v13,0.27,11,5000,2,500
11955,1.8,11.6467146,PyGEM-OGGM_v13,0.27,11,5000,2,500
11956,1.85,10.71485321,PyGEM-OGGM_v13,0.27,11,5000,2,500
11957,1.9,10.021988,PyGEM-OGGM_v13,0.27,11,5000,2,500
11960,1.95,9.552647261,PyGEM-OGGM_v13,0.27,11,5000,2,500
11962,2,9.266545282,PyGEM-OGGM_v13,0.27,11,5000,2,500
11965,2.05,9.098535916,PyGEM-OGGM_v13,0.27,11,5000,2,500
11968,2.1,8.977486103,PyGEM-OGGM_v13,0.27,11,5000,2,500
11970,2.15,8.836595064,PyGEM-OGGM_v13,0.27,11,5000,2,500
11975,2.2,8.643684559,PyGEM-OGGM_v13,0.27,11,5000,2,500
11976,2.25,8.390450874,PyGEM-OGGM_v13,0.27,11,5000,2,500
11977,2.3,8.070636802,PyGEM-OGGM_v13,0.27,11,5000,2,500
11980,2.35,7.704440137,PyGEM-OGGM_v13,0.27,11,5000,2,500
11981,2.4,7.323095687,PyGEM-OGGM_v13,0.27,11,5000,2,500
11983,2.45,6.943721881,PyGEM-OGGM_v13,0.27,11,5000,2,500
11984,2.5,6.567251403,PyGEM-OGGM_v13,0.27,11,5000,2,500
11985,2.55,6.194391313,PyGEM-OGGM_v13,0.27,11,5000,2,500
11987,2.6,5.825026083,PyGEM-OGGM_v13,0.27,11,5000,2,500
11988,2.65,5.456034434,PyGEM-OGGM_v13,0.27,11,5000,2,500
11990,2.7,5.091183359,PyGEM-OGGM_v13,0.27,11,5000,2,500
11993,2.75,4.74038681,PyGEM-OGGM_v13,0.27,11,5000,2,500
11994,2.8,4.410706332,PyGEM-OGGM_v13,0.27,11,5000,2,500
11997,2.85,4.106376564,PyGEM-OGGM_v13,0.27,11,5000,2,500
11998,2.9,3.828142963,PyGEM-OGGM_v13,0.27,11,5000,2,500
11999,2.95,3.575735786,PyGEM-OGGM_v13,0.27,11,5000,2,500
12002,3,3.347056897,PyGEM-OGGM_v13,0.27,11,5000,2,500
12005,3.05,3.139923775,PyGEM-OGGM_v13,0.27,11,5000,2,500
12006,3.1,2.952197805,PyGEM-OGGM_v13,0.27,11,5000,2,500
12008,3.15,2.782371033,PyGEM-OGGM_v13,0.27,11,5000,2,500
12009,3.2,2.630300201,PyGEM-OGGM_v13,0.27,11,5000,2,500
12010,3.25,2.495184295,PyGEM-OGGM_v13,0.27,11,5000,2,500
12011,3.3,2.375037538,PyGEM-OGGM_v13,0.27,11,5000,2,500
12012,3.35,2.265310413,PyGEM-OGGM_v13,0.27,11,5000,2,500
12013,3.4,2.158910231,PyGEM-OGGM_v13,0.27,11,5000,2,500
12015,3.45,2.050667904,PyGEM-OGGM_v13,0.27,11,5000,2,500
12017,3.5,1.93899171,PyGEM-OGGM_v13,0.27,11,5000,2,500
12021,3.55,1.823113619,PyGEM-OGGM_v13,0.27,11,5000,2,500
12022,3.6,1.704918761,PyGEM-OGGM_v13,0.27,11,5000,2,500
12024,3.65,1.587450824,PyGEM-OGGM_v13,0.27,11,5000,2,500
12025,3.7,1.473709808,PyGEM-OGGM_v13,0.27,11,5000,2,500
12026,3.75,1.366474807,PyGEM-OGGM_v13,0.27,11,5000,2,500
12027,3.8,1.266817431,PyGEM-OGGM_v13,0.27,11,5000,2,500
12029,3.85,1.174776554,PyGEM-OGGM_v13,0.27,11,5000,2,500
12030,3.9,1.090139004,PyGEM-OGGM_v13,0.27,11,5000,2,500
12031,3.95,1.012488916,PyGEM-OGGM_v13,0.27,11,5000,2,500
12033,4,0.942101551,PyGEM-OGGM_v13,0.27,11,5000,2,500
12035,4.05,0.87933932,PyGEM-OGGM_v13,0.27,11,5000,2,500
12036,4.1,0.824595998,PyGEM-OGGM_v13,0.27,11,5000,2,500
12037,4.15,0.777047293,PyGEM-OGGM_v13,0.27,11,5000,2,500
12039,4.2,0.734864744,PyGEM-OGGM_v13,0.27,11,5000,2,500
12040,4.25,0.697332739,PyGEM-OGGM_v13,0.27,11,5000,2,500
12041,4.3,0.663800662,PyGEM-OGGM_v13,0.27,11,5000,2,500
12042,4.35,0.632964471,PyGEM-OGGM_v13,0.27,11,5000,2,500
12043,4.4,0.603568221,PyGEM-OGGM_v13,0.27,11,5000,2,500
12045,4.45,0.575193352,PyGEM-OGGM_v13,0.27,11,5000,2,500
12046,4.5,0.547689136,PyGEM-OGGM_v13,0.27,11,5000,2,500
12047,4.55,0.520672252,PyGEM-OGGM_v13,0.27,11,5000,2,500
12049,4.6,0.49441681,PyGEM-OGGM_v13,0.27,11,5000,2,500
12050,4.65,0.469371619,PyGEM-OGGM_v13,0.27,11,5000,2,500
12052,4.7,0.445740652,PyGEM-OGGM_v13,0.27,11,5000,2,500
12053,4.75,0.423547177,PyGEM-OGGM_v13,0.27,11,5000,2,500
12054,4.8,0.402888056,PyGEM-OGGM_v13,0.27,11,5000,2,500
12055,4.85,0.383591761,PyGEM-OGGM_v13,0.27,11,5000,2,500
12056,4.9,0.365245689,PyGEM-OGGM_v13,0.27,11,5000,2,500
12057,4.95,0.347519537,PyGEM-OGGM_v13,0.27,11,5000,2,500
12058,5,0.330209165,PyGEM-OGGM_v13,0.27,11,5000,2,500
12059,5.05,0.313302097,PyGEM-OGGM_v13,0.27,11,5000,2,500
12060,5.1,0.296805305,PyGEM-OGGM_v13,0.27,11,5000,2,500
12061,5.15,0.28079599,PyGEM-OGGM_v13,0.27,11,5000,2,500
12062,5.2,0.26544418,PyGEM-OGGM_v13,0.27,11,5000,2,500
12064,5.25,0.250836599,PyGEM-OGGM_v13,0.27,11,5000,2,500
12065,5.3,0.236943776,PyGEM-OGGM_v13,0.27,11,5000,2,500
12066,5.35,0.223701937,PyGEM-OGGM_v13,0.27,11,5000,2,500
12067,5.4,0.211082184,PyGEM-OGGM_v13,0.27,11,5000,2,500
12068,5.45,0.199025968,PyGEM-OGGM_v13,0.27,11,5000,2,500
12069,5.5,0.187402102,PyGEM-OGGM_v13,0.27,11,5000,2,500
12070,5.55,0.176178164,PyGEM-OGGM_v13,0.27,11,5000,2,500
12071,5.6,0.165326076,PyGEM-OGGM_v13,0.27,11,5000,2,500
12072,5.65,0.154751447,PyGEM-OGGM_v13,0.27,11,5000,2,500
12073,5.7,0.144301068,PyGEM-OGGM_v13,0.27,11,5000,2,500
12074,5.75,0.133861539,PyGEM-OGGM_v13,0.27,11,5000,2,500
12075,5.8,0.123350652,PyGEM-OGGM_v13,0.27,11,5000,2,500
12078,5.85,0.112683696,PyGEM-OGGM_v13,0.27,11,5000,2,500
12079,5.9,0.10185446,PyGEM-OGGM_v13,0.27,11,5000,2,500
12080,5.95,0.09087057,PyGEM-OGGM_v13,0.27,11,5000,2,500
12081,6,0.079784481,PyGEM-OGGM_v13,0.27,11,5000,2,500
12082,6.05,0.068717368,PyGEM-OGGM_v13,0.27,11,5000,2,500
12083,6.1,0.057809422,PyGEM-OGGM_v13,0.27,11,5000,2,500
12084,6.15,0.047178585,PyGEM-OGGM_v13,0.27,11,5000,2,500
12085,6.2,0.036915009,PyGEM-OGGM_v13,0.27,11,5000,2,500
12086,6.25,0.027035056,PyGEM-OGGM_v13,0.27,11,5000,2,500
12087,6.3,0.017512071,PyGEM-OGGM_v13,0.27,11,5000,2,500
12088,6.35,0.008332641,PyGEM-OGGM_v13,0.27,11,5000,2,500
12089,6.4,0,PyGEM-OGGM_v13,0.27,11,5000,2,500
12090,6.45,0,PyGEM-OGGM_v13,0.27,11,5000,2,500
12091,6.5,0,PyGEM-OGGM_v13,0.27,11,5000,2,500
12092,6.55,0,PyGEM-OGGM_v13,0.27,11,5000,2,500
12093,6.6,0,PyGEM-OGGM_v13,0.27,11,5000,2,500
12094,6.65,0,PyGEM-OGGM_v13,0.27,11,5000,2,500
12095,6.7,0,PyGEM-OGGM_v13,0.27,11,5000,2,500
12096,6.75,0,PyGEM-OGGM_v13,0.27,11,5000,2,500
12097,6.8,0,PyGEM-OGGM_v13,0.27,11,5000,2,500
12098,6.85,0,PyGEM-OGGM_v13,0.27,11,5000,2,500
12102,-0.1,188.0333997,GLIMB,0.28,12,5000,2,500
12103,-0.05,184.5271959,GLIMB,0.28,12,5000,2,500
12104,0,180.9914873,GLIMB,0.28,12,5000,2,500
12105,0.05,177.4182217,GLIMB,0.28,12,5000,2,500
12107,0.1,173.8003813,GLIMB,0.28,12,5000,2,500
12109,0.15,170.1332074,GLIMB,0.28,12,5000,2,500
12111,0.2,166.4147119,GLIMB,0.28,12,5000,2,500
12114,0.25,162.6418164,GLIMB,0.28,12,5000,2,500
12116,0.3,158.796261,GLIMB,0.28,12,5000,2,500
12118,0.35,154.8377926,GLIMB,0.28,12,5000,2,500
12124,0.4,150.7695184,GLIMB,0.28,12,5000,2,500
12125,0.45,146.6161542,GLIMB,0.28,12,5000,2,500
12127,0.5,142.3989675,GLIMB,0.28,12,5000,2,500
12128,0.55,138.1257533,GLIMB,0.28,12,5000,2,500
12129,0.6,133.8093675,GLIMB,0.28,12,5000,2,500
12130,0.65,129.4771881,GLIMB,0.28,12,5000,2,500
12131,0.7,125.1406243,GLIMB,0.28,12,5000,2,500
12132,0.75,120.7928658,GLIMB,0.28,12,5000,2,500
12133,0.8,116.4397441,GLIMB,0.28,12,5000,2,500
12134,0.85,112.0953545,GLIMB,0.28,12,5000,2,500
12135,0.9,107.7628429,GLIMB,0.28,12,5000,2,500
12140,0.95,103.433862,GLIMB,0.28,12,5000,2,500
12141,1,99.0866824,GLIMB,0.28,12,5000,2,500
12142,1.05,94.7586145,GLIMB,0.28,12,5000,2,500
12144,1.1,90.51609663,GLIMB,0.28,12,5000,2,500
12145,1.15,86.42166513,GLIMB,0.28,12,5000,2,500
12146,1.2,82.56347506,GLIMB,0.28,12,5000,2,500
12147,1.25,79.04811365,GLIMB,0.28,12,5000,2,500
12148,1.3,75.98899722,GLIMB,0.28,12,5000,2,500
12149,1.35,73.48317193,GLIMB,0.28,12,5000,2,500
12150,1.4,71.59037843,GLIMB,0.28,12,5000,2,500
12151,1.45,70.34117823,GLIMB,0.28,12,5000,2,500
12156,1.5,69.68168172,GLIMB,0.28,12,5000,2,500
12159,1.55,69.40505327,GLIMB,0.28,12,5000,2,500
12160,1.6,69.24483459,GLIMB,0.28,12,5000,2,500
12162,1.65,69.01328685,GLIMB,0.28,12,5000,2,500
12170,1.7,68.68021257,GLIMB,0.28,12,5000,2,500
12174,1.75,68.20527084,GLIMB,0.28,12,5000,2,500
12175,1.8,67.52635054,GLIMB,0.28,12,5000,2,500
12176,1.85,66.61335151,GLIMB,0.28,12,5000,2,500
12177,1.9,65.45242404,GLIMB,0.28,12,5000,2,500
12180,1.95,64.04439574,GLIMB,0.28,12,5000,2,500
12182,2,62.40427973,GLIMB,0.28,12,5000,2,500
12185,2.05,60.5384627,GLIMB,0.28,12,5000,2,500
12188,2.1,58.48119439,GLIMB,0.28,12,5000,2,500
12190,2.15,56.29007956,GLIMB,0.28,12,5000,2,500
12195,2.2,54.03463786,GLIMB,0.28,12,5000,2,500
12196,2.25,51.76791406,GLIMB,0.28,12,5000,2,500
12197,2.3,49.56382328,GLIMB,0.28,12,5000,2,500
12200,2.35,47.51716614,GLIMB,0.28,12,5000,2,500
12201,2.4,45.69049603,GLIMB,0.28,12,5000,2,500
12203,2.45,44.09274576,GLIMB,0.28,12,5000,2,500
12204,2.5,42.7030601,GLIMB,0.28,12,5000,2,500
12205,2.55,41.47032318,GLIMB,0.28,12,5000,2,500
12207,2.6,40.30841899,GLIMB,0.28,12,5000,2,500
12208,2.65,39.13643931,GLIMB,0.28,12,5000,2,500
12210,2.7,37.92089056,GLIMB,0.28,12,5000,2,500
12213,2.75,36.68928558,GLIMB,0.28,12,5000,2,500
12214,2.8,35.45372152,GLIMB,0.28,12,5000,2,500
12217,2.85,34.20292861,GLIMB,0.28,12,5000,2,500
12218,2.9,32.94128166,GLIMB,0.28,12,5000,2,500
12219,2.95,31.69275481,GLIMB,0.28,12,5000,2,500
12222,3,30.48255961,GLIMB,0.28,12,5000,2,500
12225,3.05,29.32515191,GLIMB,0.28,12,5000,2,500
12226,3.1,28.22168734,GLIMB,0.28,12,5000,2,500
12228,3.15,27.17327823,GLIMB,0.28,12,5000,2,500
12229,3.2,26.17258405,GLIMB,0.28,12,5000,2,500
12230,3.25,25.21433915,GLIMB,0.28,12,5000,2,500
12231,3.3,24.29699964,GLIMB,0.28,12,5000,2,500
12232,3.35,23.41777382,GLIMB,0.28,12,5000,2,500
12233,3.4,22.57167909,GLIMB,0.28,12,5000,2,500
12235,3.45,21.75724155,GLIMB,0.28,12,5000,2,500
12237,3.5,20.98631078,GLIMB,0.28,12,5000,2,500
12241,3.55,20.26853736,GLIMB,0.28,12,5000,2,500
12242,3.6,19.59763938,GLIMB,0.28,12,5000,2,500
12244,3.65,18.96781982,GLIMB,0.28,12,5000,2,500
12245,3.7,18.37542416,GLIMB,0.28,12,5000,2,500
12246,3.75,17.81985868,GLIMB,0.28,12,5000,2,500
12247,3.8,17.29965105,GLIMB,0.28,12,5000,2,500
12249,3.85,16.80886836,GLIMB,0.28,12,5000,2,500
12250,3.9,16.34038694,GLIMB,0.28,12,5000,2,500
12251,3.95,15.89313986,GLIMB,0.28,12,5000,2,500
12253,4,15.46986398,GLIMB,0.28,12,5000,2,500
12255,4.05,15.07387553,GLIMB,0.28,12,5000,2,500
12256,4.1,14.70656505,GLIMB,0.28,12,5000,2,500
12257,4.15,14.36643236,GLIMB,0.28,12,5000,2,500
12259,4.2,14.04751097,GLIMB,0.28,12,5000,2,500
12260,4.25,13.73884404,GLIMB,0.28,12,5000,2,500
12261,4.3,13.43016521,GLIMB,0.28,12,5000,2,500
12262,4.35,13.11719958,GLIMB,0.28,12,5000,2,500
12263,4.4,12.79977839,GLIMB,0.28,12,5000,2,500
12265,4.45,12.47940989,GLIMB,0.28,12,5000,2,500
12266,4.5,12.15931982,GLIMB,0.28,12,5000,2,500
12267,4.55,11.84168764,GLIMB,0.28,12,5000,2,500
12269,4.6,11.52752685,GLIMB,0.28,12,5000,2,500
12270,4.65,11.21946715,GLIMB,0.28,12,5000,2,500
12272,4.7,10.91988498,GLIMB,0.28,12,5000,2,500
12273,4.75,10.62925001,GLIMB,0.28,12,5000,2,500
12274,4.8,10.34777372,GLIMB,0.28,12,5000,2,500
12275,4.85,10.07491775,GLIMB,0.28,12,5000,2,500
12276,4.9,9.808368763,GLIMB,0.28,12,5000,2,500
12277,4.95,9.545471127,GLIMB,0.28,12,5000,2,500
12278,5,9.284292585,GLIMB,0.28,12,5000,2,500
12279,5.05,9.02340312,GLIMB,0.28,12,5000,2,500
12280,5.1,8.762685479,GLIMB,0.28,12,5000,2,500
12281,5.15,8.502083612,GLIMB,0.28,12,5000,2,500
12282,5.2,8.241286762,GLIMB,0.28,12,5000,2,500
12284,5.25,7.980192016,GLIMB,0.28,12,5000,2,500
12285,5.3,7.719025908,GLIMB,0.28,12,5000,2,500
12286,5.35,7.458010226,GLIMB,0.28,12,5000,2,500
12287,5.4,7.197575772,GLIMB,0.28,12,5000,2,500
12288,5.45,6.938393444,GLIMB,0.28,12,5000,2,500
12289,5.5,6.6810181,GLIMB,0.28,12,5000,2,500
12290,5.55,6.425930777,GLIMB,0.28,12,5000,2,500
12291,5.6,6.173566674,GLIMB,0.28,12,5000,2,500
12292,5.65,5.924977435,GLIMB,0.28,12,5000,2,500
12293,5.7,5.681177877,GLIMB,0.28,12,5000,2,500
12294,5.75,5.442508355,GLIMB,0.28,12,5000,2,500
12295,5.8,5.209043226,GLIMB,0.28,12,5000,2,500
12298,5.85,4.980245346,GLIMB,0.28,12,5000,2,500
12299,5.9,4.754556308,GLIMB,0.28,12,5000,2,500
12300,5.95,4.531112309,GLIMB,0.28,12,5000,2,500
12301,6,4.309889429,GLIMB,0.28,12,5000,2,500
12302,6.05,4.091428521,GLIMB,0.28,12,5000,2,500
12303,6.1,3.876325304,GLIMB,0.28,12,5000,2,500
12304,6.15,3.665208937,GLIMB,0.28,12,5000,2,500
12305,6.2,3.45855444,GLIMB,0.28,12,5000,2,500
12306,6.25,3.256413756,GLIMB,0.28,12,5000,2,500
12307,6.3,3.058524124,GLIMB,0.28,12,5000,2,500
12308,6.35,2.865256938,GLIMB,0.28,12,5000,2,500
12309,6.4,2.676920846,GLIMB,0.28,12,5000,2,500
12310,6.45,2.493168532,GLIMB,0.28,12,5000,2,500
12311,6.5,2.312888771,GLIMB,0.28,12,5000,2,500
12312,6.55,2.13527001,GLIMB,0.28,12,5000,2,500
12313,6.6,1.96048794,GLIMB,0.28,12,5000,2,500
12314,6.65,1.788925678,GLIMB,0.28,12,5000,2,500
12315,6.7,1.62085897,GLIMB,0.28,12,5000,2,500
12316,6.75,1.456536981,GLIMB,0.28,12,5000,2,500
12317,6.8,1.29632798,GLIMB,0.28,12,5000,2,500
12318,6.85,1.140723474,GLIMB,0.28,12,5000,2,500
12322,-0.1,175.818665,GloGEMflow,0.17,12,5000,2,500
12323,-0.05,173.2514248,GloGEMflow,0.17,12,5000,2,500
12324,0,170.4807147,GloGEMflow,0.17,12,5000,2,500
12325,0.05,167.4748038,GloGEMflow,0.17,12,5000,2,500
12327,0.1,164.2756124,GloGEMflow,0.17,12,5000,2,500
12329,0.15,161.0649239,GloGEMflow,0.17,12,5000,2,500
12331,0.2,157.8176521,GloGEMflow,0.17,12,5000,2,500
12334,0.25,154.3494414,GloGEMflow,0.17,12,5000,2,500
12336,0.3,150.4883728,GloGEMflow,0.17,12,5000,2,500
12338,0.35,146.2067738,GloGEMflow,0.17,12,5000,2,500
12344,0.4,141.5447052,GloGEMflow,0.17,12,5000,2,500
12345,0.45,136.4762623,GloGEMflow,0.17,12,5000,2,500
12347,0.5,131.0974256,GloGEMflow,0.17,12,5000,2,500
12348,0.55,125.6038639,GloGEMflow,0.17,12,5000,2,500
12349,0.6,120.1148506,GloGEMflow,0.17,12,5000,2,500
12350,0.65,114.6675607,GloGEMflow,0.17,12,5000,2,500
12351,0.7,109.3395669,GloGEMflow,0.17,12,5000,2,500
12352,0.75,104.2407382,GloGEMflow,0.17,12,5000,2,500
12353,0.8,99.52674651,GloGEMflow,0.17,12,5000,2,500
12354,0.85,95.52741076,GloGEMflow,0.17,12,5000,2,500
12355,0.9,92.43189035,GloGEMflow,0.17,12,5000,2,500
12360,0.95,89.93996818,GloGEMflow,0.17,12,5000,2,500
12361,1,87.53131905,GloGEMflow,0.17,12,5000,2,500
12362,1.05,84.63147246,GloGEMflow,0.17,12,5000,2,500
12364,1.1,81.21275405,GloGEMflow,0.17,12,5000,2,500
12365,1.15,77.6304593,GloGEMflow,0.17,12,5000,2,500
12366,1.2,74.02174897,GloGEMflow,0.17,12,5000,2,500
12367,1.25,70.38755852,GloGEMflow,0.17,12,5000,2,500
12368,1.3,66.85502818,GloGEMflow,0.17,12,5000,2,500
12369,1.35,63.47634888,GloGEMflow,0.17,12,5000,2,500
12370,1.4,60.23732813,GloGEMflow,0.17,12,5000,2,500
12371,1.45,57.31662849,GloGEMflow,0.17,12,5000,2,500
12376,1.5,55.02262262,GloGEMflow,0.17,12,5000,2,500
12379,1.55,53.41887824,GloGEMflow,0.17,12,5000,2,500
12380,1.6,52.42439665,GloGEMflow,0.17,12,5000,2,500
12382,1.65,51.86545917,GloGEMflow,0.17,12,5000,2,500
12390,1.7,51.27783923,GloGEMflow,0.17,12,5000,2,500
12394,1.75,50.17312326,GloGEMflow,0.17,12,5000,2,500
12395,1.8,48.62439212,GloGEMflow,0.17,12,5000,2,500
12396,1.85,46.90395545,GloGEMflow,0.17,12,5000,2,500
12397,1.9,45.17312986,GloGEMflow,0.17,12,5000,2,500
12400,1.95,43.34435142,GloGEMflow,0.17,12,5000,2,500
12402,2,41.2523146,GloGEMflow,0.17,12,5000,2,500
12405,2.05,38.97619202,GloGEMflow,0.17,12,5000,2,500
12408,2.1,36.80586382,GloGEMflow,0.17,12,5000,2,500
12410,2.15,34.77030584,GloGEMflow,0.17,12,5000,2,500
12415,2.2,32.8507554,GloGEMflow,0.17,12,5000,2,500
12416,2.25,30.96506145,GloGEMflow,0.17,12,5000,2,500
12417,2.3,29.24455875,GloGEMflow,0.17,12,5000,2,500
12420,2.35,27.78006789,GloGEMflow,0.17,12,5000,2,500
12421,2.4,26.47973103,GloGEMflow,0.17,12,5000,2,500
12423,2.45,25.29587308,GloGEMflow,0.17,12,5000,2,500
12424,2.5,24.23382882,GloGEMflow,0.17,12,5000,2,500
12425,2.55,23.2406444,GloGEMflow,0.17,12,5000,2,500
12427,2.6,22.27568968,GloGEMflow,0.17,12,5000,2,500
12428,2.65,21.34151605,GloGEMflow,0.17,12,5000,2,500
12430,2.7,20.39778708,GloGEMflow,0.17,12,5000,2,500
12433,2.75,19.35035896,GloGEMflow,0.17,12,5000,2,500
12434,2.8,18.20749548,GloGEMflow,0.17,12,5000,2,500
12437,2.85,17.0874211,GloGEMflow,0.17,12,5000,2,500
12438,2.9,16.10302453,GloGEMflow,0.17,12,5000,2,500
12439,2.95,15.289838,GloGEMflow,0.17,12,5000,2,500
12442,3,14.5953741,GloGEMflow,0.17,12,5000,2,500
12445,3.05,13.9801041,GloGEMflow,0.17,12,5000,2,500
12446,3.1,13.39281589,GloGEMflow,0.17,12,5000,2,500
12448,3.15,12.79401526,GloGEMflow,0.17,12,5000,2,500
12449,3.2,12.18166184,GloGEMflow,0.17,12,5000,2,500
12450,3.25,11.54653331,GloGEMflow,0.17,12,5000,2,500
12451,3.3,10.89255006,GloGEMflow,0.17,12,5000,2,500
12452,3.35,10.22041531,GloGEMflow,0.17,12,5000,2,500
12453,3.4,9.518304334,GloGEMflow,0.17,12,5000,2,500
12455,3.45,8.817235255,GloGEMflow,0.17,12,5000,2,500
12457,3.5,8.175728697,GloGEMflow,0.17,12,5000,2,500
12461,3.55,7.642029961,GloGEMflow,0.17,12,5000,2,500
12462,3.6,7.217111057,GloGEMflow,0.17,12,5000,2,500
12464,3.65,6.889565764,GloGEMflow,0.17,12,5000,2,500
12465,3.7,6.635606819,GloGEMflow,0.17,12,5000,2,500
12466,3.75,6.434245369,GloGEMflow,0.17,12,5000,2,500
12467,3.8,6.268610646,GloGEMflow,0.17,12,5000,2,500
12469,3.85,6.122958194,GloGEMflow,0.17,12,5000,2,500
12470,3.9,5.979987706,GloGEMflow,0.17,12,5000,2,500
12471,3.95,5.825827903,GloGEMflow,0.17,12,5000,2,500
12473,4,5.662645763,GloGEMflow,0.17,12,5000,2,500
12475,4.05,5.49929146,GloGEMflow,0.17,12,5000,2,500
12476,4.1,5.338608764,GloGEMflow,0.17,12,5000,2,500
12477,4.15,5.177555716,GloGEMflow,0.17,12,5000,2,500
12479,4.2,5.015314508,GloGEMflow,0.17,12,5000,2,500
12480,4.25,4.853343238,GloGEMflow,0.17,12,5000,2,500
12481,4.3,4.690872297,GloGEMflow,0.17,12,5000,2,500
12482,4.35,4.532013642,GloGEMflow,0.17,12,5000,2,500
12483,4.4,4.38193947,GloGEMflow,0.17,12,5000,2,500
12485,4.45,4.243427783,GloGEMflow,0.17,12,5000,2,500
12486,4.5,4.114640179,GloGEMflow,0.17,12,5000,2,500
12487,4.55,3.989615046,GloGEMflow,0.17,12,5000,2,500
12489,4.6,3.864829385,GloGEMflow,0.17,12,5000,2,500
12490,4.65,3.736215873,GloGEMflow,0.17,12,5000,2,500
12492,4.7,3.602245476,GloGEMflow,0.17,12,5000,2,500
12493,4.75,3.462878705,GloGEMflow,0.17,12,5000,2,500
12494,4.8,3.319920477,GloGEMflow,0.17,12,5000,2,500
12495,4.85,3.176950435,GloGEMflow,0.17,12,5000,2,500
12496,4.9,3.0363972,GloGEMflow,0.17,12,5000,2,500
12497,4.95,2.900456078,GloGEMflow,0.17,12,5000,2,500
12498,5,2.771057012,GloGEMflow,0.17,12,5000,2,500
12499,5.05,2.647346935,GloGEMflow,0.17,12,5000,2,500
12500,5.1,2.525362386,GloGEMflow,0.17,12,5000,2,500
12501,5.15,2.40182198,GloGEMflow,0.17,12,5000,2,500
12502,5.2,2.276687862,GloGEMflow,0.17,12,5000,2,500
12504,5.25,2.152096785,GloGEMflow,0.17,12,5000,2,500
12505,5.3,2.03214765,GloGEMflow,0.17,12,5000,2,500
12506,5.35,1.91970146,GloGEMflow,0.17,12,5000,2,500
12507,5.4,1.814899279,GloGEMflow,0.17,12,5000,2,500
12508,5.45,1.717490126,GloGEMflow,0.17,12,5000,2,500
12509,5.5,1.626463135,GloGEMflow,0.17,12,5000,2,500
12510,5.55,1.54153887,GloGEMflow,0.17,12,5000,2,500
12511,5.6,1.46222971,GloGEMflow,0.17,12,5000,2,500
12512,5.65,1.387596984,GloGEMflow,0.17,12,5000,2,500
12513,5.7,1.315371059,GloGEMflow,0.17,12,5000,2,500
12514,5.75,1.244990441,GloGEMflow,0.17,12,5000,2,500
12515,5.8,1.176416924,GloGEMflow,0.17,12,5000,2,500
12518,5.85,1.109142816,GloGEMflow,0.17,12,5000,2,500
12519,5.9,1.042559562,GloGEMflow,0.17,12,5000,2,500
12520,5.95,0.976695786,GloGEMflow,0.17,12,5000,2,500
12521,6,0.911986024,GloGEMflow,0.17,12,5000,2,500
12522,6.05,0.849029975,GloGEMflow,0.17,12,5000,2,500
12523,6.1,0.788415862,GloGEMflow,0.17,12,5000,2,500
12524,6.15,0.730597316,GloGEMflow,0.17,12,5000,2,500
12525,6.2,0.676080974,GloGEMflow,0.17,12,5000,2,500
12526,6.25,0.625730225,GloGEMflow,0.17,12,5000,2,500
12527,6.3,0.579920052,GloGEMflow,0.17,12,5000,2,500
12528,6.35,0.538346858,GloGEMflow,0.17,12,5000,2,500
12529,6.4,0.500971491,GloGEMflow,0.17,12,5000,2,500
12530,6.45,0.467596124,GloGEMflow,0.17,12,5000,2,500
12531,6.5,0.437680558,GloGEMflow,0.17,12,5000,2,500
12532,6.55,0.410169664,GloGEMflow,0.17,12,5000,2,500
12533,6.6,0.383906705,GloGEMflow,0.17,12,5000,2,500
12534,6.65,0.357636587,GloGEMflow,0.17,12,5000,2,500
12535,6.7,0.330073143,GloGEMflow,0.17,12,5000,2,500
12536,6.75,0.300072144,GloGEMflow,0.17,12,5000,2,500
12537,6.8,0.26682587,GloGEMflow,0.17,12,5000,2,500
12538,6.85,0.230139243,GloGEMflow,0.17,12,5000,2,500
12542,-0.1,198.5488581,GloGEMflow3D,0.19,12,5000,2,500
12543,-0.05,193.5246795,GloGEMflow3D,0.19,12,5000,2,500
12544,0,188.4440044,GloGEMflow3D,0.19,12,5000,2,500
12545,0.05,183.5246982,GloGEMflow3D,0.19,12,5000,2,500
12547,0.1,178.9201092,GloGEMflow3D,0.19,12,5000,2,500
12549,0.15,174.6036191,GloGEMflow3D,0.19,12,5000,2,500
12551,0.2,170.3471336,GloGEMflow3D,0.19,12,5000,2,500
12554,0.25,165.9975989,GloGEMflow3D,0.19,12,5000,2,500
12556,0.3,161.4411032,GloGEMflow3D,0.19,12,5000,2,500
12558,0.35,156.5932624,GloGEMflow3D,0.19,12,5000,2,500
12564,0.4,151.4191715,GloGEMflow3D,0.19,12,5000,2,500
12565,0.45,145.940016,GloGEMflow3D,0.19,12,5000,2,500
12567,0.5,140.2842493,GloGEMflow3D,0.19,12,5000,2,500
12568,0.55,134.5744192,GloGEMflow3D,0.19,12,5000,2,500
12569,0.6,128.851708,GloGEMflow3D,0.19,12,5000,2,500
12570,0.65,123.0848954,GloGEMflow3D,0.19,12,5000,2,500
12571,0.7,117.1949222,GloGEMflow3D,0.19,12,5000,2,500
12572,0.75,111.0997997,GloGEMflow3D,0.19,12,5000,2,500
12573,0.8,104.8182746,GloGEMflow3D,0.19,12,5000,2,500
12574,0.85,98.49278847,GloGEMflow3D,0.19,12,5000,2,500
12575,0.9,92.48770399,GloGEMflow3D,0.19,12,5000,2,500
12580,0.95,87.20571849,GloGEMflow3D,0.19,12,5000,2,500
12581,1,82.74904154,GloGEMflow3D,0.19,12,5000,2,500
12582,1.05,78.83158421,GloGEMflow3D,0.19,12,5000,2,500
12584,1.1,75.16615106,GloGEMflow3D,0.19,12,5000,2,500
12585,1.15,71.56421313,GloGEMflow3D,0.19,12,5000,2,500
12586,1.2,67.98965524,GloGEMflow3D,0.19,12,5000,2,500
12587,1.25,64.45774363,GloGEMflow3D,0.19,12,5000,2,500
12588,1.3,61.00045699,GloGEMflow3D,0.19,12,5000,2,500
12589,1.35,57.65185605,GloGEMflow3D,0.19,12,5000,2,500
12590,1.4,54.4859969,GloGEMflow3D,0.19,12,5000,2,500
12591,1.45,51.67438332,GloGEMflow3D,0.19,12,5000,2,500
12596,1.5,49.48581211,GloGEMflow3D,0.19,12,5000,2,500
12599,1.55,48.06801351,GloGEMflow3D,0.19,12,5000,2,500
12600,1.6,47.26780926,GloGEMflow3D,0.19,12,5000,2,500
12602,1.65,46.81865138,GloGEMflow3D,0.19,12,5000,2,500
12610,1.7,46.37498274,GloGEMflow3D,0.19,12,5000,2,500
12614,1.75,45.81731359,GloGEMflow3D,0.19,12,5000,2,500
12615,1.8,45.16634525,GloGEMflow3D,0.19,12,5000,2,500
12616,1.85,44.37442613,GloGEMflow3D,0.19,12,5000,2,500
12617,1.9,43.26874565,GloGEMflow3D,0.19,12,5000,2,500
12620,1.95,41.68166051,GloGEMflow3D,0.19,12,5000,2,500
12622,2,39.53479256,GloGEMflow3D,0.19,12,5000,2,500
12625,2.05,36.95225973,GloGEMflow3D,0.19,12,5000,2,500
12628,2.1,34.28584399,GloGEMflow3D,0.19,12,5000,2,500
12630,2.15,31.8676569,GloGEMflow3D,0.19,12,5000,2,500
12635,2.2,29.73003968,GloGEMflow3D,0.19,12,5000,2,500
12636,2.25,27.66953437,GloGEMflow3D,0.19,12,5000,2,500
12637,2.3,25.76668578,GloGEMflow3D,0.19,12,5000,2,500
12640,2.35,24.21531316,GloGEMflow3D,0.19,12,5000,2,500
12641,2.4,23.07901851,GloGEMflow3D,0.19,12,5000,2,500
12643,2.45,22.24020821,GloGEMflow3D,0.19,12,5000,2,500
12644,2.5,21.55951564,GloGEMflow3D,0.19,12,5000,2,500
12645,2.55,20.93274824,GloGEMflow3D,0.19,12,5000,2,500
12647,2.6,20.28737235,GloGEMflow3D,0.19,12,5000,2,500
12648,2.65,19.57973549,GloGEMflow3D,0.19,12,5000,2,500
12650,2.7,18.78628674,GloGEMflow3D,0.19,12,5000,2,500
12653,2.75,17.92017215,GloGEMflow3D,0.19,12,5000,2,500
12654,2.8,17.02053572,GloGEMflow3D,0.19,12,5000,2,500
12657,2.85,16.0837225,GloGEMflow3D,0.19,12,5000,2,500
12658,2.9,15.13832347,GloGEMflow3D,0.19,12,5000,2,500
12659,2.95,14.27152985,GloGEMflow3D,0.19,12,5000,2,500
12662,3,13.49698807,GloGEMflow3D,0.19,12,5000,2,500
12665,3.05,12.79537783,GloGEMflow3D,0.19,12,5000,2,500
12666,3.1,12.13728675,GloGEMflow3D,0.19,12,5000,2,500
12668,3.15,11.51731411,GloGEMflow3D,0.19,12,5000,2,500
12669,3.2,10.93960487,GloGEMflow3D,0.19,12,5000,2,500
12670,3.25,10.38253453,GloGEMflow3D,0.19,12,5000,2,500
12671,3.3,9.834211802,GloGEMflow3D,0.19,12,5000,2,500
12672,3.35,9.300385947,GloGEMflow3D,0.19,12,5000,2,500
12673,3.4,8.78819937,GloGEMflow3D,0.19,12,5000,2,500
12675,3.45,8.290631482,GloGEMflow3D,0.19,12,5000,2,500
12677,3.5,7.798531621,GloGEMflow3D,0.19,12,5000,2,500
12681,3.55,7.336809156,GloGEMflow3D,0.19,12,5000,2,500
12682,3.6,6.931128731,GloGEMflow3D,0.19,12,5000,2,500
12684,3.65,6.57620988,GloGEMflow3D,0.19,12,5000,2,500
12685,3.7,6.271448929,GloGEMflow3D,0.19,12,5000,2,500
12686,3.75,6.021298195,GloGEMflow3D,0.19,12,5000,2,500
12687,3.8,5.822021995,GloGEMflow3D,0.19,12,5000,2,500
12689,3.85,5.658295236,GloGEMflow3D,0.19,12,5000,2,500
12690,3.9,5.519293247,GloGEMflow3D,0.19,12,5000,2,500
12691,3.95,5.394280046,GloGEMflow3D,0.19,12,5000,2,500
12693,4,5.274591458,GloGEMflow3D,0.19,12,5000,2,500
12695,4.05,5.152675703,GloGEMflow3D,0.19,12,5000,2,500
12696,4.1,5.020699253,GloGEMflow3D,0.19,12,5000,2,500
12697,4.15,4.8751291,GloGEMflow3D,0.19,12,5000,2,500
12699,4.2,4.720115209,GloGEMflow3D,0.19,12,5000,2,500
12700,4.25,4.559812327,GloGEMflow3D,0.19,12,5000,2,500
12701,4.3,4.394996037,GloGEMflow3D,0.19,12,5000,2,500
12702,4.35,4.229755606,GloGEMflow3D,0.19,12,5000,2,500
12703,4.4,4.068692323,GloGEMflow3D,0.19,12,5000,2,500
12705,4.45,3.911993164,GloGEMflow3D,0.19,12,5000,2,500
12706,4.5,3.758563069,GloGEMflow3D,0.19,12,5000,2,500
12707,4.55,3.611390317,GloGEMflow3D,0.19,12,5000,2,500
12709,4.6,3.47378532,GloGEMflow3D,0.19,12,5000,2,500
12710,4.65,3.344229827,GloGEMflow3D,0.19,12,5000,2,500
12712,4.7,3.219201683,GloGEMflow3D,0.19,12,5000,2,500
12713,4.75,3.095201212,GloGEMflow3D,0.19,12,5000,2,500
12714,4.8,2.972968602,GloGEMflow3D,0.19,12,5000,2,500
12715,4.85,2.853901885,GloGEMflow3D,0.19,12,5000,2,500
12716,4.9,2.738505189,GloGEMflow3D,0.19,12,5000,2,500
12717,4.95,2.626443362,GloGEMflow3D,0.19,12,5000,2,500
12718,5,2.517703913,GloGEMflow3D,0.19,12,5000,2,500
12719,5.05,2.411213698,GloGEMflow3D,0.19,12,5000,2,500
12720,5.1,2.304766189,GloGEMflow3D,0.19,12,5000,2,500
12721,5.15,2.198529594,GloGEMflow3D,0.19,12,5000,2,500
12722,5.2,2.093419761,GloGEMflow3D,0.19,12,5000,2,500
12724,5.25,1.990130789,GloGEMflow3D,0.19,12,5000,2,500
12725,5.3,1.889368871,GloGEMflow3D,0.19,12,5000,2,500
12726,5.35,1.791906169,GloGEMflow3D,0.19,12,5000,2,500
12727,5.4,1.69791233,GloGEMflow3D,0.19,12,5000,2,500
12728,5.45,1.606768004,GloGEMflow3D,0.19,12,5000,2,500
12729,5.5,1.518144834,GloGEMflow3D,0.19,12,5000,2,500
12730,5.55,1.431431381,GloGEMflow3D,0.19,12,5000,2,500
12731,5.6,1.346040031,GloGEMflow3D,0.19,12,5000,2,500
12732,5.65,1.262158482,GloGEMflow3D,0.19,12,5000,2,500
12733,5.7,1.180213566,GloGEMflow3D,0.19,12,5000,2,500
12734,5.75,1.100661644,GloGEMflow3D,0.19,12,5000,2,500
12735,5.8,1.023813673,GloGEMflow3D,0.19,12,5000,2,500
12738,5.85,0.949707688,GloGEMflow3D,0.19,12,5000,2,500
12739,5.9,0.87850212,GloGEMflow3D,0.19,12,5000,2,500
12740,5.95,0.810186998,GloGEMflow3D,0.19,12,5000,2,500
12741,6,0.744293759,GloGEMflow3D,0.19,12,5000,2,500
12742,6.05,0.681124679,GloGEMflow3D,0.19,12,5000,2,500
12743,6.1,0.621043939,GloGEMflow3D,0.19,12,5000,2,500
12744,6.15,0.563790467,GloGEMflow3D,0.19,12,5000,2,500
12745,6.2,0.50885735,GloGEMflow3D,0.19,12,5000,2,500
12746,6.25,0.456584445,GloGEMflow3D,0.19,12,5000,2,500
12747,6.3,0.407426733,GloGEMflow3D,0.19,12,5000,2,500
12748,6.35,0.361739181,GloGEMflow3D,0.19,12,5000,2,500
12749,6.4,0.319508524,GloGEMflow3D,0.19,12,5000,2,500
12750,6.45,0.280708065,GloGEMflow3D,0.19,12,5000,2,500
12751,6.5,0.245180374,GloGEMflow3D,0.19,12,5000,2,500
12752,6.55,0.212694952,GloGEMflow3D,0.19,12,5000,2,500
12753,6.6,0.18280308,GloGEMflow3D,0.19,12,5000,2,500
12754,6.65,0.154921816,GloGEMflow3D,0.19,12,5000,2,500
12755,6.7,0.128559251,GloGEMflow3D,0.19,12,5000,2,500
12756,6.75,0.103272176,GloGEMflow3D,0.19,12,5000,2,500
12757,6.8,0.078631131,GloGEMflow3D,0.19,12,5000,2,500
12758,6.85,0.054189142,GloGEMflow3D,0.19,12,5000,2,500
12762,-0.1,249.8740775,OGGM_v16,0.19,12,5000,2,500
12763,-0.05,245.5027556,OGGM_v16,0.19,12,5000,2,500
12764,0,241.1978968,OGGM_v16,0.19,12,5000,2,500
12765,0.05,236.860806,OGGM_v16,0.19,12,5000,2,500
12767,0.1,232.5358598,OGGM_v16,0.19,12,5000,2,500
12769,0.15,228.2024734,OGGM_v16,0.19,12,5000,2,500
12771,0.2,223.7227451,OGGM_v16,0.19,12,5000,2,500
12774,0.25,218.9137612,OGGM_v16,0.19,12,5000,2,500
12776,0.3,213.6088745,OGGM_v16,0.19,12,5000,2,500
12778,0.35,207.7353141,OGGM_v16,0.19,12,5000,2,500
12784,0.4,201.3193459,OGGM_v16,0.19,12,5000,2,500
12785,0.45,194.3888239,OGGM_v16,0.19,12,5000,2,500
12787,0.5,187.0186025,OGGM_v16,0.19,12,5000,2,500
12788,0.55,179.2847633,OGGM_v16,0.19,12,5000,2,500
12789,0.6,171.200407,OGGM_v16,0.19,12,5000,2,500
12790,0.65,162.7080463,OGGM_v16,0.19,12,5000,2,500
12791,0.7,153.7151572,OGGM_v16,0.19,12,5000,2,500
12792,0.75,144.1556651,OGGM_v16,0.19,12,5000,2,500
12793,0.8,134.1021321,OGGM_v16,0.19,12,5000,2,500
12794,0.85,123.8140765,OGGM_v16,0.19,12,5000,2,500
12795,0.9,113.6814064,OGGM_v16,0.19,12,5000,2,500
12800,0.95,104.3321274,OGGM_v16,0.19,12,5000,2,500
12801,1,96.20257231,OGGM_v16,0.19,12,5000,2,500
12802,1.05,88.95661308,OGGM_v16,0.19,12,5000,2,500
12804,1.1,82.69927332,OGGM_v16,0.19,12,5000,2,500
12805,1.15,77.22559108,OGGM_v16,0.19,12,5000,2,500
12806,1.2,72.19011207,OGGM_v16,0.19,12,5000,2,500
12807,1.25,67.46500653,OGGM_v16,0.19,12,5000,2,500
12808,1.3,62.95026345,OGGM_v16,0.19,12,5000,2,500
12809,1.35,58.62606721,OGGM_v16,0.19,12,5000,2,500
12810,1.4,54.66637679,OGGM_v16,0.19,12,5000,2,500
12811,1.45,51.33653002,OGGM_v16,0.19,12,5000,2,500
12816,1.5,48.82726758,OGGM_v16,0.19,12,5000,2,500
12819,1.55,47.17422522,OGGM_v16,0.19,12,5000,2,500
12820,1.6,46.26524466,OGGM_v16,0.19,12,5000,2,500
12822,1.65,45.74297767,OGGM_v16,0.19,12,5000,2,500
12830,1.7,45.26685328,OGGM_v16,0.19,12,5000,2,500
12834,1.75,44.80991004,OGGM_v16,0.19,12,5000,2,500
12835,1.8,44.41568406,OGGM_v16,0.19,12,5000,2,500
12836,1.85,43.91726447,OGGM_v16,0.19,12,5000,2,500
12837,1.9,43.08877114,OGGM_v16,0.19,12,5000,2,500
12840,1.95,41.63717129,OGGM_v16,0.19,12,5000,2,500
12842,2,39.34759889,OGGM_v16,0.19,12,5000,2,500
12845,2.05,36.4188546,OGGM_v16,0.19,12,5000,2,500
12848,2.1,33.45655293,OGGM_v16,0.19,12,5000,2,500
12850,2.15,30.93169479,OGGM_v16,0.19,12,5000,2,500
12855,2.2,28.77501918,OGGM_v16,0.19,12,5000,2,500
12856,2.25,26.62083341,OGGM_v16,0.19,12,5000,2,500
12857,2.3,24.61207479,OGGM_v16,0.19,12,5000,2,500
12860,2.35,22.92874547,OGGM_v16,0.19,12,5000,2,500
12861,2.4,21.590212,OGGM_v16,0.19,12,5000,2,500
12863,2.45,20.47534489,OGGM_v16,0.19,12,5000,2,500
12864,2.5,19.51433866,OGGM_v16,0.19,12,5000,2,500
12865,2.55,18.66795551,OGGM_v16,0.19,12,5000,2,500
12867,2.6,17.92964008,OGGM_v16,0.19,12,5000,2,500
12868,2.65,17.24414067,OGGM_v16,0.19,12,5000,2,500
12870,2.7,16.54789704,OGGM_v16,0.19,12,5000,2,500
12873,2.75,15.82208474,OGGM_v16,0.19,12,5000,2,500
12874,2.8,15.02614584,OGGM_v16,0.19,12,5000,2,500
12877,2.85,14.14798008,OGGM_v16,0.19,12,5000,2,500
12878,2.9,13.24765725,OGGM_v16,0.19,12,5000,2,500
12879,2.95,12.35634618,OGGM_v16,0.19,12,5000,2,500
12882,3,11.50404402,OGGM_v16,0.19,12,5000,2,500
12885,3.05,10.71676949,OGGM_v16,0.19,12,5000,2,500
12886,3.1,10.0008929,OGGM_v16,0.19,12,5000,2,500
12888,3.15,9.354697181,OGGM_v16,0.19,12,5000,2,500
12889,3.2,8.77642655,OGGM_v16,0.19,12,5000,2,500
12890,3.25,8.256088859,OGGM_v16,0.19,12,5000,2,500
12891,3.3,7.787975124,OGGM_v16,0.19,12,5000,2,500
12892,3.35,7.368093942,OGGM_v16,0.19,12,5000,2,500
12893,3.4,6.986989317,OGGM_v16,0.19,12,5000,2,500
12895,3.45,6.641102361,OGGM_v16,0.19,12,5000,2,500
12897,3.5,6.328214635,OGGM_v16,0.19,12,5000,2,500
12901,3.55,6.05465635,OGGM_v16,0.19,12,5000,2,500
12902,3.6,5.819330893,OGGM_v16,0.19,12,5000,2,500
12904,3.65,5.622577841,OGGM_v16,0.19,12,5000,2,500
12905,3.7,5.457912635,OGGM_v16,0.19,12,5000,2,500
12906,3.75,5.30737088,OGGM_v16,0.19,12,5000,2,500
12907,3.8,5.154079049,OGGM_v16,0.19,12,5000,2,500
12909,3.85,4.993910209,OGGM_v16,0.19,12,5000,2,500
12910,3.9,4.830903978,OGGM_v16,0.19,12,5000,2,500
12911,3.95,4.672085634,OGGM_v16,0.19,12,5000,2,500
12913,4,4.521340254,OGGM_v16,0.19,12,5000,2,500
12915,4.05,4.379862185,OGGM_v16,0.19,12,5000,2,500
12916,4.1,4.24157066,OGGM_v16,0.19,12,5000,2,500
12917,4.15,4.103539819,OGGM_v16,0.19,12,5000,2,500
12919,4.2,3.96269683,OGGM_v16,0.19,12,5000,2,500
12920,4.25,3.818565481,OGGM_v16,0.19,12,5000,2,500
12921,4.3,3.675632456,OGGM_v16,0.19,12,5000,2,500
12922,4.35,3.539704069,OGGM_v16,0.19,12,5000,2,500
12923,4.4,3.416061147,OGGM_v16,0.19,12,5000,2,500
12925,4.45,3.306708697,OGGM_v16,0.19,12,5000,2,500
12926,4.5,3.209564053,OGGM_v16,0.19,12,5000,2,500
12927,4.55,3.120195137,OGGM_v16,0.19,12,5000,2,500
12929,4.6,3.033043528,OGGM_v16,0.19,12,5000,2,500
12930,4.65,2.943472291,OGGM_v16,0.19,12,5000,2,500
12932,4.7,2.850851614,OGGM_v16,0.19,12,5000,2,500
12933,4.75,2.757477609,OGGM_v16,0.19,12,5000,2,500
12934,4.8,2.665488648,OGGM_v16,0.19,12,5000,2,500
12935,4.85,2.576056842,OGGM_v16,0.19,12,5000,2,500
12936,4.9,2.488957614,OGGM_v16,0.19,12,5000,2,500
12937,4.95,2.404538579,OGGM_v16,0.19,12,5000,2,500
12938,5,2.321538118,OGGM_v16,0.19,12,5000,2,500
12939,5.05,2.23720557,OGGM_v16,0.19,12,5000,2,500
12940,5.1,2.149200213,OGGM_v16,0.19,12,5000,2,500
12941,5.15,2.057032448,OGGM_v16,0.19,12,5000,2,500
12942,5.2,1.962417116,OGGM_v16,0.19,12,5000,2,500
12944,5.25,1.867419812,OGGM_v16,0.19,12,5000,2,500
12945,5.3,1.773860493,OGGM_v16,0.19,12,5000,2,500
12946,5.35,1.683372252,OGGM_v16,0.19,12,5000,2,500
12947,5.4,1.596634161,OGGM_v16,0.19,12,5000,2,500
12948,5.45,1.513813474,OGGM_v16,0.19,12,5000,2,500
12949,5.5,1.434943314,OGGM_v16,0.19,12,5000,2,500
12950,5.55,1.359610762,OGGM_v16,0.19,12,5000,2,500
12951,5.6,1.286718684,OGGM_v16,0.19,12,5000,2,500
12952,5.65,1.215782235,OGGM_v16,0.19,12,5000,2,500
12953,5.7,1.14663418,OGGM_v16,0.19,12,5000,2,500
12954,5.75,1.079333957,OGGM_v16,0.19,12,5000,2,500
12955,5.8,1.014170707,OGGM_v16,0.19,12,5000,2,500
12958,5.85,0.95181609,OGGM_v16,0.19,12,5000,2,500
12959,5.9,0.892832874,OGGM_v16,0.19,12,5000,2,500
12960,5.95,0.837505981,OGGM_v16,0.19,12,5000,2,500
12961,6,0.785735633,OGGM_v16,0.19,12,5000,2,500
12962,6.05,0.736933345,OGGM_v16,0.19,12,5000,2,500
12963,6.1,0.690226423,OGGM_v16,0.19,12,5000,2,500
12964,6.15,0.645253829,OGGM_v16,0.19,12,5000,2,500
12965,6.2,0.60243322,OGGM_v16,0.19,12,5000,2,500
12966,6.25,0.562078911,OGGM_v16,0.19,12,5000,2,500
12967,6.3,0.524040469,OGGM_v16,0.19,12,5000,2,500
12968,6.35,0.48765108,OGGM_v16,0.19,12,5000,2,500
12969,6.4,0.45229734,OGGM_v16,0.19,12,5000,2,500
12970,6.45,0.417476774,OGGM_v16,0.19,12,5000,2,500
12971,6.5,0.382508018,OGGM_v16,0.19,12,5000,2,500
12972,6.55,0.346693836,OGGM_v16,0.19,12,5000,2,500
12973,6.6,0.309273504,OGGM_v16,0.19,12,5000,2,500
12974,6.65,0.269564952,OGGM_v16,0.19,12,5000,2,500
12975,6.7,0.22717078,OGGM_v16,0.19,12,5000,2,500
12976,6.75,0.18197986,OGGM_v16,0.19,12,5000,2,500
12977,6.8,0.134569382,OGGM_v16,0.19,12,5000,2,500
12978,6.85,0.085911024,OGGM_v16,0.19,12,5000,2,500
12982,-0.1,250.0118384,PyGEM-OGGM_v13,0.21,12,5000,2,500
12983,-0.05,244.8290369,PyGEM-OGGM_v13,0.21,12,5000,2,500
12984,0,239.5646047,PyGEM-OGGM_v13,0.21,12,5000,2,500
12985,0.05,233.9520278,PyGEM-OGGM_v13,0.21,12,5000,2,500
12987,0.1,227.830118,PyGEM-OGGM_v13,0.21,12,5000,2,500
12989,0.15,221.1513667,PyGEM-OGGM_v13,0.21,12,5000,2,500
12991,0.2,213.9563365,PyGEM-OGGM_v13,0.21,12,5000,2,500
12994,0.25,206.3314033,PyGEM-OGGM_v13,0.21,12,5000,2,500
12996,0.3,198.2378598,PyGEM-OGGM_v13,0.21,12,5000,2,500
12998,0.35,189.5458642,PyGEM-OGGM_v13,0.21,12,5000,2,500
13004,0.4,180.3825729,PyGEM-OGGM_v13,0.21,12,5000,2,500
13005,0.45,170.9594177,PyGEM-OGGM_v13,0.21,12,5000,2,500
13007,0.5,161.4597612,PyGEM-OGGM_v13,0.21,12,5000,2,500
13008,0.55,152.0059804,PyGEM-OGGM_v13,0.21,12,5000,2,500
13009,0.6,142.6420994,PyGEM-OGGM_v13,0.21,12,5000,2,500
13010,0.65,133.386249,PyGEM-OGGM_v13,0.21,12,5000,2,500
13011,0.7,124.3165591,PyGEM-OGGM_v13,0.21,12,5000,2,500
13012,0.75,115.5343518,PyGEM-OGGM_v13,0.21,12,5000,2,500
13013,0.8,107.035567,PyGEM-OGGM_v13,0.21,12,5000,2,500
13014,0.85,98.84714978,PyGEM-OGGM_v13,0.21,12,5000,2,500
13015,0.9,91.0794612,PyGEM-OGGM_v13,0.21,12,5000,2,500
13020,0.95,83.84104361,PyGEM-OGGM_v13,0.21,12,5000,2,500
13021,1,77.28321615,PyGEM-OGGM_v13,0.21,12,5000,2,500
13022,1.05,71.61011143,PyGEM-OGGM_v13,0.21,12,5000,2,500
13024,1.1,66.85205542,PyGEM-OGGM_v13,0.21,12,5000,2,500
13025,1.15,62.74915189,PyGEM-OGGM_v13,0.21,12,5000,2,500
13026,1.2,58.9675222,PyGEM-OGGM_v13,0.21,12,5000,2,500
13027,1.25,55.41864115,PyGEM-OGGM_v13,0.21,12,5000,2,500
13028,1.3,52.02592575,PyGEM-OGGM_v13,0.21,12,5000,2,500
13029,1.35,48.70800657,PyGEM-OGGM_v13,0.21,12,5000,2,500
13030,1.4,45.43889242,PyGEM-OGGM_v13,0.21,12,5000,2,500
13031,1.45,42.29240151,PyGEM-OGGM_v13,0.21,12,5000,2,500
13036,1.5,39.53827178,PyGEM-OGGM_v13,0.21,12,5000,2,500
13039,1.55,37.48390492,PyGEM-OGGM_v13,0.21,12,5000,2,500
13040,1.6,36.24188821,PyGEM-OGGM_v13,0.21,12,5000,2,500
13042,1.65,35.65572128,PyGEM-OGGM_v13,0.21,12,5000,2,500
13050,1.7,35.36300841,PyGEM-OGGM_v13,0.21,12,5000,2,500
13054,1.75,35.10635575,PyGEM-OGGM_v13,0.21,12,5000,2,500
13055,1.8,34.64488003,PyGEM-OGGM_v13,0.21,12,5000,2,500
13056,1.85,33.87740498,PyGEM-OGGM_v13,0.21,12,5000,2,500
13057,1.9,32.81620152,PyGEM-OGGM_v13,0.21,12,5000,2,500
13060,1.95,31.44946151,PyGEM-OGGM_v13,0.21,12,5000,2,500
13062,2,29.7466495,PyGEM-OGGM_v13,0.21,12,5000,2,500
13065,2.05,27.65888322,PyGEM-OGGM_v13,0.21,12,5000,2,500
13068,2.1,25.32351731,PyGEM-OGGM_v13,0.21,12,5000,2,500
13070,2.15,23.06752768,PyGEM-OGGM_v13,0.21,12,5000,2,500
13075,2.2,21.15643346,PyGEM-OGGM_v13,0.21,12,5000,2,500
13076,2.25,19.58178358,PyGEM-OGGM_v13,0.21,12,5000,2,500
13077,2.3,18.3421124,PyGEM-OGGM_v13,0.21,12,5000,2,500
13080,2.35,17.365006,PyGEM-OGGM_v13,0.21,12,5000,2,500
13081,2.4,16.5593627,PyGEM-OGGM_v13,0.21,12,5000,2,500
13083,2.45,15.83913186,PyGEM-OGGM_v13,0.21,12,5000,2,500
13084,2.5,15.15648317,PyGEM-OGGM_v13,0.21,12,5000,2,500
13085,2.55,14.53989315,PyGEM-OGGM_v13,0.21,12,5000,2,500
13087,2.6,13.9959116,PyGEM-OGGM_v13,0.21,12,5000,2,500
13088,2.65,13.47371386,PyGEM-OGGM_v13,0.21,12,5000,2,500
13090,2.7,12.94392273,PyGEM-OGGM_v13,0.21,12,5000,2,500
13093,2.75,12.39921382,PyGEM-OGGM_v13,0.21,12,5000,2,500
13094,2.8,11.84835572,PyGEM-OGGM_v13,0.21,12,5000,2,500
13097,2.85,11.2686422,PyGEM-OGGM_v13,0.21,12,5000,2,500
13098,2.9,10.64277638,PyGEM-OGGM_v13,0.21,12,5000,2,500
13099,2.95,9.988822183,PyGEM-OGGM_v13,0.21,12,5000,2,500
13102,3,9.354514962,PyGEM-OGGM_v13,0.21,12,5000,2,500
13105,3.05,8.759127033,PyGEM-OGGM_v13,0.21,12,5000,2,500
13106,3.1,8.200051144,PyGEM-OGGM_v13,0.21,12,5000,2,500
13108,3.15,7.679353238,PyGEM-OGGM_v13,0.21,12,5000,2,500
13109,3.2,7.193480683,PyGEM-OGGM_v13,0.21,12,5000,2,500
13110,3.25,6.733847444,PyGEM-OGGM_v13,0.21,12,5000,2,500
13111,3.3,6.30336665,PyGEM-OGGM_v13,0.21,12,5000,2,500
13112,3.35,5.906721176,PyGEM-OGGM_v13,0.21,12,5000,2,500
13113,3.4,5.541040241,PyGEM-OGGM_v13,0.21,12,5000,2,500
13115,3.45,5.199333438,PyGEM-OGGM_v13,0.21,12,5000,2,500
13117,3.5,4.876419003,PyGEM-OGGM_v13,0.21,12,5000,2,500
13121,3.55,4.571487622,PyGEM-OGGM_v13,0.21,12,5000,2,500
13122,3.6,4.291899838,PyGEM-OGGM_v13,0.21,12,5000,2,500
13124,3.65,4.048535742,PyGEM-OGGM_v13,0.21,12,5000,2,500
13125,3.7,3.850796962,PyGEM-OGGM_v13,0.21,12,5000,2,500
13126,3.75,3.698625297,PyGEM-OGGM_v13,0.21,12,5000,2,500
13127,3.8,3.580263223,PyGEM-OGGM_v13,0.21,12,5000,2,500
13129,3.85,3.481809705,PyGEM-OGGM_v13,0.21,12,5000,2,500
13130,3.9,3.39269214,PyGEM-OGGM_v13,0.21,12,5000,2,500
13131,3.95,3.306753261,PyGEM-OGGM_v13,0.21,12,5000,2,500
13133,4,3.220138363,PyGEM-OGGM_v13,0.21,12,5000,2,500
13135,4.05,3.129808821,PyGEM-OGGM_v13,0.21,12,5000,2,500
13136,4.1,3.034019375,PyGEM-OGGM_v13,0.21,12,5000,2,500
13137,4.15,2.934122507,PyGEM-OGGM_v13,0.21,12,5000,2,500
13139,4.2,2.831986035,PyGEM-OGGM_v13,0.21,12,5000,2,500
13140,4.25,2.728793528,PyGEM-OGGM_v13,0.21,12,5000,2,500
13141,4.3,2.624035692,PyGEM-OGGM_v13,0.21,12,5000,2,500
13142,4.35,2.517557785,PyGEM-OGGM_v13,0.21,12,5000,2,500
13143,4.4,2.411214016,PyGEM-OGGM_v13,0.21,12,5000,2,500
13145,4.45,2.307562968,PyGEM-OGGM_v13,0.21,12,5000,2,500
13146,4.5,2.208465103,PyGEM-OGGM_v13,0.21,12,5000,2,500
13147,4.55,2.113007606,PyGEM-OGGM_v13,0.21,12,5000,2,500
13149,4.6,2.020794116,PyGEM-OGGM_v13,0.21,12,5000,2,500
13150,4.65,1.933258634,PyGEM-OGGM_v13,0.21,12,5000,2,500
13152,4.7,1.850067287,PyGEM-OGGM_v13,0.21,12,5000,2,500
13153,4.75,1.770780581,PyGEM-OGGM_v13,0.21,12,5000,2,500
13154,4.8,1.694752258,PyGEM-OGGM_v13,0.21,12,5000,2,500
13155,4.85,1.620568592,PyGEM-OGGM_v13,0.21,12,5000,2,500
13156,4.9,1.548088808,PyGEM-OGGM_v13,0.21,12,5000,2,500
13157,4.95,1.477207742,PyGEM-OGGM_v13,0.21,12,5000,2,500
13158,5,1.408322791,PyGEM-OGGM_v13,0.21,12,5000,2,500
13159,5.05,1.341918935,PyGEM-OGGM_v13,0.21,12,5000,2,500
13160,5.1,1.27802091,PyGEM-OGGM_v13,0.21,12,5000,2,500
13161,5.15,1.216539365,PyGEM-OGGM_v13,0.21,12,5000,2,500
13162,5.2,1.157073362,PyGEM-OGGM_v13,0.21,12,5000,2,500
13164,5.25,1.099537171,PyGEM-OGGM_v13,0.21,12,5000,2,500
13165,5.3,1.043947798,PyGEM-OGGM_v13,0.21,12,5000,2,500
13166,5.35,0.990168399,PyGEM-OGGM_v13,0.21,12,5000,2,500
13167,5.4,0.937905979,PyGEM-OGGM_v13,0.21,12,5000,2,500
13168,5.45,0.887012936,PyGEM-OGGM_v13,0.21,12,5000,2,500
13169,5.5,0.83789575,PyGEM-OGGM_v13,0.21,12,5000,2,500
13170,5.55,0.790949304,PyGEM-OGGM_v13,0.21,12,5000,2,500
13171,5.6,0.746250593,PyGEM-OGGM_v13,0.21,12,5000,2,500
13172,5.65,0.703567543,PyGEM-OGGM_v13,0.21,12,5000,2,500
13173,5.7,0.66262997,PyGEM-OGGM_v13,0.21,12,5000,2,500
13174,5.75,0.623101554,PyGEM-OGGM_v13,0.21,12,5000,2,500
13175,5.8,0.584666856,PyGEM-OGGM_v13,0.21,12,5000,2,500
13178,5.85,0.54757585,PyGEM-OGGM_v13,0.21,12,5000,2,500
13179,5.9,0.512158392,PyGEM-OGGM_v13,0.21,12,5000,2,500
13180,5.95,0.478624586,PyGEM-OGGM_v13,0.21,12,5000,2,500
13181,6,0.44703409,PyGEM-OGGM_v13,0.21,12,5000,2,500
13182,6.05,0.417182548,PyGEM-OGGM_v13,0.21,12,5000,2,500
13183,6.1,0.388575073,PyGEM-OGGM_v13,0.21,12,5000,2,500
13184,6.15,0.36084516,PyGEM-OGGM_v13,0.21,12,5000,2,500
13185,6.2,0.333906034,PyGEM-OGGM_v13,0.21,12,5000,2,500
13186,6.25,0.307805268,PyGEM-OGGM_v13,0.21,12,5000,2,500
13187,6.3,0.282632244,PyGEM-OGGM_v13,0.21,12,5000,2,500
13188,6.35,0.258471112,PyGEM-OGGM_v13,0.21,12,5000,2,500
13189,6.4,0.235353764,PyGEM-OGGM_v13,0.21,12,5000,2,500
13190,6.45,0.213145451,PyGEM-OGGM_v13,0.21,12,5000,2,500
13191,6.5,0.19149395,PyGEM-OGGM_v13,0.21,12,5000,2,500
13192,6.55,0.170040885,PyGEM-OGGM_v13,0.21,12,5000,2,500
13193,6.6,0.148500844,PyGEM-OGGM_v13,0.21,12,5000,2,500
13194,6.65,0.126620309,PyGEM-OGGM_v13,0.21,12,5000,2,500
13195,6.7,0.104123035,PyGEM-OGGM_v13,0.21,12,5000,2,500
13196,6.75,0.080723741,PyGEM-OGGM_v13,0.21,12,5000,2,500
13197,6.8,0.056255389,PyGEM-OGGM_v13,0.21,12,5000,2,500
13198,6.85,0.0305366,PyGEM-OGGM_v13,0.21,12,5000,2,500
13202,-0.1,154.7559581,GLIMB,0.21,13,5000,2,500
13203,-0.05,152.2143849,GLIMB,0.21,13,5000,2,500
13204,0,149.6605438,GLIMB,0.21,13,5000,2,500
13205,0.05,147.0666386,GLIMB,0.21,13,5000,2,500
13207,0.1,144.4156718,GLIMB,0.21,13,5000,2,500
13209,0.15,141.7108051,GLIMB,0.21,13,5000,2,500
13211,0.2,138.9639622,GLIMB,0.21,13,5000,2,500
13214,0.25,136.1771633,GLIMB,0.21,13,5000,2,500
13216,0.3,133.3342955,GLIMB,0.21,13,5000,2,500
13218,0.35,130.401118,GLIMB,0.21,13,5000,2,500
13224,0.4,127.425629,GLIMB,0.21,13,5000,2,500
13225,0.45,124.4631073,GLIMB,0.21,13,5000,2,500
13227,0.5,121.5575485,GLIMB,0.21,13,5000,2,500
13228,0.55,118.7581087,GLIMB,0.21,13,5000,2,500
13229,0.6,116.0992031,GLIMB,0.21,13,5000,2,500
13230,0.65,113.5973166,GLIMB,0.21,13,5000,2,500
13231,0.7,111.2722045,GLIMB,0.21,13,5000,2,500
13232,0.75,109.1678732,GLIMB,0.21,13,5000,2,500
13233,0.8,107.2669524,GLIMB,0.21,13,5000,2,500
13234,0.85,105.5421471,GLIMB,0.21,13,5000,2,500
13235,0.9,103.9544812,GLIMB,0.21,13,5000,2,500
13240,0.95,102.4331721,GLIMB,0.21,13,5000,2,500
13241,1,100.9170771,GLIMB,0.21,13,5000,2,500
13242,1.05,99.37819691,GLIMB,0.21,13,5000,2,500
13244,1.1,97.72509665,GLIMB,0.21,13,5000,2,500
13245,1.15,95.76496406,GLIMB,0.21,13,5000,2,500
13246,1.2,93.40189565,GLIMB,0.21,13,5000,2,500
13247,1.25,90.73894982,GLIMB,0.21,13,5000,2,500
13248,1.3,87.88378386,GLIMB,0.21,13,5000,2,500
13249,1.35,84.95268126,GLIMB,0.21,13,5000,2,500
13250,1.4,82.08987175,GLIMB,0.21,13,5000,2,500
13251,1.45,79.41046759,GLIMB,0.21,13,5000,2,500
13256,1.5,77.02753948,GLIMB,0.21,13,5000,2,500
13259,1.55,74.92199249,GLIMB,0.21,13,5000,2,500
13260,1.6,73.01971256,GLIMB,0.21,13,5000,2,500
13262,1.65,71.4116736,GLIMB,0.21,13,5000,2,500
13270,1.7,70.11624011,GLIMB,0.21,13,5000,2,500
13274,1.75,69.01031132,GLIMB,0.21,13,5000,2,500
13275,1.8,68.00444774,GLIMB,0.21,13,5000,2,500
13276,1.85,67.05136054,GLIMB,0.21,13,5000,2,500
13277,1.9,66.13373581,GLIMB,0.21,13,5000,2,500
13280,1.95,65.2460517,GLIMB,0.21,13,5000,2,500
13282,2,64.3503955,GLIMB,0.21,13,5000,2,500
13285,2.05,63.43927637,GLIMB,0.21,13,5000,2,500
13288,2.1,62.58466011,GLIMB,0.21,13,5000,2,500
13290,2.15,61.77158861,GLIMB,0.21,13,5000,2,500
13295,2.2,60.84452631,GLIMB,0.21,13,5000,2,500
13296,2.25,59.64362251,GLIMB,0.21,13,5000,2,500
13297,2.3,58.18030783,GLIMB,0.21,13,5000,2,500
13300,2.35,56.53778135,GLIMB,0.21,13,5000,2,500
13301,2.4,54.79538908,GLIMB,0.21,13,5000,2,500
13303,2.45,53.01727053,GLIMB,0.21,13,5000,2,500
13304,2.5,51.23688781,GLIMB,0.21,13,5000,2,500
13305,2.55,49.48984105,GLIMB,0.21,13,5000,2,500
13307,2.6,47.88688661,GLIMB,0.21,13,5000,2,500
13308,2.65,46.4988799,GLIMB,0.21,13,5000,2,500
13310,2.7,45.37445543,GLIMB,0.21,13,5000,2,500
13313,2.75,44.5291257,GLIMB,0.21,13,5000,2,500
13314,2.8,43.97617258,GLIMB,0.21,13,5000,2,500
13317,2.85,43.68780918,GLIMB,0.21,13,5000,2,500
13318,2.9,43.57193308,GLIMB,0.21,13,5000,2,500
13319,2.95,43.51811368,GLIMB,0.21,13,5000,2,500
13322,3,43.42469068,GLIMB,0.21,13,5000,2,500
13325,3.05,43.23223254,GLIMB,0.21,13,5000,2,500
13326,3.1,42.93119378,GLIMB,0.21,13,5000,2,500
13328,3.15,42.52704581,GLIMB,0.21,13,5000,2,500
13329,3.2,42.01572517,GLIMB,0.21,13,5000,2,500
13330,3.25,41.37658666,GLIMB,0.21,13,5000,2,500
13331,3.3,40.61065678,GLIMB,0.21,13,5000,2,500
13332,3.35,39.73135354,GLIMB,0.21,13,5000,2,500
13333,3.4,38.76729112,GLIMB,0.21,13,5000,2,500
13335,3.45,37.76498282,GLIMB,0.21,13,5000,2,500
13337,3.5,36.76436378,GLIMB,0.21,13,5000,2,500
13341,3.55,35.7968253,GLIMB,0.21,13,5000,2,500
13342,3.6,34.87632202,GLIMB,0.21,13,5000,2,500
13344,3.65,33.99538037,GLIMB,0.21,13,5000,2,500
13345,3.7,33.14024255,GLIMB,0.21,13,5000,2,500
13346,3.75,32.3103132,GLIMB,0.21,13,5000,2,500
13347,3.8,31.50529063,GLIMB,0.21,13,5000,2,500
13349,3.85,30.70770254,GLIMB,0.21,13,5000,2,500
13350,3.9,29.88857514,GLIMB,0.21,13,5000,2,500
13351,3.95,29.03996628,GLIMB,0.21,13,5000,2,500
13353,4,28.17756888,GLIMB,0.21,13,5000,2,500
13355,4.05,27.31406339,GLIMB,0.21,13,5000,2,500
13356,4.1,26.46088229,GLIMB,0.21,13,5000,2,500
13357,4.15,25.63269571,GLIMB,0.21,13,5000,2,500
13359,4.2,24.83943305,GLIMB,0.21,13,5000,2,500
13360,4.25,24.08267112,GLIMB,0.21,13,5000,2,500
13361,4.3,23.35271288,GLIMB,0.21,13,5000,2,500
13362,4.35,22.64824216,GLIMB,0.21,13,5000,2,500
13363,4.4,21.97329005,GLIMB,0.21,13,5000,2,500
13365,4.45,21.33362459,GLIMB,0.21,13,5000,2,500
13366,4.5,20.73654063,GLIMB,0.21,13,5000,2,500
13367,4.55,20.18831443,GLIMB,0.21,13,5000,2,500
13369,4.6,19.69083694,GLIMB,0.21,13,5000,2,500
13370,4.65,19.24642357,GLIMB,0.21,13,5000,2,500
13372,4.7,18.85552632,GLIMB,0.21,13,5000,2,500
13373,4.75,18.50924551,GLIMB,0.21,13,5000,2,500
13374,4.8,18.19283229,GLIMB,0.21,13,5000,2,500
13375,4.85,17.88682022,GLIMB,0.21,13,5000,2,500
13376,4.9,17.57939802,GLIMB,0.21,13,5000,2,500
13377,4.95,17.26418957,GLIMB,0.21,13,5000,2,500
13378,5,16.93739586,GLIMB,0.21,13,5000,2,500
13379,5.05,16.59616,GLIMB,0.21,13,5000,2,500
13380,5.1,16.24289817,GLIMB,0.21,13,5000,2,500
13381,5.15,15.88128318,GLIMB,0.21,13,5000,2,500
13382,5.2,15.51592655,GLIMB,0.21,13,5000,2,500
13384,5.25,15.15054022,GLIMB,0.21,13,5000,2,500
13385,5.3,14.78739023,GLIMB,0.21,13,5000,2,500
13386,5.35,14.43091065,GLIMB,0.21,13,5000,2,500
13387,5.4,14.08505609,GLIMB,0.21,13,5000,2,500
13388,5.45,13.75264207,GLIMB,0.21,13,5000,2,500
13389,5.5,13.43682197,GLIMB,0.21,13,5000,2,500
13390,5.55,13.13907613,GLIMB,0.21,13,5000,2,500
13391,5.6,12.8580199,GLIMB,0.21,13,5000,2,500
13392,5.65,12.59154256,GLIMB,0.21,13,5000,2,500
13393,5.7,12.33691438,GLIMB,0.21,13,5000,2,500
13394,5.75,12.09135679,GLIMB,0.21,13,5000,2,500
13395,5.8,11.85213814,GLIMB,0.21,13,5000,2,500
13398,5.85,11.61786062,GLIMB,0.21,13,5000,2,500
13399,5.9,11.39006421,GLIMB,0.21,13,5000,2,500
13400,5.95,11.17039766,GLIMB,0.21,13,5000,2,500
13401,6,10.96033664,GLIMB,0.21,13,5000,2,500
13402,6.05,10.76063238,GLIMB,0.21,13,5000,2,500
13403,6.1,10.56951997,GLIMB,0.21,13,5000,2,500
13404,6.15,10.38418142,GLIMB,0.21,13,5000,2,500
13405,6.2,10.20436824,GLIMB,0.21,13,5000,2,500
13406,6.25,10.03031218,GLIMB,0.21,13,5000,2,500
13407,6.3,9.861832789,GLIMB,0.21,13,5000,2,500
13408,6.35,9.699973669,GLIMB,0.21,13,5000,2,500
13409,6.4,9.545720177,GLIMB,0.21,13,5000,2,500
13410,6.45,9.398651324,GLIMB,0.21,13,5000,2,500
13411,6.5,9.258325246,GLIMB,0.21,13,5000,2,500
13412,6.55,9.123183432,GLIMB,0.21,13,5000,2,500
13413,6.6,8.98953461,GLIMB,0.21,13,5000,2,500
13414,6.65,8.85611243,GLIMB,0.21,13,5000,2,500
13415,6.7,8.722775405,GLIMB,0.21,13,5000,2,500
13416,6.75,8.588128004,GLIMB,0.21,13,5000,2,500
13417,6.8,8.45063321,GLIMB,0.21,13,5000,2,500
13418,6.85,8.309161695,GLIMB,0.21,13,5000,2,500
13422,-0.1,151.8379674,GloGEMflow,0.2,13,5000,2,500
13423,-0.05,148.9886982,GloGEMflow,0.2,13,5000,2,500
13424,0,146.1250512,GloGEMflow,0.2,13,5000,2,500
13425,0.05,143.3428082,GloGEMflow,0.2,13,5000,2,500
13427,0.1,140.7121941,GloGEMflow,0.2,13,5000,2,500
13429,0.15,138.2609686,GloGEMflow,0.2,13,5000,2,500
13431,0.2,135.9846702,GloGEMflow,0.2,13,5000,2,500
13434,0.25,133.8439233,GloGEMflow,0.2,13,5000,2,500
13436,0.3,131.767229,GloGEMflow,0.2,13,5000,2,500
13438,0.35,129.6690424,GloGEMflow,0.2,13,5000,2,500
13444,0.4,127.4844019,GloGEMflow,0.2,13,5000,2,500
13445,0.45,125.177801,GloGEMflow,0.2,13,5000,2,500
13447,0.5,122.7926199,GloGEMflow,0.2,13,5000,2,500
13448,0.55,120.392423,GloGEMflow,0.2,13,5000,2,500
13449,0.6,118.021316,GloGEMflow,0.2,13,5000,2,500
13450,0.65,115.6937979,GloGEMflow,0.2,13,5000,2,500
13451,0.7,113.3986658,GloGEMflow,0.2,13,5000,2,500
13452,0.75,111.100252,GloGEMflow,0.2,13,5000,2,500
13453,0.8,108.7344614,GloGEMflow,0.2,13,5000,2,500
13454,0.85,106.1954288,GloGEMflow,0.2,13,5000,2,500
13455,0.9,103.3808231,GloGEMflow,0.2,13,5000,2,500
13460,0.95,100.3967039,GloGEMflow,0.2,13,5000,2,500
13461,1,97.68284483,GloGEMflow,0.2,13,5000,2,500
13462,1.05,95.41715292,GloGEMflow,0.2,13,5000,2,500
13464,1.1,93.45130208,GloGEMflow,0.2,13,5000,2,500
13465,1.15,91.47678238,GloGEMflow,0.2,13,5000,2,500
13466,1.2,89.15337328,GloGEMflow,0.2,13,5000,2,500
13467,1.25,86.28384844,GloGEMflow,0.2,13,5000,2,500
13468,1.3,82.90460316,GloGEMflow,0.2,13,5000,2,500
13469,1.35,79.16592568,GloGEMflow,0.2,13,5000,2,500
13470,1.4,75.33224164,GloGEMflow,0.2,13,5000,2,500
13471,1.45,71.64578239,GloGEMflow,0.2,13,5000,2,500
13476,1.5,68.28429161,GloGEMflow,0.2,13,5000,2,500
13479,1.55,65.31769422,GloGEMflow,0.2,13,5000,2,500
13480,1.6,62.75907759,GloGEMflow,0.2,13,5000,2,500
13482,1.65,60.57102892,GloGEMflow,0.2,13,5000,2,500
13490,1.7,58.63900711,GloGEMflow,0.2,13,5000,2,500
13494,1.75,56.79532215,GloGEMflow,0.2,13,5000,2,500
13495,1.8,54.91405968,GloGEMflow,0.2,13,5000,2,500
13496,1.85,52.87281907,GloGEMflow,0.2,13,5000,2,500
13497,1.9,50.44453543,GloGEMflow,0.2,13,5000,2,500
13500,1.95,47.4428642,GloGEMflow,0.2,13,5000,2,500
13502,2,43.9052249,GloGEMflow,0.2,13,5000,2,500
13505,2.05,40.24590755,GloGEMflow,0.2,13,5000,2,500
13508,2.1,37.14334797,GloGEMflow,0.2,13,5000,2,500
13510,2.15,34.98244517,GloGEMflow,0.2,13,5000,2,500
13515,2.2,33.52247376,GloGEMflow,0.2,13,5000,2,500
13516,2.25,32.28028579,GloGEMflow,0.2,13,5000,2,500
13517,2.3,31.12978168,GloGEMflow,0.2,13,5000,2,500
13520,2.35,30.0458479,GloGEMflow,0.2,13,5000,2,500
13521,2.4,28.98805114,GloGEMflow,0.2,13,5000,2,500
13523,2.45,27.94016221,GloGEMflow,0.2,13,5000,2,500
13524,2.5,26.87530499,GloGEMflow,0.2,13,5000,2,500
13525,2.55,25.82710045,GloGEMflow,0.2,13,5000,2,500
13527,2.6,24.86716646,GloGEMflow,0.2,13,5000,2,500
13528,2.65,23.97335669,GloGEMflow,0.2,13,5000,2,500
13530,2.7,23.1166535,GloGEMflow,0.2,13,5000,2,500
13533,2.75,22.30279836,GloGEMflow,0.2,13,5000,2,500
13534,2.8,21.54680496,GloGEMflow,0.2,13,5000,2,500
13537,2.85,20.8777311,GloGEMflow,0.2,13,5000,2,500
13538,2.9,20.32859567,GloGEMflow,0.2,13,5000,2,500
13539,2.95,19.90541169,GloGEMflow,0.2,13,5000,2,500
13542,3,19.54857172,GloGEMflow,0.2,13,5000,2,500
13545,3.05,19.18829616,GloGEMflow,0.2,13,5000,2,500
13546,3.1,18.77127905,GloGEMflow,0.2,13,5000,2,500
13548,3.15,18.28181474,GloGEMflow,0.2,13,5000,2,500
13549,3.2,17.7050063,GloGEMflow,0.2,13,5000,2,500
13550,3.25,17.03875542,GloGEMflow,0.2,13,5000,2,500
13551,3.3,16.28336803,GloGEMflow,0.2,13,5000,2,500
13552,3.35,15.45658887,GloGEMflow,0.2,13,5000,2,500
13553,3.4,14.59153274,GloGEMflow,0.2,13,5000,2,500
13555,3.45,13.72449374,GloGEMflow,0.2,13,5000,2,500
13557,3.5,12.88822002,GloGEMflow,0.2,13,5000,2,500
13561,3.55,12.11435905,GloGEMflow,0.2,13,5000,2,500
13562,3.6,11.42555776,GloGEMflow,0.2,13,5000,2,500
13564,3.65,10.83869213,GloGEMflow,0.2,13,5000,2,500
13565,3.7,10.34504601,GloGEMflow,0.2,13,5000,2,500
13566,3.75,9.929042271,GloGEMflow,0.2,13,5000,2,500
13567,3.8,9.567048858,GloGEMflow,0.2,13,5000,2,500
13569,3.85,9.238883531,GloGEMflow,0.2,13,5000,2,500
13570,3.9,8.938350871,GloGEMflow,0.2,13,5000,2,500
13571,3.95,8.662988017,GloGEMflow,0.2,13,5000,2,500
13573,4,8.406431568,GloGEMflow,0.2,13,5000,2,500
13575,4.05,8.158997019,GloGEMflow,0.2,13,5000,2,500
13576,4.1,7.906778881,GloGEMflow,0.2,13,5000,2,500
13577,4.15,7.643330664,GloGEMflow,0.2,13,5000,2,500
13579,4.2,7.373544076,GloGEMflow,0.2,13,5000,2,500
13580,4.25,7.098769064,GloGEMflow,0.2,13,5000,2,500
13581,4.3,6.819073662,GloGEMflow,0.2,13,5000,2,500
13582,4.35,6.542170686,GloGEMflow,0.2,13,5000,2,500
13583,4.4,6.276692001,GloGEMflow,0.2,13,5000,2,500
13585,4.45,6.025739278,GloGEMflow,0.2,13,5000,2,500
13586,4.5,5.786999718,GloGEMflow,0.2,13,5000,2,500
13587,4.55,5.56308632,GloGEMflow,0.2,13,5000,2,500
13589,4.6,5.357700274,GloGEMflow,0.2,13,5000,2,500
13590,4.65,5.172413755,GloGEMflow,0.2,13,5000,2,500
13592,4.7,5.006307433,GloGEMflow,0.2,13,5000,2,500
13593,4.75,4.853515086,GloGEMflow,0.2,13,5000,2,500
13594,4.8,4.709725472,GloGEMflow,0.2,13,5000,2,500
13595,4.85,4.574498698,GloGEMflow,0.2,13,5000,2,500
13596,4.9,4.447163231,GloGEMflow,0.2,13,5000,2,500
13597,4.95,4.326221493,GloGEMflow,0.2,13,5000,2,500
13598,5,4.208925233,GloGEMflow,0.2,13,5000,2,500
13599,5.05,4.093782148,GloGEMflow,0.2,13,5000,2,500
13600,5.1,3.980274002,GloGEMflow,0.2,13,5000,2,500
13601,5.15,3.868612147,GloGEMflow,0.2,13,5000,2,500
13602,5.2,3.758982966,GloGEMflow,0.2,13,5000,2,500
13604,5.25,3.651585347,GloGEMflow,0.2,13,5000,2,500
13605,5.3,3.54689448,GloGEMflow,0.2,13,5000,2,500
13606,5.35,3.445647279,GloGEMflow,0.2,13,5000,2,500
13607,5.4,3.348239957,GloGEMflow,0.2,13,5000,2,500
13608,5.45,3.255593704,GloGEMflow,0.2,13,5000,2,500
13609,5.5,3.16907703,GloGEMflow,0.2,13,5000,2,500
13610,5.55,3.088779795,GloGEMflow,0.2,13,5000,2,500
13611,5.6,3.013266978,GloGEMflow,0.2,13,5000,2,500
13612,5.65,2.941012175,GloGEMflow,0.2,13,5000,2,500
13613,5.7,2.870401524,GloGEMflow,0.2,13,5000,2,500
13614,5.75,2.801239076,GloGEMflow,0.2,13,5000,2,500
13615,5.8,2.733751036,GloGEMflow,0.2,13,5000,2,500
13618,5.85,2.667442398,GloGEMflow,0.2,13,5000,2,500
13619,5.9,2.601209755,GloGEMflow,0.2,13,5000,2,500
13620,5.95,2.534993698,GloGEMflow,0.2,13,5000,2,500
13621,6,2.46911096,GloGEMflow,0.2,13,5000,2,500
13622,6.05,2.403834004,GloGEMflow,0.2,13,5000,2,500
13623,6.1,2.339276888,GloGEMflow,0.2,13,5000,2,500
13624,6.15,2.275194136,GloGEMflow,0.2,13,5000,2,500
13625,6.2,2.211384098,GloGEMflow,0.2,13,5000,2,500
13626,6.25,2.147711999,GloGEMflow,0.2,13,5000,2,500
13627,6.3,2.083837389,GloGEMflow,0.2,13,5000,2,500
13628,6.35,2.018857468,GloGEMflow,0.2,13,5000,2,500
13629,6.4,1.95244557,GloGEMflow,0.2,13,5000,2,500
13630,6.45,1.884375372,GloGEMflow,0.2,13,5000,2,500
13631,6.5,1.814708286,GloGEMflow,0.2,13,5000,2,500
13632,6.55,1.743717091,GloGEMflow,0.2,13,5000,2,500
13633,6.6,1.671647602,GloGEMflow,0.2,13,5000,2,500
13634,6.65,1.598549803,GloGEMflow,0.2,13,5000,2,500
13635,6.7,1.523759109,GloGEMflow,0.2,13,5000,2,500
13636,6.75,1.446338381,GloGEMflow,0.2,13,5000,2,500
13637,6.8,1.366088166,GloGEMflow,0.2,13,5000,2,500
13638,6.85,1.283178995,GloGEMflow,0.2,13,5000,2,500
13642,-0.1,206.1801104,GloGEMflow3D,0.22,13,5000,2,500
13643,-0.05,201.6650404,GloGEMflow3D,0.22,13,5000,2,500
13644,0,197.2869499,GloGEMflow3D,0.22,13,5000,2,500
13645,0.05,193.0422896,GloGEMflow3D,0.22,13,5000,2,500
13647,0.1,188.9105249,GloGEMflow3D,0.22,13,5000,2,500
13649,0.15,184.862474,GloGEMflow3D,0.22,13,5000,2,500
13651,0.2,180.8697085,GloGEMflow3D,0.22,13,5000,2,500
13654,0.25,176.908781,GloGEMflow3D,0.22,13,5000,2,500
13656,0.3,172.9664405,GloGEMflow3D,0.22,13,5000,2,500
13658,0.35,169.0299343,GloGEMflow3D,0.22,13,5000,2,500
13664,0.4,165.0779029,GloGEMflow3D,0.22,13,5000,2,500
13665,0.45,161.05506,GloGEMflow3D,0.22,13,5000,2,500
13667,0.5,156.9225036,GloGEMflow3D,0.22,13,5000,2,500
13668,0.55,152.6619013,GloGEMflow3D,0.22,13,5000,2,500
13669,0.6,148.2915999,GloGEMflow3D,0.22,13,5000,2,500
13670,0.65,143.8321581,GloGEMflow3D,0.22,13,5000,2,500
13671,0.7,139.2945009,GloGEMflow3D,0.22,13,5000,2,500
13672,0.75,134.7180214,GloGEMflow3D,0.22,13,5000,2,500
13673,0.8,130.1532521,GloGEMflow3D,0.22,13,5000,2,500
13674,0.85,125.729532,GloGEMflow3D,0.22,13,5000,2,500
13675,0.9,121.4787591,GloGEMflow3D,0.22,13,5000,2,500
13680,0.95,117.3620362,GloGEMflow3D,0.22,13,5000,2,500
13681,1,113.3191317,GloGEMflow3D,0.22,13,5000,2,500
13682,1.05,109.2642693,GloGEMflow3D,0.22,13,5000,2,500
13684,1.1,105.1327063,GloGEMflow3D,0.22,13,5000,2,500
13685,1.15,100.9679954,GloGEMflow3D,0.22,13,5000,2,500
13686,1.2,96.83529871,GloGEMflow3D,0.22,13,5000,2,500
13687,1.25,92.78818513,GloGEMflow3D,0.22,13,5000,2,500
13688,1.3,88.85717216,GloGEMflow3D,0.22,13,5000,2,500
13689,1.35,85.0804762,GloGEMflow3D,0.22,13,5000,2,500
13690,1.4,81.51491534,GloGEMflow3D,0.22,13,5000,2,500
13691,1.45,78.12500224,GloGEMflow3D,0.22,13,5000,2,500
13696,1.5,74.83629153,GloGEMflow3D,0.22,13,5000,2,500
13699,1.55,71.56598025,GloGEMflow3D,0.22,13,5000,2,500
13700,1.6,68.30733342,GloGEMflow3D,0.22,13,5000,2,500
13702,1.65,65.15208769,GloGEMflow3D,0.22,13,5000,2,500
13710,1.7,62.18004915,GloGEMflow3D,0.22,13,5000,2,500
13714,1.75,59.34760611,GloGEMflow3D,0.22,13,5000,2,500
13715,1.8,56.59490212,GloGEMflow3D,0.22,13,5000,2,500
13716,1.85,53.94902731,GloGEMflow3D,0.22,13,5000,2,500
13717,1.9,51.36985226,GloGEMflow3D,0.22,13,5000,2,500
13720,1.95,48.70007204,GloGEMflow3D,0.22,13,5000,2,500
13722,2,45.8753065,GloGEMflow3D,0.22,13,5000,2,500
13725,2.05,42.99577737,GloGEMflow3D,0.22,13,5000,2,500
13728,2.1,40.30794884,GloGEMflow3D,0.22,13,5000,2,500
13730,2.15,38.083578,GloGEMflow3D,0.22,13,5000,2,500
13735,2.2,36.33450174,GloGEMflow3D,0.22,13,5000,2,500
13736,2.25,34.80619542,GloGEMflow3D,0.22,13,5000,2,500
13737,2.3,33.41155687,GloGEMflow3D,0.22,13,5000,2,500
13740,2.35,32.10682507,GloGEMflow3D,0.22,13,5000,2,500
13741,2.4,30.83146863,GloGEMflow3D,0.22,13,5000,2,500
13743,2.45,29.52839907,GloGEMflow3D,0.22,13,5000,2,500
13744,2.5,28.21399629,GloGEMflow3D,0.22,13,5000,2,500
13745,2.55,26.94210456,GloGEMflow3D,0.22,13,5000,2,500
13747,2.6,25.76073415,GloGEMflow3D,0.22,13,5000,2,500
13748,2.65,24.72223253,GloGEMflow3D,0.22,13,5000,2,500
13750,2.7,23.82108811,GloGEMflow3D,0.22,13,5000,2,500
13753,2.75,23.02679258,GloGEMflow3D,0.22,13,5000,2,500
13754,2.8,22.32063315,GloGEMflow3D,0.22,13,5000,2,500
13757,2.85,21.71115256,GloGEMflow3D,0.22,13,5000,2,500
13758,2.9,21.17491566,GloGEMflow3D,0.22,13,5000,2,500
13759,2.95,20.67482703,GloGEMflow3D,0.22,13,5000,2,500
13762,3,20.19143555,GloGEMflow3D,0.22,13,5000,2,500
13765,3.05,19.70790049,GloGEMflow3D,0.22,13,5000,2,500
13766,3.1,19.21661342,GloGEMflow3D,0.22,13,5000,2,500
13768,3.15,18.6946344,GloGEMflow3D,0.22,13,5000,2,500
13769,3.2,18.11587582,GloGEMflow3D,0.22,13,5000,2,500
13770,3.25,17.46594305,GloGEMflow3D,0.22,13,5000,2,500
13771,3.3,16.74800993,GloGEMflow3D,0.22,13,5000,2,500
13772,3.35,15.98443164,GloGEMflow3D,0.22,13,5000,2,500
13773,3.4,15.20164057,GloGEMflow3D,0.22,13,5000,2,500
13775,3.45,14.43005936,GloGEMflow3D,0.22,13,5000,2,500
13777,3.5,13.69432474,GloGEMflow3D,0.22,13,5000,2,500
13781,3.55,13.01113356,GloGEMflow3D,0.22,13,5000,2,500
13782,3.6,12.3884277,GloGEMflow3D,0.22,13,5000,2,500
13784,3.65,11.82901248,GloGEMflow3D,0.22,13,5000,2,500
13785,3.7,11.32341733,GloGEMflow3D,0.22,13,5000,2,500
13786,3.75,10.86049172,GloGEMflow3D,0.22,13,5000,2,500
13787,3.8,10.4332691,GloGEMflow3D,0.22,13,5000,2,500
13789,3.85,10.04015691,GloGEMflow3D,0.22,13,5000,2,500
13790,3.9,9.682091143,GloGEMflow3D,0.22,13,5000,2,500
13791,3.95,9.35888612,GloGEMflow3D,0.22,13,5000,2,500
13793,4,9.064757091,GloGEMflow3D,0.22,13,5000,2,500
13795,4.05,8.78729991,GloGEMflow3D,0.22,13,5000,2,500
13796,4.1,8.526100959,GloGEMflow3D,0.22,13,5000,2,500
13797,4.15,8.286096116,GloGEMflow3D,0.22,13,5000,2,500
13799,4.2,8.064371058,GloGEMflow3D,0.22,13,5000,2,500
13800,4.25,7.848510719,GloGEMflow3D,0.22,13,5000,2,500
13801,4.3,7.631388068,GloGEMflow3D,0.22,13,5000,2,500
13802,4.35,7.412250222,GloGEMflow3D,0.22,13,5000,2,500
13803,4.4,7.18958854,GloGEMflow3D,0.22,13,5000,2,500
13805,4.45,6.959952019,GloGEMflow3D,0.22,13,5000,2,500
13806,4.5,6.727361191,GloGEMflow3D,0.22,13,5000,2,500
13807,4.55,6.496981745,GloGEMflow3D,0.22,13,5000,2,500
13809,4.6,6.270074217,GloGEMflow3D,0.22,13,5000,2,500
13810,4.65,6.046292042,GloGEMflow3D,0.22,13,5000,2,500
13812,4.7,5.826707325,GloGEMflow3D,0.22,13,5000,2,500
13813,4.75,5.613297269,GloGEMflow3D,0.22,13,5000,2,500
13814,4.8,5.406946062,GloGEMflow3D,0.22,13,5000,2,500
13815,4.85,5.209867681,GloGEMflow3D,0.22,13,5000,2,500
13816,4.9,5.02530198,GloGEMflow3D,0.22,13,5000,2,500
13817,4.95,4.854443897,GloGEMflow3D,0.22,13,5000,2,500
13818,5,4.693495264,GloGEMflow3D,0.22,13,5000,2,500
13819,5.05,4.536490002,GloGEMflow3D,0.22,13,5000,2,500
13820,5.1,4.381665617,GloGEMflow3D,0.22,13,5000,2,500
13821,5.15,4.227929301,GloGEMflow3D,0.22,13,5000,2,500
13822,5.2,4.074824821,GloGEMflow3D,0.22,13,5000,2,500
13824,5.25,3.923206619,GloGEMflow3D,0.22,13,5000,2,500
13825,5.3,3.774275108,GloGEMflow3D,0.22,13,5000,2,500
13826,5.35,3.629167313,GloGEMflow3D,0.22,13,5000,2,500
13827,5.4,3.488290533,GloGEMflow3D,0.22,13,5000,2,500
13828,5.45,3.35103635,GloGEMflow3D,0.22,13,5000,2,500
13829,5.5,3.216515454,GloGEMflow3D,0.22,13,5000,2,500
13830,5.55,3.084686993,GloGEMflow3D,0.22,13,5000,2,500
13831,5.6,2.955310619,GloGEMflow3D,0.22,13,5000,2,500
13832,5.65,2.828566564,GloGEMflow3D,0.22,13,5000,2,500
13833,5.7,2.704683596,GloGEMflow3D,0.22,13,5000,2,500
13834,5.75,2.583649439,GloGEMflow3D,0.22,13,5000,2,500
13835,5.8,2.464818397,GloGEMflow3D,0.22,13,5000,2,500
13838,5.85,2.347416467,GloGEMflow3D,0.22,13,5000,2,500
13839,5.9,2.231278256,GloGEMflow3D,0.22,13,5000,2,500
13840,5.95,2.116366986,GloGEMflow3D,0.22,13,5000,2,500
13841,6,2.002473483,GloGEMflow3D,0.22,13,5000,2,500
13842,6.05,1.889757057,GloGEMflow3D,0.22,13,5000,2,500
13843,6.1,1.778485349,GloGEMflow3D,0.22,13,5000,2,500
13844,6.15,1.669031987,GloGEMflow3D,0.22,13,5000,2,500
13845,6.2,1.561637924,GloGEMflow3D,0.22,13,5000,2,500
13846,6.25,1.456074262,GloGEMflow3D,0.22,13,5000,2,500
13847,6.3,1.351988714,GloGEMflow3D,0.22,13,5000,2,500
13848,6.35,1.248780811,GloGEMflow3D,0.22,13,5000,2,500
13849,6.4,1.145950952,GloGEMflow3D,0.22,13,5000,2,500
13850,6.45,1.043542064,GloGEMflow3D,0.22,13,5000,2,500
13851,6.5,0.941800124,GloGEMflow3D,0.22,13,5000,2,500
13852,6.55,0.840980136,GloGEMflow3D,0.22,13,5000,2,500
13853,6.6,0.741272485,GloGEMflow3D,0.22,13,5000,2,500
13854,6.65,0.642751603,GloGEMflow3D,0.22,13,5000,2,500
13855,6.7,0.545271458,GloGEMflow3D,0.22,13,5000,2,500
13856,6.75,0.448353662,GloGEMflow3D,0.22,13,5000,2,500
13857,6.8,0.351746196,GloGEMflow3D,0.22,13,5000,2,500
13858,6.85,0.2550365,GloGEMflow3D,0.22,13,5000,2,500
13862,-0.1,118.599914,Kraaijenbrink,0.17,13,5000,2,500
13863,-0.05,117.1534011,Kraaijenbrink,0.17,13,5000,2,500
13864,0,115.6179337,Kraaijenbrink,0.17,13,5000,2,500
13865,0.05,113.9747964,Kraaijenbrink,0.17,13,5000,2,500
13867,0.1,112.2638325,Kraaijenbrink,0.17,13,5000,2,500
13869,0.15,110.5607219,Kraaijenbrink,0.17,13,5000,2,500
13871,0.2,108.941555,Kraaijenbrink,0.17,13,5000,2,500
13874,0.25,107.465427,Kraaijenbrink,0.17,13,5000,2,500
13876,0.3,106.1260428,Kraaijenbrink,0.17,13,5000,2,500
13878,0.35,104.875993,Kraaijenbrink,0.17,13,5000,2,500
13884,0.4,103.6646016,Kraaijenbrink,0.17,13,5000,2,500
13885,0.45,102.4443216,Kraaijenbrink,0.17,13,5000,2,500
13887,0.5,101.2332606,Kraaijenbrink,0.17,13,5000,2,500
13888,0.55,100.0815645,Kraaijenbrink,0.17,13,5000,2,500
13889,0.6,99.01366114,Kraaijenbrink,0.17,13,5000,2,500
13890,0.65,98.0539656,Kraaijenbrink,0.17,13,5000,2,500
13891,0.7,97.19981084,Kraaijenbrink,0.17,13,5000,2,500
13892,0.75,96.39843162,Kraaijenbrink,0.17,13,5000,2,500
13893,0.8,95.54384982,Kraaijenbrink,0.17,13,5000,2,500
13894,0.85,94.52478532,Kraaijenbrink,0.17,13,5000,2,500
13895,0.9,93.35665088,Kraaijenbrink,0.17,13,5000,2,500
13900,0.95,92.28087562,Kraaijenbrink,0.17,13,5000,2,500
13901,1,91.49864576,Kraaijenbrink,0.17,13,5000,2,500
13902,1.05,90.82707095,Kraaijenbrink,0.17,13,5000,2,500
13904,1.1,89.94756589,Kraaijenbrink,0.17,13,5000,2,500
13905,1.15,88.77485514,Kraaijenbrink,0.17,13,5000,2,500
13906,1.2,87.40475076,Kraaijenbrink,0.17,13,5000,2,500
13907,1.25,85.87188191,Kraaijenbrink,0.17,13,5000,2,500
13908,1.3,84.28469719,Kraaijenbrink,0.17,13,5000,2,500
13909,1.35,82.75198059,Kraaijenbrink,0.17,13,5000,2,500
13910,1.4,81.3374246,Kraaijenbrink,0.17,13,5000,2,500
13911,1.45,80.1059935,Kraaijenbrink,0.17,13,5000,2,500
13916,1.5,79.11987577,Kraaijenbrink,0.17,13,5000,2,500
13919,1.55,78.44161646,Kraaijenbrink,0.17,13,5000,2,500
13920,1.6,77.91253983,Kraaijenbrink,0.17,13,5000,2,500
13922,1.65,77.26629674,Kraaijenbrink,0.17,13,5000,2,500
13930,1.7,76.34603386,Kraaijenbrink,0.17,13,5000,2,500
13934,1.75,74.96134746,Kraaijenbrink,0.17,13,5000,2,500
13935,1.8,73.14303357,Kraaijenbrink,0.17,13,5000,2,500
13936,1.85,71.21514351,Kraaijenbrink,0.17,13,5000,2,500
13937,1.9,69.45002663,Kraaijenbrink,0.17,13,5000,2,500
13940,1.95,67.98763252,Kraaijenbrink,0.17,13,5000,2,500
13942,2,66.95445861,Kraaijenbrink,0.17,13,5000,2,500
13945,2.05,66.52352159,Kraaijenbrink,0.17,13,5000,2,500
13948,2.1,66.44529832,Kraaijenbrink,0.17,13,5000,2,500
13950,2.15,66.34646408,Kraaijenbrink,0.17,13,5000,2,500
13955,2.2,66.09555763,Kraaijenbrink,0.17,13,5000,2,500
13956,2.25,65.60729716,Kraaijenbrink,0.17,13,5000,2,500
13957,2.3,64.80736412,Kraaijenbrink,0.17,13,5000,2,500
13960,2.35,63.76846697,Kraaijenbrink,0.17,13,5000,2,500
13961,2.4,62.51375382,Kraaijenbrink,0.17,13,5000,2,500
13963,2.45,61.13000444,Kraaijenbrink,0.17,13,5000,2,500
13964,2.5,59.70948209,Kraaijenbrink,0.17,13,5000,2,500
13965,2.55,58.29917428,Kraaijenbrink,0.17,13,5000,2,500
13967,2.6,56.89313611,Kraaijenbrink,0.17,13,5000,2,500
13968,2.65,55.51091787,Kraaijenbrink,0.17,13,5000,2,500
13970,2.7,54.24524505,Kraaijenbrink,0.17,13,5000,2,500
13973,2.75,53.25007738,Kraaijenbrink,0.17,13,5000,2,500
13974,2.8,52.51929746,Kraaijenbrink,0.17,13,5000,2,500
13977,2.85,51.92572542,Kraaijenbrink,0.17,13,5000,2,500
13978,2.9,51.44059735,Kraaijenbrink,0.17,13,5000,2,500
13979,2.95,51.00639641,Kraaijenbrink,0.17,13,5000,2,500
13982,3,50.51948891,Kraaijenbrink,0.17,13,5000,2,500
13985,3.05,49.95326948,Kraaijenbrink,0.17,13,5000,2,500
13986,3.1,49.30363624,Kraaijenbrink,0.17,13,5000,2,500
13988,3.15,48.53728455,Kraaijenbrink,0.17,13,5000,2,500
13989,3.2,47.6741627,Kraaijenbrink,0.17,13,5000,2,500
13990,3.25,46.74849614,Kraaijenbrink,0.17,13,5000,2,500
13991,3.3,45.78490402,Kraaijenbrink,0.17,13,5000,2,500
13992,3.35,44.81142467,Kraaijenbrink,0.17,13,5000,2,500
13993,3.4,43.86595054,Kraaijenbrink,0.17,13,5000,2,500
13995,3.45,42.97172001,Kraaijenbrink,0.17,13,5000,2,500
13997,3.5,42.15279248,Kraaijenbrink,0.17,13,5000,2,500
14001,3.55,41.44276732,Kraaijenbrink,0.17,13,5000,2,500
14002,3.6,40.83334844,Kraaijenbrink,0.17,13,5000,2,500
14004,3.65,40.30544171,Kraaijenbrink,0.17,13,5000,2,500
14005,3.7,39.79345313,Kraaijenbrink,0.17,13,5000,2,500
14006,3.75,39.25308906,Kraaijenbrink,0.17,13,5000,2,500
14007,3.8,38.68645061,Kraaijenbrink,0.17,13,5000,2,500
14009,3.85,38.10043429,Kraaijenbrink,0.17,13,5000,2,500
14010,3.9,37.49174841,Kraaijenbrink,0.17,13,5000,2,500
14011,3.95,36.8621203,Kraaijenbrink,0.17,13,5000,2,500
14013,4,36.21423842,Kraaijenbrink,0.17,13,5000,2,500
14015,4.05,35.54480624,Kraaijenbrink,0.17,13,5000,2,500
14016,4.1,34.84558485,Kraaijenbrink,0.17,13,5000,2,500
14017,4.15,34.11088534,Kraaijenbrink,0.17,13,5000,2,500
14019,4.2,33.34875131,Kraaijenbrink,0.17,13,5000,2,500
14020,4.25,32.57603334,Kraaijenbrink,0.17,13,5000,2,500
14021,4.3,31.82048184,Kraaijenbrink,0.17,13,5000,2,500
14022,4.35,31.1023369,Kraaijenbrink,0.17,13,5000,2,500
14023,4.4,30.42163656,Kraaijenbrink,0.17,13,5000,2,500
14025,4.45,29.7778016,Kraaijenbrink,0.17,13,5000,2,500
14026,4.5,29.17234059,Kraaijenbrink,0.17,13,5000,2,500
14027,4.55,28.60056027,Kraaijenbrink,0.17,13,5000,2,500
14029,4.6,28.06784554,Kraaijenbrink,0.17,13,5000,2,500
14030,4.65,27.56347555,Kraaijenbrink,0.17,13,5000,2,500
14032,4.7,27.09684888,Kraaijenbrink,0.17,13,5000,2,500
14033,4.75,26.68666567,Kraaijenbrink,0.17,13,5000,2,500
14034,4.8,26.3286028,Kraaijenbrink,0.17,13,5000,2,500
14035,4.85,26.00243113,Kraaijenbrink,0.17,13,5000,2,500
14036,4.9,25.70144405,Kraaijenbrink,0.17,13,5000,2,500
14037,4.95,25.41468255,Kraaijenbrink,0.17,13,5000,2,500
14038,5,25.13179638,Kraaijenbrink,0.17,13,5000,2,500
14039,5.05,24.85128811,Kraaijenbrink,0.17,13,5000,2,500
14040,5.1,24.57398133,Kraaijenbrink,0.17,13,5000,2,500
14041,5.15,24.30409563,Kraaijenbrink,0.17,13,5000,2,500
14042,5.2,24.03784742,Kraaijenbrink,0.17,13,5000,2,500
14044,5.25,23.75690226,Kraaijenbrink,0.17,13,5000,2,500
14045,5.3,23.43237335,Kraaijenbrink,0.17,13,5000,2,500
14046,5.35,23.05617391,Kraaijenbrink,0.17,13,5000,2,500
14047,5.4,22.64582924,Kraaijenbrink,0.17,13,5000,2,500
14048,5.45,22.22130825,Kraaijenbrink,0.17,13,5000,2,500
14049,5.5,21.79150485,Kraaijenbrink,0.17,13,5000,2,500
14050,5.55,21.3631601,Kraaijenbrink,0.17,13,5000,2,500
14051,5.6,20.94363163,Kraaijenbrink,0.17,13,5000,2,500
14052,5.65,20.53701725,Kraaijenbrink,0.17,13,5000,2,500
14053,5.7,20.14444161,Kraaijenbrink,0.17,13,5000,2,500
14054,5.75,19.76400503,Kraaijenbrink,0.17,13,5000,2,500
14055,5.8,19.39474108,Kraaijenbrink,0.17,13,5000,2,500
14058,5.85,19.03897776,Kraaijenbrink,0.17,13,5000,2,500
14059,5.9,18.69989989,Kraaijenbrink,0.17,13,5000,2,500
14060,5.95,18.38215684,Kraaijenbrink,0.17,13,5000,2,500
14061,6,18.08829032,Kraaijenbrink,0.17,13,5000,2,500
14062,6.05,17.81825282,Kraaijenbrink,0.17,13,5000,2,500
14063,6.1,17.5709859,Kraaijenbrink,0.17,13,5000,2,500
14064,6.15,17.3473256,Kraaijenbrink,0.17,13,5000,2,500
14065,6.2,17.14614839,Kraaijenbrink,0.17,13,5000,2,500
14066,6.25,16.96443322,Kraaijenbrink,0.17,13,5000,2,500
14067,6.3,16.80087433,Kraaijenbrink,0.17,13,5000,2,500
14068,6.35,16.65567719,Kraaijenbrink,0.17,13,5000,2,500
14069,6.4,16.52461302,Kraaijenbrink,0.17,13,5000,2,500
14070,6.45,16.40102614,Kraaijenbrink,0.17,13,5000,2,500
14071,6.5,16.27933762,Kraaijenbrink,0.17,13,5000,2,500
14072,6.55,16.15555896,Kraaijenbrink,0.17,13,5000,2,500
14073,6.6,16.02490907,Kraaijenbrink,0.17,13,5000,2,500
14074,6.65,15.88193469,Kraaijenbrink,0.17,13,5000,2,500
14075,6.7,15.72129984,Kraaijenbrink,0.17,13,5000,2,500
14076,6.75,15.53837187,Kraaijenbrink,0.17,13,5000,2,500
14077,6.8,15.32924352,Kraaijenbrink,0.17,13,5000,2,500
14078,6.85,15.08947941,Kraaijenbrink,0.17,13,5000,2,500
14082,-0.1,253.4249469,OGGM_v16,0.19,13,5000,2,500
14083,-0.05,245.4423983,OGGM_v16,0.19,13,5000,2,500
14084,0,237.1598437,OGGM_v16,0.19,13,5000,2,500
14085,0.05,228.6743849,OGGM_v16,0.19,13,5000,2,500
14087,0.1,219.9599091,OGGM_v16,0.19,13,5000,2,500
14089,0.15,211.13215,OGGM_v16,0.19,13,5000,2,500
14091,0.2,202.4155558,OGGM_v16,0.19,13,5000,2,500
14094,0.25,193.9864345,OGGM_v16,0.19,13,5000,2,500
14096,0.3,185.8675724,OGGM_v16,0.19,13,5000,2,500
14098,0.35,178.016048,OGGM_v16,0.19,13,5000,2,500
14104,0.4,170.3973253,OGGM_v16,0.19,13,5000,2,500
14105,0.45,162.9301451,OGGM_v16,0.19,13,5000,2,500
14107,0.5,155.600947,OGGM_v16,0.19,13,5000,2,500
14108,0.55,148.4396704,OGGM_v16,0.19,13,5000,2,500
14109,0.6,141.483921,OGGM_v16,0.19,13,5000,2,500
14110,0.65,134.781025,OGGM_v16,0.19,13,5000,2,500
14111,0.7,128.373951,OGGM_v16,0.19,13,5000,2,500
14112,0.75,122.274174,OGGM_v16,0.19,13,5000,2,500
14113,0.8,116.3786347,OGGM_v16,0.19,13,5000,2,500
14114,0.85,110.5190272,OGGM_v16,0.19,13,5000,2,500
14115,0.9,104.462898,OGGM_v16,0.19,13,5000,2,500
14120,0.95,98.0683589,OGGM_v16,0.19,13,5000,2,500
14121,1,91.54432933,OGGM_v16,0.19,13,5000,2,500
14122,1.05,85.39612623,OGGM_v16,0.19,13,5000,2,500
14124,1.1,79.7125143,OGGM_v16,0.19,13,5000,2,500
14125,1.15,74.53606158,OGGM_v16,0.19,13,5000,2,500
14126,1.2,69.80275388,OGGM_v16,0.19,13,5000,2,500
14127,1.25,65.45262013,OGGM_v16,0.19,13,5000,2,500
14128,1.3,61.59296116,OGGM_v16,0.19,13,5000,2,500
14129,1.35,58.14196629,OGGM_v16,0.19,13,5000,2,500
14130,1.4,55.06515267,OGGM_v16,0.19,13,5000,2,500
14131,1.45,52.39306091,OGGM_v16,0.19,13,5000,2,500
14136,1.5,49.95104387,OGGM_v16,0.19,13,5000,2,500
14139,1.55,47.57176179,OGGM_v16,0.19,13,5000,2,500
14140,1.6,45.17002042,OGGM_v16,0.19,13,5000,2,500
14142,1.65,42.80588183,OGGM_v16,0.19,13,5000,2,500
14150,1.7,40.62235932,OGGM_v16,0.19,13,5000,2,500
14154,1.75,38.60404408,OGGM_v16,0.19,13,5000,2,500
14155,1.8,36.6182394,OGGM_v16,0.19,13,5000,2,500
14156,1.85,34.59118839,OGGM_v16,0.19,13,5000,2,500
14157,1.9,32.58290071,OGGM_v16,0.19,13,5000,2,500
14160,1.95,30.66235303,OGGM_v16,0.19,13,5000,2,500
14162,2,28.88541906,OGGM_v16,0.19,13,5000,2,500
14165,2.05,27.29021205,OGGM_v16,0.19,13,5000,2,500
14168,2.1,25.75362709,OGGM_v16,0.19,13,5000,2,500
14170,2.15,24.23353697,OGGM_v16,0.19,13,5000,2,500
14175,2.2,22.81933605,OGGM_v16,0.19,13,5000,2,500
14176,2.25,21.58722711,OGGM_v16,0.19,13,5000,2,500
14177,2.3,20.60581709,OGGM_v16,0.19,13,5000,2,500
14180,2.35,19.84763526,OGGM_v16,0.19,13,5000,2,500
14181,2.4,19.19522031,OGGM_v16,0.19,13,5000,2,500
14183,2.45,18.60130162,OGGM_v16,0.19,13,5000,2,500
14184,2.5,18.04284243,OGGM_v16,0.19,13,5000,2,500
14185,2.55,17.49802089,OGGM_v16,0.19,13,5000,2,500
14187,2.6,16.95811113,OGGM_v16,0.19,13,5000,2,500
14188,2.65,16.39711082,OGGM_v16,0.19,13,5000,2,500
14190,2.7,15.79623995,OGGM_v16,0.19,13,5000,2,500
14193,2.75,15.14162908,OGGM_v16,0.19,13,5000,2,500
14194,2.8,14.4354328,OGGM_v16,0.19,13,5000,2,500
14197,2.85,13.71678165,OGGM_v16,0.19,13,5000,2,500
14198,2.9,13.06602261,OGGM_v16,0.19,13,5000,2,500
14199,2.95,12.48982664,OGGM_v16,0.19,13,5000,2,500
14202,3,11.97327282,OGGM_v16,0.19,13,5000,2,500
14205,3.05,11.50804046,OGGM_v16,0.19,13,5000,2,500
14206,3.1,11.07812892,OGGM_v16,0.19,13,5000,2,500
14208,3.15,10.6779244,OGGM_v16,0.19,13,5000,2,500
14209,3.2,10.31355659,OGGM_v16,0.19,13,5000,2,500
14210,3.25,9.980662291,OGGM_v16,0.19,13,5000,2,500
14211,3.3,9.671108201,OGGM_v16,0.19,13,5000,2,500
14212,3.35,9.386166231,OGGM_v16,0.19,13,5000,2,500
14213,3.4,9.118286473,OGGM_v16,0.19,13,5000,2,500
14215,3.45,8.862807932,OGGM_v16,0.19,13,5000,2,500
14217,3.5,8.615721541,OGGM_v16,0.19,13,5000,2,500
14221,3.55,8.359127128,OGGM_v16,0.19,13,5000,2,500
14222,3.6,8.095046447,OGGM_v16,0.19,13,5000,2,500
14224,3.65,7.847549976,OGGM_v16,0.19,13,5000,2,500
14225,3.7,7.628637833,OGGM_v16,0.19,13,5000,2,500
14226,3.75,7.432785565,OGGM_v16,0.19,13,5000,2,500
14227,3.8,7.248646756,OGGM_v16,0.19,13,5000,2,500
14229,3.85,7.06683226,OGGM_v16,0.19,13,5000,2,500
14230,3.9,6.883716195,OGGM_v16,0.19,13,5000,2,500
14231,3.95,6.696473744,OGGM_v16,0.19,13,5000,2,500
14233,4,6.503755831,OGGM_v16,0.19,13,5000,2,500
14235,4.05,6.308105606,OGGM_v16,0.19,13,5000,2,500
14236,4.1,6.113157336,OGGM_v16,0.19,13,5000,2,500
14237,4.15,5.924349251,OGGM_v16,0.19,13,5000,2,500
14239,4.2,5.744013395,OGGM_v16,0.19,13,5000,2,500
14240,4.25,5.572648438,OGGM_v16,0.19,13,5000,2,500
14241,4.3,5.404442953,OGGM_v16,0.19,13,5000,2,500
14242,4.35,5.237546169,OGGM_v16,0.19,13,5000,2,500
14243,4.4,5.073197995,OGGM_v16,0.19,13,5000,2,500
14245,4.45,4.9134012,OGGM_v16,0.19,13,5000,2,500
14246,4.5,4.758659918,OGGM_v16,0.19,13,5000,2,500
14247,4.55,4.606472256,OGGM_v16,0.19,13,5000,2,500
14249,4.6,4.457798774,OGGM_v16,0.19,13,5000,2,500
14250,4.65,4.315467183,OGGM_v16,0.19,13,5000,2,500
14252,4.7,4.180121193,OGGM_v16,0.19,13,5000,2,500
14253,4.75,4.054563158,OGGM_v16,0.19,13,5000,2,500
14254,4.8,3.93966532,OGGM_v16,0.19,13,5000,2,500
14255,4.85,3.835389873,OGGM_v16,0.19,13,5000,2,500
14256,4.9,3.73969758,OGGM_v16,0.19,13,5000,2,500
14257,4.95,3.649596469,OGGM_v16,0.19,13,5000,2,500
14258,5,3.562989971,OGGM_v16,0.19,13,5000,2,500
14259,5.05,3.47612405,OGGM_v16,0.19,13,5000,2,500
14260,5.1,3.384338875,OGGM_v16,0.19,13,5000,2,500
14261,5.15,3.286096243,OGGM_v16,0.19,13,5000,2,500
14262,5.2,3.182412617,OGGM_v16,0.19,13,5000,2,500
14264,5.25,3.075745898,OGGM_v16,0.19,13,5000,2,500
14265,5.3,2.968627101,OGGM_v16,0.19,13,5000,2,500
14266,5.35,2.862489745,OGGM_v16,0.19,13,5000,2,500
14267,5.4,2.758550261,OGGM_v16,0.19,13,5000,2,500
14268,5.45,2.658915633,OGGM_v16,0.19,13,5000,2,500
14269,5.5,2.565375016,OGGM_v16,0.19,13,5000,2,500
14270,5.55,2.478668067,OGGM_v16,0.19,13,5000,2,500
14271,5.6,2.398811932,OGGM_v16,0.19,13,5000,2,500
14272,5.65,2.325990975,OGGM_v16,0.19,13,5000,2,500
14273,5.7,2.259187354,OGGM_v16,0.19,13,5000,2,500
14274,5.75,2.197958495,OGGM_v16,0.19,13,5000,2,500
14275,5.8,2.141191706,OGGM_v16,0.19,13,5000,2,500
14278,5.85,2.087881823,OGGM_v16,0.19,13,5000,2,500
14279,5.9,2.037496237,OGGM_v16,0.19,13,5000,2,500
14280,5.95,1.988793662,OGGM_v16,0.19,13,5000,2,500
14281,6,1.94069744,OGGM_v16,0.19,13,5000,2,500
14282,6.05,1.892250843,OGGM_v16,0.19,13,5000,2,500
14283,6.1,1.843466937,OGGM_v16,0.19,13,5000,2,500
14284,6.15,1.794820204,OGGM_v16,0.19,13,5000,2,500
14285,6.2,1.746884913,OGGM_v16,0.19,13,5000,2,500
14286,6.25,1.700035593,OGGM_v16,0.19,13,5000,2,500
14287,6.3,1.65408372,OGGM_v16,0.19,13,5000,2,500
14288,6.35,1.608515212,OGGM_v16,0.19,13,5000,2,500
14289,6.4,1.562698046,OGGM_v16,0.19,13,5000,2,500
14290,6.45,1.515855093,OGGM_v16,0.19,13,5000,2,500
14291,6.5,1.467086198,OGGM_v16,0.19,13,5000,2,500
14292,6.55,1.415571038,OGGM_v16,0.19,13,5000,2,500
14293,6.6,1.360600043,OGGM_v16,0.19,13,5000,2,500
14294,6.65,1.301731517,OGGM_v16,0.19,13,5000,2,500
14295,6.7,1.238954308,OGGM_v16,0.19,13,5000,2,500
14296,6.75,1.172537529,OGGM_v16,0.19,13,5000,2,500
14297,6.8,1.102855635,OGGM_v16,0.19,13,5000,2,500
14298,6.85,1.030366605,OGGM_v16,0.19,13,5000,2,500
14302,-0.1,243.138773,PyGEM-OGGM_v13,0.18,13,5000,2,500
14303,-0.05,235.6624069,PyGEM-OGGM_v13,0.18,13,5000,2,500
14304,0,227.8886377,PyGEM-OGGM_v13,0.18,13,5000,2,500
14305,0.05,219.726564,PyGEM-OGGM_v13,0.18,13,5000,2,500
14307,0.1,211.4358249,PyGEM-OGGM_v13,0.18,13,5000,2,500
14309,0.15,203.0267052,PyGEM-OGGM_v13,0.18,13,5000,2,500
14311,0.2,194.5136821,PyGEM-OGGM_v13,0.18,13,5000,2,500
14314,0.25,185.8511054,PyGEM-OGGM_v13,0.18,13,5000,2,500
14316,0.3,177.0641093,PyGEM-OGGM_v13,0.18,13,5000,2,500
14318,0.35,168.2557598,PyGEM-OGGM_v13,0.18,13,5000,2,500
14324,0.4,159.4184807,PyGEM-OGGM_v13,0.18,13,5000,2,500
14325,0.45,150.5138564,PyGEM-OGGM_v13,0.18,13,5000,2,500
14327,0.5,141.7408848,PyGEM-OGGM_v13,0.18,13,5000,2,500
14328,0.55,133.3893449,PyGEM-OGGM_v13,0.18,13,5000,2,500
14329,0.6,125.6922307,PyGEM-OGGM_v13,0.18,13,5000,2,500
14330,0.65,118.8354425,PyGEM-OGGM_v13,0.18,13,5000,2,500
14331,0.7,112.9468286,PyGEM-OGGM_v13,0.18,13,5000,2,500
14332,0.75,108.0771749,PyGEM-OGGM_v13,0.18,13,5000,2,500
14333,0.8,104.0813531,PyGEM-OGGM_v13,0.18,13,5000,2,500
14334,0.85,100.3676811,PyGEM-OGGM_v13,0.18,13,5000,2,500
14335,0.9,96.31243446,PyGEM-OGGM_v13,0.18,13,5000,2,500
14340,0.95,91.92630935,PyGEM-OGGM_v13,0.18,13,5000,2,500
14341,1,87.60367487,PyGEM-OGGM_v13,0.18,13,5000,2,500
14342,1.05,83.36869794,PyGEM-OGGM_v13,0.18,13,5000,2,500
14344,1.1,78.9621352,PyGEM-OGGM_v13,0.18,13,5000,2,500
14345,1.15,74.33910787,PyGEM-OGGM_v13,0.18,13,5000,2,500
14346,1.2,69.42392854,PyGEM-OGGM_v13,0.18,13,5000,2,500
14347,1.25,64.29042787,PyGEM-OGGM_v13,0.18,13,5000,2,500
14348,1.3,59.24054388,PyGEM-OGGM_v13,0.18,13,5000,2,500
14349,1.35,54.6773656,PyGEM-OGGM_v13,0.18,13,5000,2,500
14350,1.4,50.75943706,PyGEM-OGGM_v13,0.18,13,5000,2,500
14351,1.45,47.46756253,PyGEM-OGGM_v13,0.18,13,5000,2,500
14356,1.5,44.69670937,PyGEM-OGGM_v13,0.18,13,5000,2,500
14359,1.55,42.14908034,PyGEM-OGGM_v13,0.18,13,5000,2,500
14360,1.6,39.52371383,PyGEM-OGGM_v13,0.18,13,5000,2,500
14362,1.65,36.89466798,PyGEM-OGGM_v13,0.18,13,5000,2,500
14370,1.7,34.23777574,PyGEM-OGGM_v13,0.18,13,5000,2,500
14374,1.75,31.41276113,PyGEM-OGGM_v13,0.18,13,5000,2,500
14375,1.8,28.52352159,PyGEM-OGGM_v13,0.18,13,5000,2,500
14376,1.85,25.91465271,PyGEM-OGGM_v13,0.18,13,5000,2,500
14377,1.9,23.89393889,PyGEM-OGGM_v13,0.18,13,5000,2,500
14380,1.95,22.68950249,PyGEM-OGGM_v13,0.18,13,5000,2,500
14382,2,22.3283464,PyGEM-OGGM_v13,0.18,13,5000,2,500
14385,2.05,22.31651174,PyGEM-OGGM_v13,0.18,13,5000,2,500
14388,2.1,21.98520912,PyGEM-OGGM_v13,0.18,13,5000,2,500
14390,2.15,21.67982042,PyGEM-OGGM_v13,0.18,13,5000,2,500
14395,2.2,21.53107587,PyGEM-OGGM_v13,0.18,13,5000,2,500
14396,2.25,21.27914434,PyGEM-OGGM_v13,0.18,13,5000,2,500
14397,2.3,20.77748946,PyGEM-OGGM_v13,0.18,13,5000,2,500
14400,2.35,20.05752139,PyGEM-OGGM_v13,0.18,13,5000,2,500
14401,2.4,19.15802072,PyGEM-OGGM_v13,0.18,13,5000,2,500
14403,2.45,18.10251174,PyGEM-OGGM_v13,0.18,13,5000,2,500
14404,2.5,16.90864208,PyGEM-OGGM_v13,0.18,13,5000,2,500
14405,2.55,15.62380736,PyGEM-OGGM_v13,0.18,13,5000,2,500
14407,2.6,14.31566002,PyGEM-OGGM_v13,0.18,13,5000,2,500
14408,2.65,13.07251669,PyGEM-OGGM_v13,0.18,13,5000,2,500
14410,2.7,12.00346755,PyGEM-OGGM_v13,0.18,13,5000,2,500
14413,2.75,11.20353073,PyGEM-OGGM_v13,0.18,13,5000,2,500
14414,2.8,10.70328855,PyGEM-OGGM_v13,0.18,13,5000,2,500
14417,2.85,10.42820921,PyGEM-OGGM_v13,0.18,13,5000,2,500
14418,2.9,10.30070925,PyGEM-OGGM_v13,0.18,13,5000,2,500
14419,2.95,10.25013937,PyGEM-OGGM_v13,0.18,13,5000,2,500
14422,3,10.18099839,PyGEM-OGGM_v13,0.18,13,5000,2,500
14425,3.05,10.04249094,PyGEM-OGGM_v13,0.18,13,5000,2,500
14426,3.1,9.828527666,PyGEM-OGGM_v13,0.18,13,5000,2,500
14428,3.15,9.535566022,PyGEM-OGGM_v13,0.18,13,5000,2,500
14429,3.2,9.163280407,PyGEM-OGGM_v13,0.18,13,5000,2,500
14430,3.25,8.708686305,PyGEM-OGGM_v13,0.18,13,5000,2,500
14431,3.3,8.186413699,PyGEM-OGGM_v13,0.18,13,5000,2,500
14432,3.35,7.621313674,PyGEM-OGGM_v13,0.18,13,5000,2,500
14433,3.4,7.045333834,PyGEM-OGGM_v13,0.18,13,5000,2,500
14435,3.45,6.492014269,PyGEM-OGGM_v13,0.18,13,5000,2,500
14437,3.5,5.988734344,PyGEM-OGGM_v13,0.18,13,5000,2,500
14441,3.55,5.558345919,PyGEM-OGGM_v13,0.18,13,5000,2,500
14442,3.6,5.210757328,PyGEM-OGGM_v13,0.18,13,5000,2,500
14444,3.65,4.943270121,PyGEM-OGGM_v13,0.18,13,5000,2,500
14445,3.7,4.734244996,PyGEM-OGGM_v13,0.18,13,5000,2,500
14446,3.75,4.569414368,PyGEM-OGGM_v13,0.18,13,5000,2,500
14447,3.8,4.439941248,PyGEM-OGGM_v13,0.18,13,5000,2,500
14449,3.85,4.33470994,PyGEM-OGGM_v13,0.18,13,5000,2,500
14450,3.9,4.23868347,PyGEM-OGGM_v13,0.18,13,5000,2,500
14451,3.95,4.139727891,PyGEM-OGGM_v13,0.18,13,5000,2,500
14453,4,4.032099638,PyGEM-OGGM_v13,0.18,13,5000,2,500
14455,4.05,3.91627152,PyGEM-OGGM_v13,0.18,13,5000,2,500
14456,4.1,3.794297711,PyGEM-OGGM_v13,0.18,13,5000,2,500
14457,4.15,3.667416408,PyGEM-OGGM_v13,0.18,13,5000,2,500
14459,4.2,3.53516454,PyGEM-OGGM_v13,0.18,13,5000,2,500
14460,4.25,3.398891282,PyGEM-OGGM_v13,0.18,13,5000,2,500
14461,4.3,3.263153706,PyGEM-OGGM_v13,0.18,13,5000,2,500
14462,4.35,3.132113446,PyGEM-OGGM_v13,0.18,13,5000,2,500
14463,4.4,3.005957715,PyGEM-OGGM_v13,0.18,13,5000,2,500
14465,4.45,2.88382795,PyGEM-OGGM_v13,0.18,13,5000,2,500
14466,4.5,2.764727259,PyGEM-OGGM_v13,0.18,13,5000,2,500
14467,4.55,2.646896598,PyGEM-OGGM_v13,0.18,13,5000,2,500
14469,4.6,2.5314417,PyGEM-OGGM_v13,0.18,13,5000,2,500
14470,4.65,2.421038062,PyGEM-OGGM_v13,0.18,13,5000,2,500
14472,4.7,2.31660246,PyGEM-OGGM_v13,0.18,13,5000,2,500
14473,4.75,2.220174744,PyGEM-OGGM_v13,0.18,13,5000,2,500
14474,4.8,2.133589069,PyGEM-OGGM_v13,0.18,13,5000,2,500
14475,4.85,2.057421383,PyGEM-OGGM_v13,0.18,13,5000,2,500
14476,4.9,1.991242116,PyGEM-OGGM_v13,0.18,13,5000,2,500
14477,4.95,1.932606719,PyGEM-OGGM_v13,0.18,13,5000,2,500
14478,5,1.879089138,PyGEM-OGGM_v13,0.18,13,5000,2,500
14479,5.05,1.828193022,PyGEM-OGGM_v13,0.18,13,5000,2,500
14480,5.1,1.77742766,PyGEM-OGGM_v13,0.18,13,5000,2,500
14481,5.15,1.725424436,PyGEM-OGGM_v13,0.18,13,5000,2,500
14482,5.2,1.671124978,PyGEM-OGGM_v13,0.18,13,5000,2,500
14484,5.25,1.614711156,PyGEM-OGGM_v13,0.18,13,5000,2,500
14485,5.3,1.557149005,PyGEM-OGGM_v13,0.18,13,5000,2,500
14486,5.35,1.500142869,PyGEM-OGGM_v13,0.18,13,5000,2,500
14487,5.4,1.444740727,PyGEM-OGGM_v13,0.18,13,5000,2,500
14488,5.45,1.39126859,PyGEM-OGGM_v13,0.18,13,5000,2,500
14489,5.5,1.339327484,PyGEM-OGGM_v13,0.18,13,5000,2,500
14490,5.55,1.28897966,PyGEM-OGGM_v13,0.18,13,5000,2,500
14491,5.6,1.240679726,PyGEM-OGGM_v13,0.18,13,5000,2,500
14492,5.65,1.194774875,PyGEM-OGGM_v13,0.18,13,5000,2,500
14493,5.7,1.15147516,PyGEM-OGGM_v13,0.18,13,5000,2,500
14494,5.75,1.110884535,PyGEM-OGGM_v13,0.18,13,5000,2,500
14495,5.8,1.072930063,PyGEM-OGGM_v13,0.18,13,5000,2,500
14498,5.85,1.037584879,PyGEM-OGGM_v13,0.18,13,5000,2,500
14499,5.9,1.004931217,PyGEM-OGGM_v13,0.18,13,5000,2,500
14500,5.95,0.974458282,PyGEM-OGGM_v13,0.18,13,5000,2,500
14501,6,0.945054875,PyGEM-OGGM_v13,0.18,13,5000,2,500
14502,6.05,0.91657452,PyGEM-OGGM_v13,0.18,13,5000,2,500
14503,6.1,0.889316317,PyGEM-OGGM_v13,0.18,13,5000,2,500
14504,6.15,0.863643765,PyGEM-OGGM_v13,0.18,13,5000,2,500
14505,6.2,0.839856126,PyGEM-OGGM_v13,0.18,13,5000,2,500
14506,6.25,0.818083176,PyGEM-OGGM_v13,0.18,13,5000,2,500
14507,6.3,0.798232771,PyGEM-OGGM_v13,0.18,13,5000,2,500
14508,6.35,0.780310106,PyGEM-OGGM_v13,0.18,13,5000,2,500
14509,6.4,0.764108662,PyGEM-OGGM_v13,0.18,13,5000,2,500
14510,6.45,0.74930241,PyGEM-OGGM_v13,0.18,13,5000,2,500
14511,6.5,0.735373963,PyGEM-OGGM_v13,0.18,13,5000,2,500
14512,6.55,0.721646364,PyGEM-OGGM_v13,0.18,13,5000,2,500
14513,6.6,0.707410966,PyGEM-OGGM_v13,0.18,13,5000,2,500
14514,6.65,0.691911437,PyGEM-OGGM_v13,0.18,13,5000,2,500
14515,6.7,0.674339006,PyGEM-OGGM_v13,0.18,13,5000,2,500
14516,6.75,0.653802262,PyGEM-OGGM_v13,0.18,13,5000,2,500
14517,6.8,0.629326715,PyGEM-OGGM_v13,0.18,13,5000,2,500
14518,6.85,0.600719774,PyGEM-OGGM_v13,0.18,13,5000,2,500
14522,-0.1,143.1336052,GLIMB,0.21,14,5000,2,500
14523,-0.05,140.550136,GLIMB,0.21,14,5000,2,500
14524,0,137.98112,GLIMB,0.21,14,5000,2,500
14525,0.05,135.440779,GLIMB,0.21,14,5000,2,500
14527,0.1,132.9166608,GLIMB,0.21,14,5000,2,500
14529,0.15,130.4237198,GLIMB,0.21,14,5000,2,500
14531,0.2,127.9781835,GLIMB,0.21,14,5000,2,500
14534,0.25,125.5908367,GLIMB,0.21,14,5000,2,500
14536,0.3,123.2292151,GLIMB,0.21,14,5000,2,500
14538,0.35,120.866386,GLIMB,0.21,14,5000,2,500
14544,0.4,118.5512042,GLIMB,0.21,14,5000,2,500
14545,0.45,116.3522704,GLIMB,0.21,14,5000,2,500
14547,0.5,114.3180711,GLIMB,0.21,14,5000,2,500
14548,0.55,112.4608156,GLIMB,0.21,14,5000,2,500
14549,0.6,110.7595231,GLIMB,0.21,14,5000,2,500
14550,0.65,109.2091506,GLIMB,0.21,14,5000,2,500
14551,0.7,107.7964097,GLIMB,0.21,14,5000,2,500
14552,0.75,106.5228972,GLIMB,0.21,14,5000,2,500
14553,0.8,105.398574,GLIMB,0.21,14,5000,2,500
14554,0.85,104.4517806,GLIMB,0.21,14,5000,2,500
14555,0.9,103.655543,GLIMB,0.21,14,5000,2,500
14560,0.95,102.9342288,GLIMB,0.21,14,5000,2,500
14561,1,102.1627808,GLIMB,0.21,14,5000,2,500
14562,1.05,101.2045488,GLIMB,0.21,14,5000,2,500
14564,1.1,99.94080224,GLIMB,0.21,14,5000,2,500
14565,1.15,98.27981079,GLIMB,0.21,14,5000,2,500
14566,1.2,96.26763444,GLIMB,0.21,14,5000,2,500
14567,1.25,94.13066383,GLIMB,0.21,14,5000,2,500
14568,1.3,92.02137755,GLIMB,0.21,14,5000,2,500
14569,1.35,90.01359511,GLIMB,0.21,14,5000,2,500
14570,1.4,88.1637771,GLIMB,0.21,14,5000,2,500
14571,1.45,86.52392889,GLIMB,0.21,14,5000,2,500
14576,1.5,85.02711664,GLIMB,0.21,14,5000,2,500
14579,1.55,83.51831538,GLIMB,0.21,14,5000,2,500
14580,1.6,81.89333343,GLIMB,0.21,14,5000,2,500
14582,1.65,80.29747622,GLIMB,0.21,14,5000,2,500
14590,1.7,78.90289583,GLIMB,0.21,14,5000,2,500
14594,1.75,77.70279645,GLIMB,0.21,14,5000,2,500
14595,1.8,76.56862044,GLIMB,0.21,14,5000,2,500
14596,1.85,75.40441032,GLIMB,0.21,14,5000,2,500
14597,1.9,74.14250898,GLIMB,0.21,14,5000,2,500
14600,1.95,72.8552022,GLIMB,0.21,14,5000,2,500
14602,2,71.73910344,GLIMB,0.21,14,5000,2,500
14605,2.05,70.97175945,GLIMB,0.21,14,5000,2,500
14608,2.1,70.54062665,GLIMB,0.21,14,5000,2,500
14610,2.15,70.07410111,GLIMB,0.21,14,5000,2,500
14615,2.2,69.29084998,GLIMB,0.21,14,5000,2,500
14616,2.25,68.25608426,GLIMB,0.21,14,5000,2,500
14617,2.3,67.17320201,GLIMB,0.21,14,5000,2,500
14620,2.35,66.13558821,GLIMB,0.21,14,5000,2,500
14621,2.4,65.14559981,GLIMB,0.21,14,5000,2,500
14623,2.45,64.19605919,GLIMB,0.21,14,5000,2,500
14624,2.5,63.25980868,GLIMB,0.21,14,5000,2,500
14625,2.55,62.32960738,GLIMB,0.21,14,5000,2,500
14627,2.6,61.41421359,GLIMB,0.21,14,5000,2,500
14628,2.65,60.53723232,GLIMB,0.21,14,5000,2,500
14630,2.7,59.70239311,GLIMB,0.21,14,5000,2,500
14633,2.75,58.8855246,GLIMB,0.21,14,5000,2,500
14634,2.8,58.08222639,GLIMB,0.21,14,5000,2,500
14637,2.85,57.30390993,GLIMB,0.21,14,5000,2,500
14638,2.9,56.57066284,GLIMB,0.21,14,5000,2,500
14639,2.95,55.88770881,GLIMB,0.21,14,5000,2,500
14642,3,55.22394792,GLIMB,0.21,14,5000,2,500
14645,3.05,54.51215505,GLIMB,0.21,14,5000,2,500
14646,3.1,53.72571067,GLIMB,0.21,14,5000,2,500
14648,3.15,52.89106392,GLIMB,0.21,14,5000,2,500
14649,3.2,52.03913244,GLIMB,0.21,14,5000,2,500
14650,3.25,51.17151236,GLIMB,0.21,14,5000,2,500
14651,3.3,50.27180153,GLIMB,0.21,14,5000,2,500
14652,3.35,49.33910063,GLIMB,0.21,14,5000,2,500
14653,3.4,48.37205151,GLIMB,0.21,14,5000,2,500
14655,3.45,47.3838603,GLIMB,0.21,14,5000,2,500
14657,3.5,46.38826526,GLIMB,0.21,14,5000,2,500
14661,3.55,45.40960587,GLIMB,0.21,14,5000,2,500
14662,3.6,44.4666731,GLIMB,0.21,14,5000,2,500
14664,3.65,43.5700944,GLIMB,0.21,14,5000,2,500
14665,3.7,42.73198671,GLIMB,0.21,14,5000,2,500
14666,3.75,41.96206436,GLIMB,0.21,14,5000,2,500
14667,3.8,41.26840554,GLIMB,0.21,14,5000,2,500
14669,3.85,40.63935586,GLIMB,0.21,14,5000,2,500
14670,3.9,40.05202772,GLIMB,0.21,14,5000,2,500
14671,3.95,39.49858283,GLIMB,0.21,14,5000,2,500
14673,4,38.987123,GLIMB,0.21,14,5000,2,500
14675,4.05,38.52945903,GLIMB,0.21,14,5000,2,500
14676,4.1,38.12688426,GLIMB,0.21,14,5000,2,500
14677,4.15,37.77992508,GLIMB,0.21,14,5000,2,500
14679,4.2,37.48437187,GLIMB,0.21,14,5000,2,500
14680,4.25,37.22971221,GLIMB,0.21,14,5000,2,500
14681,4.3,36.98748948,GLIMB,0.21,14,5000,2,500
14682,4.35,36.73021562,GLIMB,0.21,14,5000,2,500
14683,4.4,36.45116377,GLIMB,0.21,14,5000,2,500
14685,4.45,36.1536321,GLIMB,0.21,14,5000,2,500
14686,4.5,35.84601211,GLIMB,0.21,14,5000,2,500
14687,4.55,35.53366109,GLIMB,0.21,14,5000,2,500
14689,4.6,35.22826891,GLIMB,0.21,14,5000,2,500
14690,4.65,34.95196157,GLIMB,0.21,14,5000,2,500
14692,4.7,34.70939924,GLIMB,0.21,14,5000,2,500
14693,4.75,34.48846098,GLIMB,0.21,14,5000,2,500
14694,4.8,34.27272961,GLIMB,0.21,14,5000,2,500
14695,4.85,34.04137082,GLIMB,0.21,14,5000,2,500
14696,4.9,33.77465575,GLIMB,0.21,14,5000,2,500
14697,4.95,33.46379042,GLIMB,0.21,14,5000,2,500
14698,5,33.11317313,GLIMB,0.21,14,5000,2,500
14699,5.05,32.73192803,GLIMB,0.21,14,5000,2,500
14700,5.1,32.32940663,GLIMB,0.21,14,5000,2,500
14701,5.15,31.91276178,GLIMB,0.21,14,5000,2,500
14702,5.2,31.49083982,GLIMB,0.21,14,5000,2,500
14704,5.25,31.07362017,GLIMB,0.21,14,5000,2,500
14705,5.3,30.6689519,GLIMB,0.21,14,5000,2,500
14706,5.35,30.28008069,GLIMB,0.21,14,5000,2,500
14707,5.4,29.9079758,GLIMB,0.21,14,5000,2,500
14708,5.45,29.55166516,GLIMB,0.21,14,5000,2,500
14709,5.5,29.20827896,GLIMB,0.21,14,5000,2,500
14710,5.55,28.87401021,GLIMB,0.21,14,5000,2,500
14711,5.6,28.54669293,GLIMB,0.21,14,5000,2,500
14712,5.65,28.22323899,GLIMB,0.21,14,5000,2,500
14713,5.7,27.90304488,GLIMB,0.21,14,5000,2,500
14714,5.75,27.58823061,GLIMB,0.21,14,5000,2,500
14715,5.8,27.28105445,GLIMB,0.21,14,5000,2,500
14718,5.85,26.98159254,GLIMB,0.21,14,5000,2,500
14719,5.9,26.68797357,GLIMB,0.21,14,5000,2,500
14720,5.95,26.40016606,GLIMB,0.21,14,5000,2,500
14721,6,26.11750745,GLIMB,0.21,14,5000,2,500
14722,6.05,25.83982002,GLIMB,0.21,14,5000,2,500
14723,6.1,25.56521284,GLIMB,0.21,14,5000,2,500
14724,6.15,25.29215419,GLIMB,0.21,14,5000,2,500
14725,6.2,25.01951214,GLIMB,0.21,14,5000,2,500
14726,6.25,24.74686867,GLIMB,0.21,14,5000,2,500
14727,6.3,24.47280505,GLIMB,0.21,14,5000,2,500
14728,6.35,24.19467313,GLIMB,0.21,14,5000,2,500
14729,6.4,23.91125361,GLIMB,0.21,14,5000,2,500
14730,6.45,23.62170651,GLIMB,0.21,14,5000,2,500
14731,6.5,23.3247712,GLIMB,0.21,14,5000,2,500
14732,6.55,23.02225467,GLIMB,0.21,14,5000,2,500
14733,6.6,22.71877626,GLIMB,0.21,14,5000,2,500
14734,6.65,22.4202157,GLIMB,0.21,14,5000,2,500
14735,6.7,22.13227948,GLIMB,0.21,14,5000,2,500
14736,6.75,21.85885011,GLIMB,0.21,14,5000,2,500
14737,6.8,21.60151785,GLIMB,0.21,14,5000,2,500
14738,6.85,21.35963451,GLIMB,0.21,14,5000,2,500
14742,-0.1,148.7546761,GloGEMflow,0.19,14,5000,2,500
14743,-0.05,145.9841938,GloGEMflow,0.19,14,5000,2,500
14744,0,143.4058903,GloGEMflow,0.19,14,5000,2,500
14745,0.05,141.1252967,GloGEMflow,0.19,14,5000,2,500
14747,0.1,139.1429011,GloGEMflow,0.19,14,5000,2,500
14749,0.15,137.4192114,GloGEMflow,0.19,14,5000,2,500
14751,0.2,135.8657299,GloGEMflow,0.19,14,5000,2,500
14754,0.25,134.3575579,GloGEMflow,0.19,14,5000,2,500
14756,0.3,132.8092741,GloGEMflow,0.19,14,5000,2,500
14758,0.35,131.1750654,GloGEMflow,0.19,14,5000,2,500
14764,0.4,129.4699427,GloGEMflow,0.19,14,5000,2,500
14765,0.45,127.7415516,GloGEMflow,0.19,14,5000,2,500
14767,0.5,126.0228901,GloGEMflow,0.19,14,5000,2,500
14768,0.55,124.3483596,GloGEMflow,0.19,14,5000,2,500
14769,0.6,122.7258941,GloGEMflow,0.19,14,5000,2,500
14770,0.65,121.1152155,GloGEMflow,0.19,14,5000,2,500
14771,0.7,119.4018181,GloGEMflow,0.19,14,5000,2,500
14772,0.75,117.4775668,GloGEMflow,0.19,14,5000,2,500
14773,0.8,115.3059131,GloGEMflow,0.19,14,5000,2,500
14774,0.85,112.8874372,GloGEMflow,0.19,14,5000,2,500
14775,0.9,110.332867,GloGEMflow,0.19,14,5000,2,500
14780,0.95,107.8429418,GloGEMflow,0.19,14,5000,2,500
14781,1,105.6503199,GloGEMflow,0.19,14,5000,2,500
14782,1.05,103.6565169,GloGEMflow,0.19,14,5000,2,500
14784,1.1,101.7474919,GloGEMflow,0.19,14,5000,2,500
14785,1.15,99.89393921,GloGEMflow,0.19,14,5000,2,500
14786,1.2,98.00670304,GloGEMflow,0.19,14,5000,2,500
14787,1.25,96.07600302,GloGEMflow,0.19,14,5000,2,500
14788,1.3,94.14179741,GloGEMflow,0.19,14,5000,2,500
14789,1.35,92.20517326,GloGEMflow,0.19,14,5000,2,500
14790,1.4,90.37485331,GloGEMflow,0.19,14,5000,2,500
14791,1.45,88.64940858,GloGEMflow,0.19,14,5000,2,500
14796,1.5,86.88656792,GloGEMflow,0.19,14,5000,2,500
14799,1.55,84.9729614,GloGEMflow,0.19,14,5000,2,500
14800,1.6,82.78859003,GloGEMflow,0.19,14,5000,2,500
14802,1.65,80.52937679,GloGEMflow,0.19,14,5000,2,500
14810,1.7,78.47665945,GloGEMflow,0.19,14,5000,2,500
14814,1.75,76.47839575,GloGEMflow,0.19,14,5000,2,500
14815,1.8,74.35872733,GloGEMflow,0.19,14,5000,2,500
14816,1.85,72.01917739,GloGEMflow,0.19,14,5000,2,500
14817,1.9,69.42960095,GloGEMflow,0.19,14,5000,2,500
14820,1.95,66.64342576,GloGEMflow,0.19,14,5000,2,500
14822,2,63.76973544,GloGEMflow,0.19,14,5000,2,500
14825,2.05,60.89068424,GloGEMflow,0.19,14,5000,2,500
14828,2.1,58.19269818,GloGEMflow,0.19,14,5000,2,500
14830,2.15,55.86792706,GloGEMflow,0.19,14,5000,2,500
14835,2.2,53.9442492,GloGEMflow,0.19,14,5000,2,500
14836,2.25,52.38821588,GloGEMflow,0.19,14,5000,2,500
14837,2.3,51.27971456,GloGEMflow,0.19,14,5000,2,500
14840,2.35,50.45579095,GloGEMflow,0.19,14,5000,2,500
14841,2.4,49.68039498,GloGEMflow,0.19,14,5000,2,500
14843,2.45,48.8572777,GloGEMflow,0.19,14,5000,2,500
14844,2.5,47.92206971,GloGEMflow,0.19,14,5000,2,500
14845,2.55,46.78586876,GloGEMflow,0.19,14,5000,2,500
14847,2.6,45.42194044,GloGEMflow,0.19,14,5000,2,500
14848,2.65,43.8567716,GloGEMflow,0.19,14,5000,2,500
14850,2.7,42.10379298,GloGEMflow,0.19,14,5000,2,500
14853,2.75,40.213093,GloGEMflow,0.19,14,5000,2,500
14854,2.8,38.33400457,GloGEMflow,0.19,14,5000,2,500
14857,2.85,36.65393806,GloGEMflow,0.19,14,5000,2,500
14858,2.9,35.22355973,GloGEMflow,0.19,14,5000,2,500
14859,2.95,34.02391591,GloGEMflow,0.19,14,5000,2,500
14862,3,33.02229447,GloGEMflow,0.19,14,5000,2,500
14865,3.05,32.2019581,GloGEMflow,0.19,14,5000,2,500
14866,3.1,31.5318021,GloGEMflow,0.19,14,5000,2,500
14868,3.15,30.95836074,GloGEMflow,0.19,14,5000,2,500
14869,3.2,30.43342898,GloGEMflow,0.19,14,5000,2,500
14870,3.25,29.92718572,GloGEMflow,0.19,14,5000,2,500
14871,3.3,29.39455452,GloGEMflow,0.19,14,5000,2,500
14872,3.35,28.79769713,GloGEMflow,0.19,14,5000,2,500
14873,3.4,28.12003122,GloGEMflow,0.19,14,5000,2,500
14875,3.45,27.3623661,GloGEMflow,0.19,14,5000,2,500
14877,3.5,26.54016892,GloGEMflow,0.19,14,5000,2,500
14881,3.55,25.68109744,GloGEMflow,0.19,14,5000,2,500
14882,3.6,24.82895932,GloGEMflow,0.19,14,5000,2,500
14884,3.65,24.01050242,GloGEMflow,0.19,14,5000,2,500
14885,3.7,23.24498581,GloGEMflow,0.19,14,5000,2,500
14886,3.75,22.54437899,GloGEMflow,0.19,14,5000,2,500
14887,3.8,21.89724364,GloGEMflow,0.19,14,5000,2,500
14889,3.85,21.28776837,GloGEMflow,0.19,14,5000,2,500
14890,3.9,20.70615718,GloGEMflow,0.19,14,5000,2,500
14891,3.95,20.1426589,GloGEMflow,0.19,14,5000,2,500
14893,4,19.59585375,GloGEMflow,0.19,14,5000,2,500
14895,4.05,19.06823809,GloGEMflow,0.19,14,5000,2,500
14896,4.1,18.57600439,GloGEMflow,0.19,14,5000,2,500
14897,4.15,18.13214594,GloGEMflow,0.19,14,5000,2,500
14899,4.2,17.73713432,GloGEMflow,0.19,14,5000,2,500
14900,4.25,17.39048613,GloGEMflow,0.19,14,5000,2,500
14901,4.3,17.09248026,GloGEMflow,0.19,14,5000,2,500
14902,4.35,16.84229841,GloGEMflow,0.19,14,5000,2,500
14903,4.4,16.63273641,GloGEMflow,0.19,14,5000,2,500
14905,4.45,16.45254464,GloGEMflow,0.19,14,5000,2,500
14906,4.5,16.27657339,GloGEMflow,0.19,14,5000,2,500
14907,4.55,16.07872931,GloGEMflow,0.19,14,5000,2,500
14909,4.6,15.85754866,GloGEMflow,0.19,14,5000,2,500
14910,4.65,15.62122412,GloGEMflow,0.19,14,5000,2,500
14912,4.7,15.37550246,GloGEMflow,0.19,14,5000,2,500
14913,4.75,15.12094335,GloGEMflow,0.19,14,5000,2,500
14914,4.8,14.8604087,GloGEMflow,0.19,14,5000,2,500
14915,4.85,14.59631851,GloGEMflow,0.19,14,5000,2,500
14916,4.9,14.32721464,GloGEMflow,0.19,14,5000,2,500
14917,4.95,14.05075227,GloGEMflow,0.19,14,5000,2,500
14918,5,13.76745264,GloGEMflow,0.19,14,5000,2,500
14919,5.05,13.4772,GloGEMflow,0.19,14,5000,2,500
14920,5.1,13.17568676,GloGEMflow,0.19,14,5000,2,500
14921,5.15,12.86401043,GloGEMflow,0.19,14,5000,2,500
14922,5.2,12.54732369,GloGEMflow,0.19,14,5000,2,500
14924,5.25,12.23154106,GloGEMflow,0.19,14,5000,2,500
14925,5.3,11.92249247,GloGEMflow,0.19,14,5000,2,500
14926,5.35,11.62451511,GloGEMflow,0.19,14,5000,2,500
14927,5.4,11.33948717,GloGEMflow,0.19,14,5000,2,500
14928,5.45,11.07007327,GloGEMflow,0.19,14,5000,2,500
14929,5.5,10.8166111,GloGEMflow,0.19,14,5000,2,500
14930,5.55,10.57693601,GloGEMflow,0.19,14,5000,2,500
14931,5.6,10.34840294,GloGEMflow,0.19,14,5000,2,500
14932,5.65,10.12811243,GloGEMflow,0.19,14,5000,2,500
14933,5.7,9.913391499,GloGEMflow,0.19,14,5000,2,500
14934,5.75,9.702880533,GloGEMflow,0.19,14,5000,2,500
14935,5.8,9.496384121,GloGEMflow,0.19,14,5000,2,500
14938,5.85,9.293218657,GloGEMflow,0.19,14,5000,2,500
14939,5.9,9.091382066,GloGEMflow,0.19,14,5000,2,500
14940,5.95,8.887309314,GloGEMflow,0.19,14,5000,2,500
14941,6,8.677348761,GloGEMflow,0.19,14,5000,2,500
14942,6.05,8.458896821,GloGEMflow,0.19,14,5000,2,500
14943,6.1,8.230695368,GloGEMflow,0.19,14,5000,2,500
14944,6.15,7.993752344,GloGEMflow,0.19,14,5000,2,500
14945,6.2,7.74977124,GloGEMflow,0.19,14,5000,2,500
14946,6.25,7.500014595,GloGEMflow,0.19,14,5000,2,500
14947,6.3,7.244441937,GloGEMflow,0.19,14,5000,2,500
14948,6.35,6.984727441,GloGEMflow,0.19,14,5000,2,500
14949,6.4,6.724839847,GloGEMflow,0.19,14,5000,2,500
14950,6.45,6.469223677,GloGEMflow,0.19,14,5000,2,500
14951,6.5,6.220842246,GloGEMflow,0.19,14,5000,2,500
14952,6.55,5.979232259,GloGEMflow,0.19,14,5000,2,500
14953,6.6,5.743669528,GloGEMflow,0.19,14,5000,2,500
14954,6.65,5.514362287,GloGEMflow,0.19,14,5000,2,500
14955,6.7,5.291512843,GloGEMflow,0.19,14,5000,2,500
14956,6.75,5.073377341,GloGEMflow,0.19,14,5000,2,500
14957,6.8,4.856209061,GloGEMflow,0.19,14,5000,2,500
14958,6.85,4.638717514,GloGEMflow,0.19,14,5000,2,500
14962,-0.1,174.0647992,GloGEMflow3D,0.18,14,5000,2,500
14963,-0.05,172.9896195,GloGEMflow3D,0.18,14,5000,2,500
14964,0,171.5828821,GloGEMflow3D,0.18,14,5000,2,500
14965,0.05,169.8296749,GloGEMflow3D,0.18,14,5000,2,500
14967,0.1,167.7338795,GloGEMflow3D,0.18,14,5000,2,500
14969,0.15,165.2676978,GloGEMflow3D,0.18,14,5000,2,500
14971,0.2,162.4349833,GloGEMflow3D,0.18,14,5000,2,500
14974,0.25,159.3130642,GloGEMflow3D,0.18,14,5000,2,500
14976,0.3,155.9821509,GloGEMflow3D,0.18,14,5000,2,500
14978,0.35,152.4973507,GloGEMflow3D,0.18,14,5000,2,500
14984,0.4,148.8947182,GloGEMflow3D,0.18,14,5000,2,500
14985,0.45,145.1765109,GloGEMflow3D,0.18,14,5000,2,500
14987,0.5,141.336981,GloGEMflow3D,0.18,14,5000,2,500
14988,0.55,137.4173031,GloGEMflow3D,0.18,14,5000,2,500
14989,0.6,133.4778182,GloGEMflow3D,0.18,14,5000,2,500
14990,0.65,129.5887249,GloGEMflow3D,0.18,14,5000,2,500
14991,0.7,125.8297442,GloGEMflow3D,0.18,14,5000,2,500
14992,0.75,122.2510791,GloGEMflow3D,0.18,14,5000,2,500
14993,0.8,118.8873632,GloGEMflow3D,0.18,14,5000,2,500
14994,0.85,115.8232781,GloGEMflow3D,0.18,14,5000,2,500
14995,0.9,113.0204684,GloGEMflow3D,0.18,14,5000,2,500
15000,0.95,110.2210837,GloGEMflow3D,0.18,14,5000,2,500
15001,1,107.3610919,GloGEMflow3D,0.18,14,5000,2,500
15002,1.05,104.5842248,GloGEMflow3D,0.18,14,5000,2,500
15004,1.1,102.0018517,GloGEMflow3D,0.18,14,5000,2,500
15005,1.15,99.48793716,GloGEMflow3D,0.18,14,5000,2,500
15006,1.2,96.88314712,GloGEMflow3D,0.18,14,5000,2,500
15007,1.25,94.21108995,GloGEMflow3D,0.18,14,5000,2,500
15008,1.3,91.75514741,GloGEMflow3D,0.18,14,5000,2,500
15009,1.35,89.65215224,GloGEMflow3D,0.18,14,5000,2,500
15010,1.4,87.81223534,GloGEMflow3D,0.18,14,5000,2,500
15011,1.45,86.19083035,GloGEMflow3D,0.18,14,5000,2,500
15016,1.5,84.52663568,GloGEMflow3D,0.18,14,5000,2,500
15019,1.55,82.50201621,GloGEMflow3D,0.18,14,5000,2,500
15020,1.6,80.06816403,GloGEMflow3D,0.18,14,5000,2,500
15022,1.65,77.53096452,GloGEMflow3D,0.18,14,5000,2,500
15030,1.7,75.03511139,GloGEMflow3D,0.18,14,5000,2,500
15034,1.75,72.75229421,GloGEMflow3D,0.18,14,5000,2,500
15035,1.8,70.56767863,GloGEMflow3D,0.18,14,5000,2,500
15036,1.85,68.23566961,GloGEMflow3D,0.18,14,5000,2,500
15037,1.9,65.66091913,GloGEMflow3D,0.18,14,5000,2,500
15040,1.95,62.96810483,GloGEMflow3D,0.18,14,5000,2,500
15042,2,60.30548987,GloGEMflow3D,0.18,14,5000,2,500
15045,2.05,57.68888546,GloGEMflow3D,0.18,14,5000,2,500
15048,2.1,54.86607469,GloGEMflow3D,0.18,14,5000,2,500
15050,2.15,52.19881137,GloGEMflow3D,0.18,14,5000,2,500
15055,2.2,49.93419537,GloGEMflow3D,0.18,14,5000,2,500
15056,2.25,48.12165275,GloGEMflow3D,0.18,14,5000,2,500
15057,2.3,46.90455183,GloGEMflow3D,0.18,14,5000,2,500
15060,2.35,46.30555801,GloGEMflow3D,0.18,14,5000,2,500
15061,2.4,46.06598999,GloGEMflow3D,0.18,14,5000,2,500
15063,2.45,45.8610817,GloGEMflow3D,0.18,14,5000,2,500
15064,2.5,45.48325736,GloGEMflow3D,0.18,14,5000,2,500
15065,2.55,44.81503769,GloGEMflow3D,0.18,14,5000,2,500
15067,2.6,43.80469683,GloGEMflow3D,0.18,14,5000,2,500
15068,2.65,42.43532314,GloGEMflow3D,0.18,14,5000,2,500
15070,2.7,40.72001083,GloGEMflow3D,0.18,14,5000,2,500
15073,2.75,38.78046992,GloGEMflow3D,0.18,14,5000,2,500
15074,2.8,36.80772899,GloGEMflow3D,0.18,14,5000,2,500
15077,2.85,34.99448506,GloGEMflow3D,0.18,14,5000,2,500
15078,2.9,33.4211798,GloGEMflow3D,0.18,14,5000,2,500
15079,2.95,32.11762872,GloGEMflow3D,0.18,14,5000,2,500
15082,3,31.04661974,GloGEMflow3D,0.18,14,5000,2,500
15085,3.05,30.16488301,GloGEMflow3D,0.18,14,5000,2,500
15086,3.1,29.44232813,GloGEMflow3D,0.18,14,5000,2,500
15088,3.15,28.83783325,GloGEMflow3D,0.18,14,5000,2,500
15089,3.2,28.3116278,GloGEMflow3D,0.18,14,5000,2,500
15090,3.25,27.80947567,GloGEMflow3D,0.18,14,5000,2,500
15091,3.3,27.30914296,GloGEMflow3D,0.18,14,5000,2,500
15092,3.35,26.78659726,GloGEMflow3D,0.18,14,5000,2,500
15093,3.4,26.20447792,GloGEMflow3D,0.18,14,5000,2,500
15095,3.45,25.52245825,GloGEMflow3D,0.18,14,5000,2,500
15097,3.5,24.76624418,GloGEMflow3D,0.18,14,5000,2,500
15101,3.55,23.98620464,GloGEMflow3D,0.18,14,5000,2,500
15102,3.6,23.23232135,GloGEMflow3D,0.18,14,5000,2,500
15104,3.65,22.5388556,GloGEMflow3D,0.18,14,5000,2,500
15105,3.7,21.91731759,GloGEMflow3D,0.18,14,5000,2,500
15106,3.75,21.35662066,GloGEMflow3D,0.18,14,5000,2,500
15107,3.8,20.84534861,GloGEMflow3D,0.18,14,5000,2,500
15109,3.85,20.37584166,GloGEMflow3D,0.18,14,5000,2,500
15110,3.9,19.9526076,GloGEMflow3D,0.18,14,5000,2,500
15111,3.95,19.57651975,GloGEMflow3D,0.18,14,5000,2,500
15113,4,19.2303224,GloGEMflow3D,0.18,14,5000,2,500
15115,4.05,18.89031678,GloGEMflow3D,0.18,14,5000,2,500
15116,4.1,18.54397021,GloGEMflow3D,0.18,14,5000,2,500
15117,4.15,18.1870471,GloGEMflow3D,0.18,14,5000,2,500
15119,4.2,17.81163619,GloGEMflow3D,0.18,14,5000,2,500
15120,4.25,17.4229602,GloGEMflow3D,0.18,14,5000,2,500
15121,4.3,17.03860872,GloGEMflow3D,0.18,14,5000,2,500
15122,4.35,16.67161974,GloGEMflow3D,0.18,14,5000,2,500
15123,4.4,16.32806232,GloGEMflow3D,0.18,14,5000,2,500
15125,4.45,16.00993786,GloGEMflow3D,0.18,14,5000,2,500
15126,4.5,15.71748906,GloGEMflow3D,0.18,14,5000,2,500
15127,4.55,15.44296546,GloGEMflow3D,0.18,14,5000,2,500
15129,4.6,15.16298768,GloGEMflow3D,0.18,14,5000,2,500
15130,4.65,14.86854589,GloGEMflow3D,0.18,14,5000,2,500
15132,4.7,14.56142581,GloGEMflow3D,0.18,14,5000,2,500
15133,4.75,14.24802027,GloGEMflow3D,0.18,14,5000,2,500
15134,4.8,13.93660762,GloGEMflow3D,0.18,14,5000,2,500
15135,4.85,13.6312486,GloGEMflow3D,0.18,14,5000,2,500
15136,4.9,13.32962593,GloGEMflow3D,0.18,14,5000,2,500
15137,4.95,13.02690459,GloGEMflow3D,0.18,14,5000,2,500
15138,5,12.72380654,GloGEMflow3D,0.18,14,5000,2,500
15139,5.05,12.42299127,GloGEMflow3D,0.18,14,5000,2,500
15140,5.1,12.1249748,GloGEMflow3D,0.18,14,5000,2,500
15141,5.15,11.82663109,GloGEMflow3D,0.18,14,5000,2,500
15142,5.2,11.5180007,GloGEMflow3D,0.18,14,5000,2,500
15144,5.25,11.19523817,GloGEMflow3D,0.18,14,5000,2,500
15145,5.3,10.86515721,GloGEMflow3D,0.18,14,5000,2,500
15146,5.35,10.53881433,GloGEMflow3D,0.18,14,5000,2,500
15147,5.4,10.22456265,GloGEMflow3D,0.18,14,5000,2,500
15148,5.45,9.929499648,GloGEMflow3D,0.18,14,5000,2,500
15149,5.5,9.658069668,GloGEMflow3D,0.18,14,5000,2,500
15150,5.55,9.411874287,GloGEMflow3D,0.18,14,5000,2,500
15151,5.6,9.189232101,GloGEMflow3D,0.18,14,5000,2,500
15152,5.65,8.986206886,GloGEMflow3D,0.18,14,5000,2,500
15153,5.7,8.798309396,GloGEMflow3D,0.18,14,5000,2,500
15154,5.75,8.619551166,GloGEMflow3D,0.18,14,5000,2,500
15155,5.8,8.446341689,GloGEMflow3D,0.18,14,5000,2,500
15158,5.85,8.276714455,GloGEMflow3D,0.18,14,5000,2,500
15159,5.9,8.109640902,GloGEMflow3D,0.18,14,5000,2,500
15160,5.95,7.944674659,GloGEMflow3D,0.18,14,5000,2,500
15161,6,7.782289448,GloGEMflow3D,0.18,14,5000,2,500
15162,6.05,7.623760995,GloGEMflow3D,0.18,14,5000,2,500
15163,6.1,7.470480082,GloGEMflow3D,0.18,14,5000,2,500
15164,6.15,7.322618307,GloGEMflow3D,0.18,14,5000,2,500
15165,6.2,7.180787535,GloGEMflow3D,0.18,14,5000,2,500
15166,6.25,7.046168027,GloGEMflow3D,0.18,14,5000,2,500
15167,6.3,6.917762805,GloGEMflow3D,0.18,14,5000,2,500
15168,6.35,6.794440067,GloGEMflow3D,0.18,14,5000,2,500
15169,6.4,6.674523914,GloGEMflow3D,0.18,14,5000,2,500
15170,6.45,6.555819446,GloGEMflow3D,0.18,14,5000,2,500
15171,6.5,6.435594567,GloGEMflow3D,0.18,14,5000,2,500
15172,6.55,6.310608247,GloGEMflow3D,0.18,14,5000,2,500
15173,6.6,6.177323816,GloGEMflow3D,0.18,14,5000,2,500
15174,6.65,6.031743557,GloGEMflow3D,0.18,14,5000,2,500
15175,6.7,5.869639842,GloGEMflow3D,0.18,14,5000,2,500
15176,6.75,5.688857523,GloGEMflow3D,0.18,14,5000,2,500
15177,6.8,5.488982691,GloGEMflow3D,0.18,14,5000,2,500
15178,6.85,5.27021518,GloGEMflow3D,0.18,14,5000,2,500
15182,-0.1,124.5258658,Kraaijenbrink,0.16,14,5000,2,500
15183,-0.05,122.2777104,Kraaijenbrink,0.16,14,5000,2,500
15184,0,120.1219239,Kraaijenbrink,0.16,14,5000,2,500
15185,0.05,118.1323599,Kraaijenbrink,0.16,14,5000,2,500
15187,0.1,116.3395458,Kraaijenbrink,0.16,14,5000,2,500
15189,0.15,114.7403666,Kraaijenbrink,0.16,14,5000,2,500
15191,0.2,113.3658996,Kraaijenbrink,0.16,14,5000,2,500
15194,0.25,112.2591614,Kraaijenbrink,0.16,14,5000,2,500
15196,0.3,111.3962277,Kraaijenbrink,0.16,14,5000,2,500
15198,0.35,110.6755993,Kraaijenbrink,0.16,14,5000,2,500
15204,0.4,109.9945405,Kraaijenbrink,0.16,14,5000,2,500
15205,0.45,109.2755271,Kraaijenbrink,0.16,14,5000,2,500
15207,0.5,108.5009783,Kraaijenbrink,0.16,14,5000,2,500
15208,0.55,107.6983478,Kraaijenbrink,0.16,14,5000,2,500
15209,0.6,106.8846951,Kraaijenbrink,0.16,14,5000,2,500
15210,0.65,106.0319467,Kraaijenbrink,0.16,14,5000,2,500
15211,0.7,105.0588682,Kraaijenbrink,0.16,14,5000,2,500
15212,0.75,103.8593177,Kraaijenbrink,0.16,14,5000,2,500
15213,0.8,102.3802119,Kraaijenbrink,0.16,14,5000,2,500
15214,0.85,100.7433481,Kraaijenbrink,0.16,14,5000,2,500
15215,0.9,99.23589835,Kraaijenbrink,0.16,14,5000,2,500
15220,0.95,97.95672118,Kraaijenbrink,0.16,14,5000,2,500
15221,1,96.85732282,Kraaijenbrink,0.16,14,5000,2,500
15222,1.05,95.82866126,Kraaijenbrink,0.16,14,5000,2,500
15224,1.1,94.73159373,Kraaijenbrink,0.16,14,5000,2,500
15225,1.15,93.48611726,Kraaijenbrink,0.16,14,5000,2,500
15226,1.2,92.19704279,Kraaijenbrink,0.16,14,5000,2,500
15227,1.25,90.98466863,Kraaijenbrink,0.16,14,5000,2,500
15228,1.3,89.88512098,Kraaijenbrink,0.16,14,5000,2,500
15229,1.35,88.94575225,Kraaijenbrink,0.16,14,5000,2,500
15230,1.4,88.32985833,Kraaijenbrink,0.16,14,5000,2,500
15231,1.45,87.96270053,Kraaijenbrink,0.16,14,5000,2,500
15236,1.5,87.55137417,Kraaijenbrink,0.16,14,5000,2,500
15239,1.55,87.09726394,Kraaijenbrink,0.16,14,5000,2,500
15240,1.6,86.53389796,Kraaijenbrink,0.16,14,5000,2,500
15242,1.65,85.66993399,Kraaijenbrink,0.16,14,5000,2,500
15250,1.7,84.18534676,Kraaijenbrink,0.16,14,5000,2,500
15254,1.75,82.09955481,Kraaijenbrink,0.16,14,5000,2,500
15255,1.8,79.97126455,Kraaijenbrink,0.16,14,5000,2,500
15256,1.85,78.26834871,Kraaijenbrink,0.16,14,5000,2,500
15257,1.9,77.18150651,Kraaijenbrink,0.16,14,5000,2,500
15260,1.95,76.64879489,Kraaijenbrink,0.16,14,5000,2,500
15262,2,76.35296405,Kraaijenbrink,0.16,14,5000,2,500
15265,2.05,76.16507667,Kraaijenbrink,0.16,14,5000,2,500
15268,2.1,76.09548697,Kraaijenbrink,0.16,14,5000,2,500
15270,2.15,75.81614713,Kraaijenbrink,0.16,14,5000,2,500
15275,2.2,75.38272368,Kraaijenbrink,0.16,14,5000,2,500
15276,2.25,74.7679621,Kraaijenbrink,0.16,14,5000,2,500
15277,2.3,73.99589585,Kraaijenbrink,0.16,14,5000,2,500
15280,2.35,73.12019196,Kraaijenbrink,0.16,14,5000,2,500
15281,2.4,72.15275011,Kraaijenbrink,0.16,14,5000,2,500
15283,2.45,71.09728415,Kraaijenbrink,0.16,14,5000,2,500
15284,2.5,70.02726219,Kraaijenbrink,0.16,14,5000,2,500
15285,2.55,69.06386507,Kraaijenbrink,0.16,14,5000,2,500
15287,2.6,68.23804373,Kraaijenbrink,0.16,14,5000,2,500
15288,2.65,67.45649146,Kraaijenbrink,0.16,14,5000,2,500
15290,2.7,66.68806586,Kraaijenbrink,0.16,14,5000,2,500
15293,2.75,65.97458766,Kraaijenbrink,0.16,14,5000,2,500
15294,2.8,65.31079092,Kraaijenbrink,0.16,14,5000,2,500
15297,2.85,64.70865564,Kraaijenbrink,0.16,14,5000,2,500
15298,2.9,64.14924856,Kraaijenbrink,0.16,14,5000,2,500
15299,2.95,63.64194082,Kraaijenbrink,0.16,14,5000,2,500
15302,3,63.17364853,Kraaijenbrink,0.16,14,5000,2,500
15305,3.05,62.69587142,Kraaijenbrink,0.16,14,5000,2,500
15306,3.1,62.18725393,Kraaijenbrink,0.16,14,5000,2,500
15308,3.15,61.64760826,Kraaijenbrink,0.16,14,5000,2,500
15309,3.2,61.09744114,Kraaijenbrink,0.16,14,5000,2,500
15310,3.25,60.53445614,Kraaijenbrink,0.16,14,5000,2,500
15311,3.3,59.95224857,Kraaijenbrink,0.16,14,5000,2,500
15312,3.35,59.34335451,Kraaijenbrink,0.16,14,5000,2,500
15313,3.4,58.70133337,Kraaijenbrink,0.16,14,5000,2,500
15315,3.45,58.02636924,Kraaijenbrink,0.16,14,5000,2,500
15317,3.5,57.30346552,Kraaijenbrink,0.16,14,5000,2,500
15321,3.55,56.56111191,Kraaijenbrink,0.16,14,5000,2,500
15322,3.6,55.84246607,Kraaijenbrink,0.16,14,5000,2,500
15324,3.65,55.16577943,Kraaijenbrink,0.16,14,5000,2,500
15325,3.7,54.51426544,Kraaijenbrink,0.16,14,5000,2,500
15326,3.75,53.89660396,Kraaijenbrink,0.16,14,5000,2,500
15327,3.8,53.29559125,Kraaijenbrink,0.16,14,5000,2,500
15329,3.85,52.69259988,Kraaijenbrink,0.16,14,5000,2,500
15330,3.9,52.08928975,Kraaijenbrink,0.16,14,5000,2,500
15331,3.95,51.50619678,Kraaijenbrink,0.16,14,5000,2,500
15333,4,50.95257626,Kraaijenbrink,0.16,14,5000,2,500
15335,4.05,50.40696663,Kraaijenbrink,0.16,14,5000,2,500
15336,4.1,49.82834857,Kraaijenbrink,0.16,14,5000,2,500
15337,4.15,49.20305982,Kraaijenbrink,0.16,14,5000,2,500
15339,4.2,48.56487469,Kraaijenbrink,0.16,14,5000,2,500
15340,4.25,47.95037917,Kraaijenbrink,0.16,14,5000,2,500
15341,4.3,47.39863059,Kraaijenbrink,0.16,14,5000,2,500
15342,4.35,46.93321927,Kraaijenbrink,0.16,14,5000,2,500
15343,4.4,46.56468131,Kraaijenbrink,0.16,14,5000,2,500
15345,4.45,46.29514339,Kraaijenbrink,0.16,14,5000,2,500
15346,4.5,46.10148689,Kraaijenbrink,0.16,14,5000,2,500
15347,4.55,45.94029427,Kraaijenbrink,0.16,14,5000,2,500
15349,4.6,45.787113,Kraaijenbrink,0.16,14,5000,2,500
15350,4.65,45.64218382,Kraaijenbrink,0.16,14,5000,2,500
15352,4.7,45.48705512,Kraaijenbrink,0.16,14,5000,2,500
15353,4.75,45.30513784,Kraaijenbrink,0.16,14,5000,2,500
15354,4.8,45.08677696,Kraaijenbrink,0.16,14,5000,2,500
15355,4.85,44.83022235,Kraaijenbrink,0.16,14,5000,2,500
15356,4.9,44.52747862,Kraaijenbrink,0.16,14,5000,2,500
15357,4.95,44.16638113,Kraaijenbrink,0.16,14,5000,2,500
15358,5,43.75243948,Kraaijenbrink,0.16,14,5000,2,500
15359,5.05,43.2955007,Kraaijenbrink,0.16,14,5000,2,500
15360,5.1,42.81036745,Kraaijenbrink,0.16,14,5000,2,500
15361,5.15,42.30392503,Kraaijenbrink,0.16,14,5000,2,500
15362,5.2,41.77522106,Kraaijenbrink,0.16,14,5000,2,500
15364,5.25,41.23674449,Kraaijenbrink,0.16,14,5000,2,500
15365,5.3,40.69231182,Kraaijenbrink,0.16,14,5000,2,500
15366,5.35,40.13857673,Kraaijenbrink,0.16,14,5000,2,500
15367,5.4,39.58027133,Kraaijenbrink,0.16,14,5000,2,500
15368,5.45,39.03128796,Kraaijenbrink,0.16,14,5000,2,500
15369,5.5,38.50471281,Kraaijenbrink,0.16,14,5000,2,500
15370,5.55,38.01465544,Kraaijenbrink,0.16,14,5000,2,500
15371,5.6,37.57340714,Kraaijenbrink,0.16,14,5000,2,500
15372,5.65,37.18493123,Kraaijenbrink,0.16,14,5000,2,500
15373,5.7,36.84165806,Kraaijenbrink,0.16,14,5000,2,500
15374,5.75,36.53145181,Kraaijenbrink,0.16,14,5000,2,500
15375,5.8,36.2475447,Kraaijenbrink,0.16,14,5000,2,500
15378,5.85,35.98747358,Kraaijenbrink,0.16,14,5000,2,500
15379,5.9,35.74519559,Kraaijenbrink,0.16,14,5000,2,500
15380,5.95,35.51691077,Kraaijenbrink,0.16,14,5000,2,500
15381,6,35.29616604,Kraaijenbrink,0.16,14,5000,2,500
15382,6.05,35.07616956,Kraaijenbrink,0.16,14,5000,2,500
15383,6.1,34.85084314,Kraaijenbrink,0.16,14,5000,2,500
15384,6.15,34.61872746,Kraaijenbrink,0.16,14,5000,2,500
15385,6.2,34.38150954,Kraaijenbrink,0.16,14,5000,2,500
15386,6.25,34.14497564,Kraaijenbrink,0.16,14,5000,2,500
15387,6.3,33.91928672,Kraaijenbrink,0.16,14,5000,2,500
15388,6.35,33.71657589,Kraaijenbrink,0.16,14,5000,2,500
15389,6.4,33.5447225,Kraaijenbrink,0.16,14,5000,2,500
15390,6.45,33.3986896,Kraaijenbrink,0.16,14,5000,2,500
15391,6.5,33.27201856,Kraaijenbrink,0.16,14,5000,2,500
15392,6.55,33.16548555,Kraaijenbrink,0.16,14,5000,2,500
15393,6.6,33.07930487,Kraaijenbrink,0.16,14,5000,2,500
15394,6.65,33.01262673,Kraaijenbrink,0.16,14,5000,2,500
15395,6.7,32.96731931,Kraaijenbrink,0.16,14,5000,2,500
15396,6.75,32.94352224,Kraaijenbrink,0.16,14,5000,2,500
15397,6.8,32.93485867,Kraaijenbrink,0.16,14,5000,2,500
15398,6.85,32.93363933,Kraaijenbrink,0.16,14,5000,2,500
15402,-0.1,202.1664468,OGGM_v16,0.23,14,5000,2,500
15403,-0.05,196.5319913,OGGM_v16,0.23,14,5000,2,500
15404,0,190.9001218,OGGM_v16,0.23,14,5000,2,500
15405,0.05,185.2771124,OGGM_v16,0.23,14,5000,2,500
15407,0.1,179.6914064,OGGM_v16,0.23,14,5000,2,500
15409,0.15,174.1388268,OGGM_v16,0.23,14,5000,2,500
15411,0.2,168.611624,OGGM_v16,0.23,14,5000,2,500
15414,0.25,163.0867432,OGGM_v16,0.23,14,5000,2,500
15416,0.3,157.559509,OGGM_v16,0.23,14,5000,2,500
15418,0.35,152.0460673,OGGM_v16,0.23,14,5000,2,500
15424,0.4,146.5654296,OGGM_v16,0.23,14,5000,2,500
15425,0.45,141.1172752,OGGM_v16,0.23,14,5000,2,500
15427,0.5,135.6957565,OGGM_v16,0.23,14,5000,2,500
15428,0.55,130.3106475,OGGM_v16,0.23,14,5000,2,500
15429,0.6,124.9846928,OGGM_v16,0.23,14,5000,2,500
15430,0.65,119.7280351,OGGM_v16,0.23,14,5000,2,500
15431,0.7,114.5417389,OGGM_v16,0.23,14,5000,2,500
15432,0.75,109.4077475,OGGM_v16,0.23,14,5000,2,500
15433,0.8,104.3510324,OGGM_v16,0.23,14,5000,2,500
15434,0.85,99.40020675,OGGM_v16,0.23,14,5000,2,500
15435,0.9,94.59804712,OGGM_v16,0.23,14,5000,2,500
15440,0.95,89.96225601,OGGM_v16,0.23,14,5000,2,500
15441,1,85.51103528,OGGM_v16,0.23,14,5000,2,500
15442,1.05,81.27980832,OGGM_v16,0.23,14,5000,2,500
15444,1.1,77.31776334,OGGM_v16,0.23,14,5000,2,500
15445,1.15,73.64683144,OGGM_v16,0.23,14,5000,2,500
15446,1.2,70.25794786,OGGM_v16,0.23,14,5000,2,500
15447,1.25,67.10012825,OGGM_v16,0.23,14,5000,2,500
15448,1.3,64.11377526,OGGM_v16,0.23,14,5000,2,500
15449,1.35,61.24453478,OGGM_v16,0.23,14,5000,2,500
15450,1.4,58.45149661,OGGM_v16,0.23,14,5000,2,500
15451,1.45,55.71196063,OGGM_v16,0.23,14,5000,2,500
15456,1.5,52.99895382,OGGM_v16,0.23,14,5000,2,500
15459,1.55,50.36182673,OGGM_v16,0.23,14,5000,2,500
15460,1.6,47.93135544,OGGM_v16,0.23,14,5000,2,500
15462,1.65,45.78370204,OGGM_v16,0.23,14,5000,2,500
15470,1.7,43.93859278,OGGM_v16,0.23,14,5000,2,500
15474,1.75,42.32143488,OGGM_v16,0.23,14,5000,2,500
15475,1.8,40.82501141,OGGM_v16,0.23,14,5000,2,500
15476,1.85,39.3845589,OGGM_v16,0.23,14,5000,2,500
15477,1.9,37.99235263,OGGM_v16,0.23,14,5000,2,500
15480,1.95,36.65167471,OGGM_v16,0.23,14,5000,2,500
15482,2,35.29462174,OGGM_v16,0.23,14,5000,2,500
15485,2.05,33.87335911,OGGM_v16,0.23,14,5000,2,500
15488,2.1,32.39727911,OGGM_v16,0.23,14,5000,2,500
15490,2.15,30.86177376,OGGM_v16,0.23,14,5000,2,500
15495,2.2,29.31056128,OGGM_v16,0.23,14,5000,2,500
15496,2.25,27.81845898,OGGM_v16,0.23,14,5000,2,500
15497,2.3,26.49247822,OGGM_v16,0.23,14,5000,2,500
15500,2.35,25.43675405,OGGM_v16,0.23,14,5000,2,500
15501,2.4,24.61981878,OGGM_v16,0.23,14,5000,2,500
15503,2.45,23.94197285,OGGM_v16,0.23,14,5000,2,500
15504,2.5,23.37412628,OGGM_v16,0.23,14,5000,2,500
15505,2.55,22.91646693,OGGM_v16,0.23,14,5000,2,500
15507,2.6,22.51236953,OGGM_v16,0.23,14,5000,2,500
15508,2.65,22.07114083,OGGM_v16,0.23,14,5000,2,500
15510,2.7,21.52430143,OGGM_v16,0.23,14,5000,2,500
15513,2.75,20.9018583,OGGM_v16,0.23,14,5000,2,500
15514,2.8,20.22524777,OGGM_v16,0.23,14,5000,2,500
15517,2.85,19.49563235,OGGM_v16,0.23,14,5000,2,500
15518,2.9,18.75725492,OGGM_v16,0.23,14,5000,2,500
15519,2.95,18.06683359,OGGM_v16,0.23,14,5000,2,500
15522,3,17.46941506,OGGM_v16,0.23,14,5000,2,500
15525,3.05,16.98525994,OGGM_v16,0.23,14,5000,2,500
15526,3.1,16.6057093,OGGM_v16,0.23,14,5000,2,500
15528,3.15,16.31016675,OGGM_v16,0.23,14,5000,2,500
15529,3.2,16.0749184,OGGM_v16,0.23,14,5000,2,500
15530,3.25,15.87586402,OGGM_v16,0.23,14,5000,2,500
15531,3.3,15.6930409,OGGM_v16,0.23,14,5000,2,500
15532,3.35,15.51454812,OGGM_v16,0.23,14,5000,2,500
15533,3.4,15.33565971,OGGM_v16,0.23,14,5000,2,500
15535,3.45,15.15062166,OGGM_v16,0.23,14,5000,2,500
15537,3.5,14.94086081,OGGM_v16,0.23,14,5000,2,500
15541,3.55,14.69018279,OGGM_v16,0.23,14,5000,2,500
15542,3.6,14.3909173,OGGM_v16,0.23,14,5000,2,500
15544,3.65,14.04683902,OGGM_v16,0.23,14,5000,2,500
15545,3.7,13.66829866,OGGM_v16,0.23,14,5000,2,500
15546,3.75,13.26549197,OGGM_v16,0.23,14,5000,2,500
15547,3.8,12.85091559,OGGM_v16,0.23,14,5000,2,500
15549,3.85,12.43043646,OGGM_v16,0.23,14,5000,2,500
15550,3.9,12.01152998,OGGM_v16,0.23,14,5000,2,500
15551,3.95,11.60561659,OGGM_v16,0.23,14,5000,2,500
15553,4,11.22442615,OGGM_v16,0.23,14,5000,2,500
15555,4.05,10.87256989,OGGM_v16,0.23,14,5000,2,500
15556,4.1,10.54949759,OGGM_v16,0.23,14,5000,2,500
15557,4.15,10.25584621,OGGM_v16,0.23,14,5000,2,500
15559,4.2,9.987307324,OGGM_v16,0.23,14,5000,2,500
15560,4.25,9.736539986,OGGM_v16,0.23,14,5000,2,500
15561,4.3,9.50269922,OGGM_v16,0.23,14,5000,2,500
15562,4.35,9.286431708,OGGM_v16,0.23,14,5000,2,500
15563,4.4,9.086639394,OGGM_v16,0.23,14,5000,2,500
15565,4.45,8.899184729,OGGM_v16,0.23,14,5000,2,500
15566,4.5,8.718745849,OGGM_v16,0.23,14,5000,2,500
15567,4.55,8.543817821,OGGM_v16,0.23,14,5000,2,500
15569,4.6,8.374955909,OGGM_v16,0.23,14,5000,2,500
15570,4.65,8.213474253,OGGM_v16,0.23,14,5000,2,500
15572,4.7,8.057072957,OGGM_v16,0.23,14,5000,2,500
15573,4.75,7.903027927,OGGM_v16,0.23,14,5000,2,500
15574,4.8,7.750086108,OGGM_v16,0.23,14,5000,2,500
15575,4.85,7.596495867,OGGM_v16,0.23,14,5000,2,500
15576,4.9,7.43973275,OGGM_v16,0.23,14,5000,2,500
15577,4.95,7.27867353,OGGM_v16,0.23,14,5000,2,500
15578,5,7.113429778,OGGM_v16,0.23,14,5000,2,500
15579,5.05,6.946676923,OGGM_v16,0.23,14,5000,2,500
15580,5.1,6.78150413,OGGM_v16,0.23,14,5000,2,500
15581,5.15,6.620609101,OGGM_v16,0.23,14,5000,2,500
15582,5.2,6.466924487,OGGM_v16,0.23,14,5000,2,500
15584,5.25,6.321703007,OGGM_v16,0.23,14,5000,2,500
15585,5.3,6.183976139,OGGM_v16,0.23,14,5000,2,500
15586,5.35,6.051950042,OGGM_v16,0.23,14,5000,2,500
15587,5.4,5.925123791,OGGM_v16,0.23,14,5000,2,500
15588,5.45,5.803776448,OGGM_v16,0.23,14,5000,2,500
15589,5.5,5.687704147,OGGM_v16,0.23,14,5000,2,500
15590,5.55,5.575890448,OGGM_v16,0.23,14,5000,2,500
15591,5.6,5.467138907,OGGM_v16,0.23,14,5000,2,500
15592,5.65,5.360181498,OGGM_v16,0.23,14,5000,2,500
15593,5.7,5.253926795,OGGM_v16,0.23,14,5000,2,500
15594,5.75,5.147644166,OGGM_v16,0.23,14,5000,2,500
15595,5.8,5.040845618,OGGM_v16,0.23,14,5000,2,500
15598,5.85,4.933154813,OGGM_v16,0.23,14,5000,2,500
15599,5.9,4.824412213,OGGM_v16,0.23,14,5000,2,500
15600,5.95,4.714602057,OGGM_v16,0.23,14,5000,2,500
15601,6,4.603989994,OGGM_v16,0.23,14,5000,2,500
15602,6.05,4.493097533,OGGM_v16,0.23,14,5000,2,500
15603,6.1,4.38258403,OGGM_v16,0.23,14,5000,2,500
15604,6.15,4.273060299,OGGM_v16,0.23,14,5000,2,500
15605,6.2,4.1649179,OGGM_v16,0.23,14,5000,2,500
15606,6.25,4.058402403,OGGM_v16,0.23,14,5000,2,500
15607,6.3,3.954113404,OGGM_v16,0.23,14,5000,2,500
15608,6.35,3.853126743,OGGM_v16,0.23,14,5000,2,500
15609,6.4,3.756049193,OGGM_v16,0.23,14,5000,2,500
15610,6.45,3.662520782,OGGM_v16,0.23,14,5000,2,500
15611,6.5,3.571687232,OGGM_v16,0.23,14,5000,2,500
15612,6.55,3.483283407,OGGM_v16,0.23,14,5000,2,500
15613,6.6,3.396915455,OGGM_v16,0.23,14,5000,2,500
15614,6.65,3.31246218,OGGM_v16,0.23,14,5000,2,500
15615,6.7,3.229590914,OGGM_v16,0.23,14,5000,2,500
15616,6.75,3.148097083,OGGM_v16,0.23,14,5000,2,500
15617,6.8,3.067637013,OGGM_v16,0.23,14,5000,2,500
15618,6.85,2.987454513,OGGM_v16,0.23,14,5000,2,500
15622,-0.1,173.9532334,PyGEM-OGGM_v13,0.26,14,5000,2,500
15623,-0.05,168.8573378,PyGEM-OGGM_v13,0.26,14,5000,2,500
15624,0,163.7302514,PyGEM-OGGM_v13,0.26,14,5000,2,500
15625,0.05,158.5818563,PyGEM-OGGM_v13,0.26,14,5000,2,500
15627,0.1,153.4407481,PyGEM-OGGM_v13,0.26,14,5000,2,500
15629,0.15,148.3431533,PyGEM-OGGM_v13,0.26,14,5000,2,500
15631,0.2,143.3208414,PyGEM-OGGM_v13,0.26,14,5000,2,500
15634,0.25,138.4033697,PyGEM-OGGM_v13,0.26,14,5000,2,500
15636,0.3,133.6185158,PyGEM-OGGM_v13,0.26,14,5000,2,500
15638,0.35,128.9729352,PyGEM-OGGM_v13,0.26,14,5000,2,500
15644,0.4,124.4334668,PyGEM-OGGM_v13,0.26,14,5000,2,500
15645,0.45,119.984556,PyGEM-OGGM_v13,0.26,14,5000,2,500
15647,0.5,115.649045,PyGEM-OGGM_v13,0.26,14,5000,2,500
15648,0.55,111.4549286,PyGEM-OGGM_v13,0.26,14,5000,2,500
15649,0.6,107.4069637,PyGEM-OGGM_v13,0.26,14,5000,2,500
15650,0.65,103.4740577,PyGEM-OGGM_v13,0.26,14,5000,2,500
15651,0.7,99.63578497,PyGEM-OGGM_v13,0.26,14,5000,2,500
15652,0.75,95.86793646,PyGEM-OGGM_v13,0.26,14,5000,2,500
15653,0.8,92.14942731,PyGEM-OGGM_v13,0.26,14,5000,2,500
15654,0.85,88.47888162,PyGEM-OGGM_v13,0.26,14,5000,2,500
15655,0.9,84.84291303,PyGEM-OGGM_v13,0.26,14,5000,2,500
15660,0.95,81.22807091,PyGEM-OGGM_v13,0.26,14,5000,2,500
15661,1,77.631024,PyGEM-OGGM_v13,0.26,14,5000,2,500
15662,1.05,74.06894461,PyGEM-OGGM_v13,0.26,14,5000,2,500
15664,1.1,70.57616792,PyGEM-OGGM_v13,0.26,14,5000,2,500
15665,1.15,67.18932462,PyGEM-OGGM_v13,0.26,14,5000,2,500
15666,1.2,63.92628905,PyGEM-OGGM_v13,0.26,14,5000,2,500
15667,1.25,60.77019459,PyGEM-OGGM_v13,0.26,14,5000,2,500
15668,1.3,57.66806825,PyGEM-OGGM_v13,0.26,14,5000,2,500
15669,1.35,54.55553205,PyGEM-OGGM_v13,0.26,14,5000,2,500
15670,1.4,51.39125184,PyGEM-OGGM_v13,0.26,14,5000,2,500
15671,1.45,48.19681805,PyGEM-OGGM_v13,0.26,14,5000,2,500
15676,1.5,45.03854055,PyGEM-OGGM_v13,0.26,14,5000,2,500
15679,1.55,42.03425534,PyGEM-OGGM_v13,0.26,14,5000,2,500
15680,1.6,39.30013114,PyGEM-OGGM_v13,0.26,14,5000,2,500
15682,1.65,36.91320489,PyGEM-OGGM_v13,0.26,14,5000,2,500
15690,1.7,34.87761581,PyGEM-OGGM_v13,0.26,14,5000,2,500
15694,1.75,33.14544675,PyGEM-OGGM_v13,0.26,14,5000,2,500
15695,1.8,31.65561079,PyGEM-OGGM_v13,0.26,14,5000,2,500
15696,1.85,30.37886331,PyGEM-OGGM_v13,0.26,14,5000,2,500
15697,1.9,29.29777473,PyGEM-OGGM_v13,0.26,14,5000,2,500
15700,1.95,28.39215144,PyGEM-OGGM_v13,0.26,14,5000,2,500
15702,2,27.64021637,PyGEM-OGGM_v13,0.26,14,5000,2,500
15705,2.05,27.03608444,PyGEM-OGGM_v13,0.26,14,5000,2,500
15708,2.1,26.5746555,PyGEM-OGGM_v13,0.26,14,5000,2,500
15710,2.15,26.21317701,PyGEM-OGGM_v13,0.26,14,5000,2,500
15715,2.2,25.88727668,PyGEM-OGGM_v13,0.26,14,5000,2,500
15716,2.25,25.52092604,PyGEM-OGGM_v13,0.26,14,5000,2,500
15717,2.3,25.03165231,PyGEM-OGGM_v13,0.26,14,5000,2,500
15720,2.35,24.37632165,PyGEM-OGGM_v13,0.26,14,5000,2,500
15721,2.4,23.57990151,PyGEM-OGGM_v13,0.26,14,5000,2,500
15723,2.45,22.70985472,PyGEM-OGGM_v13,0.26,14,5000,2,500
15724,2.5,21.82934038,PyGEM-OGGM_v13,0.26,14,5000,2,500
15725,2.55,20.96943102,PyGEM-OGGM_v13,0.26,14,5000,2,500
15727,2.6,20.13649762,PyGEM-OGGM_v13,0.26,14,5000,2,500
15728,2.65,19.33162601,PyGEM-OGGM_v13,0.26,14,5000,2,500
15730,2.7,18.5555122,PyGEM-OGGM_v13,0.26,14,5000,2,500
15733,2.75,17.81484574,PyGEM-OGGM_v13,0.26,14,5000,2,500
15734,2.8,17.11482633,PyGEM-OGGM_v13,0.26,14,5000,2,500
15737,2.85,16.46128789,PyGEM-OGGM_v13,0.26,14,5000,2,500
15738,2.9,15.86283955,PyGEM-OGGM_v13,0.26,14,5000,2,500
15739,2.95,15.32363085,PyGEM-OGGM_v13,0.26,14,5000,2,500
15742,3,14.84291858,PyGEM-OGGM_v13,0.26,14,5000,2,500
15745,3.05,14.41693212,PyGEM-OGGM_v13,0.26,14,5000,2,500
15746,3.1,14.03827965,PyGEM-OGGM_v13,0.26,14,5000,2,500
15748,3.15,13.69364916,PyGEM-OGGM_v13,0.26,14,5000,2,500
15749,3.2,13.36180515,PyGEM-OGGM_v13,0.26,14,5000,2,500
15750,3.25,13.02757817,PyGEM-OGGM_v13,0.26,14,5000,2,500
15751,3.3,12.68697881,PyGEM-OGGM_v13,0.26,14,5000,2,500
15752,3.35,12.33819053,PyGEM-OGGM_v13,0.26,14,5000,2,500
15753,3.4,11.98216598,PyGEM-OGGM_v13,0.26,14,5000,2,500
15755,3.45,11.62130866,PyGEM-OGGM_v13,0.26,14,5000,2,500
15757,3.5,11.25947525,PyGEM-OGGM_v13,0.26,14,5000,2,500
15761,3.55,10.90316042,PyGEM-OGGM_v13,0.26,14,5000,2,500
15762,3.6,10.55600228,PyGEM-OGGM_v13,0.26,14,5000,2,500
15764,3.65,10.21513602,PyGEM-OGGM_v13,0.26,14,5000,2,500
15765,3.7,9.88064136,PyGEM-OGGM_v13,0.26,14,5000,2,500
15766,3.75,9.555923005,PyGEM-OGGM_v13,0.26,14,5000,2,500
15767,3.8,9.243433069,PyGEM-OGGM_v13,0.26,14,5000,2,500
15769,3.85,8.945551144,PyGEM-OGGM_v13,0.26,14,5000,2,500
15770,3.9,8.664570616,PyGEM-OGGM_v13,0.26,14,5000,2,500
15771,3.95,8.401725759,PyGEM-OGGM_v13,0.26,14,5000,2,500
15773,4,8.157351985,PyGEM-OGGM_v13,0.26,14,5000,2,500
15775,4.05,7.930699301,PyGEM-OGGM_v13,0.26,14,5000,2,500
15776,4.1,7.721350878,PyGEM-OGGM_v13,0.26,14,5000,2,500
15777,4.15,7.529181778,PyGEM-OGGM_v13,0.26,14,5000,2,500
15779,4.2,7.354596932,PyGEM-OGGM_v13,0.26,14,5000,2,500
15780,4.25,7.1956672,PyGEM-OGGM_v13,0.26,14,5000,2,500
15781,4.3,7.047218013,PyGEM-OGGM_v13,0.26,14,5000,2,500
15782,4.35,6.902246039,PyGEM-OGGM_v13,0.26,14,5000,2,500
15783,4.4,6.755838971,PyGEM-OGGM_v13,0.26,14,5000,2,500
15785,4.45,6.604630149,PyGEM-OGGM_v13,0.26,14,5000,2,500
15786,4.5,6.447061741,PyGEM-OGGM_v13,0.26,14,5000,2,500
15787,4.55,6.282431498,PyGEM-OGGM_v13,0.26,14,5000,2,500
15789,4.6,6.11272406,PyGEM-OGGM_v13,0.26,14,5000,2,500
15790,4.65,5.941572816,PyGEM-OGGM_v13,0.26,14,5000,2,500
15792,4.7,5.772720127,PyGEM-OGGM_v13,0.26,14,5000,2,500
15793,4.75,5.610755445,PyGEM-OGGM_v13,0.26,14,5000,2,500
15794,4.8,5.458454261,PyGEM-OGGM_v13,0.26,14,5000,2,500
15795,4.85,5.315943968,PyGEM-OGGM_v13,0.26,14,5000,2,500
15796,4.9,5.181908094,PyGEM-OGGM_v13,0.26,14,5000,2,500
15797,4.95,5.055745004,PyGEM-OGGM_v13,0.26,14,5000,2,500
15798,5,4.935976958,PyGEM-OGGM_v13,0.26,14,5000,2,500
15799,5.05,4.820914062,PyGEM-OGGM_v13,0.26,14,5000,2,500
15800,5.1,4.709413645,PyGEM-OGGM_v13,0.26,14,5000,2,500
15801,5.15,4.600343657,PyGEM-OGGM_v13,0.26,14,5000,2,500
15802,5.2,4.492865136,PyGEM-OGGM_v13,0.26,14,5000,2,500
15804,5.25,4.386468227,PyGEM-OGGM_v13,0.26,14,5000,2,500
15805,5.3,4.280894028,PyGEM-OGGM_v13,0.26,14,5000,2,500
15806,5.35,4.176050111,PyGEM-OGGM_v13,0.26,14,5000,2,500
15807,5.4,4.07195085,PyGEM-OGGM_v13,0.26,14,5000,2,500
15808,5.45,3.968441785,PyGEM-OGGM_v13,0.26,14,5000,2,500
15809,5.5,3.865050123,PyGEM-OGGM_v13,0.26,14,5000,2,500
15810,5.55,3.761773862,PyGEM-OGGM_v13,0.26,14,5000,2,500
15811,5.6,3.659106295,PyGEM-OGGM_v13,0.26,14,5000,2,500
15812,5.65,3.557641115,PyGEM-OGGM_v13,0.26,14,5000,2,500
15813,5.7,3.458085459,PyGEM-OGGM_v13,0.26,14,5000,2,500
15814,5.75,3.36108686,PyGEM-OGGM_v13,0.26,14,5000,2,500
15815,5.8,3.267166368,PyGEM-OGGM_v13,0.26,14,5000,2,500
15818,5.85,3.176409816,PyGEM-OGGM_v13,0.26,14,5000,2,500
15819,5.9,3.08864619,PyGEM-OGGM_v13,0.26,14,5000,2,500
15820,5.95,3.004038676,PyGEM-OGGM_v13,0.26,14,5000,2,500
15821,6,2.922441763,PyGEM-OGGM_v13,0.26,14,5000,2,500
15822,6.05,2.843499166,PyGEM-OGGM_v13,0.26,14,5000,2,500
15823,6.1,2.76637424,PyGEM-OGGM_v13,0.26,14,5000,2,500
15824,6.15,2.689971145,PyGEM-OGGM_v13,0.26,14,5000,2,500
15825,6.2,2.613363741,PyGEM-OGGM_v13,0.26,14,5000,2,500
15826,6.25,2.535817287,PyGEM-OGGM_v13,0.26,14,5000,2,500
15827,6.3,2.457032156,PyGEM-OGGM_v13,0.26,14,5000,2,500
15828,6.35,2.377115897,PyGEM-OGGM_v13,0.26,14,5000,2,500
15829,6.4,2.296337691,PyGEM-OGGM_v13,0.26,14,5000,2,500
15830,6.45,2.215019752,PyGEM-OGGM_v13,0.26,14,5000,2,500
15831,6.5,2.133463984,PyGEM-OGGM_v13,0.26,14,5000,2,500
15832,6.55,2.052028338,PyGEM-OGGM_v13,0.26,14,5000,2,500
15833,6.6,1.971105234,PyGEM-OGGM_v13,0.26,14,5000,2,500
15834,6.65,1.890845159,PyGEM-OGGM_v13,0.26,14,5000,2,500
15835,6.7,1.811304543,PyGEM-OGGM_v13,0.26,14,5000,2,500
15836,6.75,1.732533616,PyGEM-OGGM_v13,0.26,14,5000,2,500
15837,6.8,1.654589222,PyGEM-OGGM_v13,0.26,14,5000,2,500
15838,6.85,1.577483792,PyGEM-OGGM_v13,0.26,14,5000,2,500
15842,-0.1,157.7367102,GLIMB,0.24,15,5000,2,500
15843,-0.05,155.4299628,GLIMB,0.24,15,5000,2,500
15844,0,153.1097935,GLIMB,0.24,15,5000,2,500
15845,0.05,150.7693865,GLIMB,0.24,15,5000,2,500
15847,0.1,148.3950672,GLIMB,0.24,15,5000,2,500
15849,0.15,145.9627676,GLIMB,0.24,15,5000,2,500
15851,0.2,143.4650873,GLIMB,0.24,15,5000,2,500
15854,0.25,140.9087746,GLIMB,0.24,15,5000,2,500
15856,0.3,138.2882761,GLIMB,0.24,15,5000,2,500
15858,0.35,135.5900704,GLIMB,0.24,15,5000,2,500
15864,0.4,132.8295407,GLIMB,0.24,15,5000,2,500
15865,0.45,130.0493565,GLIMB,0.24,15,5000,2,500
15867,0.5,127.2913276,GLIMB,0.24,15,5000,2,500
15868,0.55,124.5914546,GLIMB,0.24,15,5000,2,500
15869,0.6,121.9756438,GLIMB,0.24,15,5000,2,500
15870,0.65,119.4676904,GLIMB,0.24,15,5000,2,500
15871,0.7,117.0510236,GLIMB,0.24,15,5000,2,500
15872,0.75,114.6530106,GLIMB,0.24,15,5000,2,500
15873,0.8,112.2375535,GLIMB,0.24,15,5000,2,500
15874,0.85,109.7976421,GLIMB,0.24,15,5000,2,500
15875,0.9,107.3203454,GLIMB,0.24,15,5000,2,500
15880,0.95,104.7710455,GLIMB,0.24,15,5000,2,500
15881,1,102.1501671,GLIMB,0.24,15,5000,2,500
15882,1.05,99.51326614,GLIMB,0.24,15,5000,2,500
15884,1.1,96.92253024,GLIMB,0.24,15,5000,2,500
15885,1.15,94.40738401,GLIMB,0.24,15,5000,2,500
15886,1.2,92.00752737,GLIMB,0.24,15,5000,2,500
15887,1.25,89.7597867,GLIMB,0.24,15,5000,2,500
15888,1.3,87.66056853,GLIMB,0.24,15,5000,2,500
15889,1.35,85.64388712,GLIMB,0.24,15,5000,2,500
15890,1.4,83.64312517,GLIMB,0.24,15,5000,2,500
15891,1.45,81.62676628,GLIMB,0.24,15,5000,2,500
15896,1.5,79.53285514,GLIMB,0.24,15,5000,2,500
15899,1.55,77.29402963,GLIMB,0.24,15,5000,2,500
15900,1.6,74.97651446,GLIMB,0.24,15,5000,2,500
15902,1.65,72.80717998,GLIMB,0.24,15,5000,2,500
15910,1.7,70.8945356,GLIMB,0.24,15,5000,2,500
15914,1.75,69.210564,GLIMB,0.24,15,5000,2,500
15915,1.8,67.7635169,GLIMB,0.24,15,5000,2,500
15916,1.85,66.56145517,GLIMB,0.24,15,5000,2,500
15917,1.9,65.5922316,GLIMB,0.24,15,5000,2,500
15920,1.95,64.86208207,GLIMB,0.24,15,5000,2,500
15922,2,64.38465214,GLIMB,0.24,15,5000,2,500
15925,2.05,64.13422386,GLIMB,0.24,15,5000,2,500
15928,2.1,64.0382456,GLIMB,0.24,15,5000,2,500
15930,2.15,63.95012312,GLIMB,0.24,15,5000,2,500
15935,2.2,63.72196556,GLIMB,0.24,15,5000,2,500
15936,2.25,63.21055866,GLIMB,0.24,15,5000,2,500
15937,2.3,62.34882384,GLIMB,0.24,15,5000,2,500
15940,2.35,61.19770394,GLIMB,0.24,15,5000,2,500
15941,2.4,59.83491568,GLIMB,0.24,15,5000,2,500
15943,2.45,58.3532098,GLIMB,0.24,15,5000,2,500
15944,2.5,56.78809343,GLIMB,0.24,15,5000,2,500
15945,2.55,55.18035963,GLIMB,0.24,15,5000,2,500
15947,2.6,53.56472761,GLIMB,0.24,15,5000,2,500
15948,2.65,51.9759812,GLIMB,0.24,15,5000,2,500
15950,2.7,50.44959533,GLIMB,0.24,15,5000,2,500
15953,2.75,49.00741218,GLIMB,0.24,15,5000,2,500
15954,2.8,47.63490344,GLIMB,0.24,15,5000,2,500
15957,2.85,46.33207961,GLIMB,0.24,15,5000,2,500
15958,2.9,45.12637638,GLIMB,0.24,15,5000,2,500
15959,2.95,44.04245165,GLIMB,0.24,15,5000,2,500
15962,3,43.07641719,GLIMB,0.24,15,5000,2,500
15965,3.05,42.18097756,GLIMB,0.24,15,5000,2,500
15966,3.1,41.32429573,GLIMB,0.24,15,5000,2,500
15968,3.15,40.47884039,GLIMB,0.24,15,5000,2,500
15969,3.2,39.64089641,GLIMB,0.24,15,5000,2,500
15970,3.25,38.82031978,GLIMB,0.24,15,5000,2,500
15971,3.3,38.01645225,GLIMB,0.24,15,5000,2,500
15972,3.35,37.20694481,GLIMB,0.24,15,5000,2,500
15973,3.4,36.38169521,GLIMB,0.24,15,5000,2,500
15975,3.45,35.54976319,GLIMB,0.24,15,5000,2,500
15977,3.5,34.72799479,GLIMB,0.24,15,5000,2,500
15981,3.55,33.91390428,GLIMB,0.24,15,5000,2,500
15982,3.6,33.09241061,GLIMB,0.24,15,5000,2,500
15984,3.65,32.27462244,GLIMB,0.24,15,5000,2,500
15985,3.7,31.47371747,GLIMB,0.24,15,5000,2,500
15986,3.75,30.69098585,GLIMB,0.24,15,5000,2,500
15987,3.8,29.93414767,GLIMB,0.24,15,5000,2,500
15989,3.85,29.21233228,GLIMB,0.24,15,5000,2,500
15990,3.9,28.5199445,GLIMB,0.24,15,5000,2,500
15991,3.95,27.84577707,GLIMB,0.24,15,5000,2,500
15993,4,27.18658888,GLIMB,0.24,15,5000,2,500
15995,4.05,26.54045466,GLIMB,0.24,15,5000,2,500
15996,4.1,25.90730113,GLIMB,0.24,15,5000,2,500
15997,4.15,25.28396241,GLIMB,0.24,15,5000,2,500
15999,4.2,24.66867513,GLIMB,0.24,15,5000,2,500
16000,4.25,24.06725374,GLIMB,0.24,15,5000,2,500
16001,4.3,23.49020231,GLIMB,0.24,15,5000,2,500
16002,4.35,22.94728767,GLIMB,0.24,15,5000,2,500
16003,4.4,22.44292159,GLIMB,0.24,15,5000,2,500
16005,4.45,21.97796191,GLIMB,0.24,15,5000,2,500
16006,4.5,21.54945809,GLIMB,0.24,15,5000,2,500
16007,4.55,21.15293803,GLIMB,0.24,15,5000,2,500
16009,4.6,20.79036022,GLIMB,0.24,15,5000,2,500
16010,4.65,20.46525198,GLIMB,0.24,15,5000,2,500
16012,4.7,20.17686127,GLIMB,0.24,15,5000,2,500
16013,4.75,19.91816277,GLIMB,0.24,15,5000,2,500
16014,4.8,19.67909921,GLIMB,0.24,15,5000,2,500
16015,4.85,19.45443126,GLIMB,0.24,15,5000,2,500
16016,4.9,19.24158613,GLIMB,0.24,15,5000,2,500
16017,4.95,19.04000198,GLIMB,0.24,15,5000,2,500
16018,5,18.84890051,GLIMB,0.24,15,5000,2,500
16019,5.05,18.66791925,GLIMB,0.24,15,5000,2,500
16020,5.1,18.49876823,GLIMB,0.24,15,5000,2,500
16021,5.15,18.34328051,GLIMB,0.24,15,5000,2,500
16022,5.2,18.20002841,GLIMB,0.24,15,5000,2,500
16024,5.25,18.06228356,GLIMB,0.24,15,5000,2,500
16025,5.3,17.92342077,GLIMB,0.24,15,5000,2,500
16026,5.35,17.7806252,GLIMB,0.24,15,5000,2,500
16027,5.4,17.63186671,GLIMB,0.24,15,5000,2,500
16028,5.45,17.47668849,GLIMB,0.24,15,5000,2,500
16029,5.5,17.31639985,GLIMB,0.24,15,5000,2,500
16030,5.55,17.15292988,GLIMB,0.24,15,5000,2,500
16031,5.6,16.98700975,GLIMB,0.24,15,5000,2,500
16032,5.65,16.81798412,GLIMB,0.24,15,5000,2,500
16033,5.7,16.64367805,GLIMB,0.24,15,5000,2,500
16034,5.75,16.46046962,GLIMB,0.24,15,5000,2,500
16035,5.8,16.26409111,GLIMB,0.24,15,5000,2,500
16038,5.85,16.05293329,GLIMB,0.24,15,5000,2,500
16039,5.9,15.82871688,GLIMB,0.24,15,5000,2,500
16040,5.95,15.59500927,GLIMB,0.24,15,5000,2,500
16041,6,15.35542367,GLIMB,0.24,15,5000,2,500
16042,6.05,15.11409684,GLIMB,0.24,15,5000,2,500
16043,6.1,14.87676943,GLIMB,0.24,15,5000,2,500
16044,6.15,14.6475041,GLIMB,0.24,15,5000,2,500
16045,6.2,14.42766231,GLIMB,0.24,15,5000,2,500
16046,6.25,14.21716351,GLIMB,0.24,15,5000,2,500
16047,6.3,14.01560396,GLIMB,0.24,15,5000,2,500
16048,6.35,13.82128119,GLIMB,0.24,15,5000,2,500
16049,6.4,13.63213396,GLIMB,0.24,15,5000,2,500
16050,6.45,13.44592793,GLIMB,0.24,15,5000,2,500
16051,6.5,13.2598225,GLIMB,0.24,15,5000,2,500
16052,6.55,13.06972161,GLIMB,0.24,15,5000,2,500
16053,6.6,12.87278642,GLIMB,0.24,15,5000,2,500
16054,6.65,12.66623419,GLIMB,0.24,15,5000,2,500
16055,6.7,12.44663082,GLIMB,0.24,15,5000,2,500
16056,6.75,12.21170836,GLIMB,0.24,15,5000,2,500
16057,6.8,11.96015163,GLIMB,0.24,15,5000,2,500
16058,6.85,11.6911987,GLIMB,0.24,15,5000,2,500
16062,-0.1,109.4130288,GloGEMflow,0.24,15,5000,2,500
16063,-0.05,105.9405641,GloGEMflow,0.24,15,5000,2,500
16064,0,102.5103464,GloGEMflow,0.24,15,5000,2,500
16065,0.05,99.12598884,GloGEMflow,0.24,15,5000,2,500
16067,0.1,95.77522203,GloGEMflow,0.24,15,5000,2,500
16069,0.15,92.45410905,GloGEMflow,0.24,15,5000,2,500
16071,0.2,89.16720274,GloGEMflow,0.24,15,5000,2,500
16074,0.25,85.92681695,GloGEMflow,0.24,15,5000,2,500
16076,0.3,82.73674134,GloGEMflow,0.24,15,5000,2,500
16078,0.35,79.59323585,GloGEMflow,0.24,15,5000,2,500
16084,0.4,76.4903799,GloGEMflow,0.24,15,5000,2,500
16085,0.45,73.39528691,GloGEMflow,0.24,15,5000,2,500
16087,0.5,70.27957081,GloGEMflow,0.24,15,5000,2,500
16088,0.55,67.17424001,GloGEMflow,0.24,15,5000,2,500
16089,0.6,64.12714975,GloGEMflow,0.24,15,5000,2,500
16090,0.65,61.17632167,GloGEMflow,0.24,15,5000,2,500
16091,0.7,58.331362,GloGEMflow,0.24,15,5000,2,500
16092,0.75,55.58712531,GloGEMflow,0.24,15,5000,2,500
16093,0.8,52.94323919,GloGEMflow,0.24,15,5000,2,500
16094,0.85,50.41120412,GloGEMflow,0.24,15,5000,2,500
16095,0.9,48.00724407,GloGEMflow,0.24,15,5000,2,500
16100,0.95,45.75490556,GloGEMflow,0.24,15,5000,2,500
16101,1,43.68489947,GloGEMflow,0.24,15,5000,2,500
16102,1.05,41.81120163,GloGEMflow,0.24,15,5000,2,500
16104,1.1,40.12871882,GloGEMflow,0.24,15,5000,2,500
16105,1.15,38.60770284,GloGEMflow,0.24,15,5000,2,500
16106,1.2,37.22524784,GloGEMflow,0.24,15,5000,2,500
16107,1.25,35.95419319,GloGEMflow,0.24,15,5000,2,500
16108,1.3,34.76723905,GloGEMflow,0.24,15,5000,2,500
16109,1.35,33.61566545,GloGEMflow,0.24,15,5000,2,500
16110,1.4,32.42913261,GloGEMflow,0.24,15,5000,2,500
16111,1.45,31.14836501,GloGEMflow,0.24,15,5000,2,500
16116,1.5,29.77810315,GloGEMflow,0.24,15,5000,2,500
16119,1.55,28.31972704,GloGEMflow,0.24,15,5000,2,500
16120,1.6,26.76223448,GloGEMflow,0.24,15,5000,2,500
16122,1.65,25.17473488,GloGEMflow,0.24,15,5000,2,500
16130,1.7,23.65142871,GloGEMflow,0.24,15,5000,2,500
16134,1.75,22.2435952,GloGEMflow,0.24,15,5000,2,500
16135,1.8,20.978456,GloGEMflow,0.24,15,5000,2,500
16136,1.85,19.86479463,GloGEMflow,0.24,15,5000,2,500
16137,1.9,18.92051924,GloGEMflow,0.24,15,5000,2,500
16140,1.95,18.15717606,GloGEMflow,0.24,15,5000,2,500
16142,2,17.56145314,GloGEMflow,0.24,15,5000,2,500
16145,2.05,17.08093364,GloGEMflow,0.24,15,5000,2,500
16148,2.1,16.67130159,GloGEMflow,0.24,15,5000,2,500
16150,2.15,16.31627806,GloGEMflow,0.24,15,5000,2,500
16155,2.2,16.0001562,GloGEMflow,0.24,15,5000,2,500
16156,2.25,15.6806026,GloGEMflow,0.24,15,5000,2,500
16157,2.3,15.303608,GloGEMflow,0.24,15,5000,2,500
16160,2.35,14.84287772,GloGEMflow,0.24,15,5000,2,500
16161,2.4,14.30837273,GloGEMflow,0.24,15,5000,2,500
16163,2.45,13.73546363,GloGEMflow,0.24,15,5000,2,500
16164,2.5,13.1546636,GloGEMflow,0.24,15,5000,2,500
16165,2.55,12.58265107,GloGEMflow,0.24,15,5000,2,500
16167,2.6,12.02910827,GloGEMflow,0.24,15,5000,2,500
16168,2.65,11.50649878,GloGEMflow,0.24,15,5000,2,500
16170,2.7,11.02388181,GloGEMflow,0.24,15,5000,2,500
16173,2.75,10.57984478,GloGEMflow,0.24,15,5000,2,500
16174,2.8,10.17165985,GloGEMflow,0.24,15,5000,2,500
16177,2.85,9.807211657,GloGEMflow,0.24,15,5000,2,500
16178,2.9,9.496741558,GloGEMflow,0.24,15,5000,2,500
16179,2.95,9.241576365,GloGEMflow,0.24,15,5000,2,500
16182,3,9.03942121,GloGEMflow,0.24,15,5000,2,500
16185,3.05,8.883626892,GloGEMflow,0.24,15,5000,2,500
16186,3.1,8.755823805,GloGEMflow,0.24,15,5000,2,500
16188,3.15,8.63375693,GloGEMflow,0.24,15,5000,2,500
16189,3.2,8.495152502,GloGEMflow,0.24,15,5000,2,500
16190,3.25,8.331604312,GloGEMflow,0.24,15,5000,2,500
16191,3.3,8.139499088,GloGEMflow,0.24,15,5000,2,500
16192,3.35,7.919467292,GloGEMflow,0.24,15,5000,2,500
16193,3.4,7.675511741,GloGEMflow,0.24,15,5000,2,500
16195,3.45,7.417813007,GloGEMflow,0.24,15,5000,2,500
16197,3.5,7.156970158,GloGEMflow,0.24,15,5000,2,500
16201,3.55,6.898972638,GloGEMflow,0.24,15,5000,2,500
16202,3.6,6.648070241,GloGEMflow,0.24,15,5000,2,500
16204,3.65,6.408334814,GloGEMflow,0.24,15,5000,2,500
16205,3.7,6.18469613,GloGEMflow,0.24,15,5000,2,500
16206,3.75,5.981262849,GloGEMflow,0.24,15,5000,2,500
16207,3.8,5.800228881,GloGEMflow,0.24,15,5000,2,500
16209,3.85,5.64008629,GloGEMflow,0.24,15,5000,2,500
16210,3.9,5.497143511,GloGEMflow,0.24,15,5000,2,500
16211,3.95,5.369117687,GloGEMflow,0.24,15,5000,2,500
16213,4,5.254496921,GloGEMflow,0.24,15,5000,2,500
16215,4.05,5.151921722,GloGEMflow,0.24,15,5000,2,500
16216,4.1,5.060868588,GloGEMflow,0.24,15,5000,2,500
16217,4.15,4.981014737,GloGEMflow,0.24,15,5000,2,500
16219,4.2,4.911615385,GloGEMflow,0.24,15,5000,2,500
16220,4.25,4.852138536,GloGEMflow,0.24,15,5000,2,500
16221,4.3,4.801091676,GloGEMflow,0.24,15,5000,2,500
16222,4.35,4.754264462,GloGEMflow,0.24,15,5000,2,500
16223,4.4,4.707815785,GloGEMflow,0.24,15,5000,2,500
16225,4.45,4.65922881,GloGEMflow,0.24,15,5000,2,500
16226,4.5,4.60637488,GloGEMflow,0.24,15,5000,2,500
16227,4.55,4.548256423,GloGEMflow,0.24,15,5000,2,500
16229,4.6,4.484804058,GloGEMflow,0.24,15,5000,2,500
16230,4.65,4.417085322,GloGEMflow,0.24,15,5000,2,500
16232,4.7,4.347801456,GloGEMflow,0.24,15,5000,2,500
16233,4.75,4.279464128,GloGEMflow,0.24,15,5000,2,500
16234,4.8,4.213337556,GloGEMflow,0.24,15,5000,2,500
16235,4.85,4.149678441,GloGEMflow,0.24,15,5000,2,500
16236,4.9,4.088041375,GloGEMflow,0.24,15,5000,2,500
16237,4.95,4.027977848,GloGEMflow,0.24,15,5000,2,500
16238,5,3.969548171,GloGEMflow,0.24,15,5000,2,500
16239,5.05,3.912748869,GloGEMflow,0.24,15,5000,2,500
16240,5.1,3.857247231,GloGEMflow,0.24,15,5000,2,500
16241,5.15,3.802704804,GloGEMflow,0.24,15,5000,2,500
16242,5.2,3.748813245,GloGEMflow,0.24,15,5000,2,500
16244,5.25,3.695216857,GloGEMflow,0.24,15,5000,2,500
16245,5.3,3.641736775,GloGEMflow,0.24,15,5000,2,500
16246,5.35,3.588604994,GloGEMflow,0.24,15,5000,2,500
16247,5.4,3.536115029,GloGEMflow,0.24,15,5000,2,500
16248,5.45,3.484608609,GloGEMflow,0.24,15,5000,2,500
16249,5.5,3.434311103,GloGEMflow,0.24,15,5000,2,500
16250,5.55,3.385379954,GloGEMflow,0.24,15,5000,2,500
16251,5.6,3.338090836,GloGEMflow,0.24,15,5000,2,500
16252,5.65,3.292595556,GloGEMflow,0.24,15,5000,2,500
16253,5.7,3.248811258,GloGEMflow,0.24,15,5000,2,500
16254,5.75,3.206269934,GloGEMflow,0.24,15,5000,2,500
16255,5.8,3.164048683,GloGEMflow,0.24,15,5000,2,500
16258,5.85,3.121301124,GloGEMflow,0.24,15,5000,2,500
16259,5.9,3.077959944,GloGEMflow,0.24,15,5000,2,500
16260,5.95,3.034131807,GloGEMflow,0.24,15,5000,2,500
16261,6,2.989945631,GloGEMflow,0.24,15,5000,2,500
16262,6.05,2.945615915,GloGEMflow,0.24,15,5000,2,500
16263,6.1,2.901334906,GloGEMflow,0.24,15,5000,2,500
16264,6.15,2.85713663,GloGEMflow,0.24,15,5000,2,500
16265,6.2,2.813114386,GloGEMflow,0.24,15,5000,2,500
16266,6.25,2.769330784,GloGEMflow,0.24,15,5000,2,500
16267,6.3,2.725727626,GloGEMflow,0.24,15,5000,2,500
16268,6.35,2.682133813,GloGEMflow,0.24,15,5000,2,500
16269,6.4,2.638712368,GloGEMflow,0.24,15,5000,2,500
16270,6.45,2.595764396,GloGEMflow,0.24,15,5000,2,500
16271,6.5,2.553439814,GloGEMflow,0.24,15,5000,2,500
16272,6.55,2.511674974,GloGEMflow,0.24,15,5000,2,500
16273,6.6,2.470432841,GloGEMflow,0.24,15,5000,2,500
16274,6.65,2.429805899,GloGEMflow,0.24,15,5000,2,500
16275,6.7,2.38970381,GloGEMflow,0.24,15,5000,2,500
16276,6.75,2.349661957,GloGEMflow,0.24,15,5000,2,500
16277,6.8,2.309293108,GloGEMflow,0.24,15,5000,2,500
16278,6.85,2.268589765,GloGEMflow,0.24,15,5000,2,500
16282,-0.1,120.2130939,GloGEMflow3D,0.21,15,5000,2,500
16283,-0.05,116.6891853,GloGEMflow3D,0.21,15,5000,2,500
16284,0,113.2249565,GloGEMflow3D,0.21,15,5000,2,500
16285,0.05,109.8418827,GloGEMflow3D,0.21,15,5000,2,500
16287,0.1,106.5384472,GloGEMflow3D,0.21,15,5000,2,500
16289,0.15,103.298841,GloGEMflow3D,0.21,15,5000,2,500
16291,0.2,100.102086,GloGEMflow3D,0.21,15,5000,2,500
16294,0.25,96.92799685,GloGEMflow3D,0.21,15,5000,2,500
16296,0.3,93.7442736,GloGEMflow3D,0.21,15,5000,2,500
16298,0.35,90.48822456,GloGEMflow3D,0.21,15,5000,2,500
16304,0.4,87.1228628,GloGEMflow3D,0.21,15,5000,2,500
16305,0.45,83.64117634,GloGEMflow3D,0.21,15,5000,2,500
16307,0.5,80.07719483,GloGEMflow3D,0.21,15,5000,2,500
16308,0.55,76.47160011,GloGEMflow3D,0.21,15,5000,2,500
16309,0.6,72.8484534,GloGEMflow3D,0.21,15,5000,2,500
16310,0.65,69.23225217,GloGEMflow3D,0.21,15,5000,2,500
16311,0.7,65.64515127,GloGEMflow3D,0.21,15,5000,2,500
16312,0.75,62.08496132,GloGEMflow3D,0.21,15,5000,2,500
16313,0.8,58.54999127,GloGEMflow3D,0.21,15,5000,2,500
16314,0.85,55.06618884,GloGEMflow3D,0.21,15,5000,2,500
16315,0.9,51.68510979,GloGEMflow3D,0.21,15,5000,2,500
16320,0.95,48.47911619,GloGEMflow3D,0.21,15,5000,2,500
16321,1,45.49527597,GloGEMflow3D,0.21,15,5000,2,500
16322,1.05,42.82378058,GloGEMflow3D,0.21,15,5000,2,500
16324,1.1,40.5524199,GloGEMflow3D,0.21,15,5000,2,500
16325,1.15,38.66520005,GloGEMflow3D,0.21,15,5000,2,500
16326,1.2,37.04191546,GloGEMflow3D,0.21,15,5000,2,500
16327,1.25,35.5368905,GloGEMflow3D,0.21,15,5000,2,500
16328,1.3,34.09076067,GloGEMflow3D,0.21,15,5000,2,500
16329,1.35,32.67364684,GloGEMflow3D,0.21,15,5000,2,500
16330,1.4,31.26566287,GloGEMflow3D,0.21,15,5000,2,500
16331,1.45,29.8425948,GloGEMflow3D,0.21,15,5000,2,500
16336,1.5,28.41298714,GloGEMflow3D,0.21,15,5000,2,500
16339,1.55,26.99975734,GloGEMflow3D,0.21,15,5000,2,500
16340,1.6,25.55183271,GloGEMflow3D,0.21,15,5000,2,500
16342,1.65,24.10573492,GloGEMflow3D,0.21,15,5000,2,500
16350,1.7,22.75103346,GloGEMflow3D,0.21,15,5000,2,500
16354,1.75,21.52179126,GloGEMflow3D,0.21,15,5000,2,500
16355,1.8,20.4241652,GloGEMflow3D,0.21,15,5000,2,500
16356,1.85,19.47615542,GloGEMflow3D,0.21,15,5000,2,500
16357,1.9,18.64793682,GloGEMflow3D,0.21,15,5000,2,500
16360,1.95,17.85972361,GloGEMflow3D,0.21,15,5000,2,500
16362,2,17.0685007,GloGEMflow3D,0.21,15,5000,2,500
16365,2.05,16.27792622,GloGEMflow3D,0.21,15,5000,2,500
16368,2.1,15.55768933,GloGEMflow3D,0.21,15,5000,2,500
16370,2.15,15.02076331,GloGEMflow3D,0.21,15,5000,2,500
16375,2.2,14.62263243,GloGEMflow3D,0.21,15,5000,2,500
16376,2.25,14.2006603,GloGEMflow3D,0.21,15,5000,2,500
16377,2.3,13.70106696,GloGEMflow3D,0.21,15,5000,2,500
16380,2.35,13.14508552,GloGEMflow3D,0.21,15,5000,2,500
16381,2.4,12.55927108,GloGEMflow3D,0.21,15,5000,2,500
16383,2.45,11.96389441,GloGEMflow3D,0.21,15,5000,2,500
16384,2.5,11.37437247,GloGEMflow3D,0.21,15,5000,2,500
16385,2.55,10.79043813,GloGEMflow3D,0.21,15,5000,2,500
16387,2.6,10.21351792,GloGEMflow3D,0.21,15,5000,2,500
16388,2.65,9.656591424,GloGEMflow3D,0.21,15,5000,2,500
16390,2.7,9.133931785,GloGEMflow3D,0.21,15,5000,2,500
16393,2.75,8.646338472,GloGEMflow3D,0.21,15,5000,2,500
16394,2.8,8.198210904,GloGEMflow3D,0.21,15,5000,2,500
16397,2.85,7.809198645,GloGEMflow3D,0.21,15,5000,2,500
16398,2.9,7.4939408,GloGEMflow3D,0.21,15,5000,2,500
16399,2.95,7.253506839,GloGEMflow3D,0.21,15,5000,2,500
16402,3,7.066036361,GloGEMflow3D,0.21,15,5000,2,500
16405,3.05,6.899152146,GloGEMflow3D,0.21,15,5000,2,500
16406,3.1,6.725059654,GloGEMflow3D,0.21,15,5000,2,500
16408,3.15,6.535838535,GloGEMflow3D,0.21,15,5000,2,500
16409,3.2,6.336454678,GloGEMflow3D,0.21,15,5000,2,500
16410,3.25,6.137319885,GloGEMflow3D,0.21,15,5000,2,500
16411,3.3,5.941903216,GloGEMflow3D,0.21,15,5000,2,500
16412,3.35,5.750969326,GloGEMflow3D,0.21,15,5000,2,500
16413,3.4,5.565159416,GloGEMflow3D,0.21,15,5000,2,500
16415,3.45,5.386858479,GloGEMflow3D,0.21,15,5000,2,500
16417,3.5,5.217537665,GloGEMflow3D,0.21,15,5000,2,500
16421,3.55,5.058651589,GloGEMflow3D,0.21,15,5000,2,500
16422,3.6,4.909329424,GloGEMflow3D,0.21,15,5000,2,500
16424,3.65,4.767797114,GloGEMflow3D,0.21,15,5000,2,500
16425,3.7,4.633861167,GloGEMflow3D,0.21,15,5000,2,500
16426,3.75,4.505161883,GloGEMflow3D,0.21,15,5000,2,500
16427,3.8,4.377870955,GloGEMflow3D,0.21,15,5000,2,500
16429,3.85,4.248178377,GloGEMflow3D,0.21,15,5000,2,500
16430,3.9,4.114502355,GloGEMflow3D,0.21,15,5000,2,500
16431,3.95,3.979409823,GloGEMflow3D,0.21,15,5000,2,500
16433,4,3.846807291,GloGEMflow3D,0.21,15,5000,2,500
16435,4.05,3.718590107,GloGEMflow3D,0.21,15,5000,2,500
16436,4.1,3.595285257,GloGEMflow3D,0.21,15,5000,2,500
16437,4.15,3.477674835,GloGEMflow3D,0.21,15,5000,2,500
16439,4.2,3.365345832,GloGEMflow3D,0.21,15,5000,2,500
16440,4.25,3.257376041,GloGEMflow3D,0.21,15,5000,2,500
16441,4.3,3.153010176,GloGEMflow3D,0.21,15,5000,2,500
16442,4.35,3.052408278,GloGEMflow3D,0.21,15,5000,2,500
16443,4.4,2.95589916,GloGEMflow3D,0.21,15,5000,2,500
16445,4.45,2.862945082,GloGEMflow3D,0.21,15,5000,2,500
16446,4.5,2.772692701,GloGEMflow3D,0.21,15,5000,2,500
16447,4.55,2.684533659,GloGEMflow3D,0.21,15,5000,2,500
16449,4.6,2.598788238,GloGEMflow3D,0.21,15,5000,2,500
16450,4.65,2.516545647,GloGEMflow3D,0.21,15,5000,2,500
16452,4.7,2.439381585,GloGEMflow3D,0.21,15,5000,2,500
16453,4.75,2.368546078,GloGEMflow3D,0.21,15,5000,2,500
16454,4.8,2.303164044,GloGEMflow3D,0.21,15,5000,2,500
16455,4.85,2.240235701,GloGEMflow3D,0.21,15,5000,2,500
16456,4.9,2.17808432,GloGEMflow3D,0.21,15,5000,2,500
16457,4.95,2.116518554,GloGEMflow3D,0.21,15,5000,2,500
16458,5,2.0557401,GloGEMflow3D,0.21,15,5000,2,500
16459,5.05,1.995878791,GloGEMflow3D,0.21,15,5000,2,500
16460,5.1,1.937677821,GloGEMflow3D,0.21,15,5000,2,500
16461,5.15,1.8818748,GloGEMflow3D,0.21,15,5000,2,500
16462,5.2,1.828960287,GloGEMflow3D,0.21,15,5000,2,500
16464,5.25,1.779144867,GloGEMflow3D,0.21,15,5000,2,500
16465,5.3,1.732834476,GloGEMflow3D,0.21,15,5000,2,500
16466,5.35,1.689803778,GloGEMflow3D,0.21,15,5000,2,500
16467,5.4,1.650029512,GloGEMflow3D,0.21,15,5000,2,500
16468,5.45,1.613119087,GloGEMflow3D,0.21,15,5000,2,500
16469,5.5,1.578368301,GloGEMflow3D,0.21,15,5000,2,500
16470,5.55,1.545302171,GloGEMflow3D,0.21,15,5000,2,500
16471,5.6,1.513579919,GloGEMflow3D,0.21,15,5000,2,500
16472,5.65,1.482636056,GloGEMflow3D,0.21,15,5000,2,500
16473,5.7,1.451986599,GloGEMflow3D,0.21,15,5000,2,500
16474,5.75,1.421410628,GloGEMflow3D,0.21,15,5000,2,500
16475,5.8,1.390763687,GloGEMflow3D,0.21,15,5000,2,500
16478,5.85,1.359953905,GloGEMflow3D,0.21,15,5000,2,500
16479,5.9,1.328990889,GloGEMflow3D,0.21,15,5000,2,500
16480,5.95,1.298074971,GloGEMflow3D,0.21,15,5000,2,500
16481,6,1.267461555,GloGEMflow3D,0.21,15,5000,2,500
16482,6.05,1.237338633,GloGEMflow3D,0.21,15,5000,2,500
16483,6.1,1.207699982,GloGEMflow3D,0.21,15,5000,2,500
16484,6.15,1.178550738,GloGEMflow3D,0.21,15,5000,2,500
16485,6.2,1.149791734,GloGEMflow3D,0.21,15,5000,2,500
16486,6.25,1.121362737,GloGEMflow3D,0.21,15,5000,2,500
16487,6.3,1.093337698,GloGEMflow3D,0.21,15,5000,2,500
16488,6.35,1.065806098,GloGEMflow3D,0.21,15,5000,2,500
16489,6.4,1.038816456,GloGEMflow3D,0.21,15,5000,2,500
16490,6.45,1.012320302,GloGEMflow3D,0.21,15,5000,2,500
16491,6.5,0.986220291,GloGEMflow3D,0.21,15,5000,2,500
16492,6.55,0.960338339,GloGEMflow3D,0.21,15,5000,2,500
16493,6.6,0.934489771,GloGEMflow3D,0.21,15,5000,2,500
16494,6.65,0.908433642,GloGEMflow3D,0.21,15,5000,2,500
16495,6.7,0.881981858,GloGEMflow3D,0.21,15,5000,2,500
16496,6.75,0.854948469,GloGEMflow3D,0.21,15,5000,2,500
16497,6.8,0.827149178,GloGEMflow3D,0.21,15,5000,2,500
16498,6.85,0.798422316,GloGEMflow3D,0.21,15,5000,2,500
16502,-0.1,151.1974217,Kraaijenbrink,0.28,15,5000,2,500
16503,-0.05,147.7253008,Kraaijenbrink,0.28,15,5000,2,500
16504,0,144.256802,Kraaijenbrink,0.28,15,5000,2,500
16505,0.05,140.7901567,Kraaijenbrink,0.28,15,5000,2,500
16507,0.1,137.3231966,Kraaijenbrink,0.28,15,5000,2,500
16509,0.15,133.8554679,Kraaijenbrink,0.28,15,5000,2,500
16511,0.2,130.3881161,Kraaijenbrink,0.28,15,5000,2,500
16514,0.25,126.924646,Kraaijenbrink,0.28,15,5000,2,500
16516,0.3,123.457007,Kraaijenbrink,0.28,15,5000,2,500
16518,0.35,119.9613453,Kraaijenbrink,0.28,15,5000,2,500
16524,0.4,116.4490798,Kraaijenbrink,0.28,15,5000,2,500
16525,0.45,112.9478124,Kraaijenbrink,0.28,15,5000,2,500
16527,0.5,109.4860742,Kraaijenbrink,0.28,15,5000,2,500
16528,0.55,106.0727237,Kraaijenbrink,0.28,15,5000,2,500
16529,0.6,102.7125989,Kraaijenbrink,0.28,15,5000,2,500
16530,0.65,99.40357649,Kraaijenbrink,0.28,15,5000,2,500
16531,0.7,96.13941284,Kraaijenbrink,0.28,15,5000,2,500
16532,0.75,92.92271691,Kraaijenbrink,0.28,15,5000,2,500
16533,0.8,89.75777758,Kraaijenbrink,0.28,15,5000,2,500
16534,0.85,86.64079358,Kraaijenbrink,0.28,15,5000,2,500
16535,0.9,83.57623665,Kraaijenbrink,0.28,15,5000,2,500
16540,0.95,80.57283395,Kraaijenbrink,0.28,15,5000,2,500
16541,1,77.6348646,Kraaijenbrink,0.28,15,5000,2,500
16542,1.05,74.78636563,Kraaijenbrink,0.28,15,5000,2,500
16544,1.1,72.05454088,Kraaijenbrink,0.28,15,5000,2,500
16545,1.15,69.44564818,Kraaijenbrink,0.28,15,5000,2,500
16546,1.2,66.96951191,Kraaijenbrink,0.28,15,5000,2,500
16547,1.25,64.63849345,Kraaijenbrink,0.28,15,5000,2,500
16548,1.3,62.46242397,Kraaijenbrink,0.28,15,5000,2,500
16549,1.35,60.43693968,Kraaijenbrink,0.28,15,5000,2,500
16550,1.4,58.54798006,Kraaijenbrink,0.28,15,5000,2,500
16551,1.45,56.76652106,Kraaijenbrink,0.28,15,5000,2,500
16556,1.5,55.04686427,Kraaijenbrink,0.28,15,5000,2,500
16559,1.55,53.31745856,Kraaijenbrink,0.28,15,5000,2,500
16560,1.6,51.52573556,Kraaijenbrink,0.28,15,5000,2,500
16562,1.65,49.72418239,Kraaijenbrink,0.28,15,5000,2,500
16570,1.7,48.02056022,Kraaijenbrink,0.28,15,5000,2,500
16574,1.75,46.44078373,Kraaijenbrink,0.28,15,5000,2,500
16575,1.8,44.98802188,Kraaijenbrink,0.28,15,5000,2,500
16576,1.85,43.66320771,Kraaijenbrink,0.28,15,5000,2,500
16577,1.9,42.48529056,Kraaijenbrink,0.28,15,5000,2,500
16580,1.95,41.46657519,Kraaijenbrink,0.28,15,5000,2,500
16582,2,40.59952904,Kraaijenbrink,0.28,15,5000,2,500
16585,2.05,39.8669583,Kraaijenbrink,0.28,15,5000,2,500
16588,2.1,39.23343461,Kraaijenbrink,0.28,15,5000,2,500
16590,2.15,38.64888464,Kraaijenbrink,0.28,15,5000,2,500
16595,2.2,38.07760551,Kraaijenbrink,0.28,15,5000,2,500
16596,2.25,37.49346677,Kraaijenbrink,0.28,15,5000,2,500
16597,2.3,36.87893161,Kraaijenbrink,0.28,15,5000,2,500
16600,2.35,36.21588103,Kraaijenbrink,0.28,15,5000,2,500
16601,2.4,35.49916493,Kraaijenbrink,0.28,15,5000,2,500
16603,2.45,34.73207152,Kraaijenbrink,0.28,15,5000,2,500
16604,2.5,33.90600238,Kraaijenbrink,0.28,15,5000,2,500
16605,2.55,33.01284023,Kraaijenbrink,0.28,15,5000,2,500
16607,2.6,32.05759291,Kraaijenbrink,0.28,15,5000,2,500
16608,2.65,31.06346283,Kraaijenbrink,0.28,15,5000,2,500
16610,2.7,30.05990703,Kraaijenbrink,0.28,15,5000,2,500
16613,2.75,29.06620324,Kraaijenbrink,0.28,15,5000,2,500
16614,2.8,28.0872855,Kraaijenbrink,0.28,15,5000,2,500
16617,2.85,27.13043396,Kraaijenbrink,0.28,15,5000,2,500
16618,2.9,26.21156648,Kraaijenbrink,0.28,15,5000,2,500
16619,2.95,25.35427285,Kraaijenbrink,0.28,15,5000,2,500
16622,3,24.57823473,Kraaijenbrink,0.28,15,5000,2,500
16625,3.05,23.88799295,Kraaijenbrink,0.28,15,5000,2,500
16626,3.1,23.27182099,Kraaijenbrink,0.28,15,5000,2,500
16628,3.15,22.71805275,Kraaijenbrink,0.28,15,5000,2,500
16629,3.2,22.22212804,Kraaijenbrink,0.28,15,5000,2,500
16630,3.25,21.78206904,Kraaijenbrink,0.28,15,5000,2,500
16631,3.3,21.39111283,Kraaijenbrink,0.28,15,5000,2,500
16632,3.35,21.03277233,Kraaijenbrink,0.28,15,5000,2,500
16633,3.4,20.68916635,Kraaijenbrink,0.28,15,5000,2,500
16635,3.45,20.3460523,Kraaijenbrink,0.28,15,5000,2,500
16637,3.5,20.00320767,Kraaijenbrink,0.28,15,5000,2,500
16641,3.55,19.66890515,Kraaijenbrink,0.28,15,5000,2,500
16642,3.6,19.34911207,Kraaijenbrink,0.28,15,5000,2,500
16644,3.65,19.0468817,Kraaijenbrink,0.28,15,5000,2,500
16645,3.7,18.75849921,Kraaijenbrink,0.28,15,5000,2,500
16646,3.75,18.48048529,Kraaijenbrink,0.28,15,5000,2,500
16647,3.8,18.20934763,Kraaijenbrink,0.28,15,5000,2,500
16649,3.85,17.93968332,Kraaijenbrink,0.28,15,5000,2,500
16650,3.9,17.67005155,Kraaijenbrink,0.28,15,5000,2,500
16651,3.95,17.39836008,Kraaijenbrink,0.28,15,5000,2,500
16653,4,17.1211886,Kraaijenbrink,0.28,15,5000,2,500
16655,4.05,16.83813302,Kraaijenbrink,0.28,15,5000,2,500
16656,4.1,16.55171173,Kraaijenbrink,0.28,15,5000,2,500
16657,4.15,16.26596084,Kraaijenbrink,0.28,15,5000,2,500
16659,4.2,15.98541158,Kraaijenbrink,0.28,15,5000,2,500
16660,4.25,15.71138594,Kraaijenbrink,0.28,15,5000,2,500
16661,4.3,15.44264135,Kraaijenbrink,0.28,15,5000,2,500
16662,4.35,15.17690213,Kraaijenbrink,0.28,15,5000,2,500
16663,4.4,14.91188454,Kraaijenbrink,0.28,15,5000,2,500
16665,4.45,14.64953479,Kraaijenbrink,0.28,15,5000,2,500
16666,4.5,14.39470474,Kraaijenbrink,0.28,15,5000,2,500
16667,4.55,14.15102504,Kraaijenbrink,0.28,15,5000,2,500
16669,4.6,13.91965769,Kraaijenbrink,0.28,15,5000,2,500
16670,4.65,13.70039968,Kraaijenbrink,0.28,15,5000,2,500
16672,4.7,13.49108184,Kraaijenbrink,0.28,15,5000,2,500
16673,4.75,13.29145398,Kraaijenbrink,0.28,15,5000,2,500
16674,4.8,13.10203587,Kraaijenbrink,0.28,15,5000,2,500
16675,4.85,12.92337654,Kraaijenbrink,0.28,15,5000,2,500
16676,4.9,12.75625478,Kraaijenbrink,0.28,15,5000,2,500
16677,4.95,12.60020892,Kraaijenbrink,0.28,15,5000,2,500
16678,5,12.45539101,Kraaijenbrink,0.28,15,5000,2,500
16679,5.05,12.32201832,Kraaijenbrink,0.28,15,5000,2,500
16680,5.1,12.1988349,Kraaijenbrink,0.28,15,5000,2,500
16681,5.15,12.084012,Kraaijenbrink,0.28,15,5000,2,500
16682,5.2,11.97746002,Kraaijenbrink,0.28,15,5000,2,500
16684,5.25,11.88004838,Kraaijenbrink,0.28,15,5000,2,500
16685,5.3,11.79199041,Kraaijenbrink,0.28,15,5000,2,500
16686,5.35,11.71277579,Kraaijenbrink,0.28,15,5000,2,500
16687,5.4,11.64056851,Kraaijenbrink,0.28,15,5000,2,500
16688,5.45,11.57309286,Kraaijenbrink,0.28,15,5000,2,500
16689,5.5,11.50939553,Kraaijenbrink,0.28,15,5000,2,500
16690,5.55,11.44881886,Kraaijenbrink,0.28,15,5000,2,500
16691,5.6,11.39044806,Kraaijenbrink,0.28,15,5000,2,500
16692,5.65,11.33337595,Kraaijenbrink,0.28,15,5000,2,500
16693,5.7,11.27725738,Kraaijenbrink,0.28,15,5000,2,500
16694,5.75,11.22182624,Kraaijenbrink,0.28,15,5000,2,500
16695,5.8,11.16674553,Kraaijenbrink,0.28,15,5000,2,500
16698,5.85,11.11152462,Kraaijenbrink,0.28,15,5000,2,500
16699,5.9,11.05572591,Kraaijenbrink,0.28,15,5000,2,500
16700,5.95,10.99844463,Kraaijenbrink,0.28,15,5000,2,500
16701,6,10.93865091,Kraaijenbrink,0.28,15,5000,2,500
16702,6.05,10.87528526,Kraaijenbrink,0.28,15,5000,2,500
16703,6.1,10.80760255,Kraaijenbrink,0.28,15,5000,2,500
16704,6.15,10.73547894,Kraaijenbrink,0.28,15,5000,2,500
16705,6.2,10.65904729,Kraaijenbrink,0.28,15,5000,2,500
16706,6.25,10.57854542,Kraaijenbrink,0.28,15,5000,2,500
16707,6.3,10.49483119,Kraaijenbrink,0.28,15,5000,2,500
16708,6.35,10.40884616,Kraaijenbrink,0.28,15,5000,2,500
16709,6.4,10.32087904,Kraaijenbrink,0.28,15,5000,2,500
16710,6.45,10.22989599,Kraaijenbrink,0.28,15,5000,2,500
16711,6.5,10.13400597,Kraaijenbrink,0.28,15,5000,2,500
16712,6.55,10.03191156,Kraaijenbrink,0.28,15,5000,2,500
16713,6.6,9.92254976,Kraaijenbrink,0.28,15,5000,2,500
16714,6.65,9.804924057,Kraaijenbrink,0.28,15,5000,2,500
16715,6.7,9.678187356,Kraaijenbrink,0.28,15,5000,2,500
16716,6.75,9.541875513,Kraaijenbrink,0.28,15,5000,2,500
16717,6.8,9.396091896,Kraaijenbrink,0.28,15,5000,2,500
16718,6.85,9.24138064,Kraaijenbrink,0.28,15,5000,2,500
16722,-0.1,238.1496127,OGGM_v16,0.15,15,5000,2,500
16723,-0.05,229.7404193,OGGM_v16,0.15,15,5000,2,500
16724,0,219.1852582,OGGM_v16,0.15,15,5000,2,500
16725,0.05,208.3399816,OGGM_v16,0.15,15,5000,2,500
16727,0.1,198.3933974,OGGM_v16,0.15,15,5000,2,500
16729,0.15,189.6985626,OGGM_v16,0.15,15,5000,2,500
16731,0.2,182.2405282,OGGM_v16,0.15,15,5000,2,500
16734,0.25,176.1422789,OGGM_v16,0.15,15,5000,2,500
16736,0.3,171.6860391,OGGM_v16,0.15,15,5000,2,500
16738,0.35,168.6269748,OGGM_v16,0.15,15,5000,2,500
16744,0.4,166.1501981,OGGM_v16,0.15,15,5000,2,500
16745,0.45,163.6210118,OGGM_v16,0.15,15,5000,2,500
16747,0.5,160.8247244,OGGM_v16,0.15,15,5000,2,500
16748,0.55,157.6785898,OGGM_v16,0.15,15,5000,2,500
16749,0.6,153.7732706,OGGM_v16,0.15,15,5000,2,500
16750,0.65,148.1910346,OGGM_v16,0.15,15,5000,2,500
16751,0.7,139.7967238,OGGM_v16,0.15,15,5000,2,500
16752,0.75,128.4651151,OGGM_v16,0.15,15,5000,2,500
16753,0.8,115.8565384,OGGM_v16,0.15,15,5000,2,500
16754,0.85,103.8394342,OGGM_v16,0.15,15,5000,2,500
16755,0.9,94.21218421,OGGM_v16,0.15,15,5000,2,500
16760,0.95,87.05714541,OGGM_v16,0.15,15,5000,2,500
16761,1,81.95130094,OGGM_v16,0.15,15,5000,2,500
16762,1.05,78.15164998,OGGM_v16,0.15,15,5000,2,500
16764,1.1,74.6224533,OGGM_v16,0.15,15,5000,2,500
16765,1.15,70.90914501,OGGM_v16,0.15,15,5000,2,500
16766,1.2,67.18044344,OGGM_v16,0.15,15,5000,2,500
16767,1.25,63.83501803,OGGM_v16,0.15,15,5000,2,500
16768,1.3,60.86568223,OGGM_v16,0.15,15,5000,2,500
16769,1.35,58.08300193,OGGM_v16,0.15,15,5000,2,500
16770,1.4,55.4899173,OGGM_v16,0.15,15,5000,2,500
16771,1.45,53.35321335,OGGM_v16,0.15,15,5000,2,500
16776,1.5,51.74575228,OGGM_v16,0.15,15,5000,2,500
16779,1.55,50.58793854,OGGM_v16,0.15,15,5000,2,500
16780,1.6,49.48703003,OGGM_v16,0.15,15,5000,2,500
16782,1.65,48.1852445,OGGM_v16,0.15,15,5000,2,500
16790,1.7,46.72115356,OGGM_v16,0.15,15,5000,2,500
16794,1.75,45.19040443,OGGM_v16,0.15,15,5000,2,500
16795,1.8,43.80582957,OGGM_v16,0.15,15,5000,2,500
16796,1.85,42.47005134,OGGM_v16,0.15,15,5000,2,500
16797,1.9,40.82030205,OGGM_v16,0.15,15,5000,2,500
16800,1.95,38.80449161,OGGM_v16,0.15,15,5000,2,500
16802,2,36.71242173,OGGM_v16,0.15,15,5000,2,500
16805,2.05,34.82436293,OGGM_v16,0.15,15,5000,2,500
16808,2.1,33.24730225,OGGM_v16,0.15,15,5000,2,500
16810,2.15,32.31538834,OGGM_v16,0.15,15,5000,2,500
16815,2.2,31.97296363,OGGM_v16,0.15,15,5000,2,500
16816,2.25,31.85391189,OGGM_v16,0.15,15,5000,2,500
16817,2.3,31.80513361,OGGM_v16,0.15,15,5000,2,500
16820,2.35,31.58689477,OGGM_v16,0.15,15,5000,2,500
16821,2.4,30.971334,OGGM_v16,0.15,15,5000,2,500
16823,2.45,29.92475261,OGGM_v16,0.15,15,5000,2,500
16824,2.5,28.53041163,OGGM_v16,0.15,15,5000,2,500
16825,2.55,26.84034641,OGGM_v16,0.15,15,5000,2,500
16827,2.6,24.98861595,OGGM_v16,0.15,15,5000,2,500
16828,2.65,23.38766756,OGGM_v16,0.15,15,5000,2,500
16830,2.7,22.24734736,OGGM_v16,0.15,15,5000,2,500
16833,2.75,21.5036787,OGGM_v16,0.15,15,5000,2,500
16834,2.8,20.96937823,OGGM_v16,0.15,15,5000,2,500
16837,2.85,20.54460081,OGGM_v16,0.15,15,5000,2,500
16838,2.9,20.19805601,OGGM_v16,0.15,15,5000,2,500
16839,2.95,19.87168016,OGGM_v16,0.15,15,5000,2,500
16842,3,19.5034257,OGGM_v16,0.15,15,5000,2,500
16845,3.05,19.06070996,OGGM_v16,0.15,15,5000,2,500
16846,3.1,18.55003677,OGGM_v16,0.15,15,5000,2,500
16848,3.15,17.99160274,OGGM_v16,0.15,15,5000,2,500
16849,3.2,17.39792044,OGGM_v16,0.15,15,5000,2,500
16850,3.25,16.77624582,OGGM_v16,0.15,15,5000,2,500
16851,3.3,16.14254604,OGGM_v16,0.15,15,5000,2,500
16852,3.35,15.5121587,OGGM_v16,0.15,15,5000,2,500
16853,3.4,14.91954894,OGGM_v16,0.15,15,5000,2,500
16855,3.45,14.39786688,OGGM_v16,0.15,15,5000,2,500
16857,3.5,13.96995,OGGM_v16,0.15,15,5000,2,500
16861,3.55,13.64242493,OGGM_v16,0.15,15,5000,2,500
16862,3.6,13.41378082,OGGM_v16,0.15,15,5000,2,500
16864,3.65,13.26039847,OGGM_v16,0.15,15,5000,2,500
16865,3.7,13.13949238,OGGM_v16,0.15,15,5000,2,500
16866,3.75,13.00861362,OGGM_v16,0.15,15,5000,2,500
16867,3.8,12.85271893,OGGM_v16,0.15,15,5000,2,500
16869,3.85,12.66144864,OGGM_v16,0.15,15,5000,2,500
16870,3.9,12.41549596,OGGM_v16,0.15,15,5000,2,500
16871,3.95,12.10648675,OGGM_v16,0.15,15,5000,2,500
16873,4,11.75232537,OGGM_v16,0.15,15,5000,2,500
16875,4.05,11.35803465,OGGM_v16,0.15,15,5000,2,500
16876,4.1,10.92039835,OGGM_v16,0.15,15,5000,2,500
16877,4.15,10.4534729,OGGM_v16,0.15,15,5000,2,500
16879,4.2,9.974079319,OGGM_v16,0.15,15,5000,2,500
16880,4.25,9.510213466,OGGM_v16,0.15,15,5000,2,500
16881,4.3,9.094443675,OGGM_v16,0.15,15,5000,2,500
16882,4.35,8.742367783,OGGM_v16,0.15,15,5000,2,500
16883,4.4,8.451137216,OGGM_v16,0.15,15,5000,2,500
16885,4.45,8.209508133,OGGM_v16,0.15,15,5000,2,500
16886,4.5,7.997481185,OGGM_v16,0.15,15,5000,2,500
16887,4.55,7.799027491,OGGM_v16,0.15,15,5000,2,500
16889,4.6,7.612541521,OGGM_v16,0.15,15,5000,2,500
16890,4.65,7.443760655,OGGM_v16,0.15,15,5000,2,500
16892,4.7,7.303204353,OGGM_v16,0.15,15,5000,2,500
16893,4.75,7.189503381,OGGM_v16,0.15,15,5000,2,500
16894,4.8,7.099404924,OGGM_v16,0.15,15,5000,2,500
16895,4.85,7.026155368,OGGM_v16,0.15,15,5000,2,500
16896,4.9,6.96031685,OGGM_v16,0.15,15,5000,2,500
16897,4.95,6.896140189,OGGM_v16,0.15,15,5000,2,500
16898,5,6.832551448,OGGM_v16,0.15,15,5000,2,500
16899,5.05,6.767958656,OGGM_v16,0.15,15,5000,2,500
16900,5.1,6.701211592,OGGM_v16,0.15,15,5000,2,500
16901,5.15,6.628731902,OGGM_v16,0.15,15,5000,2,500
16902,5.2,6.550154589,OGGM_v16,0.15,15,5000,2,500
16904,5.25,6.468930969,OGGM_v16,0.15,15,5000,2,500
16905,5.3,6.383336467,OGGM_v16,0.15,15,5000,2,500
16906,5.35,6.290165738,OGGM_v16,0.15,15,5000,2,500
16907,5.4,6.186875751,OGGM_v16,0.15,15,5000,2,500
16908,5.45,6.07123436,OGGM_v16,0.15,15,5000,2,500
16909,5.5,5.936094283,OGGM_v16,0.15,15,5000,2,500
16910,5.55,5.781855318,OGGM_v16,0.15,15,5000,2,500
16911,5.6,5.615682576,OGGM_v16,0.15,15,5000,2,500
16912,5.65,5.446707262,OGGM_v16,0.15,15,5000,2,500
16913,5.7,5.281820962,OGGM_v16,0.15,15,5000,2,500
16914,5.75,5.123606227,OGGM_v16,0.15,15,5000,2,500
16915,5.8,4.973575632,OGGM_v16,0.15,15,5000,2,500
16918,5.85,4.830955424,OGGM_v16,0.15,15,5000,2,500
16919,5.9,4.693961598,OGGM_v16,0.15,15,5000,2,500
16920,5.95,4.561704566,OGGM_v16,0.15,15,5000,2,500
16921,6,4.434894748,OGGM_v16,0.15,15,5000,2,500
16922,6.05,4.314801094,OGGM_v16,0.15,15,5000,2,500
16923,6.1,4.201780209,OGGM_v16,0.15,15,5000,2,500
16924,6.15,4.09572779,OGGM_v16,0.15,15,5000,2,500
16925,6.2,3.996287575,OGGM_v16,0.15,15,5000,2,500
16926,6.25,3.902032334,OGGM_v16,0.15,15,5000,2,500
16927,6.3,3.810558287,OGGM_v16,0.15,15,5000,2,500
16928,6.35,3.719496697,OGGM_v16,0.15,15,5000,2,500
16929,6.4,3.627779208,OGGM_v16,0.15,15,5000,2,500
16930,6.45,3.535756747,OGGM_v16,0.15,15,5000,2,500
16931,6.5,3.443634312,OGGM_v16,0.15,15,5000,2,500
16932,6.55,3.350535927,OGGM_v16,0.15,15,5000,2,500
16933,6.6,3.255019907,OGGM_v16,0.15,15,5000,2,500
16934,6.65,3.159697741,OGGM_v16,0.15,15,5000,2,500
16935,6.7,3.070644418,OGGM_v16,0.15,15,5000,2,500
16936,6.75,2.995225393,OGGM_v16,0.15,15,5000,2,500
16937,6.8,2.938847697,OGGM_v16,0.15,15,5000,2,500
16938,6.85,2.900515347,OGGM_v16,0.15,15,5000,2,500
16942,-0.1,134.9734926,PyGEM-OGGM_v13,0.24,15,5000,2,500
16943,-0.05,127.8478792,PyGEM-OGGM_v13,0.24,15,5000,2,500
16944,0,120.9156973,PyGEM-OGGM_v13,0.24,15,5000,2,500
16945,0.05,114.2142619,PyGEM-OGGM_v13,0.24,15,5000,2,500
16947,0.1,107.756903,PyGEM-OGGM_v13,0.24,15,5000,2,500
16949,0.15,101.5451834,PyGEM-OGGM_v13,0.24,15,5000,2,500
16951,0.2,95.57287372,PyGEM-OGGM_v13,0.24,15,5000,2,500
16954,0.25,89.85880424,PyGEM-OGGM_v13,0.24,15,5000,2,500
16956,0.3,84.41548349,PyGEM-OGGM_v13,0.24,15,5000,2,500
16958,0.35,79.25247659,PyGEM-OGGM_v13,0.24,15,5000,2,500
16964,0.4,74.3716401,PyGEM-OGGM_v13,0.24,15,5000,2,500
16965,0.45,69.74828821,PyGEM-OGGM_v13,0.24,15,5000,2,500
16967,0.5,65.33511101,PyGEM-OGGM_v13,0.24,15,5000,2,500
16968,0.55,61.14016579,PyGEM-OGGM_v13,0.24,15,5000,2,500
16969,0.6,57.1955833,PyGEM-OGGM_v13,0.24,15,5000,2,500
16970,0.65,53.53776112,PyGEM-OGGM_v13,0.24,15,5000,2,500
16971,0.7,50.19467337,PyGEM-OGGM_v13,0.24,15,5000,2,500
16972,0.75,47.17655587,PyGEM-OGGM_v13,0.24,15,5000,2,500
16973,0.8,44.47415391,PyGEM-OGGM_v13,0.24,15,5000,2,500
16974,0.85,42.07009818,PyGEM-OGGM_v13,0.24,15,5000,2,500
16975,0.9,39.93403605,PyGEM-OGGM_v13,0.24,15,5000,2,500
16980,0.95,38.04999306,PyGEM-OGGM_v13,0.24,15,5000,2,500
16981,1,36.42901422,PyGEM-OGGM_v13,0.24,15,5000,2,500
16982,1.05,35.08278431,PyGEM-OGGM_v13,0.24,15,5000,2,500
16984,1.1,34.00807024,PyGEM-OGGM_v13,0.24,15,5000,2,500
16985,1.15,33.17795491,PyGEM-OGGM_v13,0.24,15,5000,2,500
16986,1.2,32.51827681,PyGEM-OGGM_v13,0.24,15,5000,2,500
16987,1.25,31.91246684,PyGEM-OGGM_v13,0.24,15,5000,2,500
16988,1.3,31.22246557,PyGEM-OGGM_v13,0.24,15,5000,2,500
16989,1.35,30.30118281,PyGEM-OGGM_v13,0.24,15,5000,2,500
16990,1.4,29.03783093,PyGEM-OGGM_v13,0.24,15,5000,2,500
16991,1.45,27.44715615,PyGEM-OGGM_v13,0.24,15,5000,2,500
16996,1.5,25.75293155,PyGEM-OGGM_v13,0.24,15,5000,2,500
16999,1.55,24.09030359,PyGEM-OGGM_v13,0.24,15,5000,2,500
17000,1.6,22.45509459,PyGEM-OGGM_v13,0.24,15,5000,2,500
17002,1.65,20.9149138,PyGEM-OGGM_v13,0.24,15,5000,2,500
17010,1.7,19.5238513,PyGEM-OGGM_v13,0.24,15,5000,2,500
17014,1.75,18.32159509,PyGEM-OGGM_v13,0.24,15,5000,2,500
17015,1.8,17.34519905,PyGEM-OGGM_v13,0.24,15,5000,2,500
17016,1.85,16.60205,PyGEM-OGGM_v13,0.24,15,5000,2,500
17017,1.9,16.05339443,PyGEM-OGGM_v13,0.24,15,5000,2,500
17020,1.95,15.64022972,PyGEM-OGGM_v13,0.24,15,5000,2,500
17022,2,15.32411156,PyGEM-OGGM_v13,0.24,15,5000,2,500
17025,2.05,15.08402541,PyGEM-OGGM_v13,0.24,15,5000,2,500
17028,2.1,14.89147532,PyGEM-OGGM_v13,0.24,15,5000,2,500
17030,2.15,14.69994166,PyGEM-OGGM_v13,0.24,15,5000,2,500
17035,2.2,14.47754488,PyGEM-OGGM_v13,0.24,15,5000,2,500
17036,2.25,14.20730992,PyGEM-OGGM_v13,0.24,15,5000,2,500
17037,2.3,13.84836756,PyGEM-OGGM_v13,0.24,15,5000,2,500
17040,2.35,13.38025039,PyGEM-OGGM_v13,0.24,15,5000,2,500
17041,2.4,12.82217367,PyGEM-OGGM_v13,0.24,15,5000,2,500
17043,2.45,12.21444792,PyGEM-OGGM_v13,0.24,15,5000,2,500
17044,2.5,11.59262738,PyGEM-OGGM_v13,0.24,15,5000,2,500
17045,2.55,10.98134745,PyGEM-OGGM_v13,0.24,15,5000,2,500
17047,2.6,10.3994196,PyGEM-OGGM_v13,0.24,15,5000,2,500
17048,2.65,9.858797003,PyGEM-OGGM_v13,0.24,15,5000,2,500
17050,2.7,9.369715678,PyGEM-OGGM_v13,0.24,15,5000,2,500
17053,2.75,8.934147014,PyGEM-OGGM_v13,0.24,15,5000,2,500
17054,2.8,8.548390142,PyGEM-OGGM_v13,0.24,15,5000,2,500
17057,2.85,8.215414256,PyGEM-OGGM_v13,0.24,15,5000,2,500
17058,2.9,7.937427441,PyGEM-OGGM_v13,0.24,15,5000,2,500
17059,2.95,7.710041285,PyGEM-OGGM_v13,0.24,15,5000,2,500
17062,3,7.521090333,PyGEM-OGGM_v13,0.24,15,5000,2,500
17065,3.05,7.354557184,PyGEM-OGGM_v13,0.24,15,5000,2,500
17066,3.1,7.19447087,PyGEM-OGGM_v13,0.24,15,5000,2,500
17068,3.15,7.032152778,PyGEM-OGGM_v13,0.24,15,5000,2,500
17069,3.2,6.865114932,PyGEM-OGGM_v13,0.24,15,5000,2,500
17070,3.25,6.691067989,PyGEM-OGGM_v13,0.24,15,5000,2,500
17071,3.3,6.507715437,PyGEM-OGGM_v13,0.24,15,5000,2,500
17072,3.35,6.309335207,PyGEM-OGGM_v13,0.24,15,5000,2,500
17073,3.4,6.094838075,PyGEM-OGGM_v13,0.24,15,5000,2,500
17075,3.45,5.867861969,PyGEM-OGGM_v13,0.24,15,5000,2,500
17077,3.5,5.635072545,PyGEM-OGGM_v13,0.24,15,5000,2,500
17081,3.55,5.400020176,PyGEM-OGGM_v13,0.24,15,5000,2,500
17082,3.6,5.163307375,PyGEM-OGGM_v13,0.24,15,5000,2,500
17084,3.65,4.92865043,PyGEM-OGGM_v13,0.24,15,5000,2,500
17085,3.7,4.700367547,PyGEM-OGGM_v13,0.24,15,5000,2,500
17086,3.75,4.480765934,PyGEM-OGGM_v13,0.24,15,5000,2,500
17087,3.8,4.271653544,PyGEM-OGGM_v13,0.24,15,5000,2,500
17089,3.85,4.073337577,PyGEM-OGGM_v13,0.24,15,5000,2,500
17090,3.9,3.887281298,PyGEM-OGGM_v13,0.24,15,5000,2,500
17091,3.95,3.715493135,PyGEM-OGGM_v13,0.24,15,5000,2,500
17093,4,3.560637197,PyGEM-OGGM_v13,0.24,15,5000,2,500
17095,4.05,3.423734313,PyGEM-OGGM_v13,0.24,15,5000,2,500
17096,4.1,3.302700239,PyGEM-OGGM_v13,0.24,15,5000,2,500
17097,4.15,3.194612199,PyGEM-OGGM_v13,0.24,15,5000,2,500
17099,4.2,3.09810074,PyGEM-OGGM_v13,0.24,15,5000,2,500
17100,4.25,3.012832079,PyGEM-OGGM_v13,0.24,15,5000,2,500
17101,4.3,2.938234983,PyGEM-OGGM_v13,0.24,15,5000,2,500
17102,4.35,2.872474032,PyGEM-OGGM_v13,0.24,15,5000,2,500
17103,4.4,2.813407109,PyGEM-OGGM_v13,0.24,15,5000,2,500
17105,4.45,2.758613108,PyGEM-OGGM_v13,0.24,15,5000,2,500
17106,4.5,2.706756449,PyGEM-OGGM_v13,0.24,15,5000,2,500
17107,4.55,2.657050097,PyGEM-OGGM_v13,0.24,15,5000,2,500
17109,4.6,2.608670639,PyGEM-OGGM_v13,0.24,15,5000,2,500
17110,4.65,2.560712875,PyGEM-OGGM_v13,0.24,15,5000,2,500
17112,4.7,2.512583654,PyGEM-OGGM_v13,0.24,15,5000,2,500
17113,4.75,2.463925297,PyGEM-OGGM_v13,0.24,15,5000,2,500
17114,4.8,2.414887887,PyGEM-OGGM_v13,0.24,15,5000,2,500
17115,4.85,2.366007251,PyGEM-OGGM_v13,0.24,15,5000,2,500
17116,4.9,2.317415925,PyGEM-OGGM_v13,0.24,15,5000,2,500
17117,4.95,2.269096201,PyGEM-OGGM_v13,0.24,15,5000,2,500
17118,5,2.221163809,PyGEM-OGGM_v13,0.24,15,5000,2,500
17119,5.05,2.1739616,PyGEM-OGGM_v13,0.24,15,5000,2,500
17120,5.1,2.127715663,PyGEM-OGGM_v13,0.24,15,5000,2,500
17121,5.15,2.08252825,PyGEM-OGGM_v13,0.24,15,5000,2,500
17122,5.2,2.038235471,PyGEM-OGGM_v13,0.24,15,5000,2,500
17124,5.25,1.994775585,PyGEM-OGGM_v13,0.24,15,5000,2,500
17125,5.3,1.952136115,PyGEM-OGGM_v13,0.24,15,5000,2,500
17126,5.35,1.910523436,PyGEM-OGGM_v13,0.24,15,5000,2,500
17127,5.4,1.87028969,PyGEM-OGGM_v13,0.24,15,5000,2,500
17128,5.45,1.831661904,PyGEM-OGGM_v13,0.24,15,5000,2,500
17129,5.5,1.794756434,PyGEM-OGGM_v13,0.24,15,5000,2,500
17130,5.55,1.759617148,PyGEM-OGGM_v13,0.24,15,5000,2,500
17131,5.6,1.726084181,PyGEM-OGGM_v13,0.24,15,5000,2,500
17132,5.65,1.69376127,PyGEM-OGGM_v13,0.24,15,5000,2,500
17133,5.7,1.662042912,PyGEM-OGGM_v13,0.24,15,5000,2,500
17134,5.75,1.630542216,PyGEM-OGGM_v13,0.24,15,5000,2,500
17135,5.8,1.599044873,PyGEM-OGGM_v13,0.24,15,5000,2,500
17138,5.85,1.567449773,PyGEM-OGGM_v13,0.24,15,5000,2,500
17139,5.9,1.5357304,PyGEM-OGGM_v13,0.24,15,5000,2,500
17140,5.95,1.50375903,PyGEM-OGGM_v13,0.24,15,5000,2,500
17141,6,1.471610334,PyGEM-OGGM_v13,0.24,15,5000,2,500
17142,6.05,1.439614484,PyGEM-OGGM_v13,0.24,15,5000,2,500
17143,6.1,1.408258819,PyGEM-OGGM_v13,0.24,15,5000,2,500
17144,6.15,1.378026615,PyGEM-OGGM_v13,0.24,15,5000,2,500
17145,6.2,1.349225573,PyGEM-OGGM_v13,0.24,15,5000,2,500
17146,6.25,1.32201706,PyGEM-OGGM_v13,0.24,15,5000,2,500
17147,6.3,1.296409435,PyGEM-OGGM_v13,0.24,15,5000,2,500
17148,6.35,1.272299281,PyGEM-OGGM_v13,0.24,15,5000,2,500
17149,6.4,1.249630822,PyGEM-OGGM_v13,0.24,15,5000,2,500
17150,6.45,1.228274207,PyGEM-OGGM_v13,0.24,15,5000,2,500
17151,6.5,1.207911688,PyGEM-OGGM_v13,0.24,15,5000,2,500
17152,6.55,1.188169721,PyGEM-OGGM_v13,0.24,15,5000,2,500
17153,6.6,1.168804354,PyGEM-OGGM_v13,0.24,15,5000,2,500
17154,6.65,1.149607169,PyGEM-OGGM_v13,0.24,15,5000,2,500
17155,6.7,1.130410271,PyGEM-OGGM_v13,0.24,15,5000,2,500
17156,6.75,1.111097623,PyGEM-OGGM_v13,0.24,15,5000,2,500
17157,6.8,1.091592614,PyGEM-OGGM_v13,0.24,15,5000,2,500
17158,6.85,1.071871933,PyGEM-OGGM_v13,0.24,15,5000,2,500
17162,-0.1,255.5920908,GLIMB,0.14,16,5000,2,500
17163,-0.05,253.2870154,GLIMB,0.14,16,5000,2,500
17164,0,251.4824735,GLIMB,0.14,16,5000,2,500
17165,0.05,248.7882419,GLIMB,0.14,16,5000,2,500
17167,0.1,244.7662153,GLIMB,0.14,16,5000,2,500
17169,0.15,239.9271143,GLIMB,0.14,16,5000,2,500
17171,0.2,234.8243834,GLIMB,0.14,16,5000,2,500
17174,0.25,229.7462028,GLIMB,0.14,16,5000,2,500
17176,0.3,225.2718701,GLIMB,0.14,16,5000,2,500
17178,0.35,221.9177502,GLIMB,0.14,16,5000,2,500
17184,0.4,219.4627628,GLIMB,0.14,16,5000,2,500
17185,0.45,217.1501115,GLIMB,0.14,16,5000,2,500
17187,0.5,214.3789178,GLIMB,0.14,16,5000,2,500
17188,0.55,210.9606016,GLIMB,0.14,16,5000,2,500
17189,0.6,206.9317585,GLIMB,0.14,16,5000,2,500
17190,0.65,202.0060078,GLIMB,0.14,16,5000,2,500
17191,0.7,195.3250069,GLIMB,0.14,16,5000,2,500
17192,0.75,185.9934577,GLIMB,0.14,16,5000,2,500
17193,0.8,174.160652,GLIMB,0.14,16,5000,2,500
17194,0.85,161.7864392,GLIMB,0.14,16,5000,2,500
17195,0.9,151.5116501,GLIMB,0.14,16,5000,2,500
17200,0.95,144.6327462,GLIMB,0.14,16,5000,2,500
17201,1,139.9039821,GLIMB,0.14,16,5000,2,500
17202,1.05,136.0825552,GLIMB,0.14,16,5000,2,500
17204,1.1,133.4594411,GLIMB,0.14,16,5000,2,500
17205,1.15,131.0425858,GLIMB,0.14,16,5000,2,500
17206,1.2,127.5803594,GLIMB,0.14,16,5000,2,500
17207,1.25,122.7014662,GLIMB,0.14,16,5000,2,500
17208,1.3,116.5945156,GLIMB,0.14,16,5000,2,500
17209,1.35,110.0994041,GLIMB,0.14,16,5000,2,500
17210,1.4,104.3061923,GLIMB,0.14,16,5000,2,500
17211,1.45,99.76373648,GLIMB,0.14,16,5000,2,500
17216,1.5,96.64080926,GLIMB,0.14,16,5000,2,500
17219,1.55,94.39262128,GLIMB,0.14,16,5000,2,500
17220,1.6,92.0727952,GLIMB,0.14,16,5000,2,500
17222,1.65,89.27011667,GLIMB,0.14,16,5000,2,500
17230,1.7,85.65274555,GLIMB,0.14,16,5000,2,500
17234,1.75,80.9285097,GLIMB,0.14,16,5000,2,500
17235,1.8,76.11177353,GLIMB,0.14,16,5000,2,500
17236,1.85,72.34966879,GLIMB,0.14,16,5000,2,500
17237,1.9,70.3456276,GLIMB,0.14,16,5000,2,500
17240,1.95,69.36109864,GLIMB,0.14,16,5000,2,500
17242,2,68.01711524,GLIMB,0.14,16,5000,2,500
17245,2.05,66.10249524,GLIMB,0.14,16,5000,2,500
17248,2.1,64.13306826,GLIMB,0.14,16,5000,2,500
17250,2.15,62.06480341,GLIMB,0.14,16,5000,2,500
17255,2.2,60.01013198,GLIMB,0.14,16,5000,2,500
17256,2.25,57.99628274,GLIMB,0.14,16,5000,2,500
17257,2.3,55.82852829,GLIMB,0.14,16,5000,2,500
17260,2.35,53.25961155,GLIMB,0.14,16,5000,2,500
17261,2.4,50.17219718,GLIMB,0.14,16,5000,2,500
17263,2.45,46.81394186,GLIMB,0.14,16,5000,2,500
17264,2.5,43.58899835,GLIMB,0.14,16,5000,2,500
17265,2.55,40.8953031,GLIMB,0.14,16,5000,2,500
17267,2.6,38.72472595,GLIMB,0.14,16,5000,2,500
17268,2.65,36.73079163,GLIMB,0.14,16,5000,2,500
17270,2.7,34.9198394,GLIMB,0.14,16,5000,2,500
17273,2.75,33.40613296,GLIMB,0.14,16,5000,2,500
17274,2.8,32.14063698,GLIMB,0.14,16,5000,2,500
17277,2.85,30.95611095,GLIMB,0.14,16,5000,2,500
17278,2.9,29.74219052,GLIMB,0.14,16,5000,2,500
17279,2.95,28.46400713,GLIMB,0.14,16,5000,2,500
17282,3,27.09440512,GLIMB,0.14,16,5000,2,500
17285,3.05,25.74562658,GLIMB,0.14,16,5000,2,500
17286,3.1,24.58008061,GLIMB,0.14,16,5000,2,500
17288,3.15,23.60093264,GLIMB,0.14,16,5000,2,500
17289,3.2,22.74302807,GLIMB,0.14,16,5000,2,500
17290,3.25,21.91715808,GLIMB,0.14,16,5000,2,500
17291,3.3,21.07995578,GLIMB,0.14,16,5000,2,500
17292,3.35,20.28298651,GLIMB,0.14,16,5000,2,500
17293,3.4,19.61388543,GLIMB,0.14,16,5000,2,500
17295,3.45,19.0803969,GLIMB,0.14,16,5000,2,500
17297,3.5,18.5850941,GLIMB,0.14,16,5000,2,500
17301,3.55,18.00635199,GLIMB,0.14,16,5000,2,500
17302,3.6,17.3085377,GLIMB,0.14,16,5000,2,500
17304,3.65,16.535496,GLIMB,0.14,16,5000,2,500
17305,3.7,15.73262194,GLIMB,0.14,16,5000,2,500
17306,3.75,14.93177173,GLIMB,0.14,16,5000,2,500
17307,3.8,14.16393493,GLIMB,0.14,16,5000,2,500
17309,3.85,13.42299449,GLIMB,0.14,16,5000,2,500
17310,3.9,12.6890376,GLIMB,0.14,16,5000,2,500
17311,3.95,11.98298745,GLIMB,0.14,16,5000,2,500
17313,4,11.33838116,GLIMB,0.14,16,5000,2,500
17315,4.05,10.7604631,GLIMB,0.14,16,5000,2,500
17316,4.1,10.25520957,GLIMB,0.14,16,5000,2,500
17317,4.15,9.822101892,GLIMB,0.14,16,5000,2,500
17319,4.2,9.465481746,GLIMB,0.14,16,5000,2,500
17320,4.25,9.1539373,GLIMB,0.14,16,5000,2,500
17321,4.3,8.867617451,GLIMB,0.14,16,5000,2,500
17322,4.35,8.58794513,GLIMB,0.14,16,5000,2,500
17323,4.4,8.290377706,GLIMB,0.14,16,5000,2,500
17325,4.45,7.990491815,GLIMB,0.14,16,5000,2,500
17326,4.5,7.716627757,GLIMB,0.14,16,5000,2,500
17327,4.55,7.467857342,GLIMB,0.14,16,5000,2,500
17329,4.6,7.229589759,GLIMB,0.14,16,5000,2,500
17330,4.65,6.986010761,GLIMB,0.14,16,5000,2,500
17332,4.7,6.730053381,GLIMB,0.14,16,5000,2,500
17333,4.75,6.46289832,GLIMB,0.14,16,5000,2,500
17334,4.8,6.187174128,GLIMB,0.14,16,5000,2,500
17335,4.85,5.90752321,GLIMB,0.14,16,5000,2,500
17336,4.9,5.631182377,GLIMB,0.14,16,5000,2,500
17337,4.95,5.373096223,GLIMB,0.14,16,5000,2,500
17338,5,5.14056683,GLIMB,0.14,16,5000,2,500
17339,5.05,4.935913158,GLIMB,0.14,16,5000,2,500
17340,5.1,4.757213403,GLIMB,0.14,16,5000,2,500
17341,5.15,4.595938147,GLIMB,0.14,16,5000,2,500
17342,5.2,4.445289214,GLIMB,0.14,16,5000,2,500
17344,5.25,4.302380283,GLIMB,0.14,16,5000,2,500
17345,5.3,4.163284921,GLIMB,0.14,16,5000,2,500
17346,5.35,4.023452312,GLIMB,0.14,16,5000,2,500
17347,5.4,3.882399498,GLIMB,0.14,16,5000,2,500
17348,5.45,3.743041793,GLIMB,0.14,16,5000,2,500
17349,5.5,3.609998007,GLIMB,0.14,16,5000,2,500
17350,5.55,3.488582473,GLIMB,0.14,16,5000,2,500
17351,5.6,3.381485996,GLIMB,0.14,16,5000,2,500
17352,5.65,3.288067755,GLIMB,0.14,16,5000,2,500
17353,5.7,3.20358756,GLIMB,0.14,16,5000,2,500
17354,5.75,3.124269461,GLIMB,0.14,16,5000,2,500
17355,5.8,3.04570557,GLIMB,0.14,16,5000,2,500
17358,5.85,2.96325323,GLIMB,0.14,16,5000,2,500
17359,5.9,2.875165537,GLIMB,0.14,16,5000,2,500
17360,5.95,2.781437296,GLIMB,0.14,16,5000,2,500
17361,6,2.683305698,GLIMB,0.14,16,5000,2,500
17362,6.05,2.581685553,GLIMB,0.14,16,5000,2,500
17363,6.1,2.476468843,GLIMB,0.14,16,5000,2,500
17364,6.15,2.369147565,GLIMB,0.14,16,5000,2,500
17365,6.2,2.259838007,GLIMB,0.14,16,5000,2,500
17366,6.25,2.147566118,GLIMB,0.14,16,5000,2,500
17367,6.3,2.032683322,GLIMB,0.14,16,5000,2,500
17368,6.35,1.916570336,GLIMB,0.14,16,5000,2,500
17369,6.4,1.799727227,GLIMB,0.14,16,5000,2,500
17370,6.45,1.680428668,GLIMB,0.14,16,5000,2,500
17371,6.5,1.558207436,GLIMB,0.14,16,5000,2,500
17372,6.55,1.434229383,GLIMB,0.14,16,5000,2,500
17373,6.6,1.311105074,GLIMB,0.14,16,5000,2,500
17374,6.65,1.192093446,GLIMB,0.14,16,5000,2,500
17375,6.7,1.081106734,GLIMB,0.14,16,5000,2,500
17376,6.75,0.979047846,GLIMB,0.14,16,5000,2,500
17377,6.8,0.880981931,GLIMB,0.14,16,5000,2,500
17378,6.85,0.783595674,GLIMB,0.14,16,5000,2,500
17382,-0.1,176.5079741,GloGEMflow,0.18,16,5000,2,500
17383,-0.05,171.2475292,GloGEMflow,0.18,16,5000,2,500
17384,0,166.5658281,GloGEMflow,0.18,16,5000,2,500
17385,0.05,162.5487243,GloGEMflow,0.18,16,5000,2,500
17387,0.1,159.2029056,GloGEMflow,0.18,16,5000,2,500
17389,0.15,156.5561497,GloGEMflow,0.18,16,5000,2,500
17391,0.2,154.5738968,GloGEMflow,0.18,16,5000,2,500
17394,0.25,153.0725159,GloGEMflow,0.18,16,5000,2,500
17396,0.3,151.8331832,GloGEMflow,0.18,16,5000,2,500
17398,0.35,150.6551252,GloGEMflow,0.18,16,5000,2,500
17404,0.4,149.359671,GloGEMflow,0.18,16,5000,2,500
17405,0.45,147.8317679,GloGEMflow,0.18,16,5000,2,500
17407,0.5,146.0640262,GloGEMflow,0.18,16,5000,2,500
17408,0.55,144.0885676,GloGEMflow,0.18,16,5000,2,500
17409,0.6,141.8865324,GloGEMflow,0.18,16,5000,2,500
17410,0.65,139.3705972,GloGEMflow,0.18,16,5000,2,500
17411,0.7,136.3689952,GloGEMflow,0.18,16,5000,2,500
17412,0.75,132.6775691,GloGEMflow,0.18,16,5000,2,500
17413,0.8,128.1231735,GloGEMflow,0.18,16,5000,2,500
17414,0.85,122.8263477,GloGEMflow,0.18,16,5000,2,500
17415,0.9,117.439752,GloGEMflow,0.18,16,5000,2,500
17420,0.95,112.429248,GloGEMflow,0.18,16,5000,2,500
17421,1,107.5572296,GloGEMflow,0.18,16,5000,2,500
17422,1.05,102.7594992,GloGEMflow,0.18,16,5000,2,500
17424,1.1,97.78625419,GloGEMflow,0.18,16,5000,2,500
17425,1.15,92.42200068,GloGEMflow,0.18,16,5000,2,500
17426,1.2,86.81699504,GloGEMflow,0.18,16,5000,2,500
17427,1.25,81.06991336,GloGEMflow,0.18,16,5000,2,500
17428,1.3,75.13105989,GloGEMflow,0.18,16,5000,2,500
17429,1.35,69.11958557,GloGEMflow,0.18,16,5000,2,500
17430,1.4,63.24764512,GloGEMflow,0.18,16,5000,2,500
17431,1.45,57.79355446,GloGEMflow,0.18,16,5000,2,500
17436,1.5,53.11926313,GloGEMflow,0.18,16,5000,2,500
17439,1.55,49.47379403,GloGEMflow,0.18,16,5000,2,500
17440,1.6,47.01291577,GloGEMflow,0.18,16,5000,2,500
17442,1.65,45.62076392,GloGEMflow,0.18,16,5000,2,500
17450,1.7,44.7458844,GloGEMflow,0.18,16,5000,2,500
17454,1.75,43.75667383,GloGEMflow,0.18,16,5000,2,500
17455,1.8,42.39227935,GloGEMflow,0.18,16,5000,2,500
17456,1.85,40.69736883,GloGEMflow,0.18,16,5000,2,500
17457,1.9,38.7585022,GloGEMflow,0.18,16,5000,2,500
17460,1.95,36.56416939,GloGEMflow,0.18,16,5000,2,500
17462,2,34.15254096,GloGEMflow,0.18,16,5000,2,500
17465,2.05,31.68322242,GloGEMflow,0.18,16,5000,2,500
17468,2.1,29.5241608,GloGEMflow,0.18,16,5000,2,500
17470,2.15,27.85452318,GloGEMflow,0.18,16,5000,2,500
17475,2.2,26.49932981,GloGEMflow,0.18,16,5000,2,500
17476,2.25,25.26394074,GloGEMflow,0.18,16,5000,2,500
17477,2.3,24.08182021,GloGEMflow,0.18,16,5000,2,500
17480,2.35,22.86105711,GloGEMflow,0.18,16,5000,2,500
17481,2.4,21.52860268,GloGEMflow,0.18,16,5000,2,500
17483,2.45,20.11016678,GloGEMflow,0.18,16,5000,2,500
17484,2.5,18.63508723,GloGEMflow,0.18,16,5000,2,500
17485,2.55,17.14913966,GloGEMflow,0.18,16,5000,2,500
17487,2.6,15.72057822,GloGEMflow,0.18,16,5000,2,500
17488,2.65,14.36845254,GloGEMflow,0.18,16,5000,2,500
17490,2.7,13.10628855,GloGEMflow,0.18,16,5000,2,500
17493,2.75,11.99185246,GloGEMflow,0.18,16,5000,2,500
17494,2.8,11.09321168,GloGEMflow,0.18,16,5000,2,500
17497,2.85,10.39877962,GloGEMflow,0.18,16,5000,2,500
17498,2.9,9.817281008,GloGEMflow,0.18,16,5000,2,500
17499,2.95,9.281414546,GloGEMflow,0.18,16,5000,2,500
17502,3,8.766641732,GloGEMflow,0.18,16,5000,2,500
17505,3.05,8.263798844,GloGEMflow,0.18,16,5000,2,500
17506,3.1,7.793201994,GloGEMflow,0.18,16,5000,2,500
17508,3.15,7.381909328,GloGEMflow,0.18,16,5000,2,500
17509,3.2,7.032643642,GloGEMflow,0.18,16,5000,2,500
17510,3.25,6.728998668,GloGEMflow,0.18,16,5000,2,500
17511,3.3,6.467573566,GloGEMflow,0.18,16,5000,2,500
17512,3.35,6.237723424,GloGEMflow,0.18,16,5000,2,500
17513,3.4,6.026253608,GloGEMflow,0.18,16,5000,2,500
17515,3.45,5.816926165,GloGEMflow,0.18,16,5000,2,500
17517,3.5,5.604137616,GloGEMflow,0.18,16,5000,2,500
17521,3.55,5.389667435,GloGEMflow,0.18,16,5000,2,500
17522,3.6,5.177797819,GloGEMflow,0.18,16,5000,2,500
17524,3.65,4.970393668,GloGEMflow,0.18,16,5000,2,500
17525,3.7,4.771509318,GloGEMflow,0.18,16,5000,2,500
17526,3.75,4.579844536,GloGEMflow,0.18,16,5000,2,500
17527,3.8,4.394164885,GloGEMflow,0.18,16,5000,2,500
17529,3.85,4.21542052,GloGEMflow,0.18,16,5000,2,500
17530,3.9,4.042213891,GloGEMflow,0.18,16,5000,2,500
17531,3.95,3.869974826,GloGEMflow,0.18,16,5000,2,500
17533,4,3.695284738,GloGEMflow,0.18,16,5000,2,500
17535,4.05,3.519314435,GloGEMflow,0.18,16,5000,2,500
17536,4.1,3.34548948,GloGEMflow,0.18,16,5000,2,500
17537,4.15,3.17923288,GloGEMflow,0.18,16,5000,2,500
17539,4.2,3.027169153,GloGEMflow,0.18,16,5000,2,500
17540,4.25,2.89230961,GloGEMflow,0.18,16,5000,2,500
17541,4.3,2.772375265,GloGEMflow,0.18,16,5000,2,500
17542,4.35,2.66099828,GloGEMflow,0.18,16,5000,2,500
17543,4.4,2.555515951,GloGEMflow,0.18,16,5000,2,500
17545,4.45,2.454750166,GloGEMflow,0.18,16,5000,2,500
17546,4.5,2.355545987,GloGEMflow,0.18,16,5000,2,500
17547,4.55,2.254964971,GloGEMflow,0.18,16,5000,2,500
17549,4.6,2.154617375,GloGEMflow,0.18,16,5000,2,500
17550,4.65,2.058154907,GloGEMflow,0.18,16,5000,2,500
17552,4.7,1.967651803,GloGEMflow,0.18,16,5000,2,500
17553,4.75,1.88202029,GloGEMflow,0.18,16,5000,2,500
17554,4.8,1.800334635,GloGEMflow,0.18,16,5000,2,500
17555,4.85,1.722915802,GloGEMflow,0.18,16,5000,2,500
17556,4.9,1.651561602,GloGEMflow,0.18,16,5000,2,500
17557,4.95,1.587947453,GloGEMflow,0.18,16,5000,2,500
17558,5,1.531442395,GloGEMflow,0.18,16,5000,2,500
17559,5.05,1.479953542,GloGEMflow,0.18,16,5000,2,500
17560,5.1,1.431822299,GloGEMflow,0.18,16,5000,2,500
17561,5.15,1.385801361,GloGEMflow,0.18,16,5000,2,500
17562,5.2,1.339557365,GloGEMflow,0.18,16,5000,2,500
17564,5.25,1.291383644,GloGEMflow,0.18,16,5000,2,500
17565,5.3,1.242009642,GloGEMflow,0.18,16,5000,2,500
17566,5.35,1.192577045,GloGEMflow,0.18,16,5000,2,500
17567,5.4,1.143912471,GloGEMflow,0.18,16,5000,2,500
17568,5.45,1.096477749,GloGEMflow,0.18,16,5000,2,500
17569,5.5,1.050641955,GloGEMflow,0.18,16,5000,2,500
17570,5.55,1.006416365,GloGEMflow,0.18,16,5000,2,500
17571,5.6,0.964174872,GloGEMflow,0.18,16,5000,2,500
17572,5.65,0.924510426,GloGEMflow,0.18,16,5000,2,500
17573,5.7,0.88743743,GloGEMflow,0.18,16,5000,2,500
17574,5.75,0.852638674,GloGEMflow,0.18,16,5000,2,500
17575,5.8,0.819620508,GloGEMflow,0.18,16,5000,2,500
17578,5.85,0.787890886,GloGEMflow,0.18,16,5000,2,500
17579,5.9,0.757092469,GloGEMflow,0.18,16,5000,2,500
17580,5.95,0.726999167,GloGEMflow,0.18,16,5000,2,500
17581,6,0.697060247,GloGEMflow,0.18,16,5000,2,500
17582,6.05,0.666800585,GloGEMflow,0.18,16,5000,2,500
17583,6.1,0.636212388,GloGEMflow,0.18,16,5000,2,500
17584,6.15,0.605497497,GloGEMflow,0.18,16,5000,2,500
17585,6.2,0.574952612,GloGEMflow,0.18,16,5000,2,500
17586,6.25,0.544966781,GloGEMflow,0.18,16,5000,2,500
17587,6.3,0.515790436,GloGEMflow,0.18,16,5000,2,500
17588,6.35,0.487538087,GloGEMflow,0.18,16,5000,2,500
17589,6.4,0.460146499,GloGEMflow,0.18,16,5000,2,500
17590,6.45,0.433550072,GloGEMflow,0.18,16,5000,2,500
17591,6.5,0.407772393,GloGEMflow,0.18,16,5000,2,500
17592,6.55,0.382901322,GloGEMflow,0.18,16,5000,2,500
17593,6.6,0.35892602,GloGEMflow,0.18,16,5000,2,500
17594,6.65,0.335571276,GloGEMflow,0.18,16,5000,2,500
17595,6.7,0.312638487,GloGEMflow,0.18,16,5000,2,500
17596,6.75,0.289797099,GloGEMflow,0.18,16,5000,2,500
17597,6.8,0.266668106,GloGEMflow,0.18,16,5000,2,500
17598,6.85,0.243063618,GloGEMflow,0.18,16,5000,2,500
17602,-0.1,333.0546856,GloGEMflow3D,0.17,16,5000,2,500
17603,-0.05,331.545612,GloGEMflow3D,0.17,16,5000,2,500
17604,0,330.1454035,GloGEMflow3D,0.17,16,5000,2,500
17605,0.05,328.9283928,GloGEMflow3D,0.17,16,5000,2,500
17607,0.1,327.7261956,GloGEMflow3D,0.17,16,5000,2,500
17609,0.15,326.4207896,GloGEMflow3D,0.17,16,5000,2,500
17611,0.2,325.2790504,GloGEMflow3D,0.17,16,5000,2,500
17614,0.25,324.1313657,GloGEMflow3D,0.17,16,5000,2,500
17616,0.3,322.491309,GloGEMflow3D,0.17,16,5000,2,500
17618,0.35,319.9019649,GloGEMflow3D,0.17,16,5000,2,500
17624,0.4,315.906762,GloGEMflow3D,0.17,16,5000,2,500
17625,0.45,309.9237885,GloGEMflow3D,0.17,16,5000,2,500
17627,0.5,301.6417142,GloGEMflow3D,0.17,16,5000,2,500
17628,0.55,291.148807,GloGEMflow3D,0.17,16,5000,2,500
17629,0.6,278.49811,GloGEMflow3D,0.17,16,5000,2,500
17630,0.65,263.4366603,GloGEMflow3D,0.17,16,5000,2,500
17631,0.7,245.6939243,GloGEMflow3D,0.17,16,5000,2,500
17632,0.75,225.3035983,GloGEMflow3D,0.17,16,5000,2,500
17633,0.8,203.2102002,GloGEMflow3D,0.17,16,5000,2,500
17634,0.85,181.7307611,GloGEMflow3D,0.17,16,5000,2,500
17635,0.9,163.2037956,GloGEMflow3D,0.17,16,5000,2,500
17640,0.95,147.0619961,GloGEMflow3D,0.17,16,5000,2,500
17641,1,133.2370167,GloGEMflow3D,0.17,16,5000,2,500
17642,1.05,122.4118796,GloGEMflow3D,0.17,16,5000,2,500
17644,1.1,113.5395561,GloGEMflow3D,0.17,16,5000,2,500
17645,1.15,105.6156189,GloGEMflow3D,0.17,16,5000,2,500
17646,1.2,98.39542949,GloGEMflow3D,0.17,16,5000,2,500
17647,1.25,91.68970291,GloGEMflow3D,0.17,16,5000,2,500
17648,1.3,85.24905945,GloGEMflow3D,0.17,16,5000,2,500
17649,1.35,78.98678508,GloGEMflow3D,0.17,16,5000,2,500
17650,1.4,73.09072628,GloGEMflow3D,0.17,16,5000,2,500
17651,1.45,67.70492549,GloGEMflow3D,0.17,16,5000,2,500
17656,1.5,63.06880891,GloGEMflow3D,0.17,16,5000,2,500
17659,1.55,59.36603168,GloGEMflow3D,0.17,16,5000,2,500
17660,1.6,56.5597746,GloGEMflow3D,0.17,16,5000,2,500
17662,1.65,54.34716351,GloGEMflow3D,0.17,16,5000,2,500
17670,1.7,52.52391883,GloGEMflow3D,0.17,16,5000,2,500
17674,1.75,50.7625764,GloGEMflow3D,0.17,16,5000,2,500
17675,1.8,48.59497932,GloGEMflow3D,0.17,16,5000,2,500
17676,1.85,46.10977043,GloGEMflow3D,0.17,16,5000,2,500
17677,1.9,43.53975734,GloGEMflow3D,0.17,16,5000,2,500
17680,1.95,41.08404106,GloGEMflow3D,0.17,16,5000,2,500
17682,2,38.76894104,GloGEMflow3D,0.17,16,5000,2,500
17685,2.05,36.62010478,GloGEMflow3D,0.17,16,5000,2,500
17688,2.1,34.68108355,GloGEMflow3D,0.17,16,5000,2,500
17690,2.15,32.91090655,GloGEMflow3D,0.17,16,5000,2,500
17695,2.2,31.25983542,GloGEMflow3D,0.17,16,5000,2,500
17696,2.25,29.71554603,GloGEMflow3D,0.17,16,5000,2,500
17697,2.3,28.12603264,GloGEMflow3D,0.17,16,5000,2,500
17700,2.35,26.35170425,GloGEMflow3D,0.17,16,5000,2,500
17701,2.4,24.45662952,GloGEMflow3D,0.17,16,5000,2,500
17703,2.45,22.51237154,GloGEMflow3D,0.17,16,5000,2,500
17704,2.5,20.6004978,GloGEMflow3D,0.17,16,5000,2,500
17705,2.55,18.77921705,GloGEMflow3D,0.17,16,5000,2,500
17707,2.6,17.11996557,GloGEMflow3D,0.17,16,5000,2,500
17708,2.65,15.67242618,GloGEMflow3D,0.17,16,5000,2,500
17710,2.7,14.42883198,GloGEMflow3D,0.17,16,5000,2,500
17713,2.75,13.3493971,GloGEMflow3D,0.17,16,5000,2,500
17714,2.8,12.36196697,GloGEMflow3D,0.17,16,5000,2,500
17717,2.85,11.43267715,GloGEMflow3D,0.17,16,5000,2,500
17718,2.9,10.63302164,GloGEMflow3D,0.17,16,5000,2,500
17719,2.95,9.997475559,GloGEMflow3D,0.17,16,5000,2,500
17722,3,9.470002996,GloGEMflow3D,0.17,16,5000,2,500
17725,3.05,9.00501015,GloGEMflow3D,0.17,16,5000,2,500
17726,3.1,8.593755328,GloGEMflow3D,0.17,16,5000,2,500
17728,3.15,8.213871316,GloGEMflow3D,0.17,16,5000,2,500
17729,3.2,7.858327707,GloGEMflow3D,0.17,16,5000,2,500
17730,3.25,7.528422379,GloGEMflow3D,0.17,16,5000,2,500
17731,3.3,7.228525968,GloGEMflow3D,0.17,16,5000,2,500
17732,3.35,6.948493169,GloGEMflow3D,0.17,16,5000,2,500
17733,3.4,6.66356948,GloGEMflow3D,0.17,16,5000,2,500
17735,3.45,6.359943203,GloGEMflow3D,0.17,16,5000,2,500
17737,3.5,6.046671559,GloGEMflow3D,0.17,16,5000,2,500
17741,3.55,5.737294689,GloGEMflow3D,0.17,16,5000,2,500
17742,3.6,5.43933721,GloGEMflow3D,0.17,16,5000,2,500
17744,3.65,5.161533997,GloGEMflow3D,0.17,16,5000,2,500
17745,3.7,4.899955077,GloGEMflow3D,0.17,16,5000,2,500
17746,3.75,4.648095036,GloGEMflow3D,0.17,16,5000,2,500
17747,3.8,4.408082888,GloGEMflow3D,0.17,16,5000,2,500
17749,3.85,4.183875836,GloGEMflow3D,0.17,16,5000,2,500
17750,3.9,3.973694334,GloGEMflow3D,0.17,16,5000,2,500
17751,3.95,3.773396941,GloGEMflow3D,0.17,16,5000,2,500
17753,4,3.584003079,GloGEMflow3D,0.17,16,5000,2,500
17755,4.05,3.406707683,GloGEMflow3D,0.17,16,5000,2,500
17756,4.1,3.241007685,GloGEMflow3D,0.17,16,5000,2,500
17757,4.15,3.086933217,GloGEMflow3D,0.17,16,5000,2,500
17759,4.2,2.939988453,GloGEMflow3D,0.17,16,5000,2,500
17760,4.25,2.79533969,GloGEMflow3D,0.17,16,5000,2,500
17761,4.3,2.657893557,GloGEMflow3D,0.17,16,5000,2,500
17762,4.35,2.534153252,GloGEMflow3D,0.17,16,5000,2,500
17763,4.4,2.426264875,GloGEMflow3D,0.17,16,5000,2,500
17765,4.45,2.330805047,GloGEMflow3D,0.17,16,5000,2,500
17766,4.5,2.241513465,GloGEMflow3D,0.17,16,5000,2,500
17767,4.55,2.154912194,GloGEMflow3D,0.17,16,5000,2,500
17769,4.6,2.072884225,GloGEMflow3D,0.17,16,5000,2,500
17770,4.65,1.996261151,GloGEMflow3D,0.17,16,5000,2,500
17772,4.7,1.924902337,GloGEMflow3D,0.17,16,5000,2,500
17773,4.75,1.857104015,GloGEMflow3D,0.17,16,5000,2,500
17774,4.8,1.789402616,GloGEMflow3D,0.17,16,5000,2,500
17775,4.85,1.720257446,GloGEMflow3D,0.17,16,5000,2,500
17776,4.9,1.651370696,GloGEMflow3D,0.17,16,5000,2,500
17777,4.95,1.585078434,GloGEMflow3D,0.17,16,5000,2,500
17778,5,1.52249854,GloGEMflow3D,0.17,16,5000,2,500
17779,5.05,1.46403958,GloGEMflow3D,0.17,16,5000,2,500
17780,5.1,1.409583805,GloGEMflow3D,0.17,16,5000,2,500
17781,5.15,1.358685788,GloGEMflow3D,0.17,16,5000,2,500
17782,5.2,1.310275254,GloGEMflow3D,0.17,16,5000,2,500
17784,5.25,1.262410569,GloGEMflow3D,0.17,16,5000,2,500
17785,5.3,1.213408923,GloGEMflow3D,0.17,16,5000,2,500
17786,5.35,1.163554271,GloGEMflow3D,0.17,16,5000,2,500
17787,5.4,1.113986363,GloGEMflow3D,0.17,16,5000,2,500
17788,5.45,1.065831896,GloGEMflow3D,0.17,16,5000,2,500
17789,5.5,1.019900523,GloGEMflow3D,0.17,16,5000,2,500
17790,5.55,0.977041842,GloGEMflow3D,0.17,16,5000,2,500
17791,5.6,0.937388486,GloGEMflow3D,0.17,16,5000,2,500
17792,5.65,0.900782691,GloGEMflow3D,0.17,16,5000,2,500
17793,5.7,0.866209004,GloGEMflow3D,0.17,16,5000,2,500
17794,5.75,0.832994536,GloGEMflow3D,0.17,16,5000,2,500
17795,5.8,0.800997003,GloGEMflow3D,0.17,16,5000,2,500
17798,5.85,0.770132626,GloGEMflow3D,0.17,16,5000,2,500
17799,5.9,0.739974268,GloGEMflow3D,0.17,16,5000,2,500
17800,5.95,0.709699627,GloGEMflow3D,0.17,16,5000,2,500
17801,6,0.679155209,GloGEMflow3D,0.17,16,5000,2,500
17802,6.05,0.64868033,GloGEMflow3D,0.17,16,5000,2,500
17803,6.1,0.618479232,GloGEMflow3D,0.17,16,5000,2,500
17804,6.15,0.588501576,GloGEMflow3D,0.17,16,5000,2,500
17805,6.2,0.558469809,GloGEMflow3D,0.17,16,5000,2,500
17806,6.25,0.528272072,GloGEMflow3D,0.17,16,5000,2,500
17807,6.3,0.49794769,GloGEMflow3D,0.17,16,5000,2,500
17808,6.35,0.467422115,GloGEMflow3D,0.17,16,5000,2,500
17809,6.4,0.436493767,GloGEMflow3D,0.17,16,5000,2,500
17810,6.45,0.405150015,GloGEMflow3D,0.17,16,5000,2,500
17811,6.5,0.373588261,GloGEMflow3D,0.17,16,5000,2,500
17812,6.55,0.342158181,GloGEMflow3D,0.17,16,5000,2,500
17813,6.6,0.311197665,GloGEMflow3D,0.17,16,5000,2,500
17814,6.65,0.280925161,GloGEMflow3D,0.17,16,5000,2,500
17815,6.7,0.25123269,GloGEMflow3D,0.17,16,5000,2,500
17816,6.75,0.221356575,GloGEMflow3D,0.17,16,5000,2,500
17817,6.8,0.190845062,GloGEMflow3D,0.17,16,5000,2,500
17818,6.85,0.159269849,GloGEMflow3D,0.17,16,5000,2,500
17822,-0.1,380.4410642,OGGM_v16,0.19,16,5000,2,500
17823,-0.05,372.1015165,OGGM_v16,0.19,16,5000,2,500
17824,0,363.5968033,OGGM_v16,0.19,16,5000,2,500
17825,0.05,354.7582536,OGGM_v16,0.19,16,5000,2,500
17827,0.1,345.5254493,OGGM_v16,0.19,16,5000,2,500
17829,0.15,335.7575074,OGGM_v16,0.19,16,5000,2,500
17831,0.2,325.475965,OGGM_v16,0.19,16,5000,2,500
17834,0.25,314.658832,OGGM_v16,0.19,16,5000,2,500
17836,0.3,303.0812855,OGGM_v16,0.19,16,5000,2,500
17838,0.35,290.303636,OGGM_v16,0.19,16,5000,2,500
17844,0.4,276.0379256,OGGM_v16,0.19,16,5000,2,500
17845,0.45,260.1495331,OGGM_v16,0.19,16,5000,2,500
17847,0.5,242.9182511,OGGM_v16,0.19,16,5000,2,500
17848,0.55,224.7699965,OGGM_v16,0.19,16,5000,2,500
17849,0.6,206.0306647,OGGM_v16,0.19,16,5000,2,500
17850,0.65,186.8513816,OGGM_v16,0.19,16,5000,2,500
17851,0.7,167.2495344,OGGM_v16,0.19,16,5000,2,500
17852,0.75,147.2336467,OGGM_v16,0.19,16,5000,2,500
17853,0.8,127.1584629,OGGM_v16,0.19,16,5000,2,500
17854,0.85,107.9181055,OGGM_v16,0.19,16,5000,2,500
17855,0.9,91.01519627,OGGM_v16,0.19,16,5000,2,500
17860,0.95,77.99671955,OGGM_v16,0.19,16,5000,2,500
17861,1,69.13817538,OGGM_v16,0.19,16,5000,2,500
17862,1.05,62.94522713,OGGM_v16,0.19,16,5000,2,500
17864,1.1,58.69581608,OGGM_v16,0.19,16,5000,2,500
17865,1.15,55.81388454,OGGM_v16,0.19,16,5000,2,500
17866,1.2,53.56904924,OGGM_v16,0.19,16,5000,2,500
17867,1.25,51.5292653,OGGM_v16,0.19,16,5000,2,500
17868,1.3,49.36492433,OGGM_v16,0.19,16,5000,2,500
17869,1.35,46.78158416,OGGM_v16,0.19,16,5000,2,500
17870,1.4,43.67473707,OGGM_v16,0.19,16,5000,2,500
17871,1.45,40.3838483,OGGM_v16,0.19,16,5000,2,500
17876,1.5,37.53402703,OGGM_v16,0.19,16,5000,2,500
17879,1.55,35.5091855,OGGM_v16,0.19,16,5000,2,500
17880,1.6,34.39586555,OGGM_v16,0.19,16,5000,2,500
17882,1.65,34.07182956,OGGM_v16,0.19,16,5000,2,500
17890,1.7,34.01376556,OGGM_v16,0.19,16,5000,2,500
17894,1.75,33.64954398,OGGM_v16,0.19,16,5000,2,500
17895,1.8,32.82560012,OGGM_v16,0.19,16,5000,2,500
17896,1.85,31.64620419,OGGM_v16,0.19,16,5000,2,500
17897,1.9,30.22354823,OGGM_v16,0.19,16,5000,2,500
17900,1.95,28.58577311,OGGM_v16,0.19,16,5000,2,500
17902,2,26.77475269,OGGM_v16,0.19,16,5000,2,500
17905,2.05,24.93824896,OGGM_v16,0.19,16,5000,2,500
17908,2.1,23.31545967,OGGM_v16,0.19,16,5000,2,500
17910,2.15,22.08901082,OGGM_v16,0.19,16,5000,2,500
17915,2.2,21.12549096,OGGM_v16,0.19,16,5000,2,500
17916,2.25,20.19833813,OGGM_v16,0.19,16,5000,2,500
17917,2.3,19.26127516,OGGM_v16,0.19,16,5000,2,500
17920,2.35,18.34326797,OGGM_v16,0.19,16,5000,2,500
17921,2.4,17.43857088,OGGM_v16,0.19,16,5000,2,500
17923,2.45,16.56598452,OGGM_v16,0.19,16,5000,2,500
17924,2.5,15.71015077,OGGM_v16,0.19,16,5000,2,500
17925,2.55,14.82522986,OGGM_v16,0.19,16,5000,2,500
17927,2.6,13.902083,OGGM_v16,0.19,16,5000,2,500
17928,2.65,12.97755786,OGGM_v16,0.19,16,5000,2,500
17930,2.7,12.11609918,OGGM_v16,0.19,16,5000,2,500
17933,2.75,11.38401186,OGGM_v16,0.19,16,5000,2,500
17934,2.8,10.81483686,OGGM_v16,0.19,16,5000,2,500
17937,2.85,10.35623133,OGGM_v16,0.19,16,5000,2,500
17938,2.9,9.92531036,OGGM_v16,0.19,16,5000,2,500
17939,2.95,9.4926527,OGGM_v16,0.19,16,5000,2,500
17942,3,9.056806509,OGGM_v16,0.19,16,5000,2,500
17945,3.05,8.633207124,OGGM_v16,0.19,16,5000,2,500
17946,3.1,8.242145725,OGGM_v16,0.19,16,5000,2,500
17948,3.15,7.894496548,OGGM_v16,0.19,16,5000,2,500
17949,3.2,7.593590865,OGGM_v16,0.19,16,5000,2,500
17950,3.25,7.33189621,OGGM_v16,0.19,16,5000,2,500
17951,3.3,7.093226373,OGGM_v16,0.19,16,5000,2,500
17952,3.35,6.86760231,OGGM_v16,0.19,16,5000,2,500
17953,3.4,6.650995258,OGGM_v16,0.19,16,5000,2,500
17955,3.45,6.433487157,OGGM_v16,0.19,16,5000,2,500
17957,3.5,6.203015169,OGGM_v16,0.19,16,5000,2,500
17961,3.55,5.958685262,OGGM_v16,0.19,16,5000,2,500
17962,3.6,5.707223663,OGGM_v16,0.19,16,5000,2,500
17964,3.65,5.462381903,OGGM_v16,0.19,16,5000,2,500
17965,3.7,5.235973896,OGGM_v16,0.19,16,5000,2,500
17966,3.75,5.026063221,OGGM_v16,0.19,16,5000,2,500
17967,3.8,4.825870812,OGGM_v16,0.19,16,5000,2,500
17969,3.85,4.630437319,OGGM_v16,0.19,16,5000,2,500
17970,3.9,4.434230574,OGGM_v16,0.19,16,5000,2,500
17971,3.95,4.238876561,OGGM_v16,0.19,16,5000,2,500
17973,4,4.050443907,OGGM_v16,0.19,16,5000,2,500
17975,4.05,3.873022327,OGGM_v16,0.19,16,5000,2,500
17976,4.1,3.708244094,OGGM_v16,0.19,16,5000,2,500
17977,4.15,3.559163506,OGGM_v16,0.19,16,5000,2,500
17979,4.2,3.42453004,OGGM_v16,0.19,16,5000,2,500
17980,4.25,3.299987472,OGGM_v16,0.19,16,5000,2,500
17981,4.3,3.18329903,OGGM_v16,0.19,16,5000,2,500
17982,4.35,3.073728548,OGGM_v16,0.19,16,5000,2,500
17983,4.4,2.970515096,OGGM_v16,0.19,16,5000,2,500
17985,4.45,2.875533033,OGGM_v16,0.19,16,5000,2,500
17986,4.5,2.789067151,OGGM_v16,0.19,16,5000,2,500
17987,4.55,2.709221489,OGGM_v16,0.19,16,5000,2,500
17989,4.6,2.631129396,OGGM_v16,0.19,16,5000,2,500
17990,4.65,2.553071658,OGGM_v16,0.19,16,5000,2,500
17992,4.7,2.477518944,OGGM_v16,0.19,16,5000,2,500
17993,4.75,2.406195301,OGGM_v16,0.19,16,5000,2,500
17994,4.8,2.339024098,OGGM_v16,0.19,16,5000,2,500
17995,4.85,2.274655702,OGGM_v16,0.19,16,5000,2,500
17996,4.9,2.21228581,OGGM_v16,0.19,16,5000,2,500
17997,4.95,2.151545259,OGGM_v16,0.19,16,5000,2,500
17998,5,2.091921914,OGGM_v16,0.19,16,5000,2,500
17999,5.05,2.03305922,OGGM_v16,0.19,16,5000,2,500
18000,5.1,1.974309761,OGGM_v16,0.19,16,5000,2,500
18001,5.15,1.916388667,OGGM_v16,0.19,16,5000,2,500
18002,5.2,1.860704367,OGGM_v16,0.19,16,5000,2,500
18004,5.25,1.808193528,OGGM_v16,0.19,16,5000,2,500
18005,5.3,1.758976232,OGGM_v16,0.19,16,5000,2,500
18006,5.35,1.712906364,OGGM_v16,0.19,16,5000,2,500
18007,5.4,1.669112984,OGGM_v16,0.19,16,5000,2,500
18008,5.45,1.626440014,OGGM_v16,0.19,16,5000,2,500
18009,5.5,1.583678746,OGGM_v16,0.19,16,5000,2,500
18010,5.55,1.540240515,OGGM_v16,0.19,16,5000,2,500
18011,5.6,1.496069984,OGGM_v16,0.19,16,5000,2,500
18012,5.65,1.451213931,OGGM_v16,0.19,16,5000,2,500
18013,5.7,1.405556492,OGGM_v16,0.19,16,5000,2,500
18014,5.75,1.358984581,OGGM_v16,0.19,16,5000,2,500
18015,5.8,1.311440915,OGGM_v16,0.19,16,5000,2,500
18018,5.85,1.263034133,OGGM_v16,0.19,16,5000,2,500
18019,5.9,1.214585406,OGGM_v16,0.19,16,5000,2,500
18020,5.95,1.167433175,OGGM_v16,0.19,16,5000,2,500
18021,6,1.123054908,OGGM_v16,0.19,16,5000,2,500
18022,6.05,1.082429537,OGGM_v16,0.19,16,5000,2,500
18023,6.1,1.045142282,OGGM_v16,0.19,16,5000,2,500
18024,6.15,1.009777409,OGGM_v16,0.19,16,5000,2,500
18025,6.2,0.97481491,OGGM_v16,0.19,16,5000,2,500
18026,6.25,0.939665017,OGGM_v16,0.19,16,5000,2,500
18027,6.3,0.903898399,OGGM_v16,0.19,16,5000,2,500
18028,6.35,0.866905989,OGGM_v16,0.19,16,5000,2,500
18029,6.4,0.82809991,OGGM_v16,0.19,16,5000,2,500
18030,6.45,0.787172396,OGGM_v16,0.19,16,5000,2,500
18031,6.5,0.744022372,OGGM_v16,0.19,16,5000,2,500
18032,6.55,0.698806362,OGGM_v16,0.19,16,5000,2,500
18033,6.6,0.651852806,OGGM_v16,0.19,16,5000,2,500
18034,6.65,0.603574773,OGGM_v16,0.19,16,5000,2,500
18035,6.7,0.55476476,OGGM_v16,0.19,16,5000,2,500
18036,6.75,0.50629157,OGGM_v16,0.19,16,5000,2,500
18037,6.8,0.45882465,OGGM_v16,0.19,16,5000,2,500
18038,6.85,0.412861988,OGGM_v16,0.19,16,5000,2,500
18042,-0.1,508.8599495,PyGEM-OGGM_v13,0.19,16,5000,2,500
18043,-0.05,492.7736598,PyGEM-OGGM_v13,0.19,16,5000,2,500
18044,0,476.4895894,PyGEM-OGGM_v13,0.19,16,5000,2,500
18045,0.05,460.5212535,PyGEM-OGGM_v13,0.19,16,5000,2,500
18047,0.1,445.0967178,PyGEM-OGGM_v13,0.19,16,5000,2,500
18049,0.15,430.1979171,PyGEM-OGGM_v13,0.19,16,5000,2,500
18051,0.2,415.4151598,PyGEM-OGGM_v13,0.19,16,5000,2,500
18054,0.25,400.4053123,PyGEM-OGGM_v13,0.19,16,5000,2,500
18056,0.3,384.7517715,PyGEM-OGGM_v13,0.19,16,5000,2,500
18058,0.35,367.9721008,PyGEM-OGGM_v13,0.19,16,5000,2,500
18064,0.4,349.7709482,PyGEM-OGGM_v13,0.19,16,5000,2,500
18065,0.45,329.8149558,PyGEM-OGGM_v13,0.19,16,5000,2,500
18067,0.5,308.3489765,PyGEM-OGGM_v13,0.19,16,5000,2,500
18068,0.55,285.8975141,PyGEM-OGGM_v13,0.19,16,5000,2,500
18069,0.6,262.8474301,PyGEM-OGGM_v13,0.19,16,5000,2,500
18070,0.65,239.3796573,PyGEM-OGGM_v13,0.19,16,5000,2,500
18071,0.7,215.4800002,PyGEM-OGGM_v13,0.19,16,5000,2,500
18072,0.75,191.0946832,PyGEM-OGGM_v13,0.19,16,5000,2,500
18073,0.8,166.4435311,PyGEM-OGGM_v13,0.19,16,5000,2,500
18074,0.85,142.1985097,PyGEM-OGGM_v13,0.19,16,5000,2,500
18075,0.9,119.5927529,PyGEM-OGGM_v13,0.19,16,5000,2,500
18080,0.95,100.386204,PyGEM-OGGM_v13,0.19,16,5000,2,500
18081,1,85.6121069,PyGEM-OGGM_v13,0.19,16,5000,2,500
18082,1.05,74.49621866,PyGEM-OGGM_v13,0.19,16,5000,2,500
18084,1.1,66.29962208,PyGEM-OGGM_v13,0.19,16,5000,2,500
18085,1.15,60.46544753,PyGEM-OGGM_v13,0.19,16,5000,2,500
18086,1.2,56.48188448,PyGEM-OGGM_v13,0.19,16,5000,2,500
18087,1.25,53.58862496,PyGEM-OGGM_v13,0.19,16,5000,2,500
18088,1.3,51.14282994,PyGEM-OGGM_v13,0.19,16,5000,2,500
18089,1.35,48.46675045,PyGEM-OGGM_v13,0.19,16,5000,2,500
18090,1.4,45.19121097,PyGEM-OGGM_v13,0.19,16,5000,2,500
18091,1.45,41.5617422,PyGEM-OGGM_v13,0.19,16,5000,2,500
18096,1.5,38.2344331,PyGEM-OGGM_v13,0.19,16,5000,2,500
18099,1.55,35.7861629,PyGEM-OGGM_v13,0.19,16,5000,2,500
18100,1.6,34.25258578,PyGEM-OGGM_v13,0.19,16,5000,2,500
18102,1.65,33.22070623,PyGEM-OGGM_v13,0.19,16,5000,2,500
18110,1.7,32.1176697,PyGEM-OGGM_v13,0.19,16,5000,2,500
18114,1.75,30.63382707,PyGEM-OGGM_v13,0.19,16,5000,2,500
18115,1.8,28.94328596,PyGEM-OGGM_v13,0.19,16,5000,2,500
18116,1.85,27.24232588,PyGEM-OGGM_v13,0.19,16,5000,2,500
18117,1.9,25.57180318,PyGEM-OGGM_v13,0.19,16,5000,2,500
18120,1.95,23.91206186,PyGEM-OGGM_v13,0.19,16,5000,2,500
18122,2,22.2608869,PyGEM-OGGM_v13,0.19,16,5000,2,500
18125,2.05,20.67234741,PyGEM-OGGM_v13,0.19,16,5000,2,500
18128,2.1,19.41466963,PyGEM-OGGM_v13,0.19,16,5000,2,500
18130,2.15,18.6092703,PyGEM-OGGM_v13,0.19,16,5000,2,500
18135,2.2,18.0672171,PyGEM-OGGM_v13,0.19,16,5000,2,500
18136,2.25,17.49871992,PyGEM-OGGM_v13,0.19,16,5000,2,500
18137,2.3,16.82016079,PyGEM-OGGM_v13,0.19,16,5000,2,500
18140,2.35,15.99158178,PyGEM-OGGM_v13,0.19,16,5000,2,500
18141,2.4,15.02600942,PyGEM-OGGM_v13,0.19,16,5000,2,500
18143,2.45,14.00857456,PyGEM-OGGM_v13,0.19,16,5000,2,500
18144,2.5,12.98631329,PyGEM-OGGM_v13,0.19,16,5000,2,500
18145,2.55,11.96536005,PyGEM-OGGM_v13,0.19,16,5000,2,500
18147,2.6,10.9521707,PyGEM-OGGM_v13,0.19,16,5000,2,500
18148,2.65,9.968352315,PyGEM-OGGM_v13,0.19,16,5000,2,500
18150,2.7,9.051214816,PyGEM-OGGM_v13,0.19,16,5000,2,500
18153,2.75,8.248618018,PyGEM-OGGM_v13,0.19,16,5000,2,500
18154,2.8,7.587936167,PyGEM-OGGM_v13,0.19,16,5000,2,500
18157,2.85,7.082921504,PyGEM-OGGM_v13,0.19,16,5000,2,500
18158,2.9,6.69701736,PyGEM-OGGM_v13,0.19,16,5000,2,500
18159,2.95,6.37490291,PyGEM-OGGM_v13,0.19,16,5000,2,500
18162,3,6.073275621,PyGEM-OGGM_v13,0.19,16,5000,2,500
18165,3.05,5.772903158,PyGEM-OGGM_v13,0.19,16,5000,2,500
18166,3.1,5.478740693,PyGEM-OGGM_v13,0.19,16,5000,2,500
18168,3.15,5.201150699,PyGEM-OGGM_v13,0.19,16,5000,2,500
18169,3.2,4.940176141,PyGEM-OGGM_v13,0.19,16,5000,2,500
18170,3.25,4.68907187,PyGEM-OGGM_v13,0.19,16,5000,2,500
18171,3.3,4.451418547,PyGEM-OGGM_v13,0.19,16,5000,2,500
18172,3.35,4.233321581,PyGEM-OGGM_v13,0.19,16,5000,2,500
18173,3.4,4.034721593,PyGEM-OGGM_v13,0.19,16,5000,2,500
18175,3.45,3.852062244,PyGEM-OGGM_v13,0.19,16,5000,2,500
18177,3.5,3.681419959,PyGEM-OGGM_v13,0.19,16,5000,2,500
18181,3.55,3.51801682,PyGEM-OGGM_v13,0.19,16,5000,2,500
18182,3.6,3.359124419,PyGEM-OGGM_v13,0.19,16,5000,2,500
18184,3.65,3.204469089,PyGEM-OGGM_v13,0.19,16,5000,2,500
18185,3.7,3.057294827,PyGEM-OGGM_v13,0.19,16,5000,2,500
18186,3.75,2.917936242,PyGEM-OGGM_v13,0.19,16,5000,2,500
18187,3.8,2.787559376,PyGEM-OGGM_v13,0.19,16,5000,2,500
18189,3.85,2.66591899,PyGEM-OGGM_v13,0.19,16,5000,2,500
18190,3.9,2.550243064,PyGEM-OGGM_v13,0.19,16,5000,2,500
18191,3.95,2.438339728,PyGEM-OGGM_v13,0.19,16,5000,2,500
18193,4,2.327731722,PyGEM-OGGM_v13,0.19,16,5000,2,500
18195,4.05,2.218692882,PyGEM-OGGM_v13,0.19,16,5000,2,500
18196,4.1,2.113206338,PyGEM-OGGM_v13,0.19,16,5000,2,500
18197,4.15,2.013657973,PyGEM-OGGM_v13,0.19,16,5000,2,500
18199,4.2,1.92204967,PyGEM-OGGM_v13,0.19,16,5000,2,500
18200,4.25,1.839275805,PyGEM-OGGM_v13,0.19,16,5000,2,500
18201,4.3,1.76547868,PyGEM-OGGM_v13,0.19,16,5000,2,500
18202,4.35,1.697783886,PyGEM-OGGM_v13,0.19,16,5000,2,500
18203,4.4,1.634210719,PyGEM-OGGM_v13,0.19,16,5000,2,500
18205,4.45,1.573458942,PyGEM-OGGM_v13,0.19,16,5000,2,500
18206,4.5,1.515243153,PyGEM-OGGM_v13,0.19,16,5000,2,500
18207,4.55,1.459431249,PyGEM-OGGM_v13,0.19,16,5000,2,500
18209,4.6,1.406107795,PyGEM-OGGM_v13,0.19,16,5000,2,500
18210,4.65,1.354708995,PyGEM-OGGM_v13,0.19,16,5000,2,500
18212,4.7,1.306555264,PyGEM-OGGM_v13,0.19,16,5000,2,500
18213,4.75,1.263161696,PyGEM-OGGM_v13,0.19,16,5000,2,500
18214,4.8,1.224540151,PyGEM-OGGM_v13,0.19,16,5000,2,500
18215,4.85,1.18954842,PyGEM-OGGM_v13,0.19,16,5000,2,500
18216,4.9,1.15672166,PyGEM-OGGM_v13,0.19,16,5000,2,500
18217,4.95,1.125194086,PyGEM-OGGM_v13,0.19,16,5000,2,500
18218,5,1.09441864,PyGEM-OGGM_v13,0.19,16,5000,2,500
18219,5.05,1.06357021,PyGEM-OGGM_v13,0.19,16,5000,2,500
18220,5.1,1.03104028,PyGEM-OGGM_v13,0.19,16,5000,2,500
18221,5.15,0.996031356,PyGEM-OGGM_v13,0.19,16,5000,2,500
18222,5.2,0.958322858,PyGEM-OGGM_v13,0.19,16,5000,2,500
18224,5.25,0.918431895,PyGEM-OGGM_v13,0.19,16,5000,2,500
18225,5.3,0.877920857,PyGEM-OGGM_v13,0.19,16,5000,2,500
18226,5.35,0.837952672,PyGEM-OGGM_v13,0.19,16,5000,2,500
18227,5.4,0.799419612,PyGEM-OGGM_v13,0.19,16,5000,2,500
18228,5.45,0.763136448,PyGEM-OGGM_v13,0.19,16,5000,2,500
18229,5.5,0.729602037,PyGEM-OGGM_v13,0.19,16,5000,2,500
18230,5.55,0.698635287,PyGEM-OGGM_v13,0.19,16,5000,2,500
18231,5.6,0.669692912,PyGEM-OGGM_v13,0.19,16,5000,2,500
18232,5.65,0.642239696,PyGEM-OGGM_v13,0.19,16,5000,2,500
18233,5.7,0.615947381,PyGEM-OGGM_v13,0.19,16,5000,2,500
18234,5.75,0.590928135,PyGEM-OGGM_v13,0.19,16,5000,2,500
18235,5.8,0.567260651,PyGEM-OGGM_v13,0.19,16,5000,2,500
18238,5.85,0.544735125,PyGEM-OGGM_v13,0.19,16,5000,2,500
18239,5.9,0.522864663,PyGEM-OGGM_v13,0.19,16,5000,2,500
18240,5.95,0.501457647,PyGEM-OGGM_v13,0.19,16,5000,2,500
18241,6,0.480481665,PyGEM-OGGM_v13,0.19,16,5000,2,500
18242,6.05,0.459968643,PyGEM-OGGM_v13,0.19,16,5000,2,500
18243,6.1,0.439996911,PyGEM-OGGM_v13,0.19,16,5000,2,500
18244,6.15,0.420686482,PyGEM-OGGM_v13,0.19,16,5000,2,500
18245,6.2,0.402187432,PyGEM-OGGM_v13,0.19,16,5000,2,500
18246,6.25,0.384636086,PyGEM-OGGM_v13,0.19,16,5000,2,500
18247,6.3,0.368094143,PyGEM-OGGM_v13,0.19,16,5000,2,500
18248,6.35,0.352560005,PyGEM-OGGM_v13,0.19,16,5000,2,500
18249,6.4,0.337939838,PyGEM-OGGM_v13,0.19,16,5000,2,500
18250,6.45,0.324136641,PyGEM-OGGM_v13,0.19,16,5000,2,500
18251,6.5,0.310932357,PyGEM-OGGM_v13,0.19,16,5000,2,500
18252,6.55,0.298043962,PyGEM-OGGM_v13,0.19,16,5000,2,500
18253,6.6,0.285094602,PyGEM-OGGM_v13,0.19,16,5000,2,500
18254,6.65,0.271683901,PyGEM-OGGM_v13,0.19,16,5000,2,500
18255,6.7,0.257522016,PyGEM-OGGM_v13,0.19,16,5000,2,500
18256,6.75,0.242465212,PyGEM-OGGM_v13,0.19,16,5000,2,500
18257,6.8,0.226554072,PyGEM-OGGM_v13,0.19,16,5000,2,500
18258,6.85,0.210022077,PyGEM-OGGM_v13,0.19,16,5000,2,500
18262,-0.1,108.7931774,GLIMB,0.32,17,5000,2,500
18263,-0.05,107.7198328,GLIMB,0.32,17,5000,2,500
18264,0,106.6468193,GLIMB,0.32,17,5000,2,500
18265,0.05,105.5718147,GLIMB,0.32,17,5000,2,500
18267,0.1,104.4902895,GLIMB,0.32,17,5000,2,500
18269,0.15,103.3943294,GLIMB,0.32,17,5000,2,500
18271,0.2,102.2763639,GLIMB,0.32,17,5000,2,500
18274,0.25,101.1355499,GLIMB,0.32,17,5000,2,500
18276,0.3,99.96476886,GLIMB,0.32,17,5000,2,500
18278,0.35,98.75883942,GLIMB,0.32,17,5000,2,500
18284,0.4,97.52373389,GLIMB,0.32,17,5000,2,500
18285,0.45,96.26345907,GLIMB,0.32,17,5000,2,500
18287,0.5,94.99313377,GLIMB,0.32,17,5000,2,500
18288,0.55,93.72132948,GLIMB,0.32,17,5000,2,500
18289,0.6,92.44649916,GLIMB,0.32,17,5000,2,500
18290,0.65,91.17309703,GLIMB,0.32,17,5000,2,500
18291,0.7,89.91630351,GLIMB,0.32,17,5000,2,500
18292,0.75,88.6939587,GLIMB,0.32,17,5000,2,500
18293,0.8,87.52106961,GLIMB,0.32,17,5000,2,500
18294,0.85,86.40680637,GLIMB,0.32,17,5000,2,500
18295,0.9,85.34937928,GLIMB,0.32,17,5000,2,500
18300,0.95,84.34566499,GLIMB,0.32,17,5000,2,500
18301,1,83.39571512,GLIMB,0.32,17,5000,2,500
18302,1.05,82.50160601,GLIMB,0.32,17,5000,2,500
18304,1.1,81.66662211,GLIMB,0.32,17,5000,2,500
18305,1.15,80.89636347,GLIMB,0.32,17,5000,2,500
18306,1.2,80.19629629,GLIMB,0.32,17,5000,2,500
18307,1.25,79.56800734,GLIMB,0.32,17,5000,2,500
18308,1.3,79.01785758,GLIMB,0.32,17,5000,2,500
18309,1.35,78.5535351,GLIMB,0.32,17,5000,2,500
18310,1.4,78.17195376,GLIMB,0.32,17,5000,2,500
18311,1.45,77.8586641,GLIMB,0.32,17,5000,2,500
18316,1.5,77.59122871,GLIMB,0.32,17,5000,2,500
18319,1.55,77.33425598,GLIMB,0.32,17,5000,2,500
18320,1.6,77.04735527,GLIMB,0.32,17,5000,2,500
18322,1.65,76.68602821,GLIMB,0.32,17,5000,2,500
18330,1.7,76.23215877,GLIMB,0.32,17,5000,2,500
18334,1.75,75.70307867,GLIMB,0.32,17,5000,2,500
18335,1.8,75.11301036,GLIMB,0.32,17,5000,2,500
18336,1.85,74.47827446,GLIMB,0.32,17,5000,2,500
18337,1.9,73.81784039,GLIMB,0.32,17,5000,2,500
18340,1.95,73.14659493,GLIMB,0.32,17,5000,2,500
18342,2,72.47907093,GLIMB,0.32,17,5000,2,500
18345,2.05,71.82092226,GLIMB,0.32,17,5000,2,500
18348,2.1,71.16750582,GLIMB,0.32,17,5000,2,500
18350,2.15,70.51787954,GLIMB,0.32,17,5000,2,500
18355,2.2,69.878384,GLIMB,0.32,17,5000,2,500
18356,2.25,69.25277685,GLIMB,0.32,17,5000,2,500
18357,2.3,68.63328359,GLIMB,0.32,17,5000,2,500
18360,2.35,68.00904785,GLIMB,0.32,17,5000,2,500
18361,2.4,67.37936532,GLIMB,0.32,17,5000,2,500
18363,2.45,66.75225068,GLIMB,0.32,17,5000,2,500
18364,2.5,66.1297664,GLIMB,0.32,17,5000,2,500
18365,2.55,65.50479714,GLIMB,0.32,17,5000,2,500
18367,2.6,64.87212328,GLIMB,0.32,17,5000,2,500
18368,2.65,64.22628308,GLIMB,0.32,17,5000,2,500
18370,2.7,63.55748034,GLIMB,0.32,17,5000,2,500
18373,2.75,62.85593545,GLIMB,0.32,17,5000,2,500
18374,2.8,62.11569288,GLIMB,0.32,17,5000,2,500
18377,2.85,61.33773603,GLIMB,0.32,17,5000,2,500
18378,2.9,60.53075359,GLIMB,0.32,17,5000,2,500
18379,2.95,59.70464968,GLIMB,0.32,17,5000,2,500
18382,3,58.8621595,GLIMB,0.32,17,5000,2,500
18385,3.05,58.00687529,GLIMB,0.32,17,5000,2,500
18386,3.1,57.15349082,GLIMB,0.32,17,5000,2,500
18388,3.15,56.31768,GLIMB,0.32,17,5000,2,500
18389,3.2,55.51073448,GLIMB,0.32,17,5000,2,500
18390,3.25,54.73188324,GLIMB,0.32,17,5000,2,500
18391,3.3,53.97522463,GLIMB,0.32,17,5000,2,500
18392,3.35,53.23722852,GLIMB,0.32,17,5000,2,500
18393,3.4,52.51922292,GLIMB,0.32,17,5000,2,500
18395,3.45,51.81997794,GLIMB,0.32,17,5000,2,500
18397,3.5,51.13442891,GLIMB,0.32,17,5000,2,500
18401,3.55,50.45848463,GLIMB,0.32,17,5000,2,500
18402,3.6,49.7895344,GLIMB,0.32,17,5000,2,500
18404,3.65,49.12855388,GLIMB,0.32,17,5000,2,500
18405,3.7,48.47757314,GLIMB,0.32,17,5000,2,500
18406,3.75,47.8390516,GLIMB,0.32,17,5000,2,500
18407,3.8,47.21457083,GLIMB,0.32,17,5000,2,500
18409,3.85,46.60648918,GLIMB,0.32,17,5000,2,500
18410,3.9,46.01707915,GLIMB,0.32,17,5000,2,500
18411,3.95,45.44143194,GLIMB,0.32,17,5000,2,500
18413,4,44.8708446,GLIMB,0.32,17,5000,2,500
18415,4.05,44.29800347,GLIMB,0.32,17,5000,2,500
18416,4.1,43.72228528,GLIMB,0.32,17,5000,2,500
18417,4.15,43.14525631,GLIMB,0.32,17,5000,2,500
18419,4.2,42.5693457,GLIMB,0.32,17,5000,2,500
18420,4.25,41.99747653,GLIMB,0.32,17,5000,2,500
18421,4.3,41.43222351,GLIMB,0.32,17,5000,2,500
18422,4.35,40.87511999,GLIMB,0.32,17,5000,2,500
18423,4.4,40.32578826,GLIMB,0.32,17,5000,2,500
18425,4.45,39.78191094,GLIMB,0.32,17,5000,2,500
18426,4.5,39.24181044,GLIMB,0.32,17,5000,2,500
18427,4.55,38.70313857,GLIMB,0.32,17,5000,2,500
18429,4.6,38.16506955,GLIMB,0.32,17,5000,2,500
18430,4.65,37.6294247,GLIMB,0.32,17,5000,2,500
18432,4.7,37.09878602,GLIMB,0.32,17,5000,2,500
18433,4.75,36.57534871,GLIMB,0.32,17,5000,2,500
18434,4.8,36.06054987,GLIMB,0.32,17,5000,2,500
18435,4.85,35.55437905,GLIMB,0.32,17,5000,2,500
18436,4.9,35.054931,GLIMB,0.32,17,5000,2,500
18437,4.95,34.56007558,GLIMB,0.32,17,5000,2,500
18438,5,34.06809916,GLIMB,0.32,17,5000,2,500
18439,5.05,33.57666474,GLIMB,0.32,17,5000,2,500
18440,5.1,33.08379466,GLIMB,0.32,17,5000,2,500
18441,5.15,32.58782825,GLIMB,0.32,17,5000,2,500
18442,5.2,32.08829644,GLIMB,0.32,17,5000,2,500
18444,5.25,31.58446127,GLIMB,0.32,17,5000,2,500
18445,5.3,31.07527627,GLIMB,0.32,17,5000,2,500
18446,5.35,30.56099481,GLIMB,0.32,17,5000,2,500
18447,5.4,30.04258776,GLIMB,0.32,17,5000,2,500
18448,5.45,29.52137301,GLIMB,0.32,17,5000,2,500
18449,5.5,28.99893691,GLIMB,0.32,17,5000,2,500
18450,5.55,28.47671472,GLIMB,0.32,17,5000,2,500
18451,5.6,27.95693714,GLIMB,0.32,17,5000,2,500
18452,5.65,27.44322958,GLIMB,0.32,17,5000,2,500
18453,5.7,26.93945557,GLIMB,0.32,17,5000,2,500
18454,5.75,26.44884097,GLIMB,0.32,17,5000,2,500
18455,5.8,25.97299508,GLIMB,0.32,17,5000,2,500
18458,5.85,25.51154569,GLIMB,0.32,17,5000,2,500
18459,5.9,25.06404083,GLIMB,0.32,17,5000,2,500
18460,5.95,24.62948523,GLIMB,0.32,17,5000,2,500
18461,6,24.20454211,GLIMB,0.32,17,5000,2,500
18462,6.05,23.78609914,GLIMB,0.32,17,5000,2,500
18463,6.1,23.37278694,GLIMB,0.32,17,5000,2,500
18464,6.15,22.96337984,GLIMB,0.32,17,5000,2,500
18465,6.2,22.55698976,GLIMB,0.32,17,5000,2,500
18466,6.25,22.15220449,GLIMB,0.32,17,5000,2,500
18467,6.3,21.74790066,GLIMB,0.32,17,5000,2,500
18468,6.35,21.34315471,GLIMB,0.32,17,5000,2,500
18469,6.4,20.93813205,GLIMB,0.32,17,5000,2,500
18470,6.45,20.53352549,GLIMB,0.32,17,5000,2,500
18471,6.5,20.13012448,GLIMB,0.32,17,5000,2,500
18472,6.55,19.72878493,GLIMB,0.32,17,5000,2,500
18473,6.6,19.33032174,GLIMB,0.32,17,5000,2,500
18474,6.65,18.93528826,GLIMB,0.32,17,5000,2,500
18475,6.7,18.54402755,GLIMB,0.32,17,5000,2,500
18476,6.75,18.15669688,GLIMB,0.32,17,5000,2,500
18477,6.8,17.7728343,GLIMB,0.32,17,5000,2,500
18478,6.85,17.39228143,GLIMB,0.32,17,5000,2,500
18482,-0.1,80.03692355,GloGEMflow,0.38,17,5000,2,500
18483,-0.05,78.19568776,GloGEMflow,0.38,17,5000,2,500
18484,0,76.36746356,GloGEMflow,0.38,17,5000,2,500
18485,0.05,74.55503108,GloGEMflow,0.38,17,5000,2,500
18487,0.1,72.75498765,GloGEMflow,0.38,17,5000,2,500
18489,0.15,70.95483136,GloGEMflow,0.38,17,5000,2,500
18491,0.2,69.15408183,GloGEMflow,0.38,17,5000,2,500
18494,0.25,67.36140581,GloGEMflow,0.38,17,5000,2,500
18496,0.3,65.58726965,GloGEMflow,0.38,17,5000,2,500
18498,0.35,63.8412781,GloGEMflow,0.38,17,5000,2,500
18504,0.4,62.13222295,GloGEMflow,0.38,17,5000,2,500
18505,0.45,60.46747496,GloGEMflow,0.38,17,5000,2,500
18507,0.5,58.85379275,GloGEMflow,0.38,17,5000,2,500
18508,0.55,57.29466558,GloGEMflow,0.38,17,5000,2,500
18509,0.6,55.78963073,GloGEMflow,0.38,17,5000,2,500
18510,0.65,54.33508181,GloGEMflow,0.38,17,5000,2,500
18511,0.7,52.92560127,GloGEMflow,0.38,17,5000,2,500
18512,0.75,51.55508828,GloGEMflow,0.38,17,5000,2,500
18513,0.8,50.21758057,GloGEMflow,0.38,17,5000,2,500
18514,0.85,48.90604847,GloGEMflow,0.38,17,5000,2,500
18515,0.9,47.61627702,GloGEMflow,0.38,17,5000,2,500
18520,0.95,46.34642296,GloGEMflow,0.38,17,5000,2,500
18521,1,45.09453848,GloGEMflow,0.38,17,5000,2,500
18522,1.05,43.86037783,GloGEMflow,0.38,17,5000,2,500
18524,1.1,42.64577184,GloGEMflow,0.38,17,5000,2,500
18525,1.15,41.45386331,GloGEMflow,0.38,17,5000,2,500
18526,1.2,40.28630965,GloGEMflow,0.38,17,5000,2,500
18527,1.25,39.14158876,GloGEMflow,0.38,17,5000,2,500
18528,1.3,38.0213019,GloGEMflow,0.38,17,5000,2,500
18529,1.35,36.92811111,GloGEMflow,0.38,17,5000,2,500
18530,1.4,35.86610546,GloGEMflow,0.38,17,5000,2,500
18531,1.45,34.83997637,GloGEMflow,0.38,17,5000,2,500
18536,1.5,33.85366716,GloGEMflow,0.38,17,5000,2,500
18539,1.55,32.9074065,GloGEMflow,0.38,17,5000,2,500
18540,1.6,31.99890612,GloGEMflow,0.38,17,5000,2,500
18542,1.65,31.12666436,GloGEMflow,0.38,17,5000,2,500
18550,1.7,30.28883671,GloGEMflow,0.38,17,5000,2,500
18554,1.75,29.48062994,GloGEMflow,0.38,17,5000,2,500
18555,1.8,28.69455973,GloGEMflow,0.38,17,5000,2,500
18556,1.85,27.92310983,GloGEMflow,0.38,17,5000,2,500
18557,1.9,27.16079105,GloGEMflow,0.38,17,5000,2,500
18560,1.95,26.40509229,GloGEMflow,0.38,17,5000,2,500
18562,2,25.65844389,GloGEMflow,0.38,17,5000,2,500
18565,2.05,24.93178431,GloGEMflow,0.38,17,5000,2,500
18568,2.1,24.24137702,GloGEMflow,0.38,17,5000,2,500
18570,2.15,23.58451486,GloGEMflow,0.38,17,5000,2,500
18575,2.2,22.95687009,GloGEMflow,0.38,17,5000,2,500
18576,2.25,22.35478572,GloGEMflow,0.38,17,5000,2,500
18577,2.3,21.77292306,GloGEMflow,0.38,17,5000,2,500
18580,2.35,21.20739518,GloGEMflow,0.38,17,5000,2,500
18581,2.4,20.6549689,GloGEMflow,0.38,17,5000,2,500
18583,2.45,20.11264463,GloGEMflow,0.38,17,5000,2,500
18584,2.5,19.57721747,GloGEMflow,0.38,17,5000,2,500
18585,2.55,19.04641075,GloGEMflow,0.38,17,5000,2,500
18587,2.6,18.51938431,GloGEMflow,0.38,17,5000,2,500
18588,2.65,17.9967612,GloGEMflow,0.38,17,5000,2,500
18590,2.7,17.48053669,GloGEMflow,0.38,17,5000,2,500
18593,2.75,16.973665,GloGEMflow,0.38,17,5000,2,500
18594,2.8,16.47902952,GloGEMflow,0.38,17,5000,2,500
18597,2.85,15.99892467,GloGEMflow,0.38,17,5000,2,500
18598,2.9,15.53509851,GloGEMflow,0.38,17,5000,2,500
18599,2.95,15.08967407,GloGEMflow,0.38,17,5000,2,500
18602,3,14.66407353,GloGEMflow,0.38,17,5000,2,500
18605,3.05,14.25875654,GloGEMflow,0.38,17,5000,2,500
18606,3.1,13.87364134,GloGEMflow,0.38,17,5000,2,500
18608,3.15,13.50713721,GloGEMflow,0.38,17,5000,2,500
18609,3.2,13.15364824,GloGEMflow,0.38,17,5000,2,500
18610,3.25,12.81076694,GloGEMflow,0.38,17,5000,2,500
18611,3.3,12.47909244,GloGEMflow,0.38,17,5000,2,500
18612,3.35,12.15845271,GloGEMflow,0.38,17,5000,2,500
18613,3.4,11.85029794,GloGEMflow,0.38,17,5000,2,500
18615,3.45,11.55499452,GloGEMflow,0.38,17,5000,2,500
18617,3.5,11.26899887,GloGEMflow,0.38,17,5000,2,500
18621,3.55,10.98845416,GloGEMflow,0.38,17,5000,2,500
18622,3.6,10.71308288,GloGEMflow,0.38,17,5000,2,500
18624,3.65,10.44354313,GloGEMflow,0.38,17,5000,2,500
18625,3.7,10.18092883,GloGEMflow,0.38,17,5000,2,500
18626,3.75,9.926192639,GloGEMflow,0.38,17,5000,2,500
18627,3.8,9.680178894,GloGEMflow,0.38,17,5000,2,500
18629,3.85,9.443608274,GloGEMflow,0.38,17,5000,2,500
18630,3.9,9.21695921,GloGEMflow,0.38,17,5000,2,500
18631,3.95,9.000305337,GloGEMflow,0.38,17,5000,2,500
18633,4,8.79330367,GloGEMflow,0.38,17,5000,2,500
18635,4.05,8.595144664,GloGEMflow,0.38,17,5000,2,500
18636,4.1,8.404378131,GloGEMflow,0.38,17,5000,2,500
18637,4.15,8.219244316,GloGEMflow,0.38,17,5000,2,500
18639,4.2,8.038863737,GloGEMflow,0.38,17,5000,2,500
18640,4.25,7.862696673,GloGEMflow,0.38,17,5000,2,500
18641,4.3,7.690191679,GloGEMflow,0.38,17,5000,2,500
18642,4.35,7.520745815,GloGEMflow,0.38,17,5000,2,500
18643,4.4,7.35387082,GloGEMflow,0.38,17,5000,2,500
18645,4.45,7.189266985,GloGEMflow,0.38,17,5000,2,500
18646,4.5,7.026925264,GloGEMflow,0.38,17,5000,2,500
18647,4.55,6.866996663,GloGEMflow,0.38,17,5000,2,500
18649,4.6,6.709706733,GloGEMflow,0.38,17,5000,2,500
18650,4.65,6.555458515,GloGEMflow,0.38,17,5000,2,500
18652,4.7,6.404671037,GloGEMflow,0.38,17,5000,2,500
18653,4.75,6.257726891,GloGEMflow,0.38,17,5000,2,500
18654,4.8,6.114655023,GloGEMflow,0.38,17,5000,2,500
18655,4.85,5.975040378,GloGEMflow,0.38,17,5000,2,500
18656,4.9,5.838298582,GloGEMflow,0.38,17,5000,2,500
18657,4.95,5.70375347,GloGEMflow,0.38,17,5000,2,500
18658,5,5.571280258,GloGEMflow,0.38,17,5000,2,500
18659,5.05,5.440836469,GloGEMflow,0.38,17,5000,2,500
18660,5.1,5.312322166,GloGEMflow,0.38,17,5000,2,500
18661,5.15,5.185790696,GloGEMflow,0.38,17,5000,2,500
18662,5.2,5.061084456,GloGEMflow,0.38,17,5000,2,500
18664,5.25,4.937735805,GloGEMflow,0.38,17,5000,2,500
18665,5.3,4.815183583,GloGEMflow,0.38,17,5000,2,500
18666,5.35,4.692839024,GloGEMflow,0.38,17,5000,2,500
18667,5.4,4.570435761,GloGEMflow,0.38,17,5000,2,500
18668,5.45,4.448271486,GloGEMflow,0.38,17,5000,2,500
18669,5.5,4.326834911,GloGEMflow,0.38,17,5000,2,500
18670,5.55,4.206633633,GloGEMflow,0.38,17,5000,2,500
18671,5.6,4.088157062,GloGEMflow,0.38,17,5000,2,500
18672,5.65,3.971906106,GloGEMflow,0.38,17,5000,2,500
18673,5.7,3.858155048,GloGEMflow,0.38,17,5000,2,500
18674,5.75,3.74684695,GloGEMflow,0.38,17,5000,2,500
18675,5.8,3.637546207,GloGEMflow,0.38,17,5000,2,500
18678,5.85,3.52968168,GloGEMflow,0.38,17,5000,2,500
18679,5.9,3.423170047,GloGEMflow,0.38,17,5000,2,500
18680,5.95,3.317839317,GloGEMflow,0.38,17,5000,2,500
18681,6,3.213460757,GloGEMflow,0.38,17,5000,2,500
18682,6.05,3.110063798,GloGEMflow,0.38,17,5000,2,500
18683,6.1,3.007655278,GloGEMflow,0.38,17,5000,2,500
18684,6.15,2.90613015,GloGEMflow,0.38,17,5000,2,500
18685,6.2,2.805387763,GloGEMflow,0.38,17,5000,2,500
18686,6.25,2.705371548,GloGEMflow,0.38,17,5000,2,500
18687,6.3,2.605947417,GloGEMflow,0.38,17,5000,2,500
18688,6.35,2.506852144,GloGEMflow,0.38,17,5000,2,500
18689,6.4,2.407742513,GloGEMflow,0.38,17,5000,2,500
18690,6.45,2.308291424,GloGEMflow,0.38,17,5000,2,500
18691,6.5,2.208446944,GloGEMflow,0.38,17,5000,2,500
18692,6.55,2.108356009,GloGEMflow,0.38,17,5000,2,500
18693,6.6,2.008202954,GloGEMflow,0.38,17,5000,2,500
18694,6.65,1.908116175,GloGEMflow,0.38,17,5000,2,500
18695,6.7,1.808159183,GloGEMflow,0.38,17,5000,2,500
18696,6.75,1.708306506,GloGEMflow,0.38,17,5000,2,500
18697,6.8,1.608385508,GloGEMflow,0.38,17,5000,2,500
18698,6.85,1.508400521,GloGEMflow,0.38,17,5000,2,500
18702,-0.1,93.47765943,OGGM_v16,0.22,17,5000,2,500
18703,-0.05,91.90395169,OGGM_v16,0.22,17,5000,2,500
18704,0,90.33429459,OGGM_v16,0.22,17,5000,2,500
18705,0.05,88.77308219,OGGM_v16,0.22,17,5000,2,500
18707,0.1,87.22581834,OGGM_v16,0.22,17,5000,2,500
18709,0.15,85.69658192,OGGM_v16,0.22,17,5000,2,500
18711,0.2,84.18698916,OGGM_v16,0.22,17,5000,2,500
18714,0.25,82.69640943,OGGM_v16,0.22,17,5000,2,500
18716,0.3,81.21263472,OGGM_v16,0.22,17,5000,2,500
18718,0.35,79.72111292,OGGM_v16,0.22,17,5000,2,500
18724,0.4,78.21841142,OGGM_v16,0.22,17,5000,2,500
18725,0.45,76.6972227,OGGM_v16,0.22,17,5000,2,500
18727,0.5,75.16888861,OGGM_v16,0.22,17,5000,2,500
18728,0.55,73.64234891,OGGM_v16,0.22,17,5000,2,500
18729,0.6,72.12979845,OGGM_v16,0.22,17,5000,2,500
18730,0.65,70.64953067,OGGM_v16,0.22,17,5000,2,500
18731,0.7,69.20053417,OGGM_v16,0.22,17,5000,2,500
18732,0.75,67.76699916,OGGM_v16,0.22,17,5000,2,500
18733,0.8,66.35692402,OGGM_v16,0.22,17,5000,2,500
18734,0.85,64.99016477,OGGM_v16,0.22,17,5000,2,500
18735,0.9,63.70779294,OGGM_v16,0.22,17,5000,2,500
18740,0.95,62.55207486,OGGM_v16,0.22,17,5000,2,500
18741,1,61.54774253,OGGM_v16,0.22,17,5000,2,500
18742,1.05,60.69275821,OGGM_v16,0.22,17,5000,2,500
18744,1.1,59.98407057,OGGM_v16,0.22,17,5000,2,500
18745,1.15,59.39698681,OGGM_v16,0.22,17,5000,2,500
18746,1.2,58.88241134,OGGM_v16,0.22,17,5000,2,500
18747,1.25,58.37984342,OGGM_v16,0.22,17,5000,2,500
18748,1.3,57.80133846,OGGM_v16,0.22,17,5000,2,500
18749,1.35,57.09682384,OGGM_v16,0.22,17,5000,2,500
18750,1.4,56.27776848,OGGM_v16,0.22,17,5000,2,500
18751,1.45,55.38897938,OGGM_v16,0.22,17,5000,2,500
18756,1.5,54.50573488,OGGM_v16,0.22,17,5000,2,500
18759,1.55,53.73997875,OGGM_v16,0.22,17,5000,2,500
18760,1.6,53.22266935,OGGM_v16,0.22,17,5000,2,500
18762,1.65,52.93893091,OGGM_v16,0.22,17,5000,2,500
18770,1.7,52.78020295,OGGM_v16,0.22,17,5000,2,500
18774,1.75,52.62335527,OGGM_v16,0.22,17,5000,2,500
18775,1.8,52.36802307,OGGM_v16,0.22,17,5000,2,500
18776,1.85,51.97248531,OGGM_v16,0.22,17,5000,2,500
18777,1.9,51.46885111,OGGM_v16,0.22,17,5000,2,500
18780,1.95,50.86876992,OGGM_v16,0.22,17,5000,2,500
18782,2,50.13609139,OGGM_v16,0.22,17,5000,2,500
18785,2.05,49.24843796,OGGM_v16,0.22,17,5000,2,500
18788,2.1,48.18851291,OGGM_v16,0.22,17,5000,2,500
18790,2.15,47.01749499,OGGM_v16,0.22,17,5000,2,500
18795,2.2,45.89772171,OGGM_v16,0.22,17,5000,2,500
18796,2.25,44.93244926,OGGM_v16,0.22,17,5000,2,500
18797,2.3,44.16094742,OGGM_v16,0.22,17,5000,2,500
18800,2.35,43.53096393,OGGM_v16,0.22,17,5000,2,500
18801,2.4,42.94665952,OGGM_v16,0.22,17,5000,2,500
18803,2.45,42.37986178,OGGM_v16,0.22,17,5000,2,500
18804,2.5,41.78708054,OGGM_v16,0.22,17,5000,2,500
18805,2.55,41.13427456,OGGM_v16,0.22,17,5000,2,500
18807,2.6,40.43425346,OGGM_v16,0.22,17,5000,2,500
18808,2.65,39.68909282,OGGM_v16,0.22,17,5000,2,500
18810,2.7,38.91058892,OGGM_v16,0.22,17,5000,2,500
18813,2.75,38.14088514,OGGM_v16,0.22,17,5000,2,500
18814,2.8,37.3997673,OGGM_v16,0.22,17,5000,2,500
18817,2.85,36.69746138,OGGM_v16,0.22,17,5000,2,500
18818,2.9,36.0594963,OGGM_v16,0.22,17,5000,2,500
18819,2.95,35.50209132,OGGM_v16,0.22,17,5000,2,500
18822,3,35.01396297,OGGM_v16,0.22,17,5000,2,500
18825,3.05,34.54329743,OGGM_v16,0.22,17,5000,2,500
18826,3.1,34.04034205,OGGM_v16,0.22,17,5000,2,500
18828,3.15,33.5012722,OGGM_v16,0.22,17,5000,2,500
18829,3.2,32.94116938,OGGM_v16,0.22,17,5000,2,500
18830,3.25,32.37687439,OGGM_v16,0.22,17,5000,2,500
18831,3.3,31.80371594,OGGM_v16,0.22,17,5000,2,500
18832,3.35,31.20999626,OGGM_v16,0.22,17,5000,2,500
18833,3.4,30.59596783,OGGM_v16,0.22,17,5000,2,500
18835,3.45,29.9725313,OGGM_v16,0.22,17,5000,2,500
18837,3.5,29.34857844,OGGM_v16,0.22,17,5000,2,500
18841,3.55,28.73286008,OGGM_v16,0.22,17,5000,2,500
18842,3.6,28.1386831,OGGM_v16,0.22,17,5000,2,500
18844,3.65,27.58336133,OGGM_v16,0.22,17,5000,2,500
18845,3.7,27.07350771,OGGM_v16,0.22,17,5000,2,500
18846,3.75,26.60847242,OGGM_v16,0.22,17,5000,2,500
18847,3.8,26.19587414,OGGM_v16,0.22,17,5000,2,500
18849,3.85,25.84764018,OGGM_v16,0.22,17,5000,2,500
18850,3.9,25.55722905,OGGM_v16,0.22,17,5000,2,500
18851,3.95,25.30676944,OGGM_v16,0.22,17,5000,2,500
18853,4,25.07322047,OGGM_v16,0.22,17,5000,2,500
18855,4.05,24.84501201,OGGM_v16,0.22,17,5000,2,500
18856,4.1,24.61462746,OGGM_v16,0.22,17,5000,2,500
18857,4.15,24.38441493,OGGM_v16,0.22,17,5000,2,500
18859,4.2,24.15710588,OGGM_v16,0.22,17,5000,2,500
18860,4.25,23.92744323,OGGM_v16,0.22,17,5000,2,500
18861,4.3,23.68650788,OGGM_v16,0.22,17,5000,2,500
18862,4.35,23.43135056,OGGM_v16,0.22,17,5000,2,500
18863,4.4,23.16261755,OGGM_v16,0.22,17,5000,2,500
18865,4.45,22.87572027,OGGM_v16,0.22,17,5000,2,500
18866,4.5,22.56307768,OGGM_v16,0.22,17,5000,2,500
18867,4.55,22.22641277,OGGM_v16,0.22,17,5000,2,500
18869,4.6,21.87451143,OGGM_v16,0.22,17,5000,2,500
18870,4.65,21.51575,OGGM_v16,0.22,17,5000,2,500
18872,4.7,21.15499058,OGGM_v16,0.22,17,5000,2,500
18873,4.75,20.78882219,OGGM_v16,0.22,17,5000,2,500
18874,4.8,20.41039015,OGGM_v16,0.22,17,5000,2,500
18875,4.85,20.01525335,OGGM_v16,0.22,17,5000,2,500
18876,4.9,19.60596549,OGGM_v16,0.22,17,5000,2,500
18877,4.95,19.18944101,OGGM_v16,0.22,17,5000,2,500
18878,5,18.77183706,OGGM_v16,0.22,17,5000,2,500
18879,5.05,18.35809978,OGGM_v16,0.22,17,5000,2,500
18880,5.1,17.95261149,OGGM_v16,0.22,17,5000,2,500
18881,5.15,17.55882885,OGGM_v16,0.22,17,5000,2,500
18882,5.2,17.17673071,OGGM_v16,0.22,17,5000,2,500
18884,5.25,16.80430371,OGGM_v16,0.22,17,5000,2,500
18885,5.3,16.43886524,OGGM_v16,0.22,17,5000,2,500
18886,5.35,16.0796353,OGGM_v16,0.22,17,5000,2,500
18887,5.4,15.72725686,OGGM_v16,0.22,17,5000,2,500
18888,5.45,15.38369898,OGGM_v16,0.22,17,5000,2,500
18889,5.5,15.0504333,OGGM_v16,0.22,17,5000,2,500
18890,5.55,14.72688384,OGGM_v16,0.22,17,5000,2,500
18891,5.6,14.40994283,OGGM_v16,0.22,17,5000,2,500
18892,5.65,14.09774087,OGGM_v16,0.22,17,5000,2,500
18893,5.7,13.78952135,OGGM_v16,0.22,17,5000,2,500
18894,5.75,13.48547621,OGGM_v16,0.22,17,5000,2,500
18895,5.8,13.18622868,OGGM_v16,0.22,17,5000,2,500
18898,5.85,12.89119001,OGGM_v16,0.22,17,5000,2,500
18899,5.9,12.59819951,OGGM_v16,0.22,17,5000,2,500
18900,5.95,12.30625879,OGGM_v16,0.22,17,5000,2,500
18901,6,12.01512241,OGGM_v16,0.22,17,5000,2,500
18902,6.05,11.72400727,OGGM_v16,0.22,17,5000,2,500
18903,6.1,11.43118808,OGGM_v16,0.22,17,5000,2,500
18904,6.15,11.13527661,OGGM_v16,0.22,17,5000,2,500
18905,6.2,10.83653615,OGGM_v16,0.22,17,5000,2,500
18906,6.25,10.5358533,OGGM_v16,0.22,17,5000,2,500
18907,6.3,10.23454772,OGGM_v16,0.22,17,5000,2,500
18908,6.35,9.934001408,OGGM_v16,0.22,17,5000,2,500
18909,6.4,9.634911439,OGGM_v16,0.22,17,5000,2,500
18910,6.45,9.337305688,OGGM_v16,0.22,17,5000,2,500
18911,6.5,9.042319545,OGGM_v16,0.22,17,5000,2,500
18912,6.55,8.74972336,OGGM_v16,0.22,17,5000,2,500
18913,6.6,8.456398096,OGGM_v16,0.22,17,5000,2,500
18914,6.65,8.160229998,OGGM_v16,0.22,17,5000,2,500
18915,6.7,7.862442878,OGGM_v16,0.22,17,5000,2,500
18916,6.75,7.564724104,OGGM_v16,0.22,17,5000,2,500
18917,6.8,7.267818599,OGGM_v16,0.22,17,5000,2,500
18918,6.85,6.972582669,OGGM_v16,0.22,17,5000,2,500
18922,-0.1,98.76880139,PyGEM-OGGM_v13,0.23,17,5000,2,500
18923,-0.05,97.80984782,PyGEM-OGGM_v13,0.23,17,5000,2,500
18924,0,96.81455853,PyGEM-OGGM_v13,0.23,17,5000,2,500
18925,0.05,95.78284151,PyGEM-OGGM_v13,0.23,17,5000,2,500
18927,0.1,94.71321469,PyGEM-OGGM_v13,0.23,17,5000,2,500
18929,0.15,93.60342885,PyGEM-OGGM_v13,0.23,17,5000,2,500
18931,0.2,92.44739384,PyGEM-OGGM_v13,0.23,17,5000,2,500
18934,0.25,91.23440447,PyGEM-OGGM_v13,0.23,17,5000,2,500
18936,0.3,89.96817034,PyGEM-OGGM_v13,0.23,17,5000,2,500
18938,0.35,88.66273294,PyGEM-OGGM_v13,0.23,17,5000,2,500
18944,0.4,87.33426629,PyGEM-OGGM_v13,0.23,17,5000,2,500
18945,0.45,85.99333706,PyGEM-OGGM_v13,0.23,17,5000,2,500
18947,0.5,84.64398756,PyGEM-OGGM_v13,0.23,17,5000,2,500
18948,0.55,83.27510253,PyGEM-OGGM_v13,0.23,17,5000,2,500
18949,0.6,81.87927615,PyGEM-OGGM_v13,0.23,17,5000,2,500
18950,0.65,80.47244094,PyGEM-OGGM_v13,0.23,17,5000,2,500
18951,0.7,79.07936304,PyGEM-OGGM_v13,0.23,17,5000,2,500
18952,0.75,77.70984054,PyGEM-OGGM_v13,0.23,17,5000,2,500
18953,0.8,76.37021268,PyGEM-OGGM_v13,0.23,17,5000,2,500
18954,0.85,75.04897784,PyGEM-OGGM_v13,0.23,17,5000,2,500
18955,0.9,73.71941484,PyGEM-OGGM_v13,0.23,17,5000,2,500
18960,0.95,72.36821467,PyGEM-OGGM_v13,0.23,17,5000,2,500
18961,1,70.99189167,PyGEM-OGGM_v13,0.23,17,5000,2,500
18962,1.05,69.57143073,PyGEM-OGGM_v13,0.23,17,5000,2,500
18964,1.1,68.10983606,PyGEM-OGGM_v13,0.23,17,5000,2,500
18965,1.15,66.63365306,PyGEM-OGGM_v13,0.23,17,5000,2,500
18966,1.2,65.13294393,PyGEM-OGGM_v13,0.23,17,5000,2,500
18967,1.25,63.53578836,PyGEM-OGGM_v13,0.23,17,5000,2,500
18968,1.3,61.80358713,PyGEM-OGGM_v13,0.23,17,5000,2,500
18969,1.35,59.99236139,PyGEM-OGGM_v13,0.23,17,5000,2,500
18970,1.4,58.21359517,PyGEM-OGGM_v13,0.23,17,5000,2,500
18971,1.45,56.56840099,PyGEM-OGGM_v13,0.23,17,5000,2,500
18976,1.5,55.15073682,PyGEM-OGGM_v13,0.23,17,5000,2,500
18979,1.55,54.08817336,PyGEM-OGGM_v13,0.23,17,5000,2,500
18980,1.6,53.47603112,PyGEM-OGGM_v13,0.23,17,5000,2,500
18982,1.65,53.17988718,PyGEM-OGGM_v13,0.23,17,5000,2,500
18990,1.7,52.98104087,PyGEM-OGGM_v13,0.23,17,5000,2,500
18994,1.75,52.7481176,PyGEM-OGGM_v13,0.23,17,5000,2,500
18995,1.8,52.4199526,PyGEM-OGGM_v13,0.23,17,5000,2,500
18996,1.85,51.94596055,PyGEM-OGGM_v13,0.23,17,5000,2,500
18997,1.9,51.27448509,PyGEM-OGGM_v13,0.23,17,5000,2,500
19000,1.95,50.36049388,PyGEM-OGGM_v13,0.23,17,5000,2,500
19002,2,49.13661079,PyGEM-OGGM_v13,0.23,17,5000,2,500
19005,2.05,47.54997406,PyGEM-OGGM_v13,0.23,17,5000,2,500
19008,2.1,45.65040075,PyGEM-OGGM_v13,0.23,17,5000,2,500
19010,2.15,43.60825701,PyGEM-OGGM_v13,0.23,17,5000,2,500
19015,2.2,41.65396304,PyGEM-OGGM_v13,0.23,17,5000,2,500
19016,2.25,39.98696508,PyGEM-OGGM_v13,0.23,17,5000,2,500
19017,2.3,38.68000601,PyGEM-OGGM_v13,0.23,17,5000,2,500
19020,2.35,37.63928227,PyGEM-OGGM_v13,0.23,17,5000,2,500
19021,2.4,36.73745999,PyGEM-OGGM_v13,0.23,17,5000,2,500
19023,2.45,35.89082872,PyGEM-OGGM_v13,0.23,17,5000,2,500
19024,2.5,35.05181899,PyGEM-OGGM_v13,0.23,17,5000,2,500
19025,2.55,34.20660236,PyGEM-OGGM_v13,0.23,17,5000,2,500
19027,2.6,33.35189897,PyGEM-OGGM_v13,0.23,17,5000,2,500
19028,2.65,32.54639374,PyGEM-OGGM_v13,0.23,17,5000,2,500
19030,2.7,31.83541126,PyGEM-OGGM_v13,0.23,17,5000,2,500
19033,2.75,31.14771313,PyGEM-OGGM_v13,0.23,17,5000,2,500
19034,2.8,30.41168829,PyGEM-OGGM_v13,0.23,17,5000,2,500
19037,2.85,29.60997416,PyGEM-OGGM_v13,0.23,17,5000,2,500
19038,2.9,28.75941766,PyGEM-OGGM_v13,0.23,17,5000,2,500
19039,2.95,27.88961838,PyGEM-OGGM_v13,0.23,17,5000,2,500
19042,3,27.03483228,PyGEM-OGGM_v13,0.23,17,5000,2,500
19045,3.05,26.19412451,PyGEM-OGGM_v13,0.23,17,5000,2,500
19046,3.1,25.35283912,PyGEM-OGGM_v13,0.23,17,5000,2,500
19048,3.15,24.49610674,PyGEM-OGGM_v13,0.23,17,5000,2,500
19049,3.2,23.62664369,PyGEM-OGGM_v13,0.23,17,5000,2,500
19050,3.25,22.74560392,PyGEM-OGGM_v13,0.23,17,5000,2,500
19051,3.3,21.86007081,PyGEM-OGGM_v13,0.23,17,5000,2,500
19052,3.35,20.98029645,PyGEM-OGGM_v13,0.23,17,5000,2,500
19053,3.4,20.12687829,PyGEM-OGGM_v13,0.23,17,5000,2,500
19055,3.45,19.32243411,PyGEM-OGGM_v13,0.23,17,5000,2,500
19057,3.5,18.58071826,PyGEM-OGGM_v13,0.23,17,5000,2,500
19061,3.55,17.90207754,PyGEM-OGGM_v13,0.23,17,5000,2,500
19062,3.6,17.27755226,PyGEM-OGGM_v13,0.23,17,5000,2,500
19064,3.65,16.70810551,PyGEM-OGGM_v13,0.23,17,5000,2,500
19065,3.7,16.19704972,PyGEM-OGGM_v13,0.23,17,5000,2,500
19066,3.75,15.7370779,PyGEM-OGGM_v13,0.23,17,5000,2,500
19067,3.8,15.31415862,PyGEM-OGGM_v13,0.23,17,5000,2,500
19069,3.85,14.92521986,PyGEM-OGGM_v13,0.23,17,5000,2,500
19070,3.9,14.56810401,PyGEM-OGGM_v13,0.23,17,5000,2,500
19071,3.95,14.23733362,PyGEM-OGGM_v13,0.23,17,5000,2,500
19073,4,13.92295521,PyGEM-OGGM_v13,0.23,17,5000,2,500
19075,4.05,13.61643195,PyGEM-OGGM_v13,0.23,17,5000,2,500
19076,4.1,13.30760849,PyGEM-OGGM_v13,0.23,17,5000,2,500
19077,4.15,12.99111661,PyGEM-OGGM_v13,0.23,17,5000,2,500
19079,4.2,12.66217598,PyGEM-OGGM_v13,0.23,17,5000,2,500
19080,4.25,12.3203907,PyGEM-OGGM_v13,0.23,17,5000,2,500
19081,4.3,11.97262248,PyGEM-OGGM_v13,0.23,17,5000,2,500
19082,4.35,11.62846185,PyGEM-OGGM_v13,0.23,17,5000,2,500
19083,4.4,11.29575286,PyGEM-OGGM_v13,0.23,17,5000,2,500
19085,4.45,10.97729204,PyGEM-OGGM_v13,0.23,17,5000,2,500
19086,4.5,10.67514474,PyGEM-OGGM_v13,0.23,17,5000,2,500
19087,4.55,10.39101227,PyGEM-OGGM_v13,0.23,17,5000,2,500
19089,4.6,10.12123055,PyGEM-OGGM_v13,0.23,17,5000,2,500
19090,4.65,9.863075204,PyGEM-OGGM_v13,0.23,17,5000,2,500
19092,4.7,9.614060965,PyGEM-OGGM_v13,0.23,17,5000,2,500
19093,4.75,9.373556569,PyGEM-OGGM_v13,0.23,17,5000,2,500
19094,4.8,9.142499049,PyGEM-OGGM_v13,0.23,17,5000,2,500
19095,4.85,8.922806884,PyGEM-OGGM_v13,0.23,17,5000,2,500
19096,4.9,8.715399441,PyGEM-OGGM_v13,0.23,17,5000,2,500
19097,4.95,8.518772934,PyGEM-OGGM_v13,0.23,17,5000,2,500
19098,5,8.330637458,PyGEM-OGGM_v13,0.23,17,5000,2,500
19099,5.05,8.149037881,PyGEM-OGGM_v13,0.23,17,5000,2,500
19100,5.1,7.973058625,PyGEM-OGGM_v13,0.23,17,5000,2,500
19101,5.15,7.802656626,PyGEM-OGGM_v13,0.23,17,5000,2,500
19102,5.2,7.637207871,PyGEM-OGGM_v13,0.23,17,5000,2,500
19104,5.25,7.475196787,PyGEM-OGGM_v13,0.23,17,5000,2,500
19105,5.3,7.317155915,PyGEM-OGGM_v13,0.23,17,5000,2,500
19106,5.35,7.164085654,PyGEM-OGGM_v13,0.23,17,5000,2,500
19107,5.4,7.016132576,PyGEM-OGGM_v13,0.23,17,5000,2,500
19108,5.45,6.873101324,PyGEM-OGGM_v13,0.23,17,5000,2,500
19109,5.5,6.734724598,PyGEM-OGGM_v13,0.23,17,5000,2,500
19110,5.55,6.600808267,PyGEM-OGGM_v13,0.23,17,5000,2,500
19111,5.6,6.470872229,PyGEM-OGGM_v13,0.23,17,5000,2,500
19112,5.65,6.343749663,PyGEM-OGGM_v13,0.23,17,5000,2,500
19113,5.7,6.219089313,PyGEM-OGGM_v13,0.23,17,5000,2,500
19114,5.75,6.096756146,PyGEM-OGGM_v13,0.23,17,5000,2,500
19115,5.8,5.976456716,PyGEM-OGGM_v13,0.23,17,5000,2,500
19118,5.85,5.857999268,PyGEM-OGGM_v13,0.23,17,5000,2,500
19119,5.9,5.741154971,PyGEM-OGGM_v13,0.23,17,5000,2,500
19120,5.95,5.626138231,PyGEM-OGGM_v13,0.23,17,5000,2,500
19121,6,5.513529844,PyGEM-OGGM_v13,0.23,17,5000,2,500
19122,6.05,5.40384625,PyGEM-OGGM_v13,0.23,17,5000,2,500
19123,6.1,5.2971561,PyGEM-OGGM_v13,0.23,17,5000,2,500
19124,6.15,5.192719994,PyGEM-OGGM_v13,0.23,17,5000,2,500
19125,6.2,5.089051194,PyGEM-OGGM_v13,0.23,17,5000,2,500
19126,6.25,4.984974169,PyGEM-OGGM_v13,0.23,17,5000,2,500
19127,6.3,4.879319695,PyGEM-OGGM_v13,0.23,17,5000,2,500
19128,6.35,4.771451182,PyGEM-OGGM_v13,0.23,17,5000,2,500
19129,6.4,4.661119482,PyGEM-OGGM_v13,0.23,17,5000,2,500
19130,6.45,4.548331597,PyGEM-OGGM_v13,0.23,17,5000,2,500
19131,6.5,4.433293804,PyGEM-OGGM_v13,0.23,17,5000,2,500
19132,6.55,4.317375144,PyGEM-OGGM_v13,0.23,17,5000,2,500
19133,6.6,4.202177028,PyGEM-OGGM_v13,0.23,17,5000,2,500
19134,6.65,4.088386657,PyGEM-OGGM_v13,0.23,17,5000,2,500
19135,6.7,3.975936156,PyGEM-OGGM_v13,0.23,17,5000,2,500
19136,6.75,3.864855079,PyGEM-OGGM_v13,0.23,17,5000,2,500
19137,6.8,3.755349385,PyGEM-OGGM_v13,0.23,17,5000,2,500
19138,6.85,3.648394549,PyGEM-OGGM_v13,0.23,17,5000,2,500
19142,-0.1,181.8874188,GLIMB,0.38,18,5000,2,500
19143,-0.05,179.8123124,GLIMB,0.38,18,5000,2,500
19144,0,177.6023944,GLIMB,0.38,18,5000,2,500
19145,0.05,175.241436,GLIMB,0.38,18,5000,2,500
19147,0.1,172.7221615,GLIMB,0.38,18,5000,2,500
19149,0.15,170.0441187,GLIMB,0.38,18,5000,2,500
19151,0.2,167.2149498,GLIMB,0.38,18,5000,2,500
19154,0.25,164.2508063,GLIMB,0.38,18,5000,2,500
19156,0.3,161.1579428,GLIMB,0.38,18,5000,2,500
19158,0.35,157.922227,GLIMB,0.38,18,5000,2,500
19164,0.4,154.5414049,GLIMB,0.38,18,5000,2,500
19165,0.45,151.0063055,GLIMB,0.38,18,5000,2,500
19167,0.5,147.3128202,GLIMB,0.38,18,5000,2,500
19168,0.55,143.4908866,GLIMB,0.38,18,5000,2,500
19169,0.6,139.5897284,GLIMB,0.38,18,5000,2,500
19170,0.65,135.6663608,GLIMB,0.38,18,5000,2,500
19171,0.7,131.7730977,GLIMB,0.38,18,5000,2,500
19172,0.75,127.9452841,GLIMB,0.38,18,5000,2,500
19173,0.8,124.2112111,GLIMB,0.38,18,5000,2,500
19174,0.85,120.5918839,GLIMB,0.38,18,5000,2,500
19175,0.9,117.1025512,GLIMB,0.38,18,5000,2,500
19180,0.95,113.7555576,GLIMB,0.38,18,5000,2,500
19181,1,110.5678718,GLIMB,0.38,18,5000,2,500
19182,1.05,107.5585619,GLIMB,0.38,18,5000,2,500
19184,1.1,104.7402543,GLIMB,0.38,18,5000,2,500
19185,1.15,102.117427,GLIMB,0.38,18,5000,2,500
19186,1.2,99.68711023,GLIMB,0.38,18,5000,2,500
19187,1.25,97.43229862,GLIMB,0.38,18,5000,2,500
19188,1.3,95.33847434,GLIMB,0.38,18,5000,2,500
19189,1.35,93.40770578,GLIMB,0.38,18,5000,2,500
19190,1.4,91.65224152,GLIMB,0.38,18,5000,2,500
19191,1.45,90.07942756,GLIMB,0.38,18,5000,2,500
19196,1.5,88.69998379,GLIMB,0.38,18,5000,2,500
19199,1.55,87.52992089,GLIMB,0.38,18,5000,2,500
19200,1.6,86.58014517,GLIMB,0.38,18,5000,2,500
19202,1.65,85.84554383,GLIMB,0.38,18,5000,2,500
19210,1.7,85.30592379,GLIMB,0.38,18,5000,2,500
19214,1.75,84.9113191,GLIMB,0.38,18,5000,2,500
19215,1.8,84.57312863,GLIMB,0.38,18,5000,2,500
19216,1.85,84.18061626,GLIMB,0.38,18,5000,2,500
19217,1.9,83.61568018,GLIMB,0.38,18,5000,2,500
19220,1.95,82.77427411,GLIMB,0.38,18,5000,2,500
19222,2,81.59717493,GLIMB,0.38,18,5000,2,500
19225,2.05,80.10900477,GLIMB,0.38,18,5000,2,500
19228,2.1,78.40899052,GLIMB,0.38,18,5000,2,500
19230,2.15,76.53826433,GLIMB,0.38,18,5000,2,500
19235,2.2,74.51694023,GLIMB,0.38,18,5000,2,500
19236,2.25,72.36341942,GLIMB,0.38,18,5000,2,500
19237,2.3,70.09253199,GLIMB,0.38,18,5000,2,500
19240,2.35,67.72958094,GLIMB,0.38,18,5000,2,500
19241,2.4,65.31087855,GLIMB,0.38,18,5000,2,500
19243,2.45,62.88466042,GLIMB,0.38,18,5000,2,500
19244,2.5,60.49460897,GLIMB,0.38,18,5000,2,500
19245,2.55,58.17545808,GLIMB,0.38,18,5000,2,500
19247,2.6,55.95714406,GLIMB,0.38,18,5000,2,500
19248,2.65,53.86001077,GLIMB,0.38,18,5000,2,500
19250,2.7,51.88868627,GLIMB,0.38,18,5000,2,500
19253,2.75,50.03083674,GLIMB,0.38,18,5000,2,500
19254,2.8,48.26290976,GLIMB,0.38,18,5000,2,500
19257,2.85,46.56374925,GLIMB,0.38,18,5000,2,500
19258,2.9,44.91615341,GLIMB,0.38,18,5000,2,500
19259,2.95,43.31681952,GLIMB,0.38,18,5000,2,500
19262,3,41.7733954,GLIMB,0.38,18,5000,2,500
19265,3.05,40.29772879,GLIMB,0.38,18,5000,2,500
19266,3.1,38.89982478,GLIMB,0.38,18,5000,2,500
19268,3.15,37.57786377,GLIMB,0.38,18,5000,2,500
19269,3.2,36.32018499,GLIMB,0.38,18,5000,2,500
19270,3.25,35.11113614,GLIMB,0.38,18,5000,2,500
19271,3.3,33.94886664,GLIMB,0.38,18,5000,2,500
19272,3.35,32.8365158,GLIMB,0.38,18,5000,2,500
19273,3.4,31.7735221,GLIMB,0.38,18,5000,2,500
19275,3.45,30.75457008,GLIMB,0.38,18,5000,2,500
19277,3.5,29.78073275,GLIMB,0.38,18,5000,2,500
19281,3.55,28.84853726,GLIMB,0.38,18,5000,2,500
19282,3.6,27.95547261,GLIMB,0.38,18,5000,2,500
19284,3.65,27.1055247,GLIMB,0.38,18,5000,2,500
19285,3.7,26.30426642,GLIMB,0.38,18,5000,2,500
19286,3.75,25.55871118,GLIMB,0.38,18,5000,2,500
19287,3.8,24.87304336,GLIMB,0.38,18,5000,2,500
19289,3.85,24.24625827,GLIMB,0.38,18,5000,2,500
19290,3.9,23.67109732,GLIMB,0.38,18,5000,2,500
19291,3.95,23.13764529,GLIMB,0.38,18,5000,2,500
19293,4,22.63463665,GLIMB,0.38,18,5000,2,500
19295,4.05,22.15367882,GLIMB,0.38,18,5000,2,500
19296,4.1,21.6915999,GLIMB,0.38,18,5000,2,500
19297,4.15,21.24723979,GLIMB,0.38,18,5000,2,500
19299,4.2,20.82081468,GLIMB,0.38,18,5000,2,500
19300,4.25,20.41177627,GLIMB,0.38,18,5000,2,500
19301,4.3,20.01789898,GLIMB,0.38,18,5000,2,500
19302,4.35,19.63807584,GLIMB,0.38,18,5000,2,500
19303,4.4,19.2715782,GLIMB,0.38,18,5000,2,500
19305,4.45,18.91667874,GLIMB,0.38,18,5000,2,500
19306,4.5,18.57088051,GLIMB,0.38,18,5000,2,500
19307,4.55,18.23227523,GLIMB,0.38,18,5000,2,500
19309,4.6,17.90024097,GLIMB,0.38,18,5000,2,500
19310,4.65,17.5746681,GLIMB,0.38,18,5000,2,500
19312,4.7,17.25467286,GLIMB,0.38,18,5000,2,500
19313,4.75,16.93885383,GLIMB,0.38,18,5000,2,500
19314,4.8,16.6264484,GLIMB,0.38,18,5000,2,500
19315,4.85,16.31662565,GLIMB,0.38,18,5000,2,500
19316,4.9,16.00809708,GLIMB,0.38,18,5000,2,500
19317,4.95,15.69961121,GLIMB,0.38,18,5000,2,500
19318,5,15.39011768,GLIMB,0.38,18,5000,2,500
19319,5.05,15.07902877,GLIMB,0.38,18,5000,2,500
19320,5.1,14.76629848,GLIMB,0.38,18,5000,2,500
19321,5.15,14.4519788,GLIMB,0.38,18,5000,2,500
19322,5.2,14.13587905,GLIMB,0.38,18,5000,2,500
19324,5.25,13.81778248,GLIMB,0.38,18,5000,2,500
19325,5.3,13.49769854,GLIMB,0.38,18,5000,2,500
19326,5.35,13.17548915,GLIMB,0.38,18,5000,2,500
19327,5.4,12.8511249,GLIMB,0.38,18,5000,2,500
19328,5.45,12.52437103,GLIMB,0.38,18,5000,2,500
19329,5.5,12.19455884,GLIMB,0.38,18,5000,2,500
19330,5.55,11.86151866,GLIMB,0.38,18,5000,2,500
19331,5.6,11.52601788,GLIMB,0.38,18,5000,2,500
19332,5.65,11.18922442,GLIMB,0.38,18,5000,2,500
19333,5.7,10.85188057,GLIMB,0.38,18,5000,2,500
19334,5.75,10.51381058,GLIMB,0.38,18,5000,2,500
19335,5.8,10.17407291,GLIMB,0.38,18,5000,2,500
19338,5.85,9.832974952,GLIMB,0.38,18,5000,2,500
19339,5.9,9.491698217,GLIMB,0.38,18,5000,2,500
19340,5.95,9.15104062,GLIMB,0.38,18,5000,2,500
19341,6,8.811591366,GLIMB,0.38,18,5000,2,500
19342,6.05,8.47374021,GLIMB,0.38,18,5000,2,500
19343,6.1,8.137451282,GLIMB,0.38,18,5000,2,500
19344,6.15,7.802126015,GLIMB,0.38,18,5000,2,500
19345,6.2,7.467256593,GLIMB,0.38,18,5000,2,500
19346,6.25,7.132492031,GLIMB,0.38,18,5000,2,500
19347,6.3,6.797734509,GLIMB,0.38,18,5000,2,500
19348,6.35,6.462753385,GLIMB,0.38,18,5000,2,500
19349,6.4,6.12702437,GLIMB,0.38,18,5000,2,500
19350,6.45,5.789609037,GLIMB,0.38,18,5000,2,500
19351,6.5,5.449245429,GLIMB,0.38,18,5000,2,500
19352,6.55,5.105598987,GLIMB,0.38,18,5000,2,500
19353,6.6,4.758932124,GLIMB,0.38,18,5000,2,500
19354,6.65,4.409685919,GLIMB,0.38,18,5000,2,500
19355,6.7,4.058451524,GLIMB,0.38,18,5000,2,500
19356,6.75,3.705920617,GLIMB,0.38,18,5000,2,500
19357,6.8,3.352801419,GLIMB,0.38,18,5000,2,500
19358,6.85,2.999739068,GLIMB,0.38,18,5000,2,500
19362,-0.1,144.949113,GloGEMflow,0.28,18,5000,2,500
19363,-0.05,143.3693563,GloGEMflow,0.28,18,5000,2,500
19364,0,141.7508839,GloGEMflow,0.28,18,5000,2,500
19365,0.05,140.0694842,GloGEMflow,0.28,18,5000,2,500
19367,0.1,138.3125385,GloGEMflow,0.28,18,5000,2,500
19369,0.15,136.4815502,GloGEMflow,0.28,18,5000,2,500
19371,0.2,134.5765664,GloGEMflow,0.28,18,5000,2,500
19374,0.25,132.5806075,GloGEMflow,0.28,18,5000,2,500
19376,0.3,130.4438094,GloGEMflow,0.28,18,5000,2,500
19378,0.35,128.1255609,GloGEMflow,0.28,18,5000,2,500
19384,0.4,125.6193237,GloGEMflow,0.28,18,5000,2,500
19385,0.45,122.9314636,GloGEMflow,0.28,18,5000,2,500
19387,0.5,120.1120048,GloGEMflow,0.28,18,5000,2,500
19388,0.55,117.2393118,GloGEMflow,0.28,18,5000,2,500
19389,0.6,114.3814835,GloGEMflow,0.28,18,5000,2,500
19390,0.65,111.5890038,GloGEMflow,0.28,18,5000,2,500
19391,0.7,108.89059,GloGEMflow,0.28,18,5000,2,500
19392,0.75,106.2977623,GloGEMflow,0.28,18,5000,2,500
19393,0.8,103.8074069,GloGEMflow,0.28,18,5000,2,500
19394,0.85,101.3908414,GloGEMflow,0.28,18,5000,2,500
19395,0.9,99.00586516,GloGEMflow,0.28,18,5000,2,500
19400,0.95,96.6263085,GloGEMflow,0.28,18,5000,2,500
19401,1,94.25641842,GloGEMflow,0.28,18,5000,2,500
19402,1.05,91.9304577,GloGEMflow,0.28,18,5000,2,500
19404,1.1,89.67573091,GloGEMflow,0.28,18,5000,2,500
19405,1.15,87.52272135,GloGEMflow,0.28,18,5000,2,500
19406,1.2,85.53322659,GloGEMflow,0.28,18,5000,2,500
19407,1.25,83.77913844,GloGEMflow,0.28,18,5000,2,500
19408,1.3,82.33029577,GloGEMflow,0.28,18,5000,2,500
19409,1.35,81.25008899,GloGEMflow,0.28,18,5000,2,500
19410,1.4,80.57633475,GloGEMflow,0.28,18,5000,2,500
19411,1.45,80.28773245,GloGEMflow,0.28,18,5000,2,500
19416,1.5,80.25710249,GloGEMflow,0.28,18,5000,2,500
19419,1.55,80.25702001,GloGEMflow,0.28,18,5000,2,500
19420,1.6,80.06211241,GloGEMflow,0.28,18,5000,2,500
19422,1.65,79.57715894,GloGEMflow,0.28,18,5000,2,500
19430,1.7,78.86214104,GloGEMflow,0.28,18,5000,2,500
19434,1.75,77.97796563,GloGEMflow,0.28,18,5000,2,500
19435,1.8,76.95241861,GloGEMflow,0.28,18,5000,2,500
19436,1.85,75.79278074,GloGEMflow,0.28,18,5000,2,500
19437,1.9,74.46979298,GloGEMflow,0.28,18,5000,2,500
19440,1.95,72.9353522,GloGEMflow,0.28,18,5000,2,500
19442,2,71.13414522,GloGEMflow,0.28,18,5000,2,500
19445,2.05,69.0462124,GloGEMflow,0.28,18,5000,2,500
19448,2.1,66.70095719,GloGEMflow,0.28,18,5000,2,500
19450,2.15,64.16561207,GloGEMflow,0.28,18,5000,2,500
19455,2.2,61.51798373,GloGEMflow,0.28,18,5000,2,500
19456,2.25,58.80882045,GloGEMflow,0.28,18,5000,2,500
19457,2.3,56.13769385,GloGEMflow,0.28,18,5000,2,500
19460,2.35,53.64852171,GloGEMflow,0.28,18,5000,2,500
19461,2.4,51.44112272,GloGEMflow,0.28,18,5000,2,500
19463,2.45,49.51606409,GloGEMflow,0.28,18,5000,2,500
19464,2.5,47.81778179,GloGEMflow,0.28,18,5000,2,500
19465,2.55,46.299256,GloGEMflow,0.28,18,5000,2,500
19467,2.6,44.90527036,GloGEMflow,0.28,18,5000,2,500
19468,2.65,43.58502592,GloGEMflow,0.28,18,5000,2,500
19470,2.7,42.34549154,GloGEMflow,0.28,18,5000,2,500
19473,2.75,41.2451013,GloGEMflow,0.28,18,5000,2,500
19474,2.8,40.28644489,GloGEMflow,0.28,18,5000,2,500
19477,2.85,39.4453623,GloGEMflow,0.28,18,5000,2,500
19478,2.9,38.70972972,GloGEMflow,0.28,18,5000,2,500
19479,2.95,38.05520687,GloGEMflow,0.28,18,5000,2,500
19482,3,37.4385316,GloGEMflow,0.28,18,5000,2,500
19485,3.05,36.82114402,GloGEMflow,0.28,18,5000,2,500
19486,3.1,36.18046012,GloGEMflow,0.28,18,5000,2,500
19488,3.15,35.4960476,GloGEMflow,0.28,18,5000,2,500
19489,3.2,34.74797618,GloGEMflow,0.28,18,5000,2,500
19490,3.25,33.91437176,GloGEMflow,0.28,18,5000,2,500
19491,3.3,32.99300788,GloGEMflow,0.28,18,5000,2,500
19492,3.35,32.0047556,GloGEMflow,0.28,18,5000,2,500
19493,3.4,30.98387722,GloGEMflow,0.28,18,5000,2,500
19495,3.45,29.96888674,GloGEMflow,0.28,18,5000,2,500
19497,3.5,28.98276056,GloGEMflow,0.28,18,5000,2,500
19501,3.55,28.03117327,GloGEMflow,0.28,18,5000,2,500
19502,3.6,27.10896953,GloGEMflow,0.28,18,5000,2,500
19504,3.65,26.20596027,GloGEMflow,0.28,18,5000,2,500
19505,3.7,25.31873305,GloGEMflow,0.28,18,5000,2,500
19506,3.75,24.45401683,GloGEMflow,0.28,18,5000,2,500
19507,3.8,23.62022854,GloGEMflow,0.28,18,5000,2,500
19509,3.85,22.82011565,GloGEMflow,0.28,18,5000,2,500
19510,3.9,22.05569036,GloGEMflow,0.28,18,5000,2,500
19511,3.95,21.33443964,GloGEMflow,0.28,18,5000,2,500
19513,4,20.66076504,GloGEMflow,0.28,18,5000,2,500
19515,4.05,20.03167088,GloGEMflow,0.28,18,5000,2,500
19516,4.1,19.4409953,GloGEMflow,0.28,18,5000,2,500
19517,4.15,18.88537859,GloGEMflow,0.28,18,5000,2,500
19519,4.2,18.3655388,GloGEMflow,0.28,18,5000,2,500
19520,4.25,17.87593541,GloGEMflow,0.28,18,5000,2,500
19521,4.3,17.40918343,GloGEMflow,0.28,18,5000,2,500
19522,4.35,16.96235929,GloGEMflow,0.28,18,5000,2,500
19523,4.4,16.53568087,GloGEMflow,0.28,18,5000,2,500
19525,4.45,16.12922654,GloGEMflow,0.28,18,5000,2,500
19526,4.5,15.74220213,GloGEMflow,0.28,18,5000,2,500
19527,4.55,15.37213643,GloGEMflow,0.28,18,5000,2,500
19529,4.6,15.01887287,GloGEMflow,0.28,18,5000,2,500
19530,4.65,14.68166406,GloGEMflow,0.28,18,5000,2,500
19532,4.7,14.36058568,GloGEMflow,0.28,18,5000,2,500
19533,4.75,14.05546293,GloGEMflow,0.28,18,5000,2,500
19534,4.8,13.76492063,GloGEMflow,0.28,18,5000,2,500
19535,4.85,13.48584278,GloGEMflow,0.28,18,5000,2,500
19536,4.9,13.21384614,GloGEMflow,0.28,18,5000,2,500
19537,4.95,12.94710506,GloGEMflow,0.28,18,5000,2,500
19538,5,12.68521974,GloGEMflow,0.28,18,5000,2,500
19539,5.05,12.42824691,GloGEMflow,0.28,18,5000,2,500
19540,5.1,12.17700081,GloGEMflow,0.28,18,5000,2,500
19541,5.15,11.9323809,GloGEMflow,0.28,18,5000,2,500
19542,5.2,11.69467639,GloGEMflow,0.28,18,5000,2,500
19544,5.25,11.4638882,GloGEMflow,0.28,18,5000,2,500
19545,5.3,11.2388278,GloGEMflow,0.28,18,5000,2,500
19546,5.35,11.016814,GloGEMflow,0.28,18,5000,2,500
19547,5.4,10.79583577,GloGEMflow,0.28,18,5000,2,500
19548,5.45,10.57479509,GloGEMflow,0.28,18,5000,2,500
19549,5.5,10.35303897,GloGEMflow,0.28,18,5000,2,500
19550,5.55,10.12995207,GloGEMflow,0.28,18,5000,2,500
19551,5.6,9.904685201,GloGEMflow,0.28,18,5000,2,500
19552,5.65,9.677359146,GloGEMflow,0.28,18,5000,2,500
19553,5.7,9.448981242,GloGEMflow,0.28,18,5000,2,500
19554,5.75,9.220236977,GloGEMflow,0.28,18,5000,2,500
19555,5.8,8.991364266,GloGEMflow,0.28,18,5000,2,500
19558,5.85,8.762143933,GloGEMflow,0.28,18,5000,2,500
19559,5.9,8.532095507,GloGEMflow,0.28,18,5000,2,500
19560,5.95,8.301602107,GloGEMflow,0.28,18,5000,2,500
19561,6,8.071968501,GloGEMflow,0.28,18,5000,2,500
19562,6.05,7.844619724,GloGEMflow,0.28,18,5000,2,500
19563,6.1,7.620854356,GloGEMflow,0.28,18,5000,2,500
19564,6.15,7.401732972,GloGEMflow,0.28,18,5000,2,500
19565,6.2,7.188397938,GloGEMflow,0.28,18,5000,2,500
19566,6.25,6.980672833,GloGEMflow,0.28,18,5000,2,500
19567,6.3,6.776289645,GloGEMflow,0.28,18,5000,2,500
19568,6.35,6.572778463,GloGEMflow,0.28,18,5000,2,500
19569,6.4,6.369599284,GloGEMflow,0.28,18,5000,2,500
19570,6.45,6.166563345,GloGEMflow,0.28,18,5000,2,500
19571,6.5,5.963867238,GloGEMflow,0.28,18,5000,2,500
19572,6.55,5.761463605,GloGEMflow,0.28,18,5000,2,500
19573,6.6,5.558562484,GloGEMflow,0.28,18,5000,2,500
19574,6.65,5.355996498,GloGEMflow,0.28,18,5000,2,500
19575,6.7,5.154990443,GloGEMflow,0.28,18,5000,2,500
19576,6.75,4.956519321,GloGEMflow,0.28,18,5000,2,500
19577,6.8,4.761525277,GloGEMflow,0.28,18,5000,2,500
19578,6.85,4.57151359,GloGEMflow,0.28,18,5000,2,500
19582,-0.1,152.9163787,GloGEMflow3D,0.25,18,5000,2,500
19583,-0.05,151.8008129,GloGEMflow3D,0.25,18,5000,2,500
19584,0,150.5992785,GloGEMflow3D,0.25,18,5000,2,500
19585,0.05,149.3018751,GloGEMflow3D,0.25,18,5000,2,500
19587,0.1,147.9000331,GloGEMflow3D,0.25,18,5000,2,500
19589,0.15,146.3732766,GloGEMflow3D,0.25,18,5000,2,500
19591,0.2,144.7007706,GloGEMflow3D,0.25,18,5000,2,500
19594,0.25,142.8604966,GloGEMflow3D,0.25,18,5000,2,500
19596,0.3,140.8474473,GloGEMflow3D,0.25,18,5000,2,500
19598,0.35,138.6675083,GloGEMflow3D,0.25,18,5000,2,500
19604,0.4,136.3090797,GloGEMflow3D,0.25,18,5000,2,500
19605,0.45,133.736945,GloGEMflow3D,0.25,18,5000,2,500
19607,0.5,130.9714535,GloGEMflow3D,0.25,18,5000,2,500
19608,0.55,128.0817326,GloGEMflow3D,0.25,18,5000,2,500
19609,0.6,125.1332865,GloGEMflow3D,0.25,18,5000,2,500
19610,0.65,122.1628425,GloGEMflow3D,0.25,18,5000,2,500
19611,0.7,119.1736114,GloGEMflow3D,0.25,18,5000,2,500
19612,0.75,116.1729913,GloGEMflow3D,0.25,18,5000,2,500
19613,0.8,113.1714663,GloGEMflow3D,0.25,18,5000,2,500
19614,0.85,110.1699032,GloGEMflow3D,0.25,18,5000,2,500
19615,0.9,107.1574525,GloGEMflow3D,0.25,18,5000,2,500
19620,0.95,104.133047,GloGEMflow3D,0.25,18,5000,2,500
19621,1,101.0990892,GloGEMflow3D,0.25,18,5000,2,500
19622,1.05,98.10156091,GloGEMflow3D,0.25,18,5000,2,500
19624,1.1,95.18779369,GloGEMflow3D,0.25,18,5000,2,500
19625,1.15,92.40047505,GloGEMflow3D,0.25,18,5000,2,500
19626,1.2,89.79601646,GloGEMflow3D,0.25,18,5000,2,500
19627,1.25,87.42057823,GloGEMflow3D,0.25,18,5000,2,500
19628,1.3,85.34156879,GloGEMflow3D,0.25,18,5000,2,500
19629,1.35,83.65896928,GloGEMflow3D,0.25,18,5000,2,500
19630,1.4,82.47140522,GloGEMflow3D,0.25,18,5000,2,500
19631,1.45,81.80549584,GloGEMflow3D,0.25,18,5000,2,500
19636,1.5,81.55482044,GloGEMflow3D,0.25,18,5000,2,500
19639,1.55,81.50518757,GloGEMflow3D,0.25,18,5000,2,500
19640,1.6,81.45260992,GloGEMflow3D,0.25,18,5000,2,500
19642,1.65,81.25954873,GloGEMflow3D,0.25,18,5000,2,500
19650,1.7,80.87335951,GloGEMflow3D,0.25,18,5000,2,500
19654,1.75,80.23637987,GloGEMflow3D,0.25,18,5000,2,500
19655,1.8,79.33611855,GloGEMflow3D,0.25,18,5000,2,500
19656,1.85,78.20231765,GloGEMflow3D,0.25,18,5000,2,500
19657,1.9,76.8584555,GloGEMflow3D,0.25,18,5000,2,500
19660,1.95,75.29260974,GloGEMflow3D,0.25,18,5000,2,500
19662,2,73.44592932,GloGEMflow3D,0.25,18,5000,2,500
19665,2.05,71.27269476,GloGEMflow3D,0.25,18,5000,2,500
19668,2.1,68.79323081,GloGEMflow3D,0.25,18,5000,2,500
19670,2.15,66.09660628,GloGEMflow3D,0.25,18,5000,2,500
19675,2.2,63.33953048,GloGEMflow3D,0.25,18,5000,2,500
19676,2.25,60.72805077,GloGEMflow3D,0.25,18,5000,2,500
19677,2.3,58.45415148,GloGEMflow3D,0.25,18,5000,2,500
19680,2.35,56.54968191,GloGEMflow3D,0.25,18,5000,2,500
19681,2.4,54.83747979,GloGEMflow3D,0.25,18,5000,2,500
19683,2.45,53.16253413,GloGEMflow3D,0.25,18,5000,2,500
19684,2.5,51.4943785,GloGEMflow3D,0.25,18,5000,2,500
19685,2.55,49.86909912,GloGEMflow3D,0.25,18,5000,2,500
19687,2.6,48.3323024,GloGEMflow3D,0.25,18,5000,2,500
19688,2.65,46.87592602,GloGEMflow3D,0.25,18,5000,2,500
19690,2.7,45.51621194,GloGEMflow3D,0.25,18,5000,2,500
19693,2.75,44.2827682,GloGEMflow3D,0.25,18,5000,2,500
19694,2.8,43.19939609,GloGEMflow3D,0.25,18,5000,2,500
19697,2.85,42.26744512,GloGEMflow3D,0.25,18,5000,2,500
19698,2.9,41.4562836,GloGEMflow3D,0.25,18,5000,2,500
19699,2.95,40.72925924,GloGEMflow3D,0.25,18,5000,2,500
19702,3,40.03796534,GloGEMflow3D,0.25,18,5000,2,500
19705,3.05,39.32889161,GloGEMflow3D,0.25,18,5000,2,500
19706,3.1,38.54826195,GloGEMflow3D,0.25,18,5000,2,500
19708,3.15,37.65711525,GloGEMflow3D,0.25,18,5000,2,500
19709,3.2,36.65060046,GloGEMflow3D,0.25,18,5000,2,500
19710,3.25,35.56262251,GloGEMflow3D,0.25,18,5000,2,500
19711,3.3,34.43289399,GloGEMflow3D,0.25,18,5000,2,500
19712,3.35,33.28238828,GloGEMflow3D,0.25,18,5000,2,500
19713,3.4,32.12713908,GloGEMflow3D,0.25,18,5000,2,500
19715,3.45,30.97967794,GloGEMflow3D,0.25,18,5000,2,500
19717,3.5,29.85432391,GloGEMflow3D,0.25,18,5000,2,500
19721,3.55,28.7712465,GloGEMflow3D,0.25,18,5000,2,500
19722,3.6,27.74223627,GloGEMflow3D,0.25,18,5000,2,500
19724,3.65,26.76717672,GloGEMflow3D,0.25,18,5000,2,500
19725,3.7,25.84100883,GloGEMflow3D,0.25,18,5000,2,500
19726,3.75,24.96464655,GloGEMflow3D,0.25,18,5000,2,500
19727,3.8,24.14111151,GloGEMflow3D,0.25,18,5000,2,500
19729,3.85,23.37341332,GloGEMflow3D,0.25,18,5000,2,500
19730,3.9,22.66534575,GloGEMflow3D,0.25,18,5000,2,500
19731,3.95,22.02172402,GloGEMflow3D,0.25,18,5000,2,500
19733,4,21.44395529,GloGEMflow3D,0.25,18,5000,2,500
19735,4.05,20.93386457,GloGEMflow3D,0.25,18,5000,2,500
19736,4.1,20.48721492,GloGEMflow3D,0.25,18,5000,2,500
19737,4.15,20.09338661,GloGEMflow3D,0.25,18,5000,2,500
19739,4.2,19.73418614,GloGEMflow3D,0.25,18,5000,2,500
19740,4.25,19.40084324,GloGEMflow3D,0.25,18,5000,2,500
19741,4.3,19.08655889,GloGEMflow3D,0.25,18,5000,2,500
19742,4.35,18.78409084,GloGEMflow3D,0.25,18,5000,2,500
19743,4.4,18.48169545,GloGEMflow3D,0.25,18,5000,2,500
19745,4.45,18.16926102,GloGEMflow3D,0.25,18,5000,2,500
19746,4.5,17.84639349,GloGEMflow3D,0.25,18,5000,2,500
19747,4.55,17.51389092,GloGEMflow3D,0.25,18,5000,2,500
19749,4.6,17.17652933,GloGEMflow3D,0.25,18,5000,2,500
19750,4.65,16.84127268,GloGEMflow3D,0.25,18,5000,2,500
19752,4.7,16.51418967,GloGEMflow3D,0.25,18,5000,2,500
19753,4.75,16.20073147,GloGEMflow3D,0.25,18,5000,2,500
19754,4.8,15.9007424,GloGEMflow3D,0.25,18,5000,2,500
19755,4.85,15.61015246,GloGEMflow3D,0.25,18,5000,2,500
19756,4.9,15.32756533,GloGEMflow3D,0.25,18,5000,2,500
19757,4.95,15.05199574,GloGEMflow3D,0.25,18,5000,2,500
19758,5,14.78228599,GloGEMflow3D,0.25,18,5000,2,500
19759,5.05,14.51606671,GloGEMflow3D,0.25,18,5000,2,500
19760,5.1,14.25055002,GloGEMflow3D,0.25,18,5000,2,500
19761,5.15,13.98423859,GloGEMflow3D,0.25,18,5000,2,500
19762,5.2,13.71507908,GloGEMflow3D,0.25,18,5000,2,500
19764,5.25,13.44264242,GloGEMflow3D,0.25,18,5000,2,500
19765,5.3,13.16669243,GloGEMflow3D,0.25,18,5000,2,500
19766,5.35,12.88789619,GloGEMflow3D,0.25,18,5000,2,500
19767,5.4,12.60788812,GloGEMflow3D,0.25,18,5000,2,500
19768,5.45,12.32875985,GloGEMflow3D,0.25,18,5000,2,500
19769,5.5,12.05250083,GloGEMflow3D,0.25,18,5000,2,500
19770,5.55,11.78062852,GloGEMflow3D,0.25,18,5000,2,500
19771,5.6,11.51410129,GloGEMflow3D,0.25,18,5000,2,500
19772,5.65,11.25357848,GloGEMflow3D,0.25,18,5000,2,500
19773,5.7,11.00045947,GloGEMflow3D,0.25,18,5000,2,500
19774,5.75,10.75596518,GloGEMflow3D,0.25,18,5000,2,500
19775,5.8,10.5201633,GloGEMflow3D,0.25,18,5000,2,500
19778,5.85,10.29139388,GloGEMflow3D,0.25,18,5000,2,500
19779,5.9,10.06779814,GloGEMflow3D,0.25,18,5000,2,500
19780,5.95,9.847991651,GloGEMflow3D,0.25,18,5000,2,500
19781,6,9.630242924,GloGEMflow3D,0.25,18,5000,2,500
19782,6.05,9.412976238,GloGEMflow3D,0.25,18,5000,2,500
19783,6.1,9.19546077,GloGEMflow3D,0.25,18,5000,2,500
19784,6.15,8.977410249,GloGEMflow3D,0.25,18,5000,2,500
19785,6.2,8.758681949,GloGEMflow3D,0.25,18,5000,2,500
19786,6.25,8.539191426,GloGEMflow3D,0.25,18,5000,2,500
19787,6.3,8.318874954,GloGEMflow3D,0.25,18,5000,2,500
19788,6.35,8.097643321,GloGEMflow3D,0.25,18,5000,2,500
19789,6.4,7.87546044,GloGEMflow3D,0.25,18,5000,2,500
19790,6.45,7.652317657,GloGEMflow3D,0.25,18,5000,2,500
19791,6.5,7.427801606,GloGEMflow3D,0.25,18,5000,2,500
19792,6.55,7.200974244,GloGEMflow3D,0.25,18,5000,2,500
19793,6.6,6.971623617,GloGEMflow3D,0.25,18,5000,2,500
19794,6.65,6.739982226,GloGEMflow3D,0.25,18,5000,2,500
19795,6.7,6.506260039,GloGEMflow3D,0.25,18,5000,2,500
19796,6.75,6.270214512,GloGEMflow3D,0.25,18,5000,2,500
19797,6.8,6.031285147,GloGEMflow3D,0.25,18,5000,2,500
19798,6.85,5.789202863,GloGEMflow3D,0.25,18,5000,2,500
19802,-0.1,212.1186549,OGGM_v16,0.24,18,5000,2,500
19803,-0.05,204.7713542,OGGM_v16,0.24,18,5000,2,500
19804,0,197.5122604,OGGM_v16,0.24,18,5000,2,500
19805,0.05,190.3754794,OGGM_v16,0.24,18,5000,2,500
19807,0.1,183.3552208,OGGM_v16,0.24,18,5000,2,500
19809,0.15,176.4410924,OGGM_v16,0.24,18,5000,2,500
19811,0.2,169.6257382,OGGM_v16,0.24,18,5000,2,500
19814,0.25,162.9128111,OGGM_v16,0.24,18,5000,2,500
19816,0.3,156.3058548,OGGM_v16,0.24,18,5000,2,500
19818,0.35,149.7886631,OGGM_v16,0.24,18,5000,2,500
19824,0.4,143.3392332,OGGM_v16,0.24,18,5000,2,500
19825,0.45,136.9162525,OGGM_v16,0.24,18,5000,2,500
19827,0.5,130.5019808,OGGM_v16,0.24,18,5000,2,500
19828,0.55,124.1739882,OGGM_v16,0.24,18,5000,2,500
19829,0.6,118.0259165,OGGM_v16,0.24,18,5000,2,500
19830,0.65,112.1092015,OGGM_v16,0.24,18,5000,2,500
19831,0.7,106.4680725,OGGM_v16,0.24,18,5000,2,500
19832,0.75,101.1426075,OGGM_v16,0.24,18,5000,2,500
19833,0.8,96.17162336,OGGM_v16,0.24,18,5000,2,500
19834,0.85,91.58129031,OGGM_v16,0.24,18,5000,2,500
19835,0.9,87.39793656,OGGM_v16,0.24,18,5000,2,500
19840,0.95,83.61670101,OGGM_v16,0.24,18,5000,2,500
19841,1,80.21955126,OGGM_v16,0.24,18,5000,2,500
19842,1.05,77.24809941,OGGM_v16,0.24,18,5000,2,500
19844,1.1,74.78425857,OGGM_v16,0.24,18,5000,2,500
19845,1.15,72.91435575,OGGM_v16,0.24,18,5000,2,500
19846,1.2,71.67540216,OGGM_v16,0.24,18,5000,2,500
19847,1.25,71.00392207,OGGM_v16,0.24,18,5000,2,500
19848,1.3,70.74900755,OGGM_v16,0.24,18,5000,2,500
19849,1.35,70.68433633,OGGM_v16,0.24,18,5000,2,500
19850,1.4,70.57652729,OGGM_v16,0.24,18,5000,2,500
19851,1.45,70.28796923,OGGM_v16,0.24,18,5000,2,500
19856,1.5,69.97057358,OGGM_v16,0.24,18,5000,2,500
19859,1.55,69.75504788,OGGM_v16,0.24,18,5000,2,500
19860,1.6,69.50530959,OGGM_v16,0.24,18,5000,2,500
19862,1.65,69.13010462,OGGM_v16,0.24,18,5000,2,500
19870,1.7,68.59237237,OGGM_v16,0.24,18,5000,2,500
19874,1.75,67.7993782,OGGM_v16,0.24,18,5000,2,500
19875,1.8,66.67845278,OGGM_v16,0.24,18,5000,2,500
19876,1.85,65.20042859,OGGM_v16,0.24,18,5000,2,500
19877,1.9,63.40754815,OGGM_v16,0.24,18,5000,2,500
19880,1.95,61.37119781,OGGM_v16,0.24,18,5000,2,500
19882,2,59.1198781,OGGM_v16,0.24,18,5000,2,500
19885,2.05,56.67250541,OGGM_v16,0.24,18,5000,2,500
19888,2.1,54.0773431,OGGM_v16,0.24,18,5000,2,500
19890,2.15,51.40198452,OGGM_v16,0.24,18,5000,2,500
19895,2.2,48.80396082,OGGM_v16,0.24,18,5000,2,500
19896,2.25,46.48452869,OGGM_v16,0.24,18,5000,2,500
19897,2.3,44.63346247,OGGM_v16,0.24,18,5000,2,500
19900,2.35,43.16310535,OGGM_v16,0.24,18,5000,2,500
19901,2.4,41.81894305,OGGM_v16,0.24,18,5000,2,500
19903,2.45,40.51278436,OGGM_v16,0.24,18,5000,2,500
19904,2.5,39.25415105,OGGM_v16,0.24,18,5000,2,500
19905,2.55,38.05323479,OGGM_v16,0.24,18,5000,2,500
19907,2.6,36.93335283,OGGM_v16,0.24,18,5000,2,500
19908,2.65,35.86411936,OGGM_v16,0.24,18,5000,2,500
19910,2.7,34.76465784,OGGM_v16,0.24,18,5000,2,500
19913,2.75,33.63457098,OGGM_v16,0.24,18,5000,2,500
19914,2.8,32.52768069,OGGM_v16,0.24,18,5000,2,500
19917,2.85,31.48109346,OGGM_v16,0.24,18,5000,2,500
19918,2.9,30.50184545,OGGM_v16,0.24,18,5000,2,500
19919,2.95,29.58895428,OGGM_v16,0.24,18,5000,2,500
19922,3,28.74564703,OGGM_v16,0.24,18,5000,2,500
19925,3.05,27.97322354,OGGM_v16,0.24,18,5000,2,500
19926,3.1,27.24957716,OGGM_v16,0.24,18,5000,2,500
19928,3.15,26.54033304,OGGM_v16,0.24,18,5000,2,500
19929,3.2,25.83969856,OGGM_v16,0.24,18,5000,2,500
19930,3.25,25.15821186,OGGM_v16,0.24,18,5000,2,500
19931,3.3,24.49879268,OGGM_v16,0.24,18,5000,2,500
19932,3.35,23.85351061,OGGM_v16,0.24,18,5000,2,500
19933,3.4,23.22543225,OGGM_v16,0.24,18,5000,2,500
19935,3.45,22.61766179,OGGM_v16,0.24,18,5000,2,500
19937,3.5,22.01915935,OGGM_v16,0.24,18,5000,2,500
19941,3.55,21.41996135,OGGM_v16,0.24,18,5000,2,500
19942,3.6,20.81718683,OGGM_v16,0.24,18,5000,2,500
19944,3.65,20.21015528,OGGM_v16,0.24,18,5000,2,500
19945,3.7,19.60262455,OGGM_v16,0.24,18,5000,2,500
19946,3.75,19.00437057,OGGM_v16,0.24,18,5000,2,500
19947,3.8,18.42681367,OGGM_v16,0.24,18,5000,2,500
19949,3.85,17.87532609,OGGM_v16,0.24,18,5000,2,500
19950,3.9,17.34579006,OGGM_v16,0.24,18,5000,2,500
19951,3.95,16.84280655,OGGM_v16,0.24,18,5000,2,500
19953,4,16.37537824,OGGM_v16,0.24,18,5000,2,500
19955,4.05,15.94978022,OGGM_v16,0.24,18,5000,2,500
19956,4.1,15.56827847,OGGM_v16,0.24,18,5000,2,500
19957,4.15,15.22293674,OGGM_v16,0.24,18,5000,2,500
19959,4.2,14.90163997,OGGM_v16,0.24,18,5000,2,500
19960,4.25,14.59876732,OGGM_v16,0.24,18,5000,2,500
19961,4.3,14.31039533,OGGM_v16,0.24,18,5000,2,500
19962,4.35,14.03658279,OGGM_v16,0.24,18,5000,2,500
19963,4.4,13.77536807,OGGM_v16,0.24,18,5000,2,500
19965,4.45,13.52462139,OGGM_v16,0.24,18,5000,2,500
19966,4.5,13.28109277,OGGM_v16,0.24,18,5000,2,500
19967,4.55,13.0430671,OGGM_v16,0.24,18,5000,2,500
19969,4.6,12.80739713,OGGM_v16,0.24,18,5000,2,500
19970,4.65,12.56711529,OGGM_v16,0.24,18,5000,2,500
19972,4.7,12.31914079,OGGM_v16,0.24,18,5000,2,500
19973,4.75,12.06330063,OGGM_v16,0.24,18,5000,2,500
19974,4.8,11.80184682,OGGM_v16,0.24,18,5000,2,500
19975,4.85,11.53813435,OGGM_v16,0.24,18,5000,2,500
19976,4.9,11.27429186,OGGM_v16,0.24,18,5000,2,500
19977,4.95,11.01269655,OGGM_v16,0.24,18,5000,2,500
19978,5,10.75547271,OGGM_v16,0.24,18,5000,2,500
19979,5.05,10.5056883,OGGM_v16,0.24,18,5000,2,500
19980,5.1,10.26587771,OGGM_v16,0.24,18,5000,2,500
19981,5.15,10.03734512,OGGM_v16,0.24,18,5000,2,500
19982,5.2,9.819221463,OGGM_v16,0.24,18,5000,2,500
19984,5.25,9.609840778,OGGM_v16,0.24,18,5000,2,500
19985,5.3,9.409450433,OGGM_v16,0.24,18,5000,2,500
19986,5.35,9.21868224,OGGM_v16,0.24,18,5000,2,500
19987,5.4,9.038248704,OGGM_v16,0.24,18,5000,2,500
19988,5.45,8.867929604,OGGM_v16,0.24,18,5000,2,500
19989,5.5,8.706618779,OGGM_v16,0.24,18,5000,2,500
19990,5.55,8.551139447,OGGM_v16,0.24,18,5000,2,500
19991,5.6,8.3987479,OGGM_v16,0.24,18,5000,2,500
19992,5.65,8.248839314,OGGM_v16,0.24,18,5000,2,500
19993,5.7,8.100896353,OGGM_v16,0.24,18,5000,2,500
19994,5.75,7.953835407,OGGM_v16,0.24,18,5000,2,500
19995,5.8,7.806388869,OGGM_v16,0.24,18,5000,2,500
19998,5.85,7.658120178,OGGM_v16,0.24,18,5000,2,500
19999,5.9,7.508978527,OGGM_v16,0.24,18,5000,2,500
20000,5.95,7.358874936,OGGM_v16,0.24,18,5000,2,500
20001,6,7.207629001,OGGM_v16,0.24,18,5000,2,500
20002,6.05,7.054973789,OGGM_v16,0.24,18,5000,2,500
20003,6.1,6.900557608,OGGM_v16,0.24,18,5000,2,500
20004,6.15,6.74506547,OGGM_v16,0.24,18,5000,2,500
20005,6.2,6.589672576,OGGM_v16,0.24,18,5000,2,500
20006,6.25,6.435618777,OGGM_v16,0.24,18,5000,2,500
20007,6.3,6.284149078,OGGM_v16,0.24,18,5000,2,500
20008,6.35,6.136208505,OGGM_v16,0.24,18,5000,2,500
20009,6.4,5.991394311,OGGM_v16,0.24,18,5000,2,500
20010,6.45,5.848223707,OGGM_v16,0.24,18,5000,2,500
20011,6.5,5.706758254,OGGM_v16,0.24,18,5000,2,500
20012,6.55,5.567222789,OGGM_v16,0.24,18,5000,2,500
20013,6.6,5.428625524,OGGM_v16,0.24,18,5000,2,500
20014,6.65,5.288818028,OGGM_v16,0.24,18,5000,2,500
20015,6.7,5.145466914,OGGM_v16,0.24,18,5000,2,500
20016,6.75,4.996743478,OGGM_v16,0.24,18,5000,2,500
20017,6.8,4.841528764,OGGM_v16,0.24,18,5000,2,500
20018,6.85,4.679454709,OGGM_v16,0.24,18,5000,2,500
20022,-0.1,129.0925378,PyGEM-OGGM_v13,0.33,18,5000,2,500
20023,-0.05,127.2538925,PyGEM-OGGM_v13,0.33,18,5000,2,500
20024,0,125.380774,PyGEM-OGGM_v13,0.33,18,5000,2,500
20025,0.05,123.447145,PyGEM-OGGM_v13,0.33,18,5000,2,500
20027,0.1,121.4107497,PyGEM-OGGM_v13,0.33,18,5000,2,500
20029,0.15,119.2159851,PyGEM-OGGM_v13,0.33,18,5000,2,500
20031,0.2,116.8064819,PyGEM-OGGM_v13,0.33,18,5000,2,500
20034,0.25,114.1631668,PyGEM-OGGM_v13,0.33,18,5000,2,500
20036,0.3,111.2884107,PyGEM-OGGM_v13,0.33,18,5000,2,500
20038,0.35,108.2085142,PyGEM-OGGM_v13,0.33,18,5000,2,500
20044,0.4,104.9657177,PyGEM-OGGM_v13,0.33,18,5000,2,500
20045,0.45,101.5965949,PyGEM-OGGM_v13,0.33,18,5000,2,500
20047,0.5,98.12881542,PyGEM-OGGM_v13,0.33,18,5000,2,500
20048,0.55,94.61186141,PyGEM-OGGM_v13,0.33,18,5000,2,500
20049,0.6,91.09270897,PyGEM-OGGM_v13,0.33,18,5000,2,500
20050,0.65,87.60601829,PyGEM-OGGM_v13,0.33,18,5000,2,500
20051,0.7,84.17685858,PyGEM-OGGM_v13,0.33,18,5000,2,500
20052,0.75,80.80948807,PyGEM-OGGM_v13,0.33,18,5000,2,500
20053,0.8,77.50070693,PyGEM-OGGM_v13,0.33,18,5000,2,500
20054,0.85,74.25506001,PyGEM-OGGM_v13,0.33,18,5000,2,500
20055,0.9,71.08521886,PyGEM-OGGM_v13,0.33,18,5000,2,500
20060,0.95,68.00482862,PyGEM-OGGM_v13,0.33,18,5000,2,500
20061,1,65.0125636,PyGEM-OGGM_v13,0.33,18,5000,2,500
20062,1.05,62.11506783,PyGEM-OGGM_v13,0.33,18,5000,2,500
20064,1.1,59.33714934,PyGEM-OGGM_v13,0.33,18,5000,2,500
20065,1.15,56.72135623,PyGEM-OGGM_v13,0.33,18,5000,2,500
20066,1.2,54.31605862,PyGEM-OGGM_v13,0.33,18,5000,2,500
20067,1.25,52.16645812,PyGEM-OGGM_v13,0.33,18,5000,2,500
20068,1.3,50.31678099,PyGEM-OGGM_v13,0.33,18,5000,2,500
20069,1.35,48.80000388,PyGEM-OGGM_v13,0.33,18,5000,2,500
20070,1.4,47.62838861,PyGEM-OGGM_v13,0.33,18,5000,2,500
20071,1.45,46.79434051,PyGEM-OGGM_v13,0.33,18,5000,2,500
20076,1.5,46.25883742,PyGEM-OGGM_v13,0.33,18,5000,2,500
20079,1.55,45.94524184,PyGEM-OGGM_v13,0.33,18,5000,2,500
20080,1.6,45.74274138,PyGEM-OGGM_v13,0.33,18,5000,2,500
20082,1.65,45.51582834,PyGEM-OGGM_v13,0.33,18,5000,2,500
20090,1.7,45.14550569,PyGEM-OGGM_v13,0.33,18,5000,2,500
20094,1.75,44.58656485,PyGEM-OGGM_v13,0.33,18,5000,2,500
20095,1.8,43.85139299,PyGEM-OGGM_v13,0.33,18,5000,2,500
20096,1.85,42.93867615,PyGEM-OGGM_v13,0.33,18,5000,2,500
20097,1.9,41.85426091,PyGEM-OGGM_v13,0.33,18,5000,2,500
20100,1.95,40.61020176,PyGEM-OGGM_v13,0.33,18,5000,2,500
20102,2,39.21683662,PyGEM-OGGM_v13,0.33,18,5000,2,500
20105,2.05,37.68709257,PyGEM-OGGM_v13,0.33,18,5000,2,500
20108,2.1,36.03871861,PyGEM-OGGM_v13,0.33,18,5000,2,500
20110,2.15,34.29105927,PyGEM-OGGM_v13,0.33,18,5000,2,500
20115,2.2,32.46950482,PyGEM-OGGM_v13,0.33,18,5000,2,500
20116,2.25,30.61041971,PyGEM-OGGM_v13,0.33,18,5000,2,500
20117,2.3,28.76272328,PyGEM-OGGM_v13,0.33,18,5000,2,500
20120,2.35,26.9842062,PyGEM-OGGM_v13,0.33,18,5000,2,500
20121,2.4,25.31542991,PyGEM-OGGM_v13,0.33,18,5000,2,500
20123,2.45,23.76997076,PyGEM-OGGM_v13,0.33,18,5000,2,500
20124,2.5,22.34814883,PyGEM-OGGM_v13,0.33,18,5000,2,500
20125,2.55,21.0492057,PyGEM-OGGM_v13,0.33,18,5000,2,500
20127,2.6,19.87142126,PyGEM-OGGM_v13,0.33,18,5000,2,500
20128,2.65,18.80743481,PyGEM-OGGM_v13,0.33,18,5000,2,500
20130,2.7,17.84691652,PyGEM-OGGM_v13,0.33,18,5000,2,500
20133,2.75,16.9662341,PyGEM-OGGM_v13,0.33,18,5000,2,500
20134,2.8,16.13529172,PyGEM-OGGM_v13,0.33,18,5000,2,500
20137,2.85,15.34306954,PyGEM-OGGM_v13,0.33,18,5000,2,500
20138,2.9,14.58598374,PyGEM-OGGM_v13,0.33,18,5000,2,500
20139,2.95,13.86647762,PyGEM-OGGM_v13,0.33,18,5000,2,500
20142,3,13.18686446,PyGEM-OGGM_v13,0.33,18,5000,2,500
20145,3.05,12.54553644,PyGEM-OGGM_v13,0.33,18,5000,2,500
20146,3.1,11.93603066,PyGEM-OGGM_v13,0.33,18,5000,2,500
20148,3.15,11.35800891,PyGEM-OGGM_v13,0.33,18,5000,2,500
20149,3.2,10.81145644,PyGEM-OGGM_v13,0.33,18,5000,2,500
20150,3.25,10.29392564,PyGEM-OGGM_v13,0.33,18,5000,2,500
20151,3.3,9.802002831,PyGEM-OGGM_v13,0.33,18,5000,2,500
20152,3.35,9.338140493,PyGEM-OGGM_v13,0.33,18,5000,2,500
20153,3.4,8.906425438,PyGEM-OGGM_v13,0.33,18,5000,2,500
20155,3.45,8.504863813,PyGEM-OGGM_v13,0.33,18,5000,2,500
20157,3.5,8.13028108,PyGEM-OGGM_v13,0.33,18,5000,2,500
20161,3.55,7.78188502,PyGEM-OGGM_v13,0.33,18,5000,2,500
20162,3.6,7.458729895,PyGEM-OGGM_v13,0.33,18,5000,2,500
20164,3.65,7.15919407,PyGEM-OGGM_v13,0.33,18,5000,2,500
20165,3.7,6.87769186,PyGEM-OGGM_v13,0.33,18,5000,2,500
20166,3.75,6.609422613,PyGEM-OGGM_v13,0.33,18,5000,2,500
20167,3.8,6.351391279,PyGEM-OGGM_v13,0.33,18,5000,2,500
20169,3.85,6.102497349,PyGEM-OGGM_v13,0.33,18,5000,2,500
20170,3.9,5.862814621,PyGEM-OGGM_v13,0.33,18,5000,2,500
20171,3.95,5.633242919,PyGEM-OGGM_v13,0.33,18,5000,2,500
20173,4,5.415306506,PyGEM-OGGM_v13,0.33,18,5000,2,500
20175,4.05,5.211089891,PyGEM-OGGM_v13,0.33,18,5000,2,500
20176,4.1,5.022001999,PyGEM-OGGM_v13,0.33,18,5000,2,500
20177,4.15,4.847591337,PyGEM-OGGM_v13,0.33,18,5000,2,500
20179,4.2,4.685816044,PyGEM-OGGM_v13,0.33,18,5000,2,500
20180,4.25,4.534111367,PyGEM-OGGM_v13,0.33,18,5000,2,500
20181,4.3,4.390066001,PyGEM-OGGM_v13,0.33,18,5000,2,500
20182,4.35,4.252450356,PyGEM-OGGM_v13,0.33,18,5000,2,500
20183,4.4,4.120097419,PyGEM-OGGM_v13,0.33,18,5000,2,500
20185,4.45,3.992067276,PyGEM-OGGM_v13,0.33,18,5000,2,500
20186,4.5,3.867683343,PyGEM-OGGM_v13,0.33,18,5000,2,500
20187,4.55,3.74661597,PyGEM-OGGM_v13,0.33,18,5000,2,500
20189,4.6,3.629293319,PyGEM-OGGM_v13,0.33,18,5000,2,500
20190,4.65,3.516678324,PyGEM-OGGM_v13,0.33,18,5000,2,500
20192,4.7,3.408861745,PyGEM-OGGM_v13,0.33,18,5000,2,500
20193,4.75,3.305319653,PyGEM-OGGM_v13,0.33,18,5000,2,500
20194,4.8,3.205778319,PyGEM-OGGM_v13,0.33,18,5000,2,500
20195,4.85,3.109815393,PyGEM-OGGM_v13,0.33,18,5000,2,500
20196,4.9,3.016945276,PyGEM-OGGM_v13,0.33,18,5000,2,500
20197,4.95,2.926921784,PyGEM-OGGM_v13,0.33,18,5000,2,500
20198,5,2.83913851,PyGEM-OGGM_v13,0.33,18,5000,2,500
20199,5.05,2.753561616,PyGEM-OGGM_v13,0.33,18,5000,2,500
20200,5.1,2.670416217,PyGEM-OGGM_v13,0.33,18,5000,2,500
20201,5.15,2.58991075,PyGEM-OGGM_v13,0.33,18,5000,2,500
20202,5.2,2.512069878,PyGEM-OGGM_v13,0.33,18,5000,2,500
20204,5.25,2.436578992,PyGEM-OGGM_v13,0.33,18,5000,2,500
20205,5.3,2.362977717,PyGEM-OGGM_v13,0.33,18,5000,2,500
20206,5.35,2.290571672,PyGEM-OGGM_v13,0.33,18,5000,2,500
20207,5.4,2.218844389,PyGEM-OGGM_v13,0.33,18,5000,2,500
20208,5.45,2.147496984,PyGEM-OGGM_v13,0.33,18,5000,2,500
20209,5.5,2.076181342,PyGEM-OGGM_v13,0.33,18,5000,2,500
20210,5.55,2.004669378,PyGEM-OGGM_v13,0.33,18,5000,2,500
20211,5.6,1.932866766,PyGEM-OGGM_v13,0.33,18,5000,2,500
20212,5.65,1.86082876,PyGEM-OGGM_v13,0.33,18,5000,2,500
20213,5.7,1.788742838,PyGEM-OGGM_v13,0.33,18,5000,2,500
20214,5.75,1.716949229,PyGEM-OGGM_v13,0.33,18,5000,2,500
20215,5.8,1.645808433,PyGEM-OGGM_v13,0.33,18,5000,2,500
20218,5.85,1.575500375,PyGEM-OGGM_v13,0.33,18,5000,2,500
20219,5.9,1.506151981,PyGEM-OGGM_v13,0.33,18,5000,2,500
20220,5.95,1.437699536,PyGEM-OGGM_v13,0.33,18,5000,2,500
20221,6,1.370115632,PyGEM-OGGM_v13,0.33,18,5000,2,500
20222,6.05,1.303543641,PyGEM-OGGM_v13,0.33,18,5000,2,500
20223,6.1,1.238111284,PyGEM-OGGM_v13,0.33,18,5000,2,500
20224,6.15,1.173923834,PyGEM-OGGM_v13,0.33,18,5000,2,500
20225,6.2,1.111234851,PyGEM-OGGM_v13,0.33,18,5000,2,500
20226,6.25,1.050258146,PyGEM-OGGM_v13,0.33,18,5000,2,500
20227,6.3,0.991089345,PyGEM-OGGM_v13,0.33,18,5000,2,500
20228,6.35,0.933731929,PyGEM-OGGM_v13,0.33,18,5000,2,500
20229,6.4,0.878036063,PyGEM-OGGM_v13,0.33,18,5000,2,500
20230,6.45,0.823654387,PyGEM-OGGM_v13,0.33,18,5000,2,500
20231,6.5,0.770289983,PyGEM-OGGM_v13,0.33,18,5000,2,500
20232,6.55,0.717846365,PyGEM-OGGM_v13,0.33,18,5000,2,500
20233,6.6,0.666219569,PyGEM-OGGM_v13,0.33,18,5000,2,500
20234,6.65,0.615264313,PyGEM-OGGM_v13,0.33,18,5000,2,500
20235,6.7,0.564874968,PyGEM-OGGM_v13,0.33,18,5000,2,500
20236,6.75,0.515153931,PyGEM-OGGM_v13,0.33,18,5000,2,500
20237,6.8,0.466266185,PyGEM-OGGM_v13,0.33,18,5000,2,500
20238,6.85,0.418446775,PyGEM-OGGM_v13,0.33,18,5000,2,500
20242,-0.1,74.79089155,GLIMB,0.47,19,5000,2,500
20243,-0.05,74.63065296,GLIMB,0.47,19,5000,2,500
20244,0,74.46652438,GLIMB,0.47,19,5000,2,500
20245,0.05,74.30239739,GLIMB,0.47,19,5000,2,500
20247,0.1,74.14048498,GLIMB,0.47,19,5000,2,500
20249,0.15,73.98126179,GLIMB,0.47,19,5000,2,500
20251,0.2,73.82289677,GLIMB,0.47,19,5000,2,500
20254,0.25,73.66131259,GLIMB,0.47,19,5000,2,500
20256,0.3,73.49308081,GLIMB,0.47,19,5000,2,500
20258,0.35,73.31497469,GLIMB,0.47,19,5000,2,500
20264,0.4,73.12152566,GLIMB,0.47,19,5000,2,500
20265,0.45,72.9055857,GLIMB,0.47,19,5000,2,500
20267,0.5,72.65721062,GLIMB,0.47,19,5000,2,500
20268,0.55,72.36921421,GLIMB,0.47,19,5000,2,500
20269,0.6,72.0368575,GLIMB,0.47,19,5000,2,500
20270,0.65,71.65707065,GLIMB,0.47,19,5000,2,500
20271,0.7,71.2277723,GLIMB,0.47,19,5000,2,500
20272,0.75,70.74663589,GLIMB,0.47,19,5000,2,500
20273,0.8,70.21268508,GLIMB,0.47,19,5000,2,500
20274,0.85,69.62697063,GLIMB,0.47,19,5000,2,500
20275,0.9,68.9915835,GLIMB,0.47,19,5000,2,500
20280,0.95,68.30908507,GLIMB,0.47,19,5000,2,500
20281,1,67.58063929,GLIMB,0.47,19,5000,2,500
20282,1.05,66.80740332,GLIMB,0.47,19,5000,2,500
20284,1.1,65.9904965,GLIMB,0.47,19,5000,2,500
20285,1.15,65.12998987,GLIMB,0.47,19,5000,2,500
20286,1.2,64.22707539,GLIMB,0.47,19,5000,2,500
20287,1.25,63.28289666,GLIMB,0.47,19,5000,2,500
20288,1.3,62.29816507,GLIMB,0.47,19,5000,2,500
20289,1.35,61.27416077,GLIMB,0.47,19,5000,2,500
20290,1.4,60.21406971,GLIMB,0.47,19,5000,2,500
20291,1.45,59.12263496,GLIMB,0.47,19,5000,2,500
20296,1.5,58.00481783,GLIMB,0.47,19,5000,2,500
20299,1.55,56.86322021,GLIMB,0.47,19,5000,2,500
20300,1.6,55.69862492,GLIMB,0.47,19,5000,2,500
20302,1.65,54.51351772,GLIMB,0.47,19,5000,2,500
20310,1.7,53.31310328,GLIMB,0.47,19,5000,2,500
20314,1.75,52.10391515,GLIMB,0.47,19,5000,2,500
20315,1.8,50.89408824,GLIMB,0.47,19,5000,2,500
20316,1.85,49.69367969,GLIMB,0.47,19,5000,2,500
20317,1.9,48.51480043,GLIMB,0.47,19,5000,2,500
20320,1.95,47.37110041,GLIMB,0.47,19,5000,2,500
20322,2,46.27722509,GLIMB,0.47,19,5000,2,500
20325,2.05,45.24833325,GLIMB,0.47,19,5000,2,500
20328,2.1,44.2992142,GLIMB,0.47,19,5000,2,500
20330,2.15,43.44297075,GLIMB,0.47,19,5000,2,500
20335,2.2,42.68990866,GLIMB,0.47,19,5000,2,500
20336,2.25,42.04536564,GLIMB,0.47,19,5000,2,500
20337,2.3,41.50808786,GLIMB,0.47,19,5000,2,500
20340,2.35,41.06864646,GLIMB,0.47,19,5000,2,500
20341,2.4,40.70924749,GLIMB,0.47,19,5000,2,500
20343,2.45,40.40469256,GLIMB,0.47,19,5000,2,500
20344,2.5,40.12866884,GLIMB,0.47,19,5000,2,500
20345,2.55,39.87019192,GLIMB,0.47,19,5000,2,500
20347,2.6,39.62384418,GLIMB,0.47,19,5000,2,500
20348,2.65,39.38580102,GLIMB,0.47,19,5000,2,500
20350,2.7,39.15247019,GLIMB,0.47,19,5000,2,500
20353,2.75,38.92079603,GLIMB,0.47,19,5000,2,500
20354,2.8,38.68802146,GLIMB,0.47,19,5000,2,500
20357,2.85,38.45093218,GLIMB,0.47,19,5000,2,500
20358,2.9,38.20530282,GLIMB,0.47,19,5000,2,500
20359,2.95,37.94501375,GLIMB,0.47,19,5000,2,500
20362,3,37.66548956,GLIMB,0.47,19,5000,2,500
20365,3.05,37.3611812,GLIMB,0.47,19,5000,2,500
20366,3.1,37.02649655,GLIMB,0.47,19,5000,2,500
20368,3.15,36.65882803,GLIMB,0.47,19,5000,2,500
20369,3.2,36.25991195,GLIMB,0.47,19,5000,2,500
20370,3.25,35.83322419,GLIMB,0.47,19,5000,2,500
20371,3.3,35.38388711,GLIMB,0.47,19,5000,2,500
20372,3.35,34.91861712,GLIMB,0.47,19,5000,2,500
20373,3.4,34.44447051,GLIMB,0.47,19,5000,2,500
20375,3.45,33.96823695,GLIMB,0.47,19,5000,2,500
20377,3.5,33.4970717,GLIMB,0.47,19,5000,2,500
20381,3.55,33.03734114,GLIMB,0.47,19,5000,2,500
20382,3.6,32.59379946,GLIMB,0.47,19,5000,2,500
20384,3.65,32.17012073,GLIMB,0.47,19,5000,2,500
20385,3.7,31.76876981,GLIMB,0.47,19,5000,2,500
20386,3.75,31.39060638,GLIMB,0.47,19,5000,2,500
20387,3.8,31.03479688,GLIMB,0.47,19,5000,2,500
20389,3.85,30.69934616,GLIMB,0.47,19,5000,2,500
20390,3.9,30.38128071,GLIMB,0.47,19,5000,2,500
20391,3.95,30.07809001,GLIMB,0.47,19,5000,2,500
20393,4,29.78820526,GLIMB,0.47,19,5000,2,500
20395,4.05,29.51045904,GLIMB,0.47,19,5000,2,500
20396,4.1,29.24411602,GLIMB,0.47,19,5000,2,500
20397,4.15,28.98840533,GLIMB,0.47,19,5000,2,500
20399,4.2,28.74199463,GLIMB,0.47,19,5000,2,500
20400,4.25,28.50395735,GLIMB,0.47,19,5000,2,500
20401,4.3,28.27363714,GLIMB,0.47,19,5000,2,500
20402,4.35,28.05011032,GLIMB,0.47,19,5000,2,500
20403,4.4,27.83232799,GLIMB,0.47,19,5000,2,500
20405,4.45,27.61991624,GLIMB,0.47,19,5000,2,500
20406,4.5,27.41268738,GLIMB,0.47,19,5000,2,500
20407,4.55,27.21040198,GLIMB,0.47,19,5000,2,500
20409,4.6,27.01282076,GLIMB,0.47,19,5000,2,500
20410,4.65,26.81971953,GLIMB,0.47,19,5000,2,500
20412,4.7,26.63087616,GLIMB,0.47,19,5000,2,500
20413,4.75,26.44608059,GLIMB,0.47,19,5000,2,500
20414,4.8,26.26513277,GLIMB,0.47,19,5000,2,500
20415,4.85,26.08779396,GLIMB,0.47,19,5000,2,500
20416,4.9,25.91371278,GLIMB,0.47,19,5000,2,500
20417,4.95,25.74232087,GLIMB,0.47,19,5000,2,500
20418,5,25.57288301,GLIMB,0.47,19,5000,2,500
20419,5.05,25.40494532,GLIMB,0.47,19,5000,2,500
20420,5.1,25.23852853,GLIMB,0.47,19,5000,2,500
20421,5.15,25.07371373,GLIMB,0.47,19,5000,2,500
20422,5.2,24.91059252,GLIMB,0.47,19,5000,2,500
20424,5.25,24.74933757,GLIMB,0.47,19,5000,2,500
20425,5.3,24.59012975,GLIMB,0.47,19,5000,2,500
20426,5.35,24.43304663,GLIMB,0.47,19,5000,2,500
20427,5.4,24.27808323,GLIMB,0.47,19,5000,2,500
20428,5.45,24.12495021,GLIMB,0.47,19,5000,2,500
20429,5.5,23.97314312,GLIMB,0.47,19,5000,2,500
20430,5.55,23.82254759,GLIMB,0.47,19,5000,2,500
20431,5.6,23.6732684,GLIMB,0.47,19,5000,2,500
20432,5.65,23.5253841,GLIMB,0.47,19,5000,2,500
20433,5.7,23.37888731,GLIMB,0.47,19,5000,2,500
20434,5.75,23.23350693,GLIMB,0.47,19,5000,2,500
20435,5.8,23.08885662,GLIMB,0.47,19,5000,2,500
20438,5.85,22.94490028,GLIMB,0.47,19,5000,2,500
20439,5.9,22.80173133,GLIMB,0.47,19,5000,2,500
20440,5.95,22.65936755,GLIMB,0.47,19,5000,2,500
20441,6,22.51765701,GLIMB,0.47,19,5000,2,500
20442,6.05,22.37659436,GLIMB,0.47,19,5000,2,500
20443,6.1,22.23616536,GLIMB,0.47,19,5000,2,500
20444,6.15,22.09625174,GLIMB,0.47,19,5000,2,500
20445,6.2,21.95659474,GLIMB,0.47,19,5000,2,500
20446,6.25,21.81715686,GLIMB,0.47,19,5000,2,500
20447,6.3,21.67806064,GLIMB,0.47,19,5000,2,500
20448,6.35,21.53943653,GLIMB,0.47,19,5000,2,500
20449,6.4,21.40132129,GLIMB,0.47,19,5000,2,500
20450,6.45,21.26354313,GLIMB,0.47,19,5000,2,500
20451,6.5,21.12565624,GLIMB,0.47,19,5000,2,500
20452,6.55,20.98740549,GLIMB,0.47,19,5000,2,500
20453,6.6,20.84857771,GLIMB,0.47,19,5000,2,500
20454,6.65,20.70885189,GLIMB,0.47,19,5000,2,500
20455,6.7,20.56831312,GLIMB,0.47,19,5000,2,500
20456,6.75,20.42720004,GLIMB,0.47,19,5000,2,500
20457,6.8,20.28577619,GLIMB,0.47,19,5000,2,500
20458,6.85,20.14429256,GLIMB,0.47,19,5000,2,500
20462,-0.1,139.1517756,GloGEMflow,0.47,19,5000,2,500
20463,-0.05,138.6406685,GloGEMflow,0.47,19,5000,2,500
20464,0,138.1549666,GloGEMflow,0.47,19,5000,2,500
20465,0.05,137.6950404,GloGEMflow,0.47,19,5000,2,500
20467,0.1,137.2541952,GloGEMflow,0.47,19,5000,2,500
20469,0.15,136.8294369,GloGEMflow,0.47,19,5000,2,500
20471,0.2,136.4204957,GloGEMflow,0.47,19,5000,2,500
20474,0.25,136.0271584,GloGEMflow,0.47,19,5000,2,500
20476,0.3,135.6520334,GloGEMflow,0.47,19,5000,2,500
20478,0.35,135.2994509,GloGEMflow,0.47,19,5000,2,500
20484,0.4,134.969327,GloGEMflow,0.47,19,5000,2,500
20485,0.45,134.6650375,GloGEMflow,0.47,19,5000,2,500
20487,0.5,134.3883857,GloGEMflow,0.47,19,5000,2,500
20488,0.55,134.1354412,GloGEMflow,0.47,19,5000,2,500
20489,0.6,133.8964854,GloGEMflow,0.47,19,5000,2,500
20490,0.65,133.6569694,GloGEMflow,0.47,19,5000,2,500
20491,0.7,133.4007505,GloGEMflow,0.47,19,5000,2,500
20492,0.75,133.1118342,GloGEMflow,0.47,19,5000,2,500
20493,0.8,132.7763322,GloGEMflow,0.47,19,5000,2,500
20494,0.85,132.3822108,GloGEMflow,0.47,19,5000,2,500
20495,0.9,131.9178147,GloGEMflow,0.47,19,5000,2,500
20500,0.95,131.375254,GloGEMflow,0.47,19,5000,2,500
20501,1,130.7475265,GloGEMflow,0.47,19,5000,2,500
20502,1.05,130.0312144,GloGEMflow,0.47,19,5000,2,500
20504,1.1,129.2269689,GloGEMflow,0.47,19,5000,2,500
20505,1.15,128.3376625,GloGEMflow,0.47,19,5000,2,500
20506,1.2,127.3667884,GloGEMflow,0.47,19,5000,2,500
20507,1.25,126.3155455,GloGEMflow,0.47,19,5000,2,500
20508,1.3,125.1861743,GloGEMflow,0.47,19,5000,2,500
20509,1.35,123.9813563,GloGEMflow,0.47,19,5000,2,500
20510,1.4,122.7057614,GloGEMflow,0.47,19,5000,2,500
20511,1.45,121.36531,GloGEMflow,0.47,19,5000,2,500
20516,1.5,119.9657507,GloGEMflow,0.47,19,5000,2,500
20519,1.55,118.5100014,GloGEMflow,0.47,19,5000,2,500
20520,1.6,116.997791,GloGEMflow,0.47,19,5000,2,500
20522,1.65,115.4298324,GloGEMflow,0.47,19,5000,2,500
20530,1.7,113.8075142,GloGEMflow,0.47,19,5000,2,500
20534,1.75,112.1308569,GloGEMflow,0.47,19,5000,2,500
20535,1.8,110.4002663,GloGEMflow,0.47,19,5000,2,500
20536,1.85,108.6183716,GloGEMflow,0.47,19,5000,2,500
20537,1.9,106.7919799,GloGEMflow,0.47,19,5000,2,500
20540,1.95,104.9323838,GloGEMflow,0.47,19,5000,2,500
20542,2,103.0529597,GloGEMflow,0.47,19,5000,2,500
20545,2.05,101.1717048,GloGEMflow,0.47,19,5000,2,500
20548,2.1,99.31263306,GloGEMflow,0.47,19,5000,2,500
20550,2.15,97.50454783,GloGEMflow,0.47,19,5000,2,500
20555,2.2,95.77756026,GloGEMflow,0.47,19,5000,2,500
20556,2.25,94.16019891,GloGEMflow,0.47,19,5000,2,500
20557,2.3,92.67363141,GloGEMflow,0.47,19,5000,2,500
20560,2.35,91.32623089,GloGEMflow,0.47,19,5000,2,500
20561,2.4,90.10927916,GloGEMflow,0.47,19,5000,2,500
20563,2.45,88.99171708,GloGEMflow,0.47,19,5000,2,500
20564,2.5,87.92714492,GloGEMflow,0.47,19,5000,2,500
20565,2.55,86.89692846,GloGEMflow,0.47,19,5000,2,500
20567,2.6,85.88913446,GloGEMflow,0.47,19,5000,2,500
20568,2.65,84.88919136,GloGEMflow,0.47,19,5000,2,500
20570,2.7,83.88417568,GloGEMflow,0.47,19,5000,2,500
20573,2.75,82.86350337,GloGEMflow,0.47,19,5000,2,500
20574,2.8,81.81676879,GloGEMflow,0.47,19,5000,2,500
20577,2.85,80.73385209,GloGEMflow,0.47,19,5000,2,500
20578,2.9,79.60289163,GloGEMflow,0.47,19,5000,2,500
20579,2.95,78.40792224,GloGEMflow,0.47,19,5000,2,500
20582,3,77.13954557,GloGEMflow,0.47,19,5000,2,500
20585,3.05,75.79454826,GloGEMflow,0.47,19,5000,2,500
20586,3.1,74.3761936,GloGEMflow,0.47,19,5000,2,500
20588,3.15,72.89280647,GloGEMflow,0.47,19,5000,2,500
20589,3.2,71.35680276,GloGEMflow,0.47,19,5000,2,500
20590,3.25,69.78263707,GloGEMflow,0.47,19,5000,2,500
20591,3.3,68.18605328,GloGEMflow,0.47,19,5000,2,500
20592,3.35,66.58318984,GloGEMflow,0.47,19,5000,2,500
20593,3.4,64.98919039,GloGEMflow,0.47,19,5000,2,500
20595,3.45,63.41681264,GloGEMflow,0.47,19,5000,2,500
20597,3.5,61.87472302,GloGEMflow,0.47,19,5000,2,500
20601,3.55,60.36909563,GloGEMflow,0.47,19,5000,2,500
20602,3.6,58.90548468,GloGEMflow,0.47,19,5000,2,500
20604,3.65,57.48792755,GloGEMflow,0.47,19,5000,2,500
20605,3.7,56.12048419,GloGEMflow,0.47,19,5000,2,500
20606,3.75,54.80530277,GloGEMflow,0.47,19,5000,2,500
20607,3.8,53.54140753,GloGEMflow,0.47,19,5000,2,500
20609,3.85,52.3235931,GloGEMflow,0.47,19,5000,2,500
20610,3.9,51.14562439,GloGEMflow,0.47,19,5000,2,500
20611,3.95,50.00258763,GloGEMflow,0.47,19,5000,2,500
20613,4,48.8903314,GloGEMflow,0.47,19,5000,2,500
20615,4.05,47.80647751,GloGEMflow,0.47,19,5000,2,500
20616,4.1,46.74968713,GloGEMflow,0.47,19,5000,2,500
20617,4.15,45.7186361,GloGEMflow,0.47,19,5000,2,500
20619,4.2,44.71143362,GloGEMflow,0.47,19,5000,2,500
20620,4.25,43.72608191,GloGEMflow,0.47,19,5000,2,500
20621,4.3,42.76222728,GloGEMflow,0.47,19,5000,2,500
20622,4.35,41.81997449,GloGEMflow,0.47,19,5000,2,500
20623,4.4,40.89938523,GloGEMflow,0.47,19,5000,2,500
20625,4.45,40.00009267,GloGEMflow,0.47,19,5000,2,500
20626,4.5,39.12097579,GloGEMflow,0.47,19,5000,2,500
20627,4.55,38.26204605,GloGEMflow,0.47,19,5000,2,500
20629,4.6,37.42384721,GloGEMflow,0.47,19,5000,2,500
20630,4.65,36.6066292,GloGEMflow,0.47,19,5000,2,500
20632,4.7,35.81009034,GloGEMflow,0.47,19,5000,2,500
20633,4.75,35.03308655,GloGEMflow,0.47,19,5000,2,500
20634,4.8,34.27368691,GloGEMflow,0.47,19,5000,2,500
20635,4.85,33.53097773,GloGEMflow,0.47,19,5000,2,500
20636,4.9,32.80401916,GloGEMflow,0.47,19,5000,2,500
20637,4.95,32.09112526,GloGEMflow,0.47,19,5000,2,500
20638,5,31.39019885,GloGEMflow,0.47,19,5000,2,500
20639,5.05,30.7003463,GloGEMflow,0.47,19,5000,2,500
20640,5.1,30.02061675,GloGEMflow,0.47,19,5000,2,500
20641,5.15,29.34887934,GloGEMflow,0.47,19,5000,2,500
20642,5.2,28.6817812,GloGEMflow,0.47,19,5000,2,500
20644,5.25,28.01733767,GloGEMflow,0.47,19,5000,2,500
20645,5.3,27.35511545,GloGEMflow,0.47,19,5000,2,500
20646,5.35,26.69478624,GloGEMflow,0.47,19,5000,2,500
20647,5.4,26.0362954,GloGEMflow,0.47,19,5000,2,500
20648,5.45,25.37927275,GloGEMflow,0.47,19,5000,2,500
20649,5.5,24.72331787,GloGEMflow,0.47,19,5000,2,500
20650,5.55,24.06805908,GloGEMflow,0.47,19,5000,2,500
20651,5.6,23.41254519,GloGEMflow,0.47,19,5000,2,500
20652,5.65,22.75548206,GloGEMflow,0.47,19,5000,2,500
20653,5.7,22.09568752,GloGEMflow,0.47,19,5000,2,500
20654,5.75,21.43269673,GloGEMflow,0.47,19,5000,2,500
20655,5.8,20.76604743,GloGEMflow,0.47,19,5000,2,500
20658,5.85,20.09496785,GloGEMflow,0.47,19,5000,2,500
20659,5.9,19.41860857,GloGEMflow,0.47,19,5000,2,500
20660,5.95,18.73721575,GloGEMflow,0.47,19,5000,2,500
20661,6,18.05216584,GloGEMflow,0.47,19,5000,2,500
20662,6.05,17.36514647,GloGEMflow,0.47,19,5000,2,500
20663,6.1,16.67784258,GloGEMflow,0.47,19,5000,2,500
20664,6.15,15.99205301,GloGEMflow,0.47,19,5000,2,500
20665,6.2,15.3092802,GloGEMflow,0.47,19,5000,2,500
20666,6.25,14.63023927,GloGEMflow,0.47,19,5000,2,500
20667,6.3,13.95519492,GloGEMflow,0.47,19,5000,2,500
20668,6.35,13.28478481,GloGEMflow,0.47,19,5000,2,500
20669,6.4,12.61938589,GloGEMflow,0.47,19,5000,2,500
20670,6.45,11.95894217,GloGEMflow,0.47,19,5000,2,500
20671,6.5,11.30397658,GloGEMflow,0.47,19,5000,2,500
20672,6.55,10.65558896,GloGEMflow,0.47,19,5000,2,500
20673,6.6,10.01473233,GloGEMflow,0.47,19,5000,2,500
20674,6.65,9.382054717,GloGEMflow,0.47,19,5000,2,500
20675,6.7,8.757833057,GloGEMflow,0.47,19,5000,2,500
20676,6.75,8.142009745,GloGEMflow,0.47,19,5000,2,500
20677,6.8,7.535042696,GloGEMflow,0.47,19,5000,2,500
20678,6.85,6.937272902,GloGEMflow,0.47,19,5000,2,500
20682,-0.1,142.6083981,OGGM_v16,0.23,19,5000,2,500
20683,-0.05,140.8995334,OGGM_v16,0.23,19,5000,2,500
20684,0,138.7595356,OGGM_v16,0.23,19,5000,2,500
20685,0.05,136.2558384,OGGM_v16,0.23,19,5000,2,500
20687,0.1,133.4653782,OGGM_v16,0.23,19,5000,2,500
20689,0.15,130.4405768,OGGM_v16,0.23,19,5000,2,500
20691,0.2,127.2192087,OGGM_v16,0.23,19,5000,2,500
20694,0.25,123.8483378,OGGM_v16,0.23,19,5000,2,500
20696,0.3,120.3858072,OGGM_v16,0.23,19,5000,2,500
20698,0.35,116.8924777,OGGM_v16,0.23,19,5000,2,500
20704,0.4,113.4145826,OGGM_v16,0.23,19,5000,2,500
20705,0.45,109.9700141,OGGM_v16,0.23,19,5000,2,500
20707,0.5,106.5535887,OGGM_v16,0.23,19,5000,2,500
20708,0.55,103.1605685,OGGM_v16,0.23,19,5000,2,500
20709,0.6,99.79465784,OGGM_v16,0.23,19,5000,2,500
20710,0.65,96.47753705,OGGM_v16,0.23,19,5000,2,500
20711,0.7,93.22242855,OGGM_v16,0.23,19,5000,2,500
20712,0.75,90.02156359,OGGM_v16,0.23,19,5000,2,500
20713,0.8,86.87061883,OGGM_v16,0.23,19,5000,2,500
20714,0.85,83.77497286,OGGM_v16,0.23,19,5000,2,500
20715,0.9,80.75723836,OGGM_v16,0.23,19,5000,2,500
20720,0.95,77.84344656,OGGM_v16,0.23,19,5000,2,500
20721,1,75.03289021,OGGM_v16,0.23,19,5000,2,500
20722,1.05,72.35817276,OGGM_v16,0.23,19,5000,2,500
20724,1.1,69.86735017,OGGM_v16,0.23,19,5000,2,500
20725,1.15,67.58777266,OGGM_v16,0.23,19,5000,2,500
20726,1.2,65.49852017,OGGM_v16,0.23,19,5000,2,500
20727,1.25,63.50434552,OGGM_v16,0.23,19,5000,2,500
20728,1.3,61.50518897,OGGM_v16,0.23,19,5000,2,500
20729,1.35,59.48877233,OGGM_v16,0.23,19,5000,2,500
20730,1.4,57.4926722,OGGM_v16,0.23,19,5000,2,500
20731,1.45,55.6213207,OGGM_v16,0.23,19,5000,2,500
20736,1.5,53.84911521,OGGM_v16,0.23,19,5000,2,500
20739,1.55,52.00556205,OGGM_v16,0.23,19,5000,2,500
20740,1.6,49.93122177,OGGM_v16,0.23,19,5000,2,500
20742,1.65,47.71349973,OGGM_v16,0.23,19,5000,2,500
20750,1.7,45.50685223,OGGM_v16,0.23,19,5000,2,500
20754,1.75,43.35675498,OGGM_v16,0.23,19,5000,2,500
20755,1.8,41.2849985,OGGM_v16,0.23,19,5000,2,500
20756,1.85,39.36480268,OGGM_v16,0.23,19,5000,2,500
20757,1.9,37.66914354,OGGM_v16,0.23,19,5000,2,500
20760,1.95,36.23649601,OGGM_v16,0.23,19,5000,2,500
20762,2,35.09758028,OGGM_v16,0.23,19,5000,2,500
20765,2.05,34.24731513,OGGM_v16,0.23,19,5000,2,500
20768,2.1,33.68252858,OGGM_v16,0.23,19,5000,2,500
20770,2.15,33.40192895,OGGM_v16,0.23,19,5000,2,500
20775,2.2,33.32669518,OGGM_v16,0.23,19,5000,2,500
20776,2.25,33.27298538,OGGM_v16,0.23,19,5000,2,500
20777,2.3,33.03586611,OGGM_v16,0.23,19,5000,2,500
20780,2.35,32.5524895,OGGM_v16,0.23,19,5000,2,500
20781,2.4,31.85726586,OGGM_v16,0.23,19,5000,2,500
20783,2.45,30.98775749,OGGM_v16,0.23,19,5000,2,500
20784,2.5,29.97238305,OGGM_v16,0.23,19,5000,2,500
20785,2.55,28.84272652,OGGM_v16,0.23,19,5000,2,500
20787,2.6,27.64140216,OGGM_v16,0.23,19,5000,2,500
20788,2.65,26.41683532,OGGM_v16,0.23,19,5000,2,500
20790,2.7,25.21282359,OGGM_v16,0.23,19,5000,2,500
20793,2.75,24.02646374,OGGM_v16,0.23,19,5000,2,500
20794,2.8,22.85511638,OGGM_v16,0.23,19,5000,2,500
20797,2.85,21.71899051,OGGM_v16,0.23,19,5000,2,500
20798,2.9,20.62657568,OGGM_v16,0.23,19,5000,2,500
20799,2.95,19.58752427,OGGM_v16,0.23,19,5000,2,500
20802,3,18.60227137,OGGM_v16,0.23,19,5000,2,500
20805,3.05,17.6673202,OGGM_v16,0.23,19,5000,2,500
20806,3.1,16.78794158,OGGM_v16,0.23,19,5000,2,500
20808,3.15,15.95712456,OGGM_v16,0.23,19,5000,2,500
20809,3.2,15.1758111,OGGM_v16,0.23,19,5000,2,500
20810,3.25,14.43819445,OGGM_v16,0.23,19,5000,2,500
20811,3.3,13.74007762,OGGM_v16,0.23,19,5000,2,500
20812,3.35,13.08949552,OGGM_v16,0.23,19,5000,2,500
20813,3.4,12.49652244,OGGM_v16,0.23,19,5000,2,500
20815,3.45,11.96064168,OGGM_v16,0.23,19,5000,2,500
20817,3.5,11.47594169,OGGM_v16,0.23,19,5000,2,500
20821,3.55,11.03663763,OGGM_v16,0.23,19,5000,2,500
20822,3.6,10.62887899,OGGM_v16,0.23,19,5000,2,500
20824,3.65,10.2395193,OGGM_v16,0.23,19,5000,2,500
20825,3.7,9.866748477,OGGM_v16,0.23,19,5000,2,500
20826,3.75,9.515915894,OGGM_v16,0.23,19,5000,2,500
20827,3.8,9.18885772,OGGM_v16,0.23,19,5000,2,500
20829,3.85,8.88789755,OGGM_v16,0.23,19,5000,2,500
20830,3.9,8.611208471,OGGM_v16,0.23,19,5000,2,500
20831,3.95,8.35393861,OGGM_v16,0.23,19,5000,2,500
20833,4,8.11475836,OGGM_v16,0.23,19,5000,2,500
20835,4.05,7.892364954,OGGM_v16,0.23,19,5000,2,500
20836,4.1,7.685188127,OGGM_v16,0.23,19,5000,2,500
20837,4.15,7.495073434,OGGM_v16,0.23,19,5000,2,500
20839,4.2,7.318028736,OGGM_v16,0.23,19,5000,2,500
20840,4.25,7.150167834,OGGM_v16,0.23,19,5000,2,500
20841,4.3,6.990679413,OGGM_v16,0.23,19,5000,2,500
20842,4.35,6.837393426,OGGM_v16,0.23,19,5000,2,500
20843,4.4,6.690048962,OGGM_v16,0.23,19,5000,2,500
20845,4.45,6.547757071,OGGM_v16,0.23,19,5000,2,500
20846,4.5,6.408273399,OGGM_v16,0.23,19,5000,2,500
20847,4.55,6.270058309,OGGM_v16,0.23,19,5000,2,500
20849,4.6,6.134282274,OGGM_v16,0.23,19,5000,2,500
20850,4.65,6.001898295,OGGM_v16,0.23,19,5000,2,500
20852,4.7,5.872309429,OGGM_v16,0.23,19,5000,2,500
20853,4.75,5.746255737,OGGM_v16,0.23,19,5000,2,500
20854,4.8,5.625779382,OGGM_v16,0.23,19,5000,2,500
20855,4.85,5.512473887,OGGM_v16,0.23,19,5000,2,500
20856,4.9,5.407105269,OGGM_v16,0.23,19,5000,2,500
20857,4.95,5.309206992,OGGM_v16,0.23,19,5000,2,500
20858,5,5.2182165,OGGM_v16,0.23,19,5000,2,500
20859,5.05,5.133537159,OGGM_v16,0.23,19,5000,2,500
20860,5.1,5.054524327,OGGM_v16,0.23,19,5000,2,500
20861,5.15,4.980362015,OGGM_v16,0.23,19,5000,2,500
20862,5.2,4.909547843,OGGM_v16,0.23,19,5000,2,500
20864,5.25,4.841087096,OGGM_v16,0.23,19,5000,2,500
20865,5.3,4.773471775,OGGM_v16,0.23,19,5000,2,500
20866,5.35,4.705997341,OGGM_v16,0.23,19,5000,2,500
20867,5.4,4.638984472,OGGM_v16,0.23,19,5000,2,500
20868,5.45,4.573072625,OGGM_v16,0.23,19,5000,2,500
20869,5.5,4.50889293,OGGM_v16,0.23,19,5000,2,500
20870,5.55,4.446890504,OGGM_v16,0.23,19,5000,2,500
20871,5.6,4.386935978,OGGM_v16,0.23,19,5000,2,500
20872,5.65,4.328379889,OGGM_v16,0.23,19,5000,2,500
20873,5.7,4.271049095,OGGM_v16,0.23,19,5000,2,500
20874,5.75,4.215055588,OGGM_v16,0.23,19,5000,2,500
20875,5.8,4.160392905,OGGM_v16,0.23,19,5000,2,500
20878,5.85,4.106956512,OGGM_v16,0.23,19,5000,2,500
20879,5.9,4.054775299,OGGM_v16,0.23,19,5000,2,500
20880,5.95,4.003755486,OGGM_v16,0.23,19,5000,2,500
20881,6,3.953590929,OGGM_v16,0.23,19,5000,2,500
20882,6.05,3.904249135,OGGM_v16,0.23,19,5000,2,500
20883,6.1,3.855737893,OGGM_v16,0.23,19,5000,2,500
20884,6.15,3.807946347,OGGM_v16,0.23,19,5000,2,500
20885,6.2,3.760739098,OGGM_v16,0.23,19,5000,2,500
20886,6.25,3.714039001,OGGM_v16,0.23,19,5000,2,500
20887,6.3,3.667646302,OGGM_v16,0.23,19,5000,2,500
20888,6.35,3.621139065,OGGM_v16,0.23,19,5000,2,500
20889,6.4,3.573956209,OGGM_v16,0.23,19,5000,2,500
20890,6.45,3.52557687,OGGM_v16,0.23,19,5000,2,500
20891,6.5,3.475556826,OGGM_v16,0.23,19,5000,2,500
20892,6.55,3.42354111,OGGM_v16,0.23,19,5000,2,500
20893,6.6,3.369302387,OGGM_v16,0.23,19,5000,2,500
20894,6.65,3.312763073,OGGM_v16,0.23,19,5000,2,500
20895,6.7,3.253992222,OGGM_v16,0.23,19,5000,2,500
20896,6.75,3.193234974,OGGM_v16,0.23,19,5000,2,500
20897,6.8,3.131063519,OGGM_v16,0.23,19,5000,2,500
20898,6.85,3.068227622,OGGM_v16,0.23,19,5000,2,500
20902,-0.1,72.53001993,PyGEM-OGGM_v13,0.27,19,5000,2,500
20903,-0.05,71.74087681,PyGEM-OGGM_v13,0.27,19,5000,2,500
20904,0,70.94581221,PyGEM-OGGM_v13,0.27,19,5000,2,500
20905,0.05,70.1457176,PyGEM-OGGM_v13,0.27,19,5000,2,500
20907,0.1,69.34347491,PyGEM-OGGM_v13,0.27,19,5000,2,500
20909,0.15,68.54270859,PyGEM-OGGM_v13,0.27,19,5000,2,500
20911,0.2,67.74932221,PyGEM-OGGM_v13,0.27,19,5000,2,500
20914,0.25,66.9685085,PyGEM-OGGM_v13,0.27,19,5000,2,500
20916,0.3,66.20270555,PyGEM-OGGM_v13,0.27,19,5000,2,500
20918,0.35,65.48337912,PyGEM-OGGM_v13,0.27,19,5000,2,500
20924,0.4,64.83756752,PyGEM-OGGM_v13,0.27,19,5000,2,500
20925,0.45,64.26367808,PyGEM-OGGM_v13,0.27,19,5000,2,500
20927,0.5,63.74921117,PyGEM-OGGM_v13,0.27,19,5000,2,500
20928,0.55,63.2733676,PyGEM-OGGM_v13,0.27,19,5000,2,500
20929,0.6,62.81006137,PyGEM-OGGM_v13,0.27,19,5000,2,500
20930,0.65,62.32570375,PyGEM-OGGM_v13,0.27,19,5000,2,500
20931,0.7,61.8043,PyGEM-OGGM_v13,0.27,19,5000,2,500
20932,0.75,61.23727216,PyGEM-OGGM_v13,0.27,19,5000,2,500
20933,0.8,60.61080904,PyGEM-OGGM_v13,0.27,19,5000,2,500
20934,0.85,59.89630979,PyGEM-OGGM_v13,0.27,19,5000,2,500
20935,0.9,59.07732178,PyGEM-OGGM_v13,0.27,19,5000,2,500
20940,0.95,58.15198138,PyGEM-OGGM_v13,0.27,19,5000,2,500
20941,1,57.11566886,PyGEM-OGGM_v13,0.27,19,5000,2,500
20942,1.05,55.96123808,PyGEM-OGGM_v13,0.27,19,5000,2,500
20944,1.1,54.67892976,PyGEM-OGGM_v13,0.27,19,5000,2,500
20945,1.15,53.25111146,PyGEM-OGGM_v13,0.27,19,5000,2,500
20946,1.2,51.66402135,PyGEM-OGGM_v13,0.27,19,5000,2,500
20947,1.25,49.91374246,PyGEM-OGGM_v13,0.27,19,5000,2,500
20948,1.3,48.00892913,PyGEM-OGGM_v13,0.27,19,5000,2,500
20949,1.35,45.97106098,PyGEM-OGGM_v13,0.27,19,5000,2,500
20950,1.4,43.83356993,PyGEM-OGGM_v13,0.27,19,5000,2,500
20951,1.45,41.66254486,PyGEM-OGGM_v13,0.27,19,5000,2,500
20956,1.5,39.56113361,PyGEM-OGGM_v13,0.27,19,5000,2,500
20959,1.55,37.60238705,PyGEM-OGGM_v13,0.27,19,5000,2,500
20960,1.6,35.78910912,PyGEM-OGGM_v13,0.27,19,5000,2,500
20962,1.65,34.16766204,PyGEM-OGGM_v13,0.27,19,5000,2,500
20970,1.7,32.7607554,PyGEM-OGGM_v13,0.27,19,5000,2,500
20974,1.75,31.57019806,PyGEM-OGGM_v13,0.27,19,5000,2,500
20975,1.8,30.64779473,PyGEM-OGGM_v13,0.27,19,5000,2,500
20976,1.85,30.02372835,PyGEM-OGGM_v13,0.27,19,5000,2,500
20977,1.9,29.66419022,PyGEM-OGGM_v13,0.27,19,5000,2,500
20980,1.95,29.49208624,PyGEM-OGGM_v13,0.27,19,5000,2,500
20982,2,29.43079498,PyGEM-OGGM_v13,0.27,19,5000,2,500
20985,2.05,29.41544405,PyGEM-OGGM_v13,0.27,19,5000,2,500
20988,2.1,29.39994431,PyGEM-OGGM_v13,0.27,19,5000,2,500
20990,2.15,29.35138239,PyGEM-OGGM_v13,0.27,19,5000,2,500
20995,2.2,29.24615555,PyGEM-OGGM_v13,0.27,19,5000,2,500
20996,2.25,29.0617907,PyGEM-OGGM_v13,0.27,19,5000,2,500
20997,2.3,28.77884305,PyGEM-OGGM_v13,0.27,19,5000,2,500
21000,2.35,28.38223728,PyGEM-OGGM_v13,0.27,19,5000,2,500
21001,2.4,27.86037568,PyGEM-OGGM_v13,0.27,19,5000,2,500
21003,2.45,27.19992865,PyGEM-OGGM_v13,0.27,19,5000,2,500
21004,2.5,26.39211959,PyGEM-OGGM_v13,0.27,19,5000,2,500
21005,2.55,25.46821734,PyGEM-OGGM_v13,0.27,19,5000,2,500
21007,2.6,24.48690494,PyGEM-OGGM_v13,0.27,19,5000,2,500
21008,2.65,23.50355425,PyGEM-OGGM_v13,0.27,19,5000,2,500
21010,2.7,22.55249961,PyGEM-OGGM_v13,0.27,19,5000,2,500
21013,2.75,21.64405238,PyGEM-OGGM_v13,0.27,19,5000,2,500
21014,2.8,20.80052846,PyGEM-OGGM_v13,0.27,19,5000,2,500
21017,2.85,20.05220098,PyGEM-OGGM_v13,0.27,19,5000,2,500
21018,2.9,19.40742545,PyGEM-OGGM_v13,0.27,19,5000,2,500
21019,2.95,18.85353022,PyGEM-OGGM_v13,0.27,19,5000,2,500
21022,3,18.35143194,PyGEM-OGGM_v13,0.27,19,5000,2,500
21025,3.05,17.87349617,PyGEM-OGGM_v13,0.27,19,5000,2,500
21026,3.1,17.39803146,PyGEM-OGGM_v13,0.27,19,5000,2,500
21028,3.15,16.92117362,PyGEM-OGGM_v13,0.27,19,5000,2,500
21029,3.2,16.4435121,PyGEM-OGGM_v13,0.27,19,5000,2,500
21030,3.25,15.96335825,PyGEM-OGGM_v13,0.27,19,5000,2,500
21031,3.3,15.48326844,PyGEM-OGGM_v13,0.27,19,5000,2,500
21032,3.35,15.0168675,PyGEM-OGGM_v13,0.27,19,5000,2,500
21033,3.4,14.5810111,PyGEM-OGGM_v13,0.27,19,5000,2,500
21035,3.45,14.18701634,PyGEM-OGGM_v13,0.27,19,5000,2,500
21037,3.5,13.83131313,PyGEM-OGGM_v13,0.27,19,5000,2,500
21041,3.55,13.50835423,PyGEM-OGGM_v13,0.27,19,5000,2,500
21042,3.6,13.21518912,PyGEM-OGGM_v13,0.27,19,5000,2,500
21044,3.65,12.94998862,PyGEM-OGGM_v13,0.27,19,5000,2,500
21045,3.7,12.71312382,PyGEM-OGGM_v13,0.27,19,5000,2,500
21046,3.75,12.50500902,PyGEM-OGGM_v13,0.27,19,5000,2,500
21047,3.8,12.32400216,PyGEM-OGGM_v13,0.27,19,5000,2,500
21049,3.85,12.16722476,PyGEM-OGGM_v13,0.27,19,5000,2,500
21050,3.9,12.03377837,PyGEM-OGGM_v13,0.27,19,5000,2,500
21051,3.95,11.92295303,PyGEM-OGGM_v13,0.27,19,5000,2,500
21053,4,11.83361395,PyGEM-OGGM_v13,0.27,19,5000,2,500
21055,4.05,11.76418099,PyGEM-OGGM_v13,0.27,19,5000,2,500
21056,4.1,11.71216496,PyGEM-OGGM_v13,0.27,19,5000,2,500
21057,4.15,11.67320013,PyGEM-OGGM_v13,0.27,19,5000,2,500
21059,4.2,11.64310281,PyGEM-OGGM_v13,0.27,19,5000,2,500
21060,4.25,11.61943246,PyGEM-OGGM_v13,0.27,19,5000,2,500
21061,4.3,11.6017679,PyGEM-OGGM_v13,0.27,19,5000,2,500
21062,4.35,11.58688954,PyGEM-OGGM_v13,0.27,19,5000,2,500
21063,4.4,11.57113232,PyGEM-OGGM_v13,0.27,19,5000,2,500
21065,4.45,11.55342017,PyGEM-OGGM_v13,0.27,19,5000,2,500
21066,4.5,11.5334755,PyGEM-OGGM_v13,0.27,19,5000,2,500
21067,4.55,11.51013932,PyGEM-OGGM_v13,0.27,19,5000,2,500
21069,4.6,11.4829133,PyGEM-OGGM_v13,0.27,19,5000,2,500
21070,4.65,11.45024419,PyGEM-OGGM_v13,0.27,19,5000,2,500
21072,4.7,11.41121742,PyGEM-OGGM_v13,0.27,19,5000,2,500
21073,4.75,11.36468901,PyGEM-OGGM_v13,0.27,19,5000,2,500
21074,4.8,11.31093479,PyGEM-OGGM_v13,0.27,19,5000,2,500
21075,4.85,11.25157856,PyGEM-OGGM_v13,0.27,19,5000,2,500
21076,4.9,11.18847539,PyGEM-OGGM_v13,0.27,19,5000,2,500
21077,4.95,11.12320089,PyGEM-OGGM_v13,0.27,19,5000,2,500
21078,5,11.05772973,PyGEM-OGGM_v13,0.27,19,5000,2,500
21079,5.05,10.99401104,PyGEM-OGGM_v13,0.27,19,5000,2,500
21080,5.1,10.93342099,PyGEM-OGGM_v13,0.27,19,5000,2,500
21081,5.15,10.87663488,PyGEM-OGGM_v13,0.27,19,5000,2,500
21082,5.2,10.82378939,PyGEM-OGGM_v13,0.27,19,5000,2,500
21084,5.25,10.77475658,PyGEM-OGGM_v13,0.27,19,5000,2,500
21085,5.3,10.72948047,PyGEM-OGGM_v13,0.27,19,5000,2,500
21086,5.35,10.68814437,PyGEM-OGGM_v13,0.27,19,5000,2,500
21087,5.4,10.65089288,PyGEM-OGGM_v13,0.27,19,5000,2,500
21088,5.45,10.61758364,PyGEM-OGGM_v13,0.27,19,5000,2,500
21089,5.5,10.58765023,PyGEM-OGGM_v13,0.27,19,5000,2,500
21090,5.55,10.56010599,PyGEM-OGGM_v13,0.27,19,5000,2,500
21091,5.6,10.53385818,PyGEM-OGGM_v13,0.27,19,5000,2,500
21092,5.65,10.50787698,PyGEM-OGGM_v13,0.27,19,5000,2,500
21093,5.7,10.48151255,PyGEM-OGGM_v13,0.27,19,5000,2,500
21094,5.75,10.45464697,PyGEM-OGGM_v13,0.27,19,5000,2,500
21095,5.8,10.42732224,PyGEM-OGGM_v13,0.27,19,5000,2,500
21098,5.85,10.39960405,PyGEM-OGGM_v13,0.27,19,5000,2,500
21099,5.9,10.37154393,PyGEM-OGGM_v13,0.27,19,5000,2,500
21100,5.95,10.343061,PyGEM-OGGM_v13,0.27,19,5000,2,500
21101,6,10.31449002,PyGEM-OGGM_v13,0.27,19,5000,2,500
21102,6.05,10.28643321,PyGEM-OGGM_v13,0.27,19,5000,2,500
21103,6.1,10.25948663,PyGEM-OGGM_v13,0.27,19,5000,2,500
21104,6.15,10.23405737,PyGEM-OGGM_v13,0.27,19,5000,2,500
21105,6.2,10.21034938,PyGEM-OGGM_v13,0.27,19,5000,2,500
21106,6.25,10.18856328,PyGEM-OGGM_v13,0.27,19,5000,2,500
21107,6.3,10.16838562,PyGEM-OGGM_v13,0.27,19,5000,2,500
21108,6.35,10.14908875,PyGEM-OGGM_v13,0.27,19,5000,2,500
21109,6.4,10.13043586,PyGEM-OGGM_v13,0.27,19,5000,2,500
21110,6.45,10.11231105,PyGEM-OGGM_v13,0.27,19,5000,2,500
21111,6.5,10.09458184,PyGEM-OGGM_v13,0.27,19,5000,2,500
21112,6.55,10.07708247,PyGEM-OGGM_v13,0.27,19,5000,2,500
21113,6.6,10.05959849,PyGEM-OGGM_v13,0.27,19,5000,2,500
21114,6.65,10.04192679,PyGEM-OGGM_v13,0.27,19,5000,2,500
21115,6.7,10.02394353,PyGEM-OGGM_v13,0.27,19,5000,2,500
21116,6.75,10.00558965,PyGEM-OGGM_v13,0.27,19,5000,2,500
21117,6.8,9.986850301,PyGEM-OGGM_v13,0.27,19,5000,2,500
21118,6.85,9.967738651,PyGEM-OGGM_v13,0.27,19,5000,2,500