RGIId,fa_gta_obs,fa_gta_obs_unc,Romain_gta_mbtot,Romain_gta_mbclim,Romain_mwea_mbtot,Romain_mwea_mbclim,thick_measured_yn,start_date,end_date,source,area_km2
RGI60-01.03377,0.0690165763624048,0.009529997579975184,-0.8171259461276885,-0.7481093697652837,-1.560473060696383,-1.4286714594066376,,20009999,20199999,Kochtitzky et al.,523.6398927406249
RGI60-01.03622,0.002776586453615103,0.003338755668005245,-0.4652786974240085,-0.4625021109703934,-1.0383625135276695,-1.0321660052736599,,20009999,20199999,Kochtitzky et al.,448.0888816404774
RGI60-01.03890,0.00023358549219389384,0.002943395722800359,-0.3532444181386332,-0.3530108326464393,-1.2816602249367353,-1.2808127176044333,,20009999,20199999,Kochtitzky et al.,196.44251387194439
RGI60-01.04375,0.1271030495529706,0.012969063443690865,-0.9543753530308444,-0.827272303477874,-1.558183673211596,-1.3506658491187076,,20009999,20199999,Kochtitzky et al.,612.4922045061394
RGI60-01.09426,0.0005911668332693838,0.0020631900530995177,-0.017775320798201717,-0.017184153964932336,-0.5814716470008423,-0.5621332195206361,,20009999,20199999,Kochtitzky et al.,30.569540045305036
RGI60-01.09519,0.00027510251316989123,0.0003755155927949705,-0.015511492054472109,-0.01523638954130222,-0.6030792164653718,-0.5923833654468155,,20009999,20199999,Kochtitzky et al.,25.720488504618807
RGI60-01.09639,0.22186710661925554,0.0098047768460812,-0.2298449884769276,-0.007977881857672037,-0.6096366376138018,-0.02116038771704415,,20009999,20199999,Kochtitzky et al.,377.0196446469674
RGI60-01.09757,0.008321926858154412,0.00633348006907446,-0.028375496364249717,-0.02005356950609531,-0.5185784217310222,-0.3664904497546127,,20009999,20199999,Kochtitzky et al.,54.717850136401566
RGI60-01.09783,0.004851470511614706,0.010007841805262879,-0.0400612352966383,-0.035209764785023585,-0.7620770467623195,-0.6697884717203997,,20009999,20199999,Kochtitzky et al.,52.56848433742789
RGI60-01.09798,0.004843241987972554,0.004371206999633334,-0.04302776141079679,-0.038184519422824234,-1.0303823227773772,-0.9144015985724718,,20009999,20199999,Kochtitzky et al.,41.759025227467255
RGI60-01.09810,0.01374268849314737,0.013242423945875959,-0.05445905805233013,-0.040716369559182765,-0.6907637409079598,-0.5164502060587635,,20009999,20199999,Kochtitzky et al.,78.83890660031977
RGI60-01.10188,0.0007895120974512526,0.0007304721099096272,-0.005298561574965457,-0.004509049477514206,-0.3257692755136233,-0.27722802892112475,,20009999,20199999,Kochtitzky et al.,16.264767653768132
RGI60-01.10299,0.0005783889299299146,0.000519378746223313,-0.010989675197596959,-0.010411286267667044,-0.5703589112340856,-0.5403408011067901,,20009999,20199999,Kochtitzky et al.,19.267999466894626
RGI60-01.10325,0.07363273723110532,0.011341740352730448,-0.13181347602243132,-0.058180738791325994,-1.414510553188895,-0.6243463983807865,,20009999,20199999,Kochtitzky et al.,93.18663316103857
RGI60-01.10355,0.0005221027639088251,0.0005454106482821169,-0.007374145140357462,-0.006852042376448638,-0.5246375064408659,-0.4874922256050005,,20009999,20199999,Kochtitzky et al.,14.055695694315812
RGI60-01.10402,0.00023879602532645049,0.0009580358793086967,0.0025333614474122197,0.00277215747273867,0.10948015843409344,0.11979981760190647,,20009999,20199999,Kochtitzky et al.,23.13991396840453
RGI60-01.10431,0.00011521646353376987,0.0010815306256864233,0.0013948075036832154,0.0015100239672169856,0.0830732712432777,0.08993544290607505,,20009999,20199999,Kochtitzky et al.,16.790087627566294
RGI60-01.10575,0.5393763143342862,0.012857268228570749,0.024604621803173528,0.5639809361374598,0.05477203938460511,1.2554708742689609,1.0,20009999,20199999,Kochtitzky et al.,449.2186538902037
RGI60-01.10607,0.07637176722025855,0.006340055713774313,0.0005805083328536436,0.0769522755531122,0.004778838128005162,0.6334835309636914,,20009999,20199999,Kochtitzky et al.,121.47478472889105
RGI60-01.10612,0.16429857010179855,0.005282670709882196,-0.0439703601870267,0.12032820991477185,-0.28896808346093544,0.79078297420033,1.0,20009999,20199999,Kochtitzky et al.,152.16337963832916
RGI60-01.10689,3.4225015287080227,0.12763653993541468,-3.842092868395902,-0.4195913396878792,-4.255244593467843,-0.4647112500480031,1.0,20009999,20199999,Kochtitzky et al.,773.2562603950513
RGI60-01.10836,0.003055041326448489,0.003051846949293933,-0.06906560931472915,-0.06601056798828066,-0.5335343636695647,-0.5099340574351955,,20009999,20199999,Kochtitzky et al.,129.4492239257221
RGI60-01.13638,0.001817192172282104,0.003484559143364557,-0.009300581103167366,-0.007483388930885263,-0.07684118859242657,-0.061827588380773464,,20009999,20199999,Kochtitzky et al.,121.03640343850729
RGI60-01.14391,0.0189371024165334,0.016608296789131182,-0.06743518449066263,-0.048498082074129235,-0.3812546854922287,-0.27419100530092944,,20009999,20199999,Kochtitzky et al.,176.87699864881324
RGI60-01.14443,3.788821631305791,0.056165522546144736,0.2935341544765316,4.0823557857823225,0.09236836259675472,1.2846222959728837,1.0,20009999,20199999,Kochtitzky et al.,2832.7262430734954
RGI60-01.14683,1.528583986091684,0.013281555300869484,-0.1174760867705189,1.4111078993211652,-0.11536139544436648,1.3857064945162132,1.0,20009999,20199999,Kochtitzky et al.,1018.3310137503688
RGI60-01.14876,0.0028573602551994672,0.0018493954049390586,-0.01608244464301816,-0.013225084387818694,-0.6167957598087872,-0.5072099518813651,,20009999,20199999,Kochtitzky et al.,26.074181586468555
RGI60-01.14878,0.4486631598505342,0.01207792883626368,-0.19784603108999066,0.2508171287605435,-0.6980251925885865,0.8849137566371534,,20009999,20199999,Kochtitzky et al.,283.4368059930473
RGI60-01.17807,0.1888874724101706,0.008091551282273882,-0.040158668273436574,0.148728804136734,-0.2837837079721065,1.051001274066096,,20009999,20199999,Kochtitzky et al.,141.51153552967116
RGI60-01.17840,0.024185123337813908,0.005080913619814061,-0.02713027940183696,-0.002945156064023052,-0.2793665552765848,-0.030326930739325717,,20009999,20199999,Kochtitzky et al.,97.11355525351568
RGI60-01.17876,0.015928472852055883,0.009680194380536631,-0.04778857202466255,-0.03186009917260667,-0.4343277846408317,-0.28956140988967244,,20009999,20199999,Kochtitzky et al.,110.0288162871768
RGI60-01.20470,0.0011342275436295574,0.000850249767002318,-0.10239674977197527,-0.10126252222834572,-0.98817239990632,-0.9772266193388296,,20009999,20199999,Kochtitzky et al.,103.62235353029756
RGI60-01.20734,0.15806277057626347,0.007755938986863109,0.01866188615780567,0.17672465673406915,0.08129958396961598,0.7698922256924974,,20009999,20199999,Kochtitzky et al.,229.54466980766048
RGI60-01.20791,0.00747629451377103,0.007479781010777134,-0.07444675734863662,-0.06697046283486559,-0.6188190412308159,-0.5566743143449279,,20009999,20199999,Kochtitzky et al.,120.30456787587507
RGI60-01.20830,0.0002936131624001877,0.0004099907170512936,-0.014001712850680258,-0.013708099688280071,-0.6146433899348821,-0.601754439033537,,20009999,20199999,Kochtitzky et al.,22.780221962793185
RGI60-01.20891,0.042432387527665635,0.0065815370148857395,-0.031805710565986085,0.010626676961679543,-0.2010758948662548,0.06718191612450397,,20009999,20199999,Kochtitzky et al.,158.1776402742934
RGI60-01.20968,0.00025327832624873767,0.007602255286165886,-0.3061604489929129,-0.30590717066666423,-2.70116430351531,-2.6989297027497066,,20009999,20199999,Kochtitzky et al.,113.34388233787706
RGI60-01.23642,0.0035297523742467913,0.004411220711278608,-0.0588470118413214,-0.055317259467074616,-0.3296818810830293,-0.309906953417427,,20009999,20199999,Kochtitzky et al.,178.4963482008918
RGI60-01.24715,0.00036169905783872165,0.0005539070529184816,-0.027126214430219186,-0.026764515372380462,-1.2997444699480418,-1.2824137675228788,,20009999,20199999,Kochtitzky et al.,20.87042111539322
RGI60-01.26732,0.0005580349035138902,0.005872129965534486,-0.20000848523479334,-0.19945045033127945,-0.5585899329947093,-0.5570314357189732,,20009999,20199999,Kochtitzky et al.,181.6892272869267
RGI60-03.00108,0.04010913380185757,0.013289057187595623,-0.11838304673638884,-0.07827391293453126,-0.2419339796811563,-0.15996479042844702,1.0,20009999,20199999,Kochtitzky et al.,489.31963543279574
RGI60-03.00113,0.012863388077338231,0.006084465675716638,-0.1659604694482627,-0.15309708137092448,-0.16602046152328911,-0.15315242353537162,1.0,20009999,20199999,Kochtitzky et al.,999.6386464988956
RGI60-03.00123,0.016348336382531782,0.004867472339626438,-0.2690537581891718,-0.25270542180664,-0.16887226376476652,-0.1586111895754035,1.0,20009999,20199999,Kochtitzky et al.,1593.2382985281392
RGI60-03.00175,0.006517856491651467,0.006855974260579018,-0.07459490021107078,-0.0680770437194193,-0.4840234042914563,-0.4417310347213432,,20009999,20199999,Kochtitzky et al.,154.11424230666583
RGI60-03.00183,0.05071838115739176,0.016629413262509208,-0.1877548460797742,-0.13703646492238242,-0.1996505637631732,-0.14571878196018095,1.0,20009999,20199999,Kochtitzky et al.,940.4173098278363
RGI60-03.00191,0.0026631264570728787,0.02460587933040549,-0.18013330451384266,-0.17747017805676976,-0.23405003683548176,-0.2305897947272405,1.0,20009999,20199999,Kochtitzky et al.,769.6358733772032
RGI60-03.00237,0.042084177687062865,0.007466655827487614,-0.23430706841335985,-0.19222289072629695,-0.215630308231414,-0.17690068616846494,1.0,20009999,20199999,Kochtitzky et al.,1086.61472654346
RGI60-03.00251,0.010148921757764695,0.016173430762670322,-0.09671829333191667,-0.08656937157415197,-0.14024629006486994,-0.12552985353925314,1.0,20009999,20199999,Kochtitzky et al.,689.6317420388112
RGI60-03.00283,0.003128453553217365,0.0032260838246822125,-0.09727434988056699,-0.09414589632734964,-0.14552296990980995,-0.1408427859471512,1.0,20009999,20199999,Kochtitzky et al.,668.4467059795044
RGI60-03.00300,0.002973628858770244,0.002035835190714502,-0.16126129890657828,-0.15828767004780805,-0.1477119077493292,-0.14498812718545145,1.0,20009999,20199999,Kochtitzky et al.,1091.7284961226196
RGI60-03.00366,0.008902287501091255,0.009098774310265888,-0.09054920019501367,-0.08164691269392241,-0.1818302713632976,-0.1639537429280232,1.0,20009999,20199999,Kochtitzky et al.,497.98748864041465
RGI60-03.00419,0.002567096495343066,0.0017911217079391699,-0.04376943889823817,-0.0412023424028951,-0.20542286422115189,-0.1933747245127244,1.0,20009999,20199999,Kochtitzky et al.,102.86060937113704
RGI60-03.00523,0.0003910812069548912,0.00043830228613883187,-0.004571558641145056,-0.004180477434190165,-0.2329350848305214,-0.2130082849645477,,20009999,20199999,Kochtitzky et al.,19.62589124120664
RGI60-03.00552,0.0007103435959693293,0.0005344792608895687,-0.006478081931572663,-0.005767738335603335,-0.3838913136774564,-0.3417963326167841,,20009999,20199999,Kochtitzky et al.,16.874781222623643
RGI60-03.00555,0.0011423676807942838,0.0008530981932799081,-0.006340232347809539,-0.005197864667015256,-0.3648554260000536,-0.2991166606109761,,20009999,20199999,Kochtitzky et al.,17.377382645279905
RGI60-03.00560,0.0005591495106503459,0.0005878126586872098,-0.0027423364136277273,-0.0021831869029773814,-0.2469481822398095,-0.1965966080969712,,20009999,20199999,Kochtitzky et al.,11.10490625504854
RGI60-03.00562,9.475987260776304e-05,9.004764097071803e-05,-0.0013426668360153,-0.0012479069634075374,-0.2749697669143246,-0.25556353791926306,,20009999,20199999,Kochtitzky et al.,4.882961683688119
RGI60-03.00571,0.0002820764512903775,0.00033306539661564615,-0.0022059391354417052,-0.0019238626841513273,-0.4419364668980704,-0.3854254470446357,,20009999,20199999,Kochtitzky et al.,4.991530006394537
RGI60-03.00702,6.867051238459446e-05,8.563639835980473e-05,-0.032641009708725716,-0.032572339196341116,-0.5082552580254959,-0.5071859850678813,,20009999,20199999,Kochtitzky et al.,64.22168623602971
RGI60-03.00704,0.0022491612044101337,0.0015690153902849539,-0.0757987532196191,-0.07354959201520897,-0.4958872485853153,-0.4811728856979969,,20009999,20199999,Kochtitzky et al.,152.85481414547453
RGI60-03.00832,0.04541483641576825,0.006001525949298469,-0.3654538825511801,-0.32003904613541184,-0.3462674846495393,-0.3032369357286202,1.0,20009999,20199999,Kochtitzky et al.,1055.4091814917579
RGI60-03.00994,0.036061514022438776,0.013196221908073466,-0.3997286751198837,-0.3636671610974449,-0.5472355717769655,-0.4978667261736476,1.0,20009999,20199999,Kochtitzky et al.,730.450825449628
RGI60-03.01405,0.005045352833825216,0.0027286993566449803,-0.014827179232985719,-0.009781826399160505,-0.7661798224383995,-0.5054662047221279,,20009999,20199999,Kochtitzky et al.,19.35208785033988
RGI60-03.01408,0.0060920437629267575,0.0035341064913657,-0.017208855420282568,-0.011116811657355813,-1.2543109229534029,-0.8102769155584059,,20009999,20199999,Kochtitzky et al.,13.719768444463966
RGI60-03.01416,0.0028304401715480536,0.0022590252804896853,-0.013029990355250407,-0.010199550183702357,-1.1206129654067831,-0.8771877695648795,,20009999,20199999,Kochtitzky et al.,11.627556308453483
RGI60-03.01422,0.0015696892995914714,0.0009583322199128924,-0.008743756973294894,-0.00717406767370342,-0.8960627364522107,-0.7352005243084456,,20009999,20199999,Kochtitzky et al.,9.757974098905317
RGI60-03.01438,0.0005475138493261703,0.00034010373205746523,-0.0032165168425150647,-0.002669002993188895,-0.8438850538395954,-0.7002393722409687,,20009999,20199999,Kochtitzky et al.,3.81155801714964
RGI60-03.01439,0.0011276446021535962,0.0006155735251147358,-0.004512938453977774,-0.0033852938518241773,-0.7816537891916695,-0.5863425335378312,,20009999,20199999,Kochtitzky et al.,5.773577146788647
RGI60-03.01444,0.00023978708822633798,0.00022006872214860992,-0.0012901043406055833,-0.0010503172523792454,-0.4902252826837259,-0.39910885945358204,,20009999,20199999,Kochtitzky et al.,2.6316560695175486
RGI60-03.01447,0.005352346607462498,0.003867178268136408,-0.01942308734621035,-0.014070740738747851,-0.6779918279950147,-0.4911601881133951,,20009999,20199999,Kochtitzky et al.,28.64796675153018
RGI60-03.01469,0.0005995207703668363,0.00047747608843178507,-0.008556734314133244,-0.007957213543766408,-0.6852539039889658,-0.6372421353241629,,20009999,20199999,Kochtitzky et al.,12.486954491354533
RGI60-03.01471,0.0005092850938390941,0.00041900562037711434,-0.032040650968611244,-0.03153136587477215,-0.6399124083295312,-0.6297410216356661,,20009999,20199999,Kochtitzky et al.,50.07036986867036
RGI60-03.01474,6.272146566426378e-05,0.00010435928920341456,-0.006471307545260496,-0.006408586079596232,-0.5840773586042698,-0.5784163406821959,,20009999,20199999,Kochtitzky et al.,11.079538437724317
RGI60-03.01475,0.0003542493056955676,0.0003422526313216375,-0.013299367692641931,-0.012945118386946364,-0.5481570556353125,-0.5335560414473695,,20009999,20199999,Kochtitzky et al.,24.261965719346623
RGI60-03.01477,0.007839326948961094,0.004359992086737201,-0.029015797733964663,-0.02117647078500357,-0.920980897467688,-0.672155397814251,,20009999,20199999,Kochtitzky et al.,31.505319832089853
RGI60-03.01478,0.0008422486672509483,0.0008127315300659174,-0.006105245713327614,-0.005262997046076664,-0.8699675741180983,-0.7499512694093495,,20009999,20199999,Kochtitzky et al.,7.0177853692036845
RGI60-03.01482,0.013996447720842844,0.012287679369284044,-0.03145359868103395,-0.017457150960191105,-0.6923295219413726,-0.38425177040283215,,20009999,20199999,Kochtitzky et al.,45.43154333912325
RGI60-03.01483,0.02027774385958504,0.01774448810566306,-0.056530487537650026,-0.03625274367806498,-0.20135825806789973,-0.12913013199002535,,20009999,20199999,Kochtitzky et al.,280.7458113716272
RGI60-03.01485,0.0,2.3954594483940327e-05,-0.0004111440993290563,-0.0004111440993290563,-0.17012979772624587,-0.17012979772624587,1.0,20009999,20199999,Kochtitzky et al.,2.416649551248066
RGI60-03.01487,0.0003322045042402888,0.00021054871553487405,-0.0006620117955730782,-0.0003298072913327895,-0.9027182561918048,-0.4497247101972718,,20009999,20199999,Kochtitzky et al.,0.7333537247444541
RGI60-03.01490,0.02626847312158865,0.016494702096818567,-0.03393314696854935,-0.0076646738469607,-0.22452255002500174,-0.05071419160812144,,20009999,20199999,Kochtitzky et al.,151.13469433146344
RGI60-03.01493,0.0006129261647652128,0.0003889030677371136,-0.0015660336823567786,-0.0009531075175915657,-0.3133932248345855,-0.19073500264859372,,20009999,20199999,Kochtitzky et al.,4.9970246905731885
RGI60-03.01496,0.0007690125967558048,0.00040007962668648397,-0.001178487910962908,-0.0004094753142071031,-0.2757098382586309,-0.09579765019286296,,20009999,20199999,Kochtitzky et al.,4.274377433921751
RGI60-03.01499,0.0005351647494668036,0.0003526735763195946,-0.003425247318205607,-0.0028900825687388034,-0.3832210172497131,-0.3233461058537397,,20009999,20199999,Kochtitzky et al.,8.938046620688498
RGI60-03.01502,0.0016300510526041005,0.0011983079077227375,-0.008928026529009384,-0.007297975476405283,-0.3727414805052208,-0.30468751128004623,,20009999,20199999,Kochtitzky et al.,23.952328881959076
RGI60-03.01503,0.0001017677252706121,0.0001258471219351218,-0.0007696625755495983,-0.000667894850278986,-0.3610236469500824,-0.3132877215118801,,20009999,20199999,Kochtitzky et al.,2.131889647815831
RGI60-03.01506,0.014003744638768276,0.009943531453850057,-0.01606170778170431,-0.002057963142936034,-0.5373019110904752,-0.06884370856957284,,20009999,20199999,Kochtitzky et al.,29.89326382462785
RGI60-03.01508,0.0008439957748016251,0.000549151254125565,-0.004830553877888552,-0.003986558103086927,-0.2573662358133095,-0.21239913243468456,,20009999,20199999,Kochtitzky et al.,18.76918261101111
RGI60-03.01509,0.002168816390008231,0.0016795662046192605,-0.007770922573451563,-0.005602106183443332,-0.2951100386740775,-0.21274665354411604,,20009999,20199999,Kochtitzky et al.,26.332288147045546
RGI60-03.01512,0.0018571133489714206,0.001237019871994043,-0.04855718069044942,-0.046700067341478003,-0.4392110584001839,-0.4224130337213895,,20009999,20199999,Kochtitzky et al.,110.55546020930763
RGI60-03.01514,0.014905460384070555,0.0079362562956933,-0.015411648779967388,-0.0005061883958968304,-0.7058828394794858,-0.023184391709708874,,20009999,20199999,Kochtitzky et al.,21.833154056177158
RGI60-03.01516,0.0008791525601227442,0.00059696537048574,-0.0059693845048848825,-0.005090231944762139,-0.3447179558755689,-0.2939489572995374,,20009999,20199999,Kochtitzky et al.,17.316720533814088
RGI60-03.01517,0.3394443062064396,0.2252089349394738,-0.6048856219674618,-0.2654413157610221,-0.3476437597973764,-0.15255614229443235,1.0,20009999,20199999,Kochtitzky et al.,1739.9582328761444
RGI60-03.01519,0.0005470317536533,0.00050163166554166,-0.001319164595377965,-0.000772132841724665,-0.3281181357401659,-0.19205396313555853,,20009999,20199999,Kochtitzky et al.,4.020395253076169
RGI60-03.01520,0.0020446108266137693,0.001517547747592041,-0.007342345718781847,-0.005297734892168077,-0.3111084944378165,-0.22447462832171616,,20009999,20199999,Kochtitzky et al.,23.600595451595467
RGI60-03.01522,0.0004881465583518536,0.0003555853309586674,-0.0013765639470661813,-0.0008884173887143277,-0.4164591087047504,-0.2687775708860568,,20009999,20199999,Kochtitzky et al.,3.305400021979347
RGI60-03.01523,0.02097003660597244,0.011312342594125002,-0.0201575249729292,0.0008125116330432412,-0.7528352746940709,0.0303453632961244,,20009999,20199999,Kochtitzky et al.,26.77547884710981
RGI60-03.01527,0.008762981234656669,0.007998219267167473,-0.0011149097672655632,0.007648071467391104,-0.09164067251785077,0.6286377905319428,,20009999,20199999,Kochtitzky et al.,12.16610197888268
RGI60-03.01529,0.007165253679956022,0.006170908144008829,-0.010511237303720486,-0.003345983623764464,-0.2759629055947579,-0.08784573463674822,,20009999,20199999,Kochtitzky et al.,38.089312333723136
RGI60-03.01530,0.002897711735898276,0.0019069408964631823,-0.012581802392230414,-0.009684090656332136,-0.3323942659038675,-0.25584062635142,,20009999,20199999,Kochtitzky et al.,37.852044041786286
RGI60-03.01533,0.002341186660417733,0.0013061323916460901,-0.006345151833293678,-0.004003965172875945,-0.2953958075637513,-0.18640287210981893,,20009999,20199999,Kochtitzky et al.,21.480168881287494
RGI60-03.01535,0.008191692820486644,0.006770896453314311,-0.016706778953820438,-0.008515086133333793,-0.6464982050183979,-0.3295062391137036,,20009999,20199999,Kochtitzky et al.,25.84195721524857
RGI60-03.01544,0.0295707352258288,0.025642862362793246,-0.10312553315220843,-0.07355479792637963,-0.7220620887162972,-0.515014365525144,,20009999,20199999,Kochtitzky et al.,142.82086646530354
RGI60-03.01555,0.006819122816074026,0.005572802604156793,-0.21995788074277192,-0.2131387579266979,-0.4418386119888433,-0.4281407542450735,1.0,20009999,20199999,Kochtitzky et al.,497.82403523467065
RGI60-03.01564,0.012426533939525385,0.012684053710783271,-0.04963476372344415,-0.037208229783918766,-0.4690944075622666,-0.3516521727428687,,20009999,20199999,Kochtitzky et al.,105.80975369410204
RGI60-03.01566,0.00943437172173613,0.008673957247471907,-0.05544453914754363,-0.04601016742580751,-0.7191495104413699,-0.5967799514311743,,20009999,20199999,Kochtitzky et al.,77.09737452719
RGI60-03.01571,0.014456039176791785,0.008790027641291165,-0.03362499870696476,-0.01916895953017297,-0.5013631517894257,-0.285817407766348,,20009999,20199999,Kochtitzky et al.,67.06715199741559
RGI60-03.01572,0.018074102659941558,0.01406948536220034,-0.08707353834256157,-0.06899943568262003,-0.4651860501178293,-0.3686260551314693,,20009999,20199999,Kochtitzky et al.,187.1800289808912
RGI60-03.01575,0.0017187844512955375,0.001180155282860101,-0.0056127415597178425,-0.003893957108422304,-0.7832007764633145,-0.5433619557185715,,20009999,20199999,Kochtitzky et al.,7.166414702834178
RGI60-03.01576,0.025596375785267057,0.018900194614610344,-0.09505041874996732,-0.06945404296470026,-0.5195170419928553,-0.3796149394184354,,20009999,20199999,Kochtitzky et al.,182.95919299462463
RGI60-03.01577,0.0015875124739476282,0.0009712362859223932,-0.0050104962712005045,-0.003422983797252877,-0.7314230387310741,-0.4996808848864906,,20009999,20199999,Kochtitzky et al.,6.850339688360213
RGI60-03.01582,0.0009880200705263528,0.0005945131596393527,-0.004170604967063487,-0.003182584896537134,-0.7996518386935416,-0.6102135983658299,,20009999,20199999,Kochtitzky et al.,5.215526014268103
RGI60-03.01585,0.0019629697351618547,0.001263328204725197,-0.03260311877488089,-0.03064014903971904,-0.3315905158842113,-0.31162610230642496,,20009999,20199999,Kochtitzky et al.,98.32343572294941
RGI60-03.01586,0.005089757946357928,0.003399473041448731,-0.05918395373640399,-0.05409419579004606,-0.4825513604470386,-0.4410524495716333,,20009999,20199999,Kochtitzky et al.,122.64798856141572
RGI60-03.01590,0.0008033463811220945,0.0004897145679212821,-0.04491295019714618,-0.044109603816024086,-0.6144766638289063,-0.6034856778882345,1.0,20009999,20199999,Kochtitzky et al.,73.0913846545223
RGI60-03.01605,0.00043309587104798487,0.0002929042555779112,-0.008220598279873457,-0.007787502408825472,-0.5060787709051473,-0.4794164017390637,,20009999,20199999,Kochtitzky et al.,16.24371294051814
RGI60-03.01608,0.00035792458140334867,0.00023786923221489633,-0.004507482836991976,-0.004149558255588628,-0.2801964584920413,-0.2579469672031534,1.0,20009999,20199999,Kochtitzky et al.,16.086865841382526
RGI60-03.01609,0.0003884315756942028,0.0003668402551261723,-0.0029364605060781877,-0.002548028930383985,-0.4232280530356168,-0.3672439391071876,,20009999,20199999,Kochtitzky et al.,6.938246378084654
RGI60-03.01614,0.0008710611007159384,0.0005336438987864939,-0.0020181014431329006,-0.0011470403424169624,-0.3194604640996998,-0.18157364753713728,,20009999,20199999,Kochtitzky et al.,6.317218153489801
RGI60-03.01617,0.0012621836286315555,0.000814264979344669,-0.002642312941732189,-0.0013801293131006332,-0.3390474816934273,-0.17709082093481882,,20009999,20199999,Kochtitzky et al.,7.7933418898578175
RGI60-03.01618,0.003508050712473963,0.0022880092829244626,-0.007149905803497991,-0.003641855091024028,-0.7777669818966866,-0.3961611132366349,,20009999,20199999,Kochtitzky et al.,9.192863633863718
RGI60-03.01619,0.001448851437485976,0.0009985549812679224,-0.002857533170580268,-0.001408681733094292,-0.8510303827698095,-0.4195335217307843,,20009999,20199999,Kochtitzky et al.,3.357733435180053
RGI60-03.01621,0.0009575619786545516,0.0006597826146603058,-0.009891842750765715,-0.008934280772111164,-0.7377836729701233,-0.6663638565103835,,20009999,20199999,Kochtitzky et al.,13.407511053943164
RGI60-03.01630,0.0,0.00033490242905438576,-0.024634273749025937,-0.024634273749025937,-0.4005095109473134,-0.4005095109473134,,20009999,20199999,Kochtitzky et al.,61.50733771779654
RGI60-03.01633,0.048952625734099496,0.010118640597586557,-0.0981625467935358,-0.0492099210594363,-0.3032361408399896,-0.15201547882095753,1.0,20009999,20199999,Kochtitzky et al.,323.71651519379355
RGI60-03.01637,0.010896871489535446,0.008558357963852486,-0.0458449102772133,-0.03494803878767785,-0.3653773959886808,-0.27853088445240004,1.0,20009999,20199999,Kochtitzky et al.,125.472759892989
RGI60-03.01641,0.008065283877263133,0.00371942783762981,-0.04820372531301554,-0.0401384414357524,-0.2530080046426716,-0.21067556316823485,1.0,20009999,20199999,Kochtitzky et al.,190.5225306254427
RGI60-03.01644,0.004198969947907675,0.002833376447006345,-0.044155716519881975,-0.0399567465719743,-0.2529562503855241,-0.22890147838276506,1.0,20009999,20199999,Kochtitzky et al.,174.55870907552347
RGI60-03.01650,1.8784116932957026e-05,7.729031341232993e-05,-0.005746389938549684,-0.005727605821616725,-0.3311487529438697,-0.33006627560348395,1.0,20009999,20199999,Kochtitzky et al.,17.352896205904504
RGI60-03.01651,0.00013963369328235536,0.0001682810909707626,-0.006599834771611181,-0.006460201078328826,-0.2835357203612957,-0.2775369126363175,1.0,20009999,20199999,Kochtitzky et al.,23.276907626317183
RGI60-03.01653,0.0009622995228006574,0.0009227632497932528,-0.00936512298756273,-0.008402823464762073,-0.2578671576307267,-0.2313703947944503,,20009999,20199999,Kochtitzky et al.,36.31762599630411
RGI60-03.01658,0.0009129433188240892,0.0005851506149210103,-0.0058625500536018576,-0.004949606734777769,-0.6572593496958941,-0.5549078940062533,,20009999,20199999,Kochtitzky et al.,8.919690615758283
RGI60-03.01659,0.0008509677059339657,0.0005999400172760263,-0.0047675208595893215,-0.003916553153655356,-0.5347724474803527,-0.4393194654732118,,20009999,20199999,Kochtitzky et al.,8.915045795743767
RGI60-03.01660,0.00039993189662543673,0.00026014339125052954,-0.0013997221292958964,-0.00099979023267046,-0.5179051660000611,-0.3699280847098572,,20009999,20199999,Kochtitzky et al.,2.702661068446905
RGI60-03.01662,0.0019225369732691559,0.0007222247534248278,-0.017450483669569757,-0.0155279466963006,-0.3613441330503617,-0.3215344940158503,1.0,20009999,20199999,Kochtitzky et al.,48.29325308884322
RGI60-03.01663,0.000121976073384245,0.00012226191122505301,-0.001510060948957678,-0.001388084875573433,-0.5775378208925573,-0.5308868591072116,1.0,20009999,20199999,Kochtitzky et al.,2.6146529185291287
RGI60-03.01664,0.0019440811598582168,0.0008818476221905395,-0.007626668886555105,-0.005682587726696889,-0.4094975526619622,-0.3051143036996806,1.0,20009999,20199999,Kochtitzky et al.,18.624455352608358
RGI60-03.01666,0.01981976803836639,0.011037846847191031,-0.08833340517914022,-0.06851363714077383,-0.5594663610277401,-0.4339363480235851,1.0,20009999,20199999,Kochtitzky et al.,157.8886798785752
RGI60-03.01667,0.014051058017130757,0.007903655764616206,-0.04383461498902508,-0.029783556971894318,-0.7154168790303647,-0.4860920845452963,1.0,20009999,20199999,Kochtitzky et al.,61.27142967109753
RGI60-03.01678,0.09798576263423953,0.035128919081293536,-0.5448730020744257,-0.44688723944018616,-0.2882003193738016,-0.2363725944218209,1.0,20009999,20199999,Kochtitzky et al.,1890.6051293014511
RGI60-03.01679,0.009451905728129751,0.006609881793123683,-0.07289665856556067,-0.06344475283743094,-0.7624639935054264,-0.6636016048923031,1.0,20009999,20199999,Kochtitzky et al.,95.60668987189608
RGI60-03.01686,0.005194643781991233,0.0037489077080003134,-0.10063045913197798,-0.09543581534998674,-0.4225766762034266,-0.4007628504255306,1.0,20009999,20199999,Kochtitzky et al.,238.1353841770834
RGI60-03.01687,0.00868323237861045,0.006166240857004832,-0.0473575496548035,-0.038674317276193054,-0.3593815268696274,-0.2934872115358464,,20009999,20199999,Kochtitzky et al.,131.77513621055814
RGI60-03.01688,0.003295488823768171,0.0010902483844985932,-0.07067240694420995,-0.06737691812044178,-0.3940174976416928,-0.37564426944709695,1.0,20009999,20199999,Kochtitzky et al.,179.3636256440501
RGI60-03.01689,0.0006297908865942473,0.0004170979414949597,-0.008260070947644511,-0.007630280061050263,-0.4021554375407075,-0.3714930096798809,,20009999,20199999,Kochtitzky et al.,20.53949835455948
RGI60-03.01690,0.0018195211505736086,0.0010340931082973774,-0.011160739731215756,-0.009341218580642149,-0.45879463005029797,-0.3839979272106757,,20009999,20199999,Kochtitzky et al.,24.32622136399503
RGI60-03.01692,0.012563158808592613,0.011603378060592574,-0.06371651916554091,-0.0511533603569483,-0.8130653636238754,-0.6527510617952668,,20009999,20199999,Kochtitzky et al.,78.36580183609472
RGI60-03.01694,0.009472121664482172,0.006686973164192952,-0.08165574584164076,-0.07218362417715858,-1.2761438291919172,-1.1281102831518566,,20009999,20199999,Kochtitzky et al.,63.98631876263274
RGI60-03.01699,0.004123481038735938,0.002723855548510625,-0.02101240532349492,-0.01688892428475898,-0.664582027712977,-0.5341642412782661,,20009999,20199999,Kochtitzky et al.,31.61747451372528
RGI60-03.01703,0.0037069579207037826,0.002703040391561343,-0.005365160894284775,-0.0016582029735809911,-0.8047059172122778,-0.2487093623233272,,20009999,20199999,Kochtitzky et al.,6.6672318166506885
RGI60-03.01704,0.0014622986135199446,0.0010565695294960614,-0.005117775191109324,-0.0036554765775893795,-0.6707800631476833,-0.4791185071610744,,20009999,20199999,Kochtitzky et al.,7.629587509047003
RGI60-03.01707,0.002185844245374709,0.005643681373503688,-0.17523522777030814,-0.17304938352493346,-0.5746649161578812,-0.5674966771229256,1.0,20009999,20199999,Kochtitzky et al.,304.93461988579924
RGI60-03.01710,1.2483263050533688,0.07721025416810706,-0.6839257011573407,0.5644006038960281,-0.22185513110222013,0.18308300120851745,1.0,20009999,20199999,Kochtitzky et al.,3082.758094254853
RGI60-03.01713,0.002463741339343865,0.003735861179328433,-0.19557236504420736,-0.19310862370486348,-0.44709869313310857,-0.4414663251204312,,20009999,20199999,Kochtitzky et al.,437.42549027308894
RGI60-03.01714,0.051582411736863835,0.019981625359354296,-0.21222286564180154,-0.1606404539049377,-0.2876164209881618,-0.21770902149646307,1.0,20009999,20199999,Kochtitzky et al.,737.8676951499112
RGI60-03.01716,0.00016701128390611897,0.00019686842927111567,-0.0034383074106620498,-0.0032712961267559308,-0.5557751391637795,-0.5287790889365627,1.0,20009999,20199999,Kochtitzky et al.,6.186508118796632
RGI60-03.01718,0.0006009314291872206,0.000603608530764289,-0.010339212722997905,-0.009738281293810682,-0.4457257621082221,-0.4198194744221716,1.0,20009999,20199999,Kochtitzky et al.,23.1963543549622
RGI60-03.01719,0.002796993546189654,0.0014557850336481635,-0.02414900075767446,-0.021352007211484808,-0.4203786537096738,-0.3716894183586752,,20009999,20199999,Kochtitzky et al.,57.44583019277781
RGI60-03.01723,0.004734494185764736,0.0054874541442403975,-0.09713344481684696,-0.09239895063108222,-0.6331826574610327,-0.6023199652551819,,20009999,20199999,Kochtitzky et al.,153.40509357337342
RGI60-03.01727,0.00022887718678396275,0.00029093689703574765,-0.0031228041625788326,-0.00289392697579487,-0.5726635031897357,-0.5306917352657179,1.0,20009999,20199999,Kochtitzky et al.,5.4531223749807936
RGI60-03.01729,0.0016773291489778856,0.0006768199315582527,-0.012233144532632944,-0.010555815383655057,-0.3629238780906549,-0.3131621183110922,1.0,20009999,20199999,Kochtitzky et al.,33.707191152567866
RGI60-03.01730,0.004733505550301164,0.0014437300184105722,-0.02697888910253901,-0.022245383552237843,-0.2954439564856371,-0.2436076632078651,1.0,20009999,20199999,Kochtitzky et al.,91.3164358596402
RGI60-03.01731,0.00027246574552570844,0.0004380517276234774,-0.01143416180927473,-0.011161696063749022,-0.4304872394695762,-0.4202291174840852,1.0,20009999,20199999,Kochtitzky et al.,26.560977332018727
RGI60-03.01733,0.01812366694101944,0.008450221847134634,-0.07623834420162283,-0.05811467726060339,-0.2582479527438726,-0.19685627467499806,1.0,20009999,20199999,Kochtitzky et al.,295.21374087033
RGI60-03.01738,0.1316952251984405,0.017337394818536894,-0.08135395411451056,0.05034127108392995,-0.05319930113336092,0.0329193641412995,1.0,20009999,20199999,Kochtitzky et al.,1529.2297526723346
RGI60-03.01740,4.291918263499678e-05,0.00013869039799826346,-0.002181346633675156,-0.0021384274510401593,-0.054936330887450896,-0.05385542866757645,,20009999,20199999,Kochtitzky et al.,39.706813295269434
RGI60-03.01741,0.00012060137846640007,0.0001716135919619962,-0.01556690535887238,-0.015446303980405982,-0.2581245668334042,-0.2561248001579802,,20009999,20199999,Kochtitzky et al.,60.30772487037004
RGI60-03.01742,0.0043366129521422644,0.00175031750970255,-0.05560180650663965,-0.05126519355449738,-0.6994881605627348,-0.6449322098203017,1.0,20009999,20199999,Kochtitzky et al.,79.48927464606159
RGI60-03.01743,0.0004907184329601772,0.0005258795659272506,-0.03341855936738624,-0.032927840934426064,-0.5314004029348077,-0.5235973145330659,1.0,20009999,20199999,Kochtitzky et al.,62.88771928440941
RGI60-03.01744,0.0047755133399477396,0.0041190279277248856,-0.15304138050955973,-0.148265867169612,-0.2625281059134508,-0.2543361615665911,1.0,20009999,20199999,Kochtitzky et al.,582.9523660983322
RGI60-03.01745,0.0007035071056607376,0.00048309672035514123,-0.008235676089408261,-0.007532168983747523,-0.28852733451215,-0.26388078117481073,,20009999,20199999,Kochtitzky et al.,28.54383312878612
RGI60-03.01746,0.002320331545633867,0.0015826517045334275,-0.011287977136951236,-0.00896764559131737,-0.4382171023377402,-0.3481381666653782,,20009999,20199999,Kochtitzky et al.,25.758869466147466
RGI60-03.01750,0.010989436035508084,0.006522410482138276,-0.053880433286249134,-0.04289099725074104,-0.3067171137064678,-0.2441591887513039,1.0,20009999,20199999,Kochtitzky et al.,175.66816743656955
RGI60-03.01765,0.00019954599485717172,0.00017051785749818294,-0.0008095308169465249,-0.0006099848220893531,-0.23235921066053666,-0.17508362721780435,,20009999,20199999,Kochtitzky et al.,3.483962674194149
RGI60-03.01772,0.0018166685722149863,0.0013622196025574475,-0.009354773179003774,-0.007538104606788787,-0.5173509530592505,-0.41688296743906894,1.0,20009999,20199999,Kochtitzky et al.,18.082064261573716
RGI60-03.01777,0.0006190713928064755,0.0004659705977726447,-0.019869679230331342,-0.019250607837524858,-0.38822378557830106,-0.37612805736484906,,20009999,20199999,Kochtitzky et al.,51.18099397421853
RGI60-03.01779,0.0004692427039204709,0.00039531841539043366,-0.01083358730614145,-0.010364344602220979,-0.3246831810809524,-0.31061995257661784,,20009999,20199999,Kochtitzky et al.,33.36664150595574
RGI60-03.01780,9.822927862926992e-05,0.00015162128739716355,-0.0019764633666663873,-0.0018782340880371172,-0.3636707617243402,-0.34559649979506823,,20009999,20199999,Kochtitzky et al.,5.4347601585978795
RGI60-03.01782,0.0,8.300536783328314e-05,-0.013310703887527607,-0.013310703887527607,-0.28620426820482325,-0.28620426820482325,1.0,20009999,20199999,Kochtitzky et al.,46.50770574113782
RGI60-03.01783,0.011893920310580649,0.0017891389124991954,-0.05628663719082,-0.04439271688023935,-0.15490602549415108,-0.12217285799988305,1.0,20009999,20199999,Kochtitzky et al.,363.3598952091458
RGI60-03.01784,0.00882228928596283,0.007254458421705672,-0.03307790445565581,-0.02425561516969298,-0.39603315054028426,-0.29040617451519785,,20009999,20199999,Kochtitzky et al.,83.52306974941267
RGI60-03.01785,0.009867532742697359,0.008645138544672644,-0.04566434409303534,-0.03579681135033798,-0.2520291378778211,-0.19756857746647635,1.0,20009999,20199999,Kochtitzky et al.,181.1867646635864
RGI60-03.01891,0.0001748411654440091,0.00015929322768231646,-0.0015472077490791432,-0.001372366583635134,-0.4585040053406708,-0.4066910702631277,,20009999,20199999,Kochtitzky et al.,3.3744694289629162
RGI60-03.01892,0.012130224676320208,0.005339119948312544,-0.04256390128475709,-0.03043367660843688,-0.4445735503062067,-0.31787517709353125,,20009999,20199999,Kochtitzky et al.,95.74096627080166
RGI60-03.01893,7.902863428308423e-05,0.00012586432204630472,-0.003594269737197297,-0.003515241102914213,-0.38698926568975306,-0.37848037921605104,,20009999,20199999,Kochtitzky et al.,9.287776318009817
RGI60-03.01897,0.049325631788256434,0.014931621624502659,-0.14008052686383932,-0.09075489507558288,-0.2856406081173362,-0.18505986520319426,1.0,20009999,20199999,Kochtitzky et al.,490.4083063928245
RGI60-03.01993,0.0002847599447919284,0.00023546946349770707,-0.00239466584425108,-0.002109905899459152,-0.6997064302743371,-0.6165013497267454,,20009999,20199999,Kochtitzky et al.,3.4223865047405564
RGI60-03.01994,5.846934896194927e-05,8.799990638565201e-05,-0.0033740164009049877,-0.0033155470519430387,-0.6142724407496516,-0.603627528150452,,20009999,20199999,Kochtitzky et al.,5.492703525470513
RGI60-03.02084,9.352682989163706e-05,7.636689780982519e-05,-0.01767190873677418,-0.017578381906882542,-0.4886698844370289,-0.4860836473850121,,20009999,20199999,Kochtitzky et al.,36.16328589009135
RGI60-03.02230,0.007678433919157014,0.007053600660018555,-0.034752215414374184,-0.027073781495217168,-0.7229199222781241,-0.5631921815897205,,20009999,20199999,Kochtitzky et al.,48.072012325874454
RGI60-03.02429,0.013808414633241858,0.0043893054706927535,-0.2257180953491471,-0.21190968071590524,-0.3402476447452391,-0.3194328290373589,1.0,20009999,20199999,Kochtitzky et al.,663.3935571197086
RGI60-03.02430,0.0005255202384470878,0.0004727572984314424,-0.00809920796386206,-0.00757368772541497,-0.2343547835931208,-0.2191485828998439,1.0,20009999,20199999,Kochtitzky et al.,34.559601641943196
RGI60-03.02431,0.0007252223071425874,0.0005563082783761824,-0.00491472067617009,-0.004189498369027504,-0.2824904952675191,-0.2408058457782604,1.0,20009999,20199999,Kochtitzky et al.,17.397826682684812
RGI60-03.02432,0.00020254228551180243,0.00015166663273449973,-0.0010628371557688775,-0.0008602948702570753,-0.2436160855870016,-0.19719076210785133,,20009999,20199999,Kochtitzky et al.,4.362754426531128
RGI60-03.02434,0.00022551076194277144,0.00017873069329348346,-0.005217249358355786,-0.004991738596413014,-0.3020108762695493,-0.2889567364068508,,20009999,20199999,Kochtitzky et al.,17.275037981411344
RGI60-03.02435,0.007002433869369657,0.00568456087805776,-0.15841308199898768,-0.15141064812961802,-0.20711611296283067,-0.19796082814669164,1.0,20009999,20199999,Kochtitzky et al.,764.8515595086352
RGI60-03.02437,6.562849198688927e-05,6.619177552426341e-05,-0.00029816181828348765,-0.0002325333262965984,-0.048323055682980516,-0.03768665263536695,,20009999,20199999,Kochtitzky et al.,6.1701772387812985
RGI60-03.02438,0.0008485435579674977,0.0005904985539437992,-0.0031952284621144717,-0.0023466849041469747,-0.3631975393212895,-0.2667446765870923,,20009999,20199999,Kochtitzky et al.,8.797494796042463
RGI60-03.02442,0.14034617571507413,0.015474761903385443,-0.2681005775028762,-0.12775440178780206,-0.2365160076593131,-0.11270382687419088,1.0,20009999,20199999,Kochtitzky et al.,1133.5409393898562
RGI60-03.02446,0.007113246499526695,0.004707176726686318,-0.03125450915176838,-0.024141262652241688,-0.52608206621412,-0.40635049731345696,,20009999,20199999,Kochtitzky et al.,59.409949813889924
RGI60-03.02447,2.1455542996457338e-05,3.577713696487984e-05,-0.0009938041148578453,-0.000972348571861388,-0.16275684383196587,-0.15924303622280342,1.0,20009999,20199999,Kochtitzky et al.,6.1060665189838215
RGI60-03.02448,0.0011046429510727304,0.0007987449510068969,-0.021615156249099963,-0.020510513298027232,-0.5034218589674105,-0.4776944757592769,,20009999,20199999,Kochtitzky et al.,42.936467426018616
RGI60-03.02451,0.004915063161642053,0.003019711340529321,-0.023778959569585364,-0.01886389640794331,-0.3292431156347593,-0.26118922521347715,,20009999,20199999,Kochtitzky et al.,72.22310335552827
RGI60-03.02452,0.00685894102004229,0.005275649074307033,-0.04460395512253334,-0.03774501410249105,-0.3992357510396933,-0.33784356144684324,1.0,20009999,20199999,Kochtitzky et al.,111.72334893950584
RGI60-03.02454,0.00027365596132354777,0.00025796064432920984,-0.0018984615552169125,-0.0016248055938933648,-0.4083579231005207,-0.349494692658442,,20009999,20199999,Kochtitzky et al.,4.649013641764434
RGI60-03.02455,0.0007001544829633877,0.0004691710608021081,-0.001834463130007628,-0.0011343086470442401,-0.2309667211714513,-0.1428142897607017,,20009999,20199999,Kochtitzky et al.,7.9425430672580255
RGI60-03.02456,0.004906140356939399,0.0032764068556839546,-0.01796060905031045,-0.013054468693371051,-0.3646970297497781,-0.2650759751018352,,20009999,20199999,Kochtitzky et al.,49.2480266774681
RGI60-03.02457,0.04980023045398201,0.017421455099903806,-0.14596692491396696,-0.09616669445998494,-0.25539244471825884,-0.16825898889823995,1.0,20009999,20199999,Kochtitzky et al.,571.5397143991211
RGI60-03.02460,0.0009296903466487283,0.0010402462830238896,-0.008382291157131494,-0.007452600810482765,-0.2516156038445918,-0.22370860400702486,,20009999,20199999,Kochtitzky et al.,33.31387652058631
RGI60-03.02462,0.0010131065137735794,0.0006866122676511533,-0.0034862158204920237,-0.0024731093067184447,-0.16801243986769684,-0.11918743705965715,,20009999,20199999,Kochtitzky et al.,20.74974819267717
RGI60-03.02463,0.0012784555639230658,0.0008809820632996078,-0.004935537329294882,-0.003657081765371816,-0.1804355654523272,-0.1336972192112932,,20009999,20199999,Kochtitzky et al.,27.35346170208832
RGI60-03.02464,0.01922463118054319,0.017380726371413583,-0.041139910786780524,-0.02191527960623733,-0.23967111173792405,-0.1276730874429151,,20009999,20199999,Kochtitzky et al.,171.65152065454706
RGI60-03.02465,0.0011023006463135065,0.0009330450697917133,-0.005185263572539104,-0.004082962926225597,-0.3248630434938898,-0.25580257283562857,,20009999,20199999,Kochtitzky et al.,15.961383347184675
RGI60-03.02466,0.011707372920401086,0.01401205614417977,-0.06113543439026661,-0.04942806146986552,-0.3187133591578107,-0.25768007808950305,1.0,20009999,20199999,Kochtitzky et al.,191.8194911936385
RGI60-03.02467,0.17980615222511626,0.08690530634270674,-0.6185588417505894,-0.4387526895254731,-0.23602224736110136,-0.1674139771803384,1.0,20009999,20199999,Kochtitzky et al.,2620.764985786393
RGI60-03.02469,0.01820347629636076,0.02192061664297197,-0.2948421450220483,-0.27663866872568754,-0.5013175395732377,-0.4703663268560432,1.0,20009999,20199999,Kochtitzky et al.,588.1345090639397
RGI60-03.02473,0.002689623162947587,0.001879007181833139,-0.12141219041128698,-0.1187225672483394,-0.4813161380466238,-0.4706536252527657,,20009999,20199999,Kochtitzky et al.,252.25040428527268
RGI60-03.02484,0.0003321192571097894,0.00048192125965503164,-0.028157978350683725,-0.02782585909357394,-0.7126285643983625,-0.7042232141826765,,20009999,20199999,Kochtitzky et al.,39.51283986834872
RGI60-03.02488,0.008146981723459902,0.006057436136570067,-0.17650899359977892,-0.16836201187631902,-0.37500294342381385,-0.3576942382750848,1.0,20009999,20199999,Kochtitzky et al.,470.6869551162303
RGI60-03.02489,0.1035022273999204,0.03254925520434558,-0.476742671417889,-0.3732404440179685,-0.21979209595339053,-0.17207458950821575,1.0,20009999,20199999,Kochtitzky et al.,2169.0619462448176
RGI60-03.02667,0.03191722393809457,0.007645145425390256,-0.09049690492227516,-0.058579680984180586,-0.4635370574120656,-0.3000528357391467,1.0,20009999,20199999,Kochtitzky et al.,195.23121932800962
RGI60-03.02668,0.010170270666931372,0.012565568920153626,-0.2562732928218712,-0.24610302215493984,-0.1478678681738215,-0.1419996942969783,1.0,20009999,20199999,Kochtitzky et al.,1733.1236054652325
RGI60-03.02681,0.00462851450951729,0.0021948873591457066,-0.05565158324955127,-0.051023068740033976,-0.2776586715618539,-0.25456593789685616,1.0,20009999,20199999,Kochtitzky et al.,200.4316412540128
RGI60-03.02687,0.003239232156645207,0.0014708678187177078,-0.10093749941205728,-0.09769826725541207,-0.11540642856451805,-0.11170286728484254,1.0,20009999,20199999,Kochtitzky et al.,874.6263156010248
RGI60-03.02811,0.007047556114243962,0.0017663181270651989,-0.09921100016141504,-0.09216344404717107,-0.2251614362540622,-0.2091668605096135,1.0,20009999,20199999,Kochtitzky et al.,440.6216349120714
RGI60-03.02836,0.014658736079231028,0.004469234225309342,-0.0852137191775345,-0.07055498309830346,-0.12908017808131902,-0.10687539366612313,1.0,20009999,20199999,Kochtitzky et al.,660.1611528909639
RGI60-03.02849,0.051864126864346,0.02852382139853853,-0.2177451594789683,-0.1658810326146223,-0.20208148366767106,-0.15394824511047744,1.0,20009999,20199999,Kochtitzky et al.,1077.5116825500777
RGI60-03.02860,0.005568420629729952,0.006419909961462518,-0.009675333868235594,-0.0041069132385056425,-0.5632033268356592,-0.2390643289887417,,20009999,20199999,Kochtitzky et al.,17.179113487479135
RGI60-03.02904,0.0050771917644376685,0.004612917043100344,-0.24925965102081166,-0.244182459256374,-0.18016799264285932,-0.17649813494741867,1.0,20009999,20199999,Kochtitzky et al.,1383.4846432180116
RGI60-03.03274,0.08619113270941586,0.012522097295932007,-0.3974513896507311,-0.3112602569413153,-0.3274143233496093,-0.25641139788597234,1.0,20009999,20199999,Kochtitzky et al.,1213.909598042652
RGI60-03.03299,0.0023743768884613397,0.001625664681178157,-0.04896729878886747,-0.04659292190040613,-0.4080060200334828,-0.3882222033174005,,20009999,20199999,Kochtitzky et al.,120.01611835249143
RGI60-03.03303,0.002869566923888896,0.0031783462524209057,-0.05711069527356176,-0.05424112834967287,-0.34072294519841445,-0.3236030819386864,,20009999,20199999,Kochtitzky et al.,167.61622919261947
RGI60-03.03314,0.002599953414232909,0.0015077088048408595,-0.02549845406324136,-0.022898500649008446,-0.2626007288267774,-0.2358246089961448,,20009999,20199999,Kochtitzky et al.,97.09970789936848
RGI60-03.03385,0.007431545523403862,0.005352210721728904,-0.0288354259176816,-0.02140388039427774,-0.380547944307945,-0.2824720781828633,,20009999,20199999,Kochtitzky et al.,75.77343761538637
RGI60-03.03389,0.14748224178606112,0.02024329496112091,-0.18860470505574012,-0.041122463269679034,-0.2436921678631232,-0.05313346885539293,1.0,20009999,20199999,Kochtitzky et al.,773.9465191252083
RGI60-03.03449,0.06897761850629107,0.015625364125384244,-0.06424391842385009,0.004733700082440978,-4.701282153669955,0.3464057028959796,,20009999,20199999,Kochtitzky et al.,13.66519096789361
RGI60-03.03450,0.01202263424687546,0.007770249279661358,-0.025239986682745637,-0.013217352435870171,-0.3551667177640695,-0.18598915051678944,,20009999,20199999,Kochtitzky et al.,71.06517987282828
RGI60-03.03490,0.003749863868823971,0.0023321839805410197,-0.004533687140821707,-0.0007838232719977372,-1.6382097779256826,-0.2832279573926806,1.0,20009999,20199999,Kochtitzky et al.,2.7674643393731344
RGI60-03.03535,0.0006595722422193991,0.0005801690524405239,-0.0015817499084476935,-0.0009221776662282946,-0.3965233659491692,-0.2311775017422641,,20009999,20199999,Kochtitzky et al.,3.989045903162389
RGI60-03.03545,0.00167262769586537,0.001131329954273135,-0.0008300168406703692,0.0008426108551950009,-0.5558359278604951,0.5642697395686209,,20009999,20199999,Kochtitzky et al.,1.4932767010316188
RGI60-03.03546,0.0014229717008412733,0.0014852732394340256,-0.0006490747766547875,0.0007738969241864856,-0.3605771178555828,0.42991891300819546,,20009999,20199999,Kochtitzky et al.,1.8000997415336624
RGI60-03.03547,0.024466582180528686,0.009071699129403652,-0.01649543012671522,0.007971152053813466,-0.9498669953271476,0.4590079914551072,,20009999,20199999,Kochtitzky et al.,17.36604199099892
RGI60-03.03553,0.004271721250558243,0.00334674561243588,-0.007182353926288191,-0.0029106326757299475,-0.42030966624144506,-0.17032954112854884,,20009999,20199999,Kochtitzky et al.,17.088243509875213
RGI60-03.03560,0.018770097502038813,0.011353800490677971,-0.01924898978898397,-0.0004788922869451533,-0.9898990456767331,-0.0246275271079552,1.0,20009999,20199999,Kochtitzky et al.,19.445406956448387
RGI60-03.03643,0.0008059407458167782,0.0004262222157764755,-0.0027923139769278306,-0.0019863732311110518,-0.4108036000202964,-0.2922340686136453,,20009999,20199999,Kochtitzky et al.,6.797199383817163
RGI60-03.03644,0.003531886153005035,0.0019662041892353705,-0.004640017788512526,-0.0011081316355074909,-0.7048258814737903,-0.16832691002159764,,20009999,20199999,Kochtitzky et al.,6.583211415009693
RGI60-03.03656,0.005238562429832484,0.001538954816569302,-0.01099921497396582,-0.005760652544133337,-0.40804734868145137,-0.21370788759673987,,20009999,20199999,Kochtitzky et al.,26.955731999014983
RGI60-03.03886,0.00023659659158651656,0.00026561374371462395,-0.007435181352679592,-0.007198584761093077,-0.5150516240747258,-0.4986620495684816,,20009999,20199999,Kochtitzky et al.,14.435798287281715
RGI60-03.03887,0.000798382027884117,0.0006860625036970192,-0.0069880250314388595,-0.006189643003554742,-0.30919566054376496,-0.27387004889135913,,20009999,20199999,Kochtitzky et al.,22.600656875809364
RGI60-03.03888,0.003865197940095201,0.002213161569083737,-0.002386474423754839,0.0014787235163403619,-0.36450007942916623,0.22585401871258795,,20009999,20199999,Kochtitzky et al.,6.547253508126067
RGI60-03.03896,0.0009543544216501764,0.0007472172203630406,-0.015051722085498362,-0.014097367663848188,-0.5359450156518826,-0.5019634225462316,,20009999,20199999,Kochtitzky et al.,28.08445203504803
RGI60-03.03936,0.00014132418228963666,0.00011387235094887837,-0.002435731251062182,-0.002294407068772545,-0.4381836788344711,-0.4127597121809491,,20009999,20199999,Kochtitzky et al.,5.5586991682141305
RGI60-03.03950,8.85818908215862e-05,9.982317022545406e-05,-0.0015911351993010225,-0.0015025533084794364,-0.28835694573942106,-0.2723034994349484,,20009999,20199999,Kochtitzky et al.,5.51793609556012
RGI60-03.03956,0.0012634616050511663,0.0010523109367263526,-0.002827716859695053,-0.0015642552546438868,-0.4677237853536848,-0.2587385602108453,,20009999,20199999,Kochtitzky et al.,6.0456982266933075
RGI60-03.03959,0.0010915508936113255,0.0008803894035765498,-0.0033765050348567595,-0.0022849541412454343,-0.329413961180484,-0.22292156742344116,,20009999,20199999,Kochtitzky et al.,10.250036224198745
RGI60-03.03981,0.02341872912704217,0.015980641611527045,-0.04266541345188872,-0.019246684324846542,-0.3566631908046439,-0.1608934096337841,,20009999,20199999,Kochtitzky et al.,119.62382032088631
RGI60-03.03983,0.00019041428310253664,0.0002480741421995253,-0.006086033874517493,-0.005895619591414957,-0.3129726139153273,-0.3031806119090718,,20009999,20199999,Kochtitzky et al.,19.44589911040597
RGI60-03.03984,0.0005174153697622617,0.0007262578254484103,-0.012452591032093265,-0.011935175662331002,-0.3930043853835553,-0.3766747308676918,,20009999,20199999,Kochtitzky et al.,31.685628698367
RGI60-03.03989,0.007771908246267109,0.006757650428015982,-0.015847349904890392,-0.008075441658623284,-0.4395784687197973,-0.22399898404705765,,20009999,20199999,Kochtitzky et al.,36.05124234370098
RGI60-03.03992,0.0004369005032873258,0.00031824303656890595,-0.008911153645164623,-0.008474253141877297,-0.4691565151217499,-0.4461544745623388,,20009999,20199999,Kochtitzky et al.,18.993988909760976
RGI60-03.03994,0.011238072013335793,0.004268158149419335,-0.020433178040977173,-0.00919510602764138,-0.8431310139004278,-0.3794162147689316,,20009999,20199999,Kochtitzky et al.,24.23487892640881
RGI60-03.03997,0.09602749474281748,0.0870729657436573,-0.17182807890918864,-0.07580058416637116,-0.6806384299785696,-0.30025820532931724,,20009999,20199999,Kochtitzky et al.,252.45133295602886
RGI60-03.04381,0.0014055304814492484,0.0012878551947166175,-0.02380691076751543,-0.022401380286066183,-0.4449421728240018,-0.4186733388499725,,20009999,20199999,Kochtitzky et al.,53.50562886951228
RGI60-03.04385,0.0007057176237337135,0.0007096447021144218,-0.008509031054862665,-0.007803313431128951,-0.2933725049530659,-0.2690409276289981,,20009999,20199999,Kochtitzky et al.,29.004187206377612
RGI60-03.04536,0.018986813135796258,0.0032058969074143127,-0.01384441893083489,0.0051423942049613714,-3.3236630768566795,1.2345469919004506,,20009999,20199999,Kochtitzky et al.,4.165409853735268
RGI60-04.00172,0.000497617532113363,0.00023016465780972134,-0.00997111031218605,-0.009473492780072687,-0.998874479121986,-0.949024719403228,,20009999,20199999,Kochtitzky et al.,9.982345650627384
RGI60-04.00183,0.00037805214423439215,0.0002876829615321794,-0.006205604293832501,-0.00582755214959811,-0.7478246871186162,-0.7022663960819824,,20009999,20199999,Kochtitzky et al.,8.298207321481751
RGI60-04.01029,0.0002554156346481013,0.00018317367580504952,-0.003623181105453512,-0.003367765470805411,-0.6494401411454053,-0.603657951133724,,20009999,20199999,Kochtitzky et al.,5.578930028968299
RGI60-04.01031,0.0006248472986733396,0.00045609943995551805,-0.01288200886664088,-0.01225716156796754,-0.5705976404744754,-0.542920560139347,,20009999,20199999,Kochtitzky et al.,22.576344437612747
RGI60-04.01033,0.0009900754341095792,0.0006182866754905947,-0.007989487085879453,-0.006999411651769874,-0.7355711007265532,-0.6444174548113552,,20009999,20199999,Kochtitzky et al.,10.86161090068372
RGI60-04.02643,0.0005258789639228913,0.0004361584603915988,-0.027697921705330288,-0.0271720427414074,-0.6545911469687962,-0.6421629323964805,,20009999,20199999,Kochtitzky et al.,42.31331546964937
RGI60-04.02714,4.007854104851283e-05,5.4733587200889806e-05,-0.004483206759783069,-0.004443128218734556,-0.6006632536176464,-0.5952935019741569,,20009999,20199999,Kochtitzky et al.,7.463760655878018
RGI60-04.02929,2.7601923250381635e-05,3.3948701098901036e-05,-0.011785970087601991,-0.011758368164351609,-0.5870382686117347,-0.5856634657643812,,20009999,20199999,Kochtitzky et al.,20.07700471636066
RGI60-04.03038,0.0001438869573884067,0.00015037868093192416,-0.0033812287144592357,-0.003237341757070829,-0.35519944605958464,-0.3400840629028629,,20009999,20199999,Kochtitzky et al.,9.519239829816724
RGI60-04.03204,0.00012881259217023853,0.00018208806989457318,-0.01328901929546515,-0.013160206703294909,-0.6874457739557667,-0.6807822519793981,,20009999,20199999,Kochtitzky et al.,19.331007330216305
RGI60-04.03235,0.0015205146205578574,0.0008322448539283919,-0.011672116497604886,-0.010151601877047028,-0.3404111609538676,-0.29606614886136146,,20009999,20199999,Kochtitzky et al.,34.288289681508665
RGI60-04.03256,0.00013936056760862348,0.0002773664468082863,-0.003652682084988779,-0.003513321517380156,-0.4171094622723729,-0.4011955091648486,,20009999,20199999,Kochtitzky et al.,8.757130718371416
RGI60-04.03268,0.0009498857115862883,0.0007783436353382048,-0.029641199382497024,-0.028691313670910736,-0.6049993340264139,-0.58561144706897,,20009999,20199999,Kochtitzky et al.,48.99377191909918
RGI60-04.03269,0.0003959533928010194,0.00038941815612093046,-0.01660670288305205,-0.01621074949025103,-0.4706514970355776,-0.45942975974127703,,20009999,20199999,Kochtitzky et al.,35.28450028874913
RGI60-04.03277,8.144259849522052e-05,0.0003179828394754132,-0.02384468890105109,-0.023763246302555874,-0.5925400802239649,-0.5905162331506706,,20009999,20199999,Kochtitzky et al.,40.241478503932456
RGI60-04.03283,0.00012295675165474858,0.00017858932628007774,-0.00032027020339306465,-0.00019731345173831598,-0.13851115015814666,-0.08533454830453308,,20009999,20199999,Kochtitzky et al.,2.3122340910994716
RGI60-04.03285,3.462648599147243e-05,4.827845280213423e-05,-0.005577295224282864,-0.005542668738291392,-0.2290158359224441,-0.2275939973222805,,20009999,20199999,Kochtitzky et al.,24.35331688666109
RGI60-04.03344,8.380691838906924e-05,0.00017606091474028595,-0.0038548990929225405,-0.003771092174533471,-0.3176849113822928,-0.31077832503596386,,20009999,20199999,Kochtitzky et al.,12.134347445553267
RGI60-04.03347,0.0009852545549956264,0.0005582614172217853,-0.00844511968705367,-0.007459865132058044,-0.3966905398819855,-0.35041041883863805,,20009999,20199999,Kochtitzky et al.,21.28893643283269
RGI60-04.03348,0.00031756155308677544,0.00030977325850728183,-0.012293744216332595,-0.01197618266324582,-0.6029430578597292,-0.5873683451841191,,20009999,20199999,Kochtitzky et al.,20.38956093129553
RGI60-04.03353,0.00015805474970248014,0.00014373239364837663,-0.003222143219983468,-0.0030640884702809877,-0.3103013912823213,-0.29508027745122645,,20009999,20199999,Kochtitzky et al.,10.383914834116448
RGI60-04.03356,9.125126581046635e-05,8.897636623429793e-05,-0.004649290399461847,-0.0045580391336513815,-0.4078528612051148,-0.3998479644032943,,20009999,20199999,Kochtitzky et al.,11.39943063222414
RGI60-04.03400,7.26192853558624e-05,8.074432656904902e-05,-0.0009091851699169599,-0.0008365658845610977,-0.3704595100619564,-0.34086982276378003,,20009999,20199999,Kochtitzky et al.,2.4542092866367664
RGI60-04.03403,8.243551296642378e-05,0.00010887502071684606,-0.0002430704503694631,-0.0001606349374030393,-0.05709591798349078,-0.03773226732129071,,20009999,20199999,Kochtitzky et al.,4.2572299203551935
RGI60-04.03404,0.0002145646517699517,0.0001683821139391109,-0.00027247660610839867,-5.791195433844699e-05,-0.09144994732833077,-0.01943669678498843,,20009999,20199999,Kochtitzky et al.,2.9795162716729826
RGI60-04.03405,0.00010481741898684058,0.00015968875847909833,-0.0009456647410108196,-0.000840847322023979,-0.28602875562743113,-0.2543253467757501,,20009999,20199999,Kochtitzky et al.,3.3061876556306884
RGI60-04.03406,0.00010107472958228321,0.00011585180198273413,-0.002512696981528497,-0.002411622251946214,-0.3463135955647458,-0.33238292534080105,,20009999,20199999,Kochtitzky et al.,7.2555539652751815
RGI60-04.03413,3.503029613856229e-05,8.034437604168235e-05,-0.008413868011821994,-0.008378837715683431,-0.6415594625439546,-0.6388883940256661,,20009999,20199999,Kochtitzky et al.,13.114712669748116
RGI60-04.03445,0.00038934230273475793,0.0002757262514820412,-0.010189698565882558,-0.0098003562631478,-0.5668065106130514,-0.5451491720156143,,20009999,20199999,Kochtitzky et al.,17.977384477926158
RGI60-04.03516,0.0003880626961901366,0.00030784320462015586,-0.007098112572175403,-0.006710049875985265,-0.4493595338094584,-0.4247924858124445,,20009999,20199999,Kochtitzky et al.,15.79606537331243
RGI60-04.03520,7.310578174743385e-05,8.45580976084102e-05,-0.0030434058793328386,-0.002970300097585405,-0.5355271367514632,-0.5226632166792042,,20009999,20199999,Kochtitzky et al.,5.683009637558807
RGI60-04.03530,5.052204807308043e-05,8.46359828358396e-05,-0.009209168524642573,-0.00915864647656949,-0.6780278517958008,-0.674308150540291,,20009999,20199999,Kochtitzky et al.,13.582286480196187
RGI60-04.03531,0.00014021792589433922,0.0002160171933305925,-0.01746679249223041,-0.017326574566336076,-0.6127153692194877,-0.6077966826161082,,20009999,20199999,Kochtitzky et al.,28.50718844294803
RGI60-04.03534,0.00037525187128566233,0.0003410759291959593,-0.02793853834619551,-0.027563286474909847,-0.5013217175665666,-0.4945882975750869,,20009999,20199999,Kochtitzky et al.,55.72975869030801
RGI60-04.03536,9.860039868037372e-05,0.00011813084436341811,-0.008123706578903893,-0.008025106180223519,-0.6585627383335522,-0.6505695214534211,,20009999,20199999,Kochtitzky et al.,12.335508989561687
RGI60-04.03634,0.00015698420927005093,0.0001767368244510417,-0.003434254028735189,-0.0032772698194651387,-0.6001635600642072,-0.5727293047292642,,20009999,20199999,Kochtitzky et al.,5.722196843086879
RGI60-04.03847,3.0505791715496917e-05,4.794283310416841e-05,-0.0030310629028500683,-0.003000557111134571,-0.6243259714287753,-0.6180425129003914,,20009999,20199999,Kochtitzky et al.,4.854936429944528
RGI60-04.03850,0.00010389844420060878,0.0001276767368589378,-0.004825626714389407,-0.0047217282701888,-0.6206033609197514,-0.6072414231898893,,20009999,20199999,Kochtitzky et al.,7.775701870575911
RGI60-04.03873,1.878022444178301e-05,5.2974202733446836e-05,-0.002433522502991132,-0.0024147422785493486,-0.6580142597024357,-0.652936165923596,,20009999,20199999,Kochtitzky et al.,3.698282320039096
RGI60-04.03967,8.306380463064355e-05,7.601235486672115e-05,-0.0009191365055589428,-0.0008360727009282992,-0.4870900394375538,-0.44307095018511533,,20009999,20199999,Kochtitzky et al.,1.8869950751205589
RGI60-04.03972,0.0008198209731343023,0.0006328718618584131,-0.025678664568279518,-0.02485884359514522,-0.4675336225683535,-0.4526070726144875,,20009999,20199999,Kochtitzky et al.,54.92367463802093
RGI60-04.03998,0.00032400185410993564,0.00025584179266971066,-0.02292764840331393,-0.02260364654920399,-0.6127455287082364,-0.6040865208629161,,20009999,20199999,Kochtitzky et al.,37.41789589497128
RGI60-04.04010,0.0011439460341903908,0.0007741709910468183,-0.02994428700363725,-0.028800340969446864,-0.5997661432374665,-0.5768535889691072,,20009999,20199999,Kochtitzky et al.,49.92660446286871
RGI60-04.04014,7.499180206285985e-05,0.00012858508676987928,-0.003774983844282953,-0.0036999920422200955,-0.3180108164774198,-0.3116933843540373,,20009999,20199999,Kochtitzky et al.,11.870614610214036
RGI60-04.04018,0.0002152124495269196,0.00017115344345920637,-0.010028018399237679,-0.009812805949710759,-0.6521204828876831,-0.6381252506372511,,20009999,20199999,Kochtitzky et al.,15.377554704051276
RGI60-04.04030,0.0034300746814772964,0.00199732747331471,-0.04257834268731059,-0.039148268005833285,-0.4519509185297971,-0.4155421410838523,,20009999,20199999,Kochtitzky et al.,94.21010322496643
RGI60-04.04035,3.0415316491267675e-05,4.695074112761739e-05,-0.0007339411592814732,-0.0007035258427902057,-0.2581651314174089,-0.2474664887813188,,20009999,20199999,Kochtitzky et al.,2.8429135850062406
RGI60-04.04044,3.3011049288883365e-05,6.267221527847446e-05,-0.0006399368282765394,-0.000606925778987656,-0.3340416651874387,-0.316810173910806,,20009999,20199999,Kochtitzky et al.,1.9157395467941272
RGI60-04.04074,0.00025265724011581345,0.00033096213303845863,-0.010783925731796071,-0.010531268491680255,-0.4811437781065124,-0.4698710317895698,,20009999,20199999,Kochtitzky et al.,22.41310440350077
RGI60-04.04081,0.0022974179269817444,0.0018095064823794933,-0.02923415231963966,-0.02693673439265792,-0.4415138529518733,-0.4068167004676204,,20009999,20199999,Kochtitzky et al.,66.21344296262953
RGI60-04.04082,0.00012575270744705363,0.00014156561223857328,-0.009140024032362895,-0.009014271324915842,-0.31043214323791696,-0.3061610732327905,,20009999,20199999,Kochtitzky et al.,29.442904774709266
RGI60-04.04085,0.00032718503849689027,0.00021261789928372592,-0.028509962162454043,-0.028182777123957156,-0.6620795911013191,-0.6544814562715308,,20009999,20199999,Kochtitzky et al.,43.06123092395868
RGI60-04.04090,7.445987516645688e-05,6.866574775535887e-05,-0.0074302986375953456,-0.007355838762428891,-0.5841581823130423,-0.5783042661443956,,20009999,20199999,Kochtitzky et al.,12.719668854374707
RGI60-04.04091,0.0014900264883190453,0.0007860894082544483,-0.03403008545822892,-0.03254005896990987,-0.5693051730162657,-0.5443778248680357,,20009999,20199999,Kochtitzky et al.,59.774769440320256
RGI60-04.04093,0.0003980574567720174,0.0003213806743554053,-0.012875121443268571,-0.012477063986496551,-0.4265572340220714,-0.4133694525715667,,20009999,20199999,Kochtitzky et al.,30.183807508941157
RGI60-04.04094,8.604817200235855e-05,9.501731428828264e-05,-0.0007028782487340697,-0.0006168300767317112,-0.24135205158052114,-0.21180510958177928,,20009999,20199999,Kochtitzky et al.,2.9122530516363643
RGI60-04.04813,0.00015793530592318882,0.0001696509182350695,-0.003399383533058407,-0.0032414482271352183,-0.5449303915641922,-0.5196129340718031,,20009999,20199999,Kochtitzky et al.,6.238197732559321
RGI60-04.04924,0.004193881045438614,0.003236737727475342,-0.05559556014597557,-0.05140167910053696,-0.5679583908391744,-0.5251141434984873,,20009999,20199999,Kochtitzky et al.,97.88667804314251
RGI60-04.05001,7.320291473942644e-05,8.116905677676438e-05,-0.013902331439333436,-0.01382912852459401,-0.5660751919030295,-0.5630945153028627,,20009999,20199999,Kochtitzky et al.,24.5591604051692
RGI60-04.05003,0.0003283776365326915,0.00022919944439660762,-0.010209047028381994,-0.0098806693918493,-0.5340686473884579,-0.5168901389842873,,20009999,20199999,Kochtitzky et al.,19.11560822434196
RGI60-04.05004,0.00043396217930190896,0.0003729846512189728,-0.011617339470013765,-0.011183377290711852,-0.4010597125954547,-0.3860782491237744,,20009999,20199999,Kochtitzky et al.,28.96660797673305
RGI60-04.05006,0.004326471877759875,0.002649598331230473,-0.018967740322633573,-0.014641268444873698,-0.3670415162841442,-0.283320694975831,,20009999,20199999,Kochtitzky et al.,51.677370218658716
RGI60-04.05008,0.006221090624139093,0.005803710670624629,-0.029382670892158576,-0.023161580268019483,-0.5491519035348513,-0.4328818826491557,,20009999,20199999,Kochtitzky et al.,53.50554318946075
RGI60-04.05009,0.004284156407446765,0.0030890263368804857,-0.03403299953535455,-0.029748843127907782,-0.5747753866387597,-0.5024212688962703,,20009999,20199999,Kochtitzky et al.,59.21095496864748
RGI60-04.05225,7.80738436711692e-05,8.787756179772939e-05,-0.005298686974042472,-0.005220613130371303,-0.5739105130406761,-0.565454191711282,,20009999,20199999,Kochtitzky et al.,9.232601344012886
RGI60-04.05226,0.0002387289948891667,0.0002142870741392146,-0.013174606169544464,-0.0129358771746553,-0.5244931622500177,-0.514989141876366,,20009999,20199999,Kochtitzky et al.,25.11873770294137
RGI60-04.05514,0.010687030029233387,0.009423828509578677,-0.3143190297340989,-0.3036319997048655,-0.4752471656124778,-0.4590884852598908,,20009999,20199999,Kochtitzky et al.,661.3801248641182
RGI60-04.06126,2.4287576542709712e-05,3.463941716913099e-05,-0.01665347286677983,-0.01662918529023712,-0.7375695714530126,-0.7364938932707175,,20009999,20199999,Kochtitzky et al.,22.578850201171498
RGI60-04.06168,2.7823052901177594e-05,5.518701623037377e-05,-0.006775157338626661,-0.006747334285725483,-0.5130672414974412,-0.5109602650408711,,20009999,20199999,Kochtitzky et al.,13.205203510660017
RGI60-04.06579,8.754081774610727e-06,2.0886767404402905e-05,-0.00401507484161506,-0.004006320759840449,-0.5088410707956088,-0.5077316428223475,,20009999,20199999,Kochtitzky et al.,7.890626508070994
RGI60-04.06580,1.952436508748589e-05,2.550393468567084e-05,-0.005503902565743182,-0.005484378200655696,-0.5625492881112479,-0.5605537190491882,,20009999,20199999,Kochtitzky et al.,9.783858378387542
RGI60-04.06598,0.00013851474384123544,0.00013522938999938077,-0.005933374027325675,-0.005794859283484439,-0.5295950319451713,-0.5172316245733053,,20009999,20199999,Kochtitzky et al.,11.203605905313617
RGI60-04.06606,0.0004312213659276672,0.00030151402344035725,-0.01901341108242445,-0.018582189716496784,-0.6701908865202695,-0.6549910558184188,,20009999,20199999,Kochtitzky et al.,28.370142693442016
RGI60-04.06670,0.000111460704493633,0.00011850809345477748,-0.0019181294139208078,-0.0018066687094271754,-0.4107097566284913,-0.3868437971765447,,20009999,20199999,Kochtitzky et al.,4.670279639000292
RGI60-04.06671,1.1164330780066432e-05,1.943745197018068e-05,-0.001257119683938996,-0.0012459553531589296,-0.3019090369627,-0.2992278186211165,,20009999,20199999,Kochtitzky et al.,4.163902136173253
RGI60-04.06673,0.0004395261928512176,0.0002801086569510888,-0.018136363319277225,-0.01769683712642601,-0.5889090398583005,-0.5746371076264698,,20009999,20199999,Kochtitzky et al.,30.79654427386797
RGI60-04.06691,7.418782444784536e-05,7.62930436070076e-05,-0.003688909730351263,-0.003614721905903418,-0.5012319787576318,-0.4911516805758228,,20009999,20199999,Kochtitzky et al.,7.359685508284413
RGI60-04.06746,0.0010498291627927651,0.0005489974669390125,-0.0036627479274173287,-0.002612918764624564,-0.5263696838434889,-0.3754998299907424,,20009999,20199999,Kochtitzky et al.,6.958508515673582
RGI60-04.06791,0.00041828823632584285,0.00025688943411492814,-0.010325399400822813,-0.00990711116449697,-0.4757089447958077,-0.4564376848862676,,20009999,20199999,Kochtitzky et al.,21.70528747416104
RGI60-04.06802,3.537364739125389e-05,5.030222671216889e-05,-0.0012369093601167526,-0.0012015357127254985,-0.37889708024381263,-0.36806122424151416,,20009999,20199999,Kochtitzky et al.,3.2644995821050564
RGI60-04.06806,0.0025514254286785444,0.0020013137371657414,-0.01197816086594028,-0.009426735437261736,-0.4243422984249097,-0.33395465521469114,,20009999,20199999,Kochtitzky et al.,28.227591051849608
RGI60-04.06810,0.0004911985272086758,0.0004347658836735569,-0.011107964384735616,-0.01061676585752694,-0.3831781314949415,-0.36623384473547627,,20009999,20199999,Kochtitzky et al.,28.98903531211111
RGI60-04.06811,0.0011295964159558688,0.0009448035154658696,-0.012820934990396576,-0.011691338574440708,-0.4971695823171334,-0.4533661484233985,,20009999,20199999,Kochtitzky et al.,25.787850758372397
RGI60-04.06852,0.007280478038765144,0.005728227312791796,-0.16100663341696286,-0.15372615537819773,-0.7702731364016979,-0.7354425425658512,,20009999,20199999,Kochtitzky et al.,209.02537789270352
RGI60-04.07052,0.005566076017663329,0.003771978418791803,-0.08937761748632267,-0.08381154146865935,-0.5323799939765979,-0.4992255242100441,,20009999,20199999,Kochtitzky et al.,167.883125770221
RGI60-04.07104,0.00743890808939557,0.005483010375018382,-0.1575343632383956,-0.15009545514900002,-0.5653895283420743,-0.5386913486587078,,20009999,20199999,Kochtitzky et al.,278.62978591121606
RGI60-05.00268,0.00011570482365380825,0.00012706259543173422,-0.0026483449219086965,-0.002532640098254888,-0.5492186234342062,-0.5252235450567103,,20009999,20199999,Kochtitzky et al.,4.822023159646107
RGI60-05.00310,0.00033134972519591985,0.00032702167959753085,-0.01228260322753324,-0.01195125350233732,-0.7927933900712805,-0.7714060777018309,,20009999,20199999,Kochtitzky et al.,15.492817399031171
RGI60-05.00313,0.0001252908856312242,8.584644826707983e-05,-0.004195107375521971,-0.004069816489890747,-0.7680476936184405,-0.7451092162145101,,20009999,20199999,Kochtitzky et al.,5.46204019669391
RGI60-05.00319,6.137273425681124e-05,7.262960408524945e-05,-0.0010660553497025835,-0.0010046826154457725,-0.4117072178747962,-0.3880052612350304,,20009999,20199999,Kochtitzky et al.,2.5893530728110297
RGI60-05.00321,3.9594255551433836e-05,4.7771156853046055e-05,-0.003468250073255084,-0.00342865581770365,-0.6692261036263841,-0.6615860809033961,,20009999,20199999,Kochtitzky et al.,5.182478768328709
RGI60-05.00337,0.005385936759114117,0.005447562583955418,-0.17776116680018167,-0.17237523004106756,-0.8932952217271405,-0.8662295152061578,,20009999,20199999,Kochtitzky et al.,198.99487031453
RGI60-05.00340,9.055178084249057e-05,0.00011027288174804104,-0.003238686496290864,-0.003148134715448373,-0.7358622045116564,-0.715287927517102,,20009999,20199999,Kochtitzky et al.,4.4012132657909335
RGI60-05.00355,0.00011816611315754309,0.00011959124481073528,-0.003960742514136465,-0.003842576400978922,-0.6070653889652805,-0.588953997681836,,20009999,20199999,Kochtitzky et al.,6.52440838521102
RGI60-05.00452,0.0003827083412420424,0.0003683724471227848,-0.02221232061873213,-0.021829612277490088,-0.6993482428033335,-0.6872987856327897,,20009999,20199999,Kochtitzky et al.,31.76145911183557
RGI60-05.00457,7.673497830772437e-05,9.935940378677372e-05,-0.008427870933577225,-0.0083511359552695,-0.6155837169358024,-0.6099788846432879,,20009999,20199999,Kochtitzky et al.,13.690860725700686
RGI60-05.00460,0.014988282754161666,0.009172800683503804,-0.4633891006605458,-0.44840081790638414,-0.8085752366772377,-0.7824219364419579,,20009999,20199999,Kochtitzky et al.,573.0933618061304
RGI60-05.00798,0.0004369157225677567,0.00043948397655305344,-0.010799959945859113,-0.010363044223291356,-0.3346874364174244,-0.32114755257991656,,20009999,20199999,Kochtitzky et al.,32.26879401708205
RGI60-05.00800,0.005466884896766942,0.0062065806538721185,-0.17696726055570672,-0.17150037565893975,-0.7175002792791682,-0.6953352108484308,,20009999,20199999,Kochtitzky et al.,246.6441695792728
RGI60-05.00808,0.02977187839806885,0.007489983309913199,-0.04561713169238963,-0.01584525329432078,-0.5379045684942361,-0.18684283337756266,,20009999,20199999,Kochtitzky et al.,84.8052505300082
RGI60-05.00814,0.0003991491481107779,0.00048630418228558654,-0.014231246156937431,-0.013832097008826651,-0.549157540720854,-0.5337551112961837,,20009999,20199999,Kochtitzky et al.,25.914687683714085
RGI60-05.00817,0.015234927105028497,0.012625177561439877,-0.3401813447080088,-0.32494641760298026,-0.7133607522023498,-0.6814130889090569,,20009999,20199999,Kochtitzky et al.,476.87140574775253
RGI60-05.00818,0.0005046048504950911,0.0007556835106610301,-0.00792857842604143,-0.0074239735755463375,-0.4173543969055531,-0.3907923776206984,,20009999,20199999,Kochtitzky et al.,18.99723229185401
RGI60-05.00822,0.000195124014031922,0.00020572953732952607,-0.011734256506447634,-0.011539132492415713,-0.6225610595929764,-0.6122087536875276,,20009999,20199999,Kochtitzky et al.,18.848362462823104
RGI60-05.00854,0.0003842744462023117,0.000361798755467341,-0.05229109453818988,-0.05190682009198756,-0.8507973505102048,-0.8445450491654904,,20009999,20199999,Kochtitzky et al.,61.46128041751898
RGI60-05.02422,4.1582947375897264e-05,4.333383223472209e-05,-0.0025503414907578404,-0.002508758543381943,-0.3151197735518273,-0.3099817914391588,,20009999,20199999,Kochtitzky et al.,8.09324487007601
RGI60-05.02500,0.00016532357915055758,0.00017743086425232076,-0.0036942092822176017,-0.0035288857030670437,-0.472356891597341,-0.4512179343836267,,20009999,20199999,Kochtitzky et al.,7.8208010678644175
RGI60-05.02516,9.8960043226273e-05,0.0001343287023048923,-0.007785135671818852,-0.007686175628592578,-0.6531065106323839,-0.6448046066902987,,20009999,20199999,Kochtitzky et al.,11.920162400893435
RGI60-05.02526,0.00010117564126045566,0.00011513480061288701,-0.010825209611543566,-0.01072403397028311,-0.6371655711839227,-0.6312104315083941,,20009999,20199999,Kochtitzky et al.,16.989633622904567
RGI60-05.02527,0.0001405932515715143,0.00014469244181552376,-0.0033329949133952485,-0.0031924016618237344,-0.5908796767942062,-0.5659550377813619,,20009999,20199999,Kochtitzky et al.,5.6407337132972275
RGI60-05.02541,3.638335593328445e-05,4.292181807720647e-05,-0.0052247414174042,-0.005188358061470916,-0.5846535161651173,-0.5805821841551878,,20009999,20199999,Kochtitzky et al.,8.936474805923572
RGI60-05.02614,0.0001124611683212376,0.00013851211416712807,-0.0007276110326618585,-0.0006151498643406209,-0.13095282243248052,-0.11071246495488243,,20009999,20199999,Kochtitzky et al.,5.5562836993224485
RGI60-05.02616,0.0006525169140258253,0.0006762483855439255,-0.013217819892443214,-0.012565302978417387,-0.4721885979492446,-0.4488783206660616,,20009999,20199999,Kochtitzky et al.,27.99267061900549
RGI60-05.02619,0.0001879145028208181,0.0002567847775511435,-0.013292250688037395,-0.013104336185216578,-0.3272900796292293,-0.3226631316401229,,20009999,20199999,Kochtitzky et al.,40.61305708714277
RGI60-05.02622,0.0012919890481507188,0.0011117094021123417,-0.015657464770164272,-0.014365475722013554,-0.451879869197112,-0.4145926167170719,,20009999,20199999,Kochtitzky et al.,34.649617824277136
RGI60-05.02771,0.0013727594189863596,0.000982484995612035,-0.028460389154608683,-0.02708762973562232,-0.466339250004736,-0.4438458260951275,,20009999,20199999,Kochtitzky et al.,61.02936682751805
RGI60-05.02841,0.0002152534935166697,0.00018741352018866955,-0.0005320256271300262,-0.0003167721336133565,-0.0968486723742046,-0.05766444137492618,,20009999,20199999,Kochtitzky et al.,5.493370369336419
RGI60-05.04255,0.0004480588274383865,0.00039376585312786265,-0.0015404324626859605,-0.0010923736352475737,-0.08371571762249219,-0.05936569437597235,,20009999,20199999,Kochtitzky et al.,18.400755633874983
RGI60-05.04256,0.0005627785700123741,0.0005216814293865942,-0.00038389256770454135,0.0001788860023078327,-0.3344709170264795,0.1558565345322103,,20009999,20199999,Kochtitzky et al.,1.1477606816085275
RGI60-05.04258,7.891863269577445e-05,0.00010808877041155225,-0.00042924484036824083,-0.00035032620767246633,-0.0950794112567704,-0.07759862540162442,,20009999,20199999,Kochtitzky et al.,4.5145929565027165
RGI60-05.04267,0.0007006814196953543,0.0009573964916807608,-0.0016257313911472366,-0.0009250499714518824,-0.11816434615006614,-0.06723615329566422,,20009999,20199999,Kochtitzky et al.,13.758222713665194
RGI60-05.04271,0.00037150966095495164,0.00033373999764274803,-0.0012823398738526016,-0.00091083021289765,-0.1514589790354428,-0.10757944670756617,,20009999,20199999,Kochtitzky et al.,8.466582054224213
RGI60-05.04274,0.00024374891170597218,0.0002863284898630051,-0.010923408550959218,-0.010679659639253249,-0.25808668477374125,-0.2523276446127946,,20009999,20199999,Kochtitzky et al.,42.32457230614405
RGI60-05.04275,0.00017009536187175857,0.0001832411922944808,-0.0019096381114707586,-0.0017395427495990002,-0.302305934573416,-0.27537892833680383,,20009999,20199999,Kochtitzky et al.,6.316905799965356
RGI60-05.04276,0.014792994319485678,0.005834825610001474,-0.07445158785928557,-0.0596585935397999,-1.1515926996115131,-0.9227795237809104,,20009999,20199999,Kochtitzky et al.,64.65097241794048
RGI60-05.04280,0.0074935844912910375,0.003561276267581497,-0.053751300359456605,-0.04625771586816557,-0.8585245952273292,-0.7388358332966499,,20009999,20199999,Kochtitzky et al.,62.608923096983354
RGI60-05.04282,0.004626031036678694,0.004034258774161518,-0.01132663995150386,-0.0067006089148251655,-0.3406569003405519,-0.20152566631338395,,20009999,20199999,Kochtitzky et al.,33.24940707257276
RGI60-05.04288,0.0,0.007410219600941634,-0.16478481403985495,-0.16478481403985495,-1.2653544806133608,-1.2653544806133608,,20009999,20199999,Kochtitzky et al.,130.22818235090776
RGI60-05.04298,0.02077833192547346,0.014009425265086492,-0.10206014488101124,-0.08128181295553777,-1.3203498815577113,-1.0515410519332684,,20009999,20199999,Kochtitzky et al.,77.29780288282647
RGI60-05.04304,0.017582060267270827,0.006447786429273564,-0.11688872788287093,-0.09930666761560007,-1.6329543091275311,-1.3873301022703086,,20009999,20199999,Kochtitzky et al.,71.58113808176496
RGI60-05.04308,0.00017530302131823686,0.0002529847196906196,-0.02875888320517225,-0.028583580183854013,-0.5750394070897037,-0.5715341894245843,,20009999,20199999,Kochtitzky et al.,50.01202152513694
RGI60-05.04309,0.043134789233381717,0.01287770383850283,-0.21248233515814646,-0.1693475459247648,-2.114059924589172,-1.6848970522684112,,20009999,20199999,Kochtitzky et al.,100.50913537819343
RGI60-05.04311,0.0041862247646677325,0.002169050020581907,-0.02112635442556681,-0.016940129660899084,-1.2312143345913646,-0.9872470208629344,,20009999,20199999,Kochtitzky et al.,17.15895748775421
RGI60-05.04315,0.034060398211130334,0.01276214883205376,-0.07903937234680114,-0.044978974135670806,-1.1093359140615269,-0.6312903291717946,,20009999,20199999,Kochtitzky et al.,71.2492684541514
RGI60-05.04318,0.00032674281259403344,0.0002834598239560828,-0.0185929812685964,-0.018266238456002358,-0.9822474460704368,-0.9649859704331524,,20009999,20199999,Kochtitzky et al.,18.929019711865045
RGI60-05.04323,0.0002626683860363129,0.00026596168892333596,-0.007639730880389634,-0.0073770624943533215,-0.5926223353428228,-0.5722468594535948,,20009999,20199999,Kochtitzky et al.,12.891398829863828
RGI60-05.04324,7.380426897766162e-05,0.00010287012784406741,-0.0029927415691709154,-0.002918937300193254,-0.6409154210582967,-0.6251097482213929,,20009999,20199999,Kochtitzky et al.,4.669479732956371
RGI60-05.04328,8.688852708578268e-05,7.997630210001972e-05,-0.003873872520030195,-0.003786983992944412,-0.6998958662651498,-0.6841976416543066,,20009999,20199999,Kochtitzky et al.,5.534926989499622
RGI60-05.04331,0.016940258420684803,0.011193691337940959,-0.03387777031710425,-0.016937511896419444,-0.7976465443865436,-0.3987909389616448,,20009999,20199999,Kochtitzky et al.,42.47215832064949
RGI60-05.04332,0.01534994188198714,0.006681408093344366,-0.05874391781355545,-0.04339397593156831,-0.7027534092039002,-0.5191220752692918,,20009999,20199999,Kochtitzky et al.,83.5910819416761
RGI60-05.04337,0.000626136063623394,0.0008106980806918935,-0.0011067090634918123,-0.00048057299986841844,-0.1959366460143078,-0.08508276010874914,,20009999,20199999,Kochtitzky et al.,5.648300540017398
RGI60-05.04338,0.01246793725564263,0.005021382876766448,-0.051475881710956746,-0.039007944455314116,-0.5006778328689343,-0.3794090056431485,,20009999,20199999,Kochtitzky et al.,102.81238419523143
RGI60-05.04345,0.00183116075043529,0.0009672788099829244,-0.004299753345758928,-0.002468592595323637,-0.6191129910038005,-0.3554477716188375,,20009999,20199999,Kochtitzky et al.,6.945022004444635
RGI60-05.04347,0.0005362548499054982,0.0005102427024675668,-0.0222756021104994,-0.021739347260593903,-0.4644273746484718,-0.4532469167264509,,20009999,20199999,Kochtitzky et al.,47.96358553877224
RGI60-05.04361,0.012491652411860062,0.004878037189989871,-0.03569472423237465,-0.02320307182051459,-0.7335487321452758,-0.4768375238034983,,20009999,20199999,Kochtitzky et al.,48.66033116570839
RGI60-05.04363,0.00039519594174329753,0.0004005924738667732,-0.011204282170577314,-0.010809086228834015,-0.4587408495316831,-0.4425602036601544,,20009999,20199999,Kochtitzky et al.,24.423990542842397
RGI60-05.04374,9.631143628356385e-05,8.190290667851393e-05,-0.0014985031396062614,-0.0014021917033226975,-0.2360468427879393,-0.2208756964231205,,20009999,20199999,Kochtitzky et al.,6.348329517597034
RGI60-05.04376,0.0014679327151485796,0.0009010187086188207,-0.00391122445792944,-0.0024432917427808605,-1.457509243680321,-0.9104873265177228,,20009999,20199999,Kochtitzky et al.,2.683498903961187
RGI60-05.04501,0.002244050316454789,0.0011079834613678414,-0.026620812840062992,-0.0243767625236082,-0.4599813429899693,-0.4212063707717469,,20009999,20199999,Kochtitzky et al.,57.87367954322335
RGI60-05.04511,0.023218466045243448,0.014176332043532634,-0.01567412899262506,0.007544337052618388,-0.9184833933994968,0.4420882525784283,,20009999,20199999,Kochtitzky et al.,17.065228511766414
RGI60-05.04514,0.032805545932198296,0.007624610700318948,-0.03814740888318182,-0.005341862950983524,-0.5195615902845595,-0.07275531657718387,,20009999,20199999,Kochtitzky et al.,73.42230372012067
RGI60-05.04515,0.0042152614941016716,0.005738097805794496,-0.008931989410792332,-0.00471672791669066,-0.3336285947295571,-0.1761797102743748,,20009999,20199999,Kochtitzky et al.,26.772253793271823
RGI60-05.04516,0.0028629887993163205,0.002530158785055406,-0.006814842805625222,-0.003951854006308901,-0.3421171522999091,-0.19839005498812093,,20009999,20199999,Kochtitzky et al.,19.91961747551069
RGI60-05.04517,0.02927049959643657,0.010328309514232746,-0.06426836640752627,-0.03499786681108971,-1.0687202444800363,-0.5819803873254727,,20009999,20199999,Kochtitzky et al.,60.13581827374733
RGI60-05.04518,0.06599760871119519,0.02731446856966083,-0.19405342276442625,-0.12805581405323102,-1.1217198348138626,-0.7402226899193738,,20009999,20199999,Kochtitzky et al.,172.99633717953049
RGI60-05.04520,0.002687101283977417,0.001690264645279012,-0.017772778520781914,-0.015085677236804497,-0.910594775987552,-0.7729201637214882,,20009999,20199999,Kochtitzky et al.,19.51776903343982
RGI60-05.04526,0.012115254836767668,0.00596760068063695,-0.00450231716771504,0.007612937669052627,-0.13419450598893012,0.2269085831955085,,20009999,20199999,Kochtitzky et al.,33.55068178488949
RGI60-05.04528,0.0018319895317764829,0.0015154368183609938,-0.028796148222601167,-0.026964158690824684,-0.7494345307527629,-0.7017560633244945,,20009999,20199999,Kochtitzky et al.,38.42383429233922
RGI60-05.04529,0.00042764500456121815,0.0002720114844106488,-0.004022149863882599,-0.003594504859321381,-0.7724296157238424,-0.6903029725806707,,20009999,20199999,Kochtitzky et al.,5.2071409252135545
RGI60-05.04530,0.00021064501616459543,0.00021608786325773177,-0.005019593852945104,-0.004808948836780509,-0.2571945394741264,-0.2464014853920344,,20009999,20199999,Kochtitzky et al.,19.51672015746692
RGI60-05.04532,0.0042514816912231435,0.003096206084387974,-0.011429300459904323,-0.007177818768681181,-0.3908384843278825,-0.24545402565740795,,20009999,20199999,Kochtitzky et al.,29.243027281612445
RGI60-05.04577,0.0021196902937013736,0.0022445467957092034,-0.0005999769850682647,0.0015197133086331089,-0.06492371369574802,0.1644486942079751,,20009999,20199999,Kochtitzky et al.,9.241261026439997
RGI60-05.04584,0.0014546933442972758,0.0018049360655055628,0.0009013461553698947,0.0023560394996671712,0.04648996734037812,0.12152068185969872,,20009999,20199999,Kochtitzky et al.,19.387971361017605
RGI60-05.04704,0.0002624363404461005,0.00018277044431304164,-0.0038264873897069962,-0.003564051049260895,-0.27096796226168235,-0.2523838580554646,,20009999,20199999,Kochtitzky et al.,14.121549122518164
RGI60-05.04788,0.04141801252022568,0.009656032722358538,-0.03151900925920064,0.009899003261025038,-0.32363611429439937,0.10164262856233508,,20009999,20199999,Kochtitzky et al.,97.39027218244564
RGI60-05.04790,0.006016295883403688,0.0038387124258520322,-0.0047312718167661465,0.0012850240666375428,-0.1928907483435444,0.052389561084782585,,20009999,20199999,Kochtitzky et al.,24.528246467993394
RGI60-05.04791,0.0003417168538504418,0.00015267921655305272,-0.002341328422244722,-0.00199961156839428,-0.3614478921514492,-0.308694576826959,,20009999,20199999,Kochtitzky et al.,6.477637504837596
RGI60-05.04792,0.026631022006753338,0.011912987699111387,-0.0070106719895448024,0.01962035001720853,-0.12756048476614398,0.35699592895074894,,20009999,20199999,Kochtitzky et al.,54.95959036528775
RGI60-05.04801,0.005446158354867974,0.002899190475132681,-0.010640145148389155,-0.00519398679352118,-0.4898064865665224,-0.23909903362480706,,20009999,20199999,Kochtitzky et al.,21.72316096296548
RGI60-05.04804,0.0011035611227837292,0.001102091740418601,0.0004273566111908225,0.0015309177339745518,0.0969289192915907,0.34722804700504645,,20009999,20199999,Kochtitzky et al.,4.4089691117385525
RGI60-05.04806,0.008304368344238556,0.005240629858814064,-0.02272065905886344,-0.014416290714624882,-0.34531068633456696,-0.21910012505221685,,20009999,20199999,Kochtitzky et al.,65.79772928559092
RGI60-05.04808,0.027458620665969432,0.0061916093695563,-0.024097171608299533,0.003361449057669902,-0.3598876868749935,0.050202743524318375,,20009999,20199999,Kochtitzky et al.,66.95747725503499
RGI60-05.04809,0.008620234374151109,0.006136342626938295,-0.02369401097098187,-0.015073776596830759,-0.5081974839009181,-0.32330766406649003,,20009999,20199999,Kochtitzky et al.,46.623629044966755
RGI60-05.04810,0.01590094515200869,0.008801146886643024,-0.0056488214695195604,0.01025212368248913,-0.09906675604454036,0.17979761641820616,,20009999,20199999,Kochtitzky et al.,57.02035369947768
RGI60-05.04814,0.025742018698076744,0.005717139067142864,-0.011187922909721829,0.014554095788354916,-0.22431033566136424,0.29179983969112905,,20009999,20199999,Kochtitzky et al.,49.876983495811615
RGI60-05.04816,0.0031318421000971386,0.004516432225194366,-0.036714360375231125,-0.033582518275133984,-0.7880299088607501,-0.7208086575715459,,20009999,20199999,Kochtitzky et al.,46.590059542675036
RGI60-05.04820,0.005691708828148672,0.004910891084033553,-0.004826293814776301,0.0008654150133723714,-0.1190202492005932,0.0213418234584395,,20009999,20199999,Kochtitzky et al.,40.550190805282284
RGI60-05.04821,0.0007382020223841284,0.0010205455879363427,-0.004518401526495594,-0.003780199504111466,-0.1963217041652585,-0.16424729063585836,,20009999,20199999,Kochtitzky et al.,23.015292912759772
RGI60-05.04823,0.0004092706106274767,0.00037369331126972855,-0.0006915274273386009,-0.00028225681671112423,-0.241852389637654,-0.09871551425779901,,20009999,20199999,Kochtitzky et al.,2.8592954089668297
RGI60-05.04906,7.526362620518646e-05,0.0004838404977245214,0.0007215360023294471,0.0007967996285346336,0.08600502371235783,0.09497623226682654,,20009999,20199999,Kochtitzky et al.,8.38946344277063
RGI60-05.04912,0.0011152060017636186,0.00083167264441404,-0.005621443472327702,-0.004506237470564084,-0.34418575039449245,-0.27590470897675945,,20009999,20199999,Kochtitzky et al.,16.332586302264463
RGI60-05.04913,6.533880068122997e-05,0.00026869386794422596,-0.0022229179899522925,-0.0021575791892710625,-0.3775016601863343,-0.36640565671556397,,20009999,20199999,Kochtitzky et al.,5.888498579993166
RGI60-05.04916,0.00031315589883640994,0.00018599987038329355,-0.008947072089562563,-0.008633916190726152,-0.4012597285149913,-0.38721526238214826,,20009999,20199999,Kochtitzky et al.,22.297458363625182
RGI60-05.04918,0.00011457549723099441,0.00021991435531751495,-0.0070704413535068455,-0.00695586585627585,-0.7006546259762237,-0.6893006173444138,,20009999,20199999,Kochtitzky et al.,10.091193423087134
RGI60-05.04940,0.0014131339122311116,0.0009474271329655046,-0.002653369402013784,-0.0012402354897826724,-0.2779321915233992,-0.12991080978727734,,20009999,20199999,Kochtitzky et al.,9.546822868808976
RGI60-05.04941,0.0005068432611742468,0.00041627515481885735,-0.000434133469698996,7.270979147525079e-05,-0.05204160744717397,0.008716062431547716,,20009999,20199999,Kochtitzky et al.,8.342045739837555
RGI60-05.04944,0.002678176259971536,0.0018411970190931493,-0.012997332240322906,-0.01031915598035137,-0.5652550441905857,-0.4487809391828046,,20009999,20199999,Kochtitzky et al.,22.99374835112595
RGI60-05.04946,0.0006015048280582938,0.0006155210315667159,-0.00017793540167445083,0.000423569426383843,-0.01920430775539739,0.04571522891737426,,20009999,20199999,Kochtitzky et al.,9.265390033360713
RGI60-05.04951,0.0002339658168550017,0.00021522861884597005,0.0011702516311009909,0.0014042174479559925,0.14632107424883484,0.17557472256677994,,20009999,20199999,Kochtitzky et al.,7.997833785110482
RGI60-05.04954,0.0006916249073206073,0.00044320114712462666,-0.0057783773917824575,-0.00508675248446185,-0.8484217628686046,-0.7468725591168266,,20009999,20199999,Kochtitzky et al.,6.810736881907822
RGI60-05.05038,0.0008195866994958168,0.0013323537935986908,-0.0006045983747047371,0.0002149883247910797,-0.06908754988090207,0.024566749158181158,,20009999,20199999,Kochtitzky et al.,8.751191433868849
RGI60-05.05041,0.0002605798423002299,0.0002259853517040851,-0.0024791509357614434,-0.002218571093461213,-0.3759580083227588,-0.3364416250694884,,20009999,20199999,Kochtitzky et al.,6.594222974053795
RGI60-05.05048,0.0004350841621754967,0.0005319904562863983,-0.0011396363635280831,-0.0007045522013525865,-0.10526346434044068,-0.06507655239559176,,20009999,20199999,Kochtitzky et al.,10.826513934999301
RGI60-05.05050,0.0013060350243547126,0.0013654466575972206,-0.0032680741308291645,-0.001962039106474452,-0.20364837276716333,-0.12226346629342975,,20009999,20199999,Kochtitzky et al.,16.047631937455456
RGI60-05.05054,0.0049043985735712295,0.004189557906613389,-0.03446436324585446,-0.02955996467228323,-0.6465413779782825,-0.5545362946610134,,20009999,20199999,Kochtitzky et al.,53.305734821835536
RGI60-05.05108,0.00012982490638485845,0.00019396987824889066,-0.0011115322550367317,-0.000981707348651873,-0.25066472885668106,-0.22138755330883414,,20009999,20199999,Kochtitzky et al.,4.434338489130858
RGI60-05.05329,0.0006912354189169951,0.0004746344917011897,-0.007723365901797419,-0.007032130482880422,-0.5007991742188321,-0.4559780261098351,,20009999,20199999,Kochtitzky et al.,15.422081943015687
RGI60-05.05476,7.867006036474795e-05,9.182984956423322e-05,-0.0010439117144307023,-0.0009652416540659543,-0.28499215125986244,-0.2635149042540467,,20009999,20199999,Kochtitzky et al.,3.6629489963702175
RGI60-05.05532,0.0025352465212279372,0.002333844832263912,-0.014644484627626263,-0.012109238106398329,-0.6347863320652041,-0.524892410837318,,20009999,20199999,Kochtitzky et al.,23.06994320432534
RGI60-05.05544,0.004686873662982772,0.0028770419842910192,-0.013604790738209685,-0.008917917075226912,-0.8418434127737147,-0.551826918172058,,20009999,20199999,Kochtitzky et al.,16.160714132554027
RGI60-05.05547,0.01670167562236835,0.007739820429266767,-0.03737972294551648,-0.020678047323148124,-0.9788802579686781,-0.5415056801644813,,20009999,20199999,Kochtitzky et al.,38.18620576032962
RGI60-05.05548,0.00010887126505302702,0.00036232591562858997,-0.0024339722660602875,-0.002325101001007261,-0.2007403890661637,-0.19176129739383124,,20009999,20199999,Kochtitzky et al.,12.124975334475687
RGI60-05.05550,0.006034103036578509,0.0027854586212562853,-0.010319504092006031,-0.004285401055427524,-0.7714659303624939,-0.3203681962549752,,20009999,20199999,Kochtitzky et al.,13.376487134249905
RGI60-05.05554,0.0005960902430055577,0.0005012791983063626,-0.004942854964668369,-0.004346764721662811,-1.0241965160145494,-0.9006821595382777,,20009999,20199999,Kochtitzky et al.,4.826080627478087
RGI60-05.05558,0.032572994066179015,0.014835028703226543,-0.06549212660187569,-0.03291913253569667,-1.0812142259635171,-0.5434643254194518,,20009999,20199999,Kochtitzky et al.,60.572757025568
RGI60-05.05562,0.000526555257356242,0.0003397639618883364,-0.007948303922299867,-0.007421748664943625,-0.9297280186155986,-0.8681358624903216,,20009999,20199999,Kochtitzky et al.,8.549063557464045
RGI60-05.05697,0.0035354104748288023,0.002390612541588147,-0.05222907948631703,-0.04869366901148823,-0.7840849940769259,-0.7310099192626768,,20009999,20199999,Kochtitzky et al.,66.61150242749433
RGI60-05.05700,0.00018569784825751191,0.0002753638878326209,-0.006637631157806159,-0.006451933309548646,-0.4627941685754343,-0.4498467963507043,,20009999,20199999,Kochtitzky et al.,14.342512521793456
RGI60-05.05815,5.2197186674271366e-05,0.00032221713328223965,-0.0015173136107357898,-0.0014651164240615186,-0.4614212627003353,-0.4455478851637244,,20009999,20199999,Kochtitzky et al.,3.2883478361099967
RGI60-05.05833,0.0011432048361938024,0.0010849391058397678,-0.01695790821358874,-0.015814703377394938,-0.5540899178327042,-0.5167363559561877,,20009999,20199999,Kochtitzky et al.,30.604975235641852
RGI60-05.05853,0.0002032359531848744,0.00018513056783785832,-0.001710265507730205,-0.0015070295545453307,-0.4495220111043254,-0.39610396929067904,,20009999,20199999,Kochtitzky et al.,3.804631287194712
RGI60-05.05855,0.0015981635935317126,0.0010156364104496648,-0.011547975800142182,-0.009949812206610469,-0.8882638323624983,-0.7653339836252656,,20009999,20199999,Kochtitzky et al.,13.000614659079671
RGI60-05.05859,0.0030863373215380165,0.0019223411177065933,-0.01896638443207666,-0.015880047110538642,-0.9822221804890549,-0.8223883974851162,,20009999,20199999,Kochtitzky et al.,19.309668228662048
RGI60-05.05867,0.002768285333135203,0.0022821951947407017,-0.031197700533043018,-0.02842941519990782,-1.0560129421585018,-0.9623090765071832,,20009999,20199999,Kochtitzky et al.,29.54291494692725
RGI60-05.05872,0.009243158233890564,0.004171456017787785,-0.05148282602464739,-0.04223966779075683,-0.9842608305010464,-0.8075479477353217,,20009999,20199999,Kochtitzky et al.,52.30608028812812
RGI60-05.05877,0.0011449354481873,0.0007219304991568422,-0.0075442211907547204,-0.006399285742567422,-0.9986504148086204,-0.8470919926268131,,20009999,20199999,Kochtitzky et al.,7.554416519418843
RGI60-05.06320,8.289082837025457e-05,0.00022553840770619043,-0.0012050624338387586,-0.0011221716054685038,-0.3824572154715015,-0.3561497026685129,,20009999,20199999,Kochtitzky et al.,3.1508424605171363
RGI60-05.06352,0.00017179026434743024,0.0001931087657030781,-0.0015616804084687302,-0.0013898901441212995,-0.2001806087569353,-0.17816004711762853,,20009999,20199999,Kochtitzky et al.,7.801357075324737
RGI60-05.06401,0.0002487360277348422,0.00031194957783176177,-0.0026302666051819354,-0.002381530577447093,-0.36687640163675417,-0.3321820559635837,,20009999,20199999,Kochtitzky et al.,7.169353475577787
RGI60-05.06407,0.00017414282158508213,0.00036739473452832667,-0.0016393140349554149,-0.0014651712133703324,-0.2546878698516934,-0.22763261177804775,,20009999,20199999,Kochtitzky et al.,6.436561096961545
RGI60-05.06558,7.816702624062401e-05,0.00023546126229367906,-0.00034322731544173777,-0.0002650602892011137,-0.2947169311609641,-0.2275977216599191,,20009999,20199999,Kochtitzky et al.,1.1645999233558757
RGI60-05.06655,0.00026527363683962347,0.0002503134562563796,-0.00122833360039737,-0.0009630599635577467,-0.3745480424087213,-0.29365982006523045,,20009999,20199999,Kochtitzky et al.,3.2795087981182536
RGI60-05.06699,0.00016948084410675288,0.00018560404550924944,-0.00035653012094056147,-0.0001870492768338086,-0.055666685782188134,-0.029204862949094388,,20009999,20199999,Kochtitzky et al.,6.404730512170023
RGI60-05.06757,0.00011544927762354775,0.00016859684591183583,-0.00039048264812079953,-0.0002750333704972518,-0.1695483579635635,-0.11942004741416205,,20009999,20199999,Kochtitzky et al.,2.303075375137019
RGI60-05.06758,0.00018181271034091727,0.0001371461409790715,-0.004510189676248397,-0.00432837696590748,-0.4812767820483206,-0.4618757717916645,,20009999,20199999,Kochtitzky et al.,9.371301181521718
RGI60-05.06786,0.0004694581193083922,0.00036561042632131776,-0.0006333575374318338,-0.00016389941812344153,-0.21125233831357332,-0.0546675981266546,,20009999,20199999,Kochtitzky et al.,2.9981090031377864
RGI60-05.06789,0.0026769495309216084,0.0013464195948626409,-0.006547976427162672,-0.003871026896241064,-0.4314145282066924,-0.2550432581262203,,20009999,20199999,Kochtitzky et al.,15.177922853876426
RGI60-05.06792,0.009348461523354095,0.003926306231317133,-0.0027443945875724697,0.006604066935781625,-0.13104864432362967,0.3153533471009425,,20009999,20199999,Kochtitzky et al.,20.94180067055926
RGI60-05.06793,0.01022398931403618,0.0057578794396333215,-0.006176220836244134,0.004047768477792047,-0.09609030205082912,0.06297561340105684,,20009999,20199999,Kochtitzky et al.,64.27517350270253
RGI60-05.06795,0.0001811302121889608,0.00023232174007551006,-0.0007830595088314579,-0.0006019292966424972,-0.22257435425354474,-0.17109047651617254,,20009999,20199999,Kochtitzky et al.,3.5181928819141426
RGI60-05.06796,0.006110871204612093,0.0032024151773134,-0.00873237647923021,-0.002621505274618116,-0.2653058921138878,-0.0796462219898623,,20009999,20199999,Kochtitzky et al.,32.91437068982119
RGI60-05.06799,0.0013315429249126376,0.0011258963587818859,-0.0028353197313621898,-0.0015037768064495528,-0.18983053084787008,-0.10068097304422408,,20009999,20199999,Kochtitzky et al.,14.93605753878659
RGI60-05.06803,0.004628606809907428,0.0021599682553357746,-0.0368878722995603,-0.03225926548965288,-0.6142623054724299,-0.5371860602748175,,20009999,20199999,Kochtitzky et al.,60.05231310944564
RGI60-05.06817,0.0010756659268233893,0.0006681641556462737,-0.007682676590052138,-0.00660701066322875,-0.3072659557392349,-0.26424507425510674,,20009999,20199999,Kochtitzky et al.,25.003344648348023
RGI60-05.06821,0.013870371004568827,0.007186798028602567,-0.013953019672363736,-8.264866779490905e-05,-0.274181810497363,-0.0016240757845476734,,20009999,20199999,Kochtitzky et al.,50.88966203503107
RGI60-05.06829,0.00012776567033874491,0.000117366761970609,-9.61146887041332e-05,3.165098163461173e-05,-0.10998589121116817,0.03621882846135035,,20009999,20199999,Kochtitzky et al.,0.8738819829135822
RGI60-05.06838,0.0006353940188320346,0.0005243324062213523,-0.0002815612610417389,0.0003538327577902957,-0.2627978398546496,0.3302531181777836,,20009999,20199999,Kochtitzky et al.,1.0713986888075908
RGI60-05.06840,0.0008666326739367577,0.0005093247246026061,-0.0006505478390882138,0.000216084834848544,-0.17421161442646976,0.057865825801225027,,20009999,20199999,Kochtitzky et al.,3.734239196565125
RGI60-05.06947,0.0002987431394754897,0.0003141703823504719,-0.00045188768812730567,-0.00015314454865181598,-0.07375912471521158,-0.024996936540306502,,20009999,20199999,Kochtitzky et al.,6.1265326815098655
RGI60-05.07158,0.00503035097319287,0.0031892299351071844,-0.00979692115852378,-0.004766570185330911,-0.7362225727104377,-0.3581999393550261,,20009999,20199999,Kochtitzky et al.,13.307010028850325
RGI60-05.07160,0.002022022096742465,0.001459925081720525,-0.00166273334866235,0.00035928874808011487,-0.1724605677710334,0.03726583191315015,,20009999,20199999,Kochtitzky et al.,9.641237821215288
RGI60-05.07182,0.0003944106740337678,0.00034664431868704936,-0.002340791267748155,-0.0019463805937143864,-0.28279713670104384,-0.235147348000158,,20009999,20199999,Kochtitzky et al.,8.277280650909486
RGI60-05.07184,0.0011681153687212102,0.0007154305702723211,-0.014081601409328253,-0.012913486040607042,-0.7060822604089296,-0.6475104037010193,,20009999,20199999,Kochtitzky et al.,19.943287346112974
RGI60-05.07198,0.002866355554294651,0.002123357448126358,-0.001937066143873675,0.000929289410420976,-0.2896032067687657,0.13893443655774368,,20009999,20199999,Kochtitzky et al.,6.688690244443079
RGI60-05.07227,0.05192957735166637,0.028916628734927962,-0.06840959274252735,-0.016480015390860983,-0.529161768839801,-0.12747618784337414,,20009999,20199999,Kochtitzky et al.,129.27916711087596
RGI60-05.07490,0.0936686436412174,0.0462091949817763,-0.11224985722162784,-0.01858121358041044,-0.9952088709870676,-0.1647413105605879,,20009999,20199999,Kochtitzky et al.,112.7902498601085
RGI60-05.07491,0.03715667020434038,0.0258219890705141,-0.03766778276966555,-0.0005111125653251697,-0.7479314626324646,-0.010148650662319816,,20009999,20199999,Kochtitzky et al.,50.36261295532047
RGI60-05.07495,0.1247723555100456,0.09268495217757823,-0.20261648576796376,-0.07784413025791816,-0.8178026346408889,-0.3141952372481609,,20009999,20199999,Kochtitzky et al.,247.75719371084702
RGI60-05.07542,0.0006937487683223622,0.0011179728797196269,-0.006447457844467276,-0.005753709076144913,-0.6299233137231021,-0.5621433400381324,,20009999,20199999,Kochtitzky et al.,10.235305955514152
RGI60-05.07545,0.0015827121983999295,0.0010765849005549858,-0.0024954441101661183,-0.0009127319117661887,-0.4478759393601933,-0.16381479380802252,,20009999,20199999,Kochtitzky et al.,5.571730675532489
RGI60-05.07546,0.0010255543171880928,0.000789768176005157,-0.0007250829430854278,0.00030047137410266477,-0.2814473591404724,0.11663062211703472,,20009999,20199999,Kochtitzky et al.,2.576264866367191
RGI60-05.07547,0.00010413552037446103,0.00018963301741912157,-0.0007571787548318286,-0.0006530432344573674,-0.4352809819262003,-0.3754163709968316,,20009999,20199999,Kochtitzky et al.,1.7395171998582848
RGI60-05.07550,0.00012002726236046577,0.00023255666517742768,-0.001019022847701089,-0.0008989955853406233,-0.7318131646184199,-0.6456153615891171,,20009999,20199999,Kochtitzky et al.,1.3924631271595465
RGI60-05.07551,0.000108204028365868,0.00013293622454750513,-0.0007745762320712213,-0.0006663722037053532,-0.6873734294411633,-0.591351151739313,,20009999,20199999,Kochtitzky et al.,1.1268637961478292
RGI60-05.07552,0.0009673335753070599,0.0006059893206099604,-0.004515277172462357,-0.003547943597155297,-0.6337153085438818,-0.4979508644740466,,20009999,20199999,Kochtitzky et al.,7.125087735117723
RGI60-05.07555,4.379172245634979e-05,0.00013221471391059708,-0.0015308995681605352,-0.0014871078457041856,-0.5130319947448932,-0.4983566004915063,,20009999,20199999,Kochtitzky et al.,2.9840235771684758
RGI60-05.07597,0.0013329816637892202,0.001638505037222241,-0.006879800725779685,-0.0055468190619904646,-0.9610830206715067,-0.77487035332872,1.0,20009999,20199999,Kochtitzky et al.,7.158383383958633
RGI60-05.07602,0.00111308809417764,0.0006599837037583085,-0.005252907308587274,-0.0041398192144096345,-0.860215339550482,-0.6779361945677909,1.0,20009999,20199999,Kochtitzky et al.,6.106502717484969
RGI60-05.07646,0.003057612102546203,0.0017849863537792094,,,,,,20009999,20199999,Kochtitzky et al.,
RGI60-05.07661,0.004925250972587305,0.002288083526498121,-0.00927151253854872,-0.0043462615659614155,-0.8670672659947998,-0.4064602315563852,,20009999,20199999,Kochtitzky et al.,10.692956477732288
RGI60-05.07663,0.002341214344370655,0.0012685357380366304,-0.01592980646604711,-0.013588592121676455,-0.8602903812305811,-0.7338529266918802,,20009999,20199999,Kochtitzky et al.,18.516778536173693
RGI60-05.07801,0.006268562593910627,0.004923455788746026,-0.019577728157423625,-0.013309165563512998,-1.0963003977924848,-0.7452776636921826,,20009999,20199999,Kochtitzky et al.,17.857996035434653
RGI60-05.07807,0.0018183914488083847,0.0011923456855226482,-0.011306907413627179,-0.009488515964818794,-1.0401974322144527,-0.8729115381483561,,20009999,20199999,Kochtitzky et al.,10.869962819996736
RGI60-05.07812,0.004286297590966139,0.002476531142555107,-0.009692048937145365,-0.0054057513461792245,-1.21073218655529,-0.6752872576045281,,20009999,20199999,Kochtitzky et al.,8.005113802021452
RGI60-05.07816,0.001223285638796911,0.0007795584038816565,-0.0018842965647467534,-0.0006610109259498429,-0.9221678311906611,-0.32349632397616856,,20009999,20199999,Kochtitzky et al.,2.043333654692591
RGI60-05.08013,8.680275195944648e-05,8.759602523465285e-05,-0.0018286487085259766,-0.0017418459565665307,-0.303164009362316,-0.28877334472289456,,20009999,20199999,Kochtitzky et al.,6.031879286635673
RGI60-05.08015,0.0011752968965508075,0.0008081737135361947,-0.010032616756714272,-0.008857319860163465,-0.4515963782927434,-0.3986929499278716,,20009999,20199999,Kochtitzky et al.,22.215892861325642
RGI60-05.08020,0.00010751761826896664,0.00020063191881577696,-0.0024842294910129674,-0.0023767118727440004,-0.2972707239183141,-0.2844048271352613,,20009999,20199999,Kochtitzky et al.,8.356791608229807
RGI60-05.08041,0.1054087890290219,0.016335212159927084,-0.3598801533249858,-0.2544713642959639,-0.8183015624942102,-0.5786212801387158,1.0,20009999,20199999,Kochtitzky et al.,439.7891557582503
RGI60-05.08054,0.028569850649167238,0.0123950041753332,-0.1547643291217907,-0.12619447847262347,-0.30032887863810465,-0.2448874777868124,1.0,20009999,20199999,Kochtitzky et al.,515.3161754660338
RGI60-05.08057,0.01015102832852291,0.011270961333882428,-0.1779742544050194,-0.1678232260764965,-0.4504995365893015,-0.4248046203600276,1.0,20009999,20199999,Kochtitzky et al.,395.0597946280906
RGI60-05.08065,0.0013221250350582186,0.0011458992958170047,-0.01747390033760336,-0.016151775302545142,-0.3658921306628485,-0.33820769062749384,,20009999,20199999,Kochtitzky et al.,47.75697226925247
RGI60-05.08115,0.0015571444467951845,0.0007763792601678399,-0.01240450666394553,-0.010847362217150346,-0.766070835853015,-0.6699055484927804,,20009999,20199999,Kochtitzky et al.,16.192375539441063
RGI60-05.08116,0.0017477794071490036,0.0011162129982466263,-0.014223473148541988,-0.012475693741392985,-0.7648027916625522,-0.6708238769602102,,20009999,20199999,Kochtitzky et al.,18.597569600422823
RGI60-05.08118,0.0006129665940332276,0.0005948842380239141,-0.007134698878031244,-0.006521732283998016,-0.5122120062687796,-0.4682061057713872,,20009999,20199999,Kochtitzky et al.,13.929191019953096
RGI60-05.08390,0.01180270528794199,0.006189985516852832,-0.15920874121966236,-0.14740603593172036,-0.3157090624849786,-0.2923044366290305,,20009999,20199999,Kochtitzky et al.,504.2894238338106
RGI60-05.08443,0.0068805137619769715,0.003286718811763905,-0.058835020561442734,-0.05195450679946577,-0.24401831284208775,-0.21548137440537898,,20009999,20199999,Kochtitzky et al.,241.10903758078518
RGI60-05.08444,0.004489843077185377,0.003352166497187863,-0.05558138866419576,-0.05109154558701039,-0.31001789133438995,-0.2849747659885857,,20009999,20199999,Kochtitzky et al.,179.28445492278007
RGI60-05.08674,9.417222786883642e-05,0.00010578795532917788,-0.0054064799694525725,-0.005312307741583736,-0.31662738053342304,-0.3111122383341399,1.0,20009999,20199999,Kochtitzky et al.,17.075213016462005
RGI60-05.08727,0.0001299419402855435,0.00013894259376315702,-0.007078734149961037,-0.006948792209675494,-0.1934406643421041,-0.18988973917353053,,20009999,20199999,Kochtitzky et al.,36.59382671185485
RGI60-05.09267,8.957308925883641e-05,8.897629571652136e-05,-0.004928457378764953,-0.004838884289506117,-0.3997079410712158,-0.3924433809195341,,20009999,20199999,Kochtitzky et al.,12.330146270190944
RGI60-05.09428,0.0010985768417495494,0.0007001213551436268,-0.00611597290850789,-0.005017396066758342,-0.2361136308100283,-0.19370190487375646,,20009999,20199999,Kochtitzky et al.,25.90266765847443
RGI60-05.09569,0.0014593517444199554,0.001449438633227875,-0.07612689893925648,-0.07466754719483652,-0.5311584025713176,-0.5209761023311058,,20009999,20199999,Kochtitzky et al.,143.32240358192405
RGI60-05.09578,0.00014137833283845352,0.00016481445568841154,-0.029937601134747468,-0.02979622280190902,-0.43152647434202585,-0.42948861922986986,,20009999,20199999,Kochtitzky et al.,69.37604739175067
RGI60-05.09689,0.004809433773177468,0.002500955768223718,-0.018925938273987516,-0.014116504500810043,-0.4460403739803729,-0.3326931989147987,,20009999,20199999,Kochtitzky et al.,42.43099812937631
RGI60-05.09694,0.0019998451408962947,0.0008177353731135817,-0.011117289098647828,-0.009117443957751534,-0.4196761899709572,-0.3441823009647452,,20009999,20199999,Kochtitzky et al.,26.49015923304388
RGI60-05.09726,0.00033869308182183955,0.0002195629246367544,-0.0045668984902070674,-0.004228205408385227,-0.3877288215069816,-0.3589738426632554,,20009999,20199999,Kochtitzky et al.,11.778589150161574
RGI60-05.09801,0.003195347120038561,0.002430417481991141,-0.06053003548719928,-0.05733468836716073,-0.4390374778214306,-0.4158609320115016,,20009999,20199999,Kochtitzky et al.,137.86985973853152
RGI60-05.09802,0.0021241362351838537,0.0016880115973432856,-0.0125066803290734,-0.010382544093889548,-0.4515322483447213,-0.37484395178424496,,20009999,20199999,Kochtitzky et al.,27.69831030878043
RGI60-05.09804,0.01106961572732351,0.008006122360194809,-0.06312924566831701,-0.0520596299409935,-0.40524444979345536,-0.3341854614061514,,20009999,20199999,Kochtitzky et al.,155.78065461597976
RGI60-05.09805,6.970761433421173e-05,9.716798780036036e-05,-0.0018760972804508188,-0.001806389666116607,-0.3376007903516673,-0.3250570134708095,,20009999,20199999,Kochtitzky et al.,5.5571471811323425
RGI60-05.09806,0.0004469189333642677,0.0002795095206354188,-0.00715180726543927,-0.006704888332075002,-0.3892984808719969,-0.3649710828627671,,20009999,20199999,Kochtitzky et al.,18.37101251826055
RGI60-05.09810,9.044610771505348e-05,0.0001479809166143391,-0.0012685048374946994,-0.001178058729779646,-0.4122989710196407,-0.3829014976782717,,20009999,20199999,Kochtitzky et al.,3.0766626323553736
RGI60-05.09814,0.0003002962022823289,0.000209176951707036,-0.003924982358751359,-0.0036246861564690307,-0.4446533960930927,-0.4106334403394127,,20009999,20199999,Kochtitzky et al.,8.827060342365234
RGI60-05.09826,0.0001890094698752735,0.00020460428984137572,-0.0022230781377401035,-0.0020340686678648303,-0.4438051034457288,-0.4060721214572996,,20009999,20199999,Kochtitzky et al.,5.009131532017082
RGI60-05.09830,0.00020808867257851279,0.00016690724974840096,-0.00524080467122854,-0.005032715998650027,-0.5265384212302979,-0.5056319597212653,,20009999,20199999,Kochtitzky et al.,9.953318618198823
RGI60-05.09832,0.0060106304523620865,0.004105590856071185,-0.04670293212956865,-0.04069230167720656,-0.3630333015063359,-0.31631120253400985,,20009999,20199999,Kochtitzky et al.,128.64641325130214
RGI60-05.09834,0.0021867246595772267,0.0012812062891356696,-0.016855981841059096,-0.01466925718148187,-0.42807459341592496,-0.37254052376707664,,20009999,20199999,Kochtitzky et al.,39.37627250090388
RGI60-05.09836,0.008898044114950269,0.005603006109759251,-0.03894862932803682,-0.03005058521308655,-0.6096993749344364,-0.4704099563176177,,20009999,20199999,Kochtitzky et al.,63.881694699498645
RGI60-05.09838,0.0011617824549527492,0.001280003431644304,-0.0201962960329783,-0.01903451357802555,-0.5067876175748101,-0.4776348976144612,,20009999,20199999,Kochtitzky et al.,39.851597262036506
RGI60-05.09840,0.0010180003081343572,0.0010042648409347495,-0.013729445714284236,-0.01271144540614988,-0.5742127715874139,-0.5316364876954502,,20009999,20199999,Kochtitzky et al.,23.91003194918343
RGI60-05.09904,5.8044167166555557e-05,0.00013220056148745922,-0.001476414818084943,-0.0014183706509183875,-0.31078709801586185,-0.29856873089472963,,20009999,20199999,Kochtitzky et al.,4.7505666339134525
RGI60-05.09912,0.00010451560501689257,0.00010546176982800116,-0.0021863217975175656,-0.002081806192500673,-0.3676958593455887,-0.3501184124915413,,20009999,20199999,Kochtitzky et al.,5.946006031747812
RGI60-05.09915,0.12265381528927673,0.008768714275584913,-0.13822273964382353,-0.015568924354546806,-0.5462187387689452,-0.061524161992759875,,20009999,20199999,Kochtitzky et al.,253.05382227520542
RGI60-05.09918,0.00017326419964972274,0.0002127748937416333,-0.002165417039643627,-0.001992152839993905,-0.3871198998752536,-0.3561447951298854,,20009999,20199999,Kochtitzky et al.,5.593659846320005
RGI60-05.09921,0.00027710447186703467,0.00020629373959693458,-0.004877033056528469,-0.004599928584661434,-0.4186316361565119,-0.39484572019092345,,20009999,20199999,Kochtitzky et al.,11.649939076045165
RGI60-05.09943,0.0005003308990380585,0.0002970225074352516,-0.006400428323088138,-0.005900097424050079,-0.3837043098394949,-0.35370957939087017,,20009999,20199999,Kochtitzky et al.,16.680626615232608
RGI60-05.09951,0.0002950385242312063,0.00019754171946161311,-0.003359233523032795,-0.003064194998801589,-0.3543746770768704,-0.3232502610358932,,20009999,20199999,Kochtitzky et al.,9.479327221521856
RGI60-05.09955,0.00014436990998438582,0.00013832341574566758,-0.006711415155242945,-0.0065670452452585605,-0.33263213039465483,-0.3254768479971002,,20009999,20199999,Kochtitzky et al.,20.176689327276108
RGI60-05.09958,0.0036997867333970094,0.0021538931945366624,-0.015124726217639528,-0.011424939484242518,-0.3562864899868992,-0.2691322493101485,,20009999,20199999,Kochtitzky et al.,42.45102366411837
RGI60-05.09964,9.484721363922287e-05,9.257327405373173e-05,-0.0012933899261284869,-0.0011985427124892641,-0.4192161911170466,-0.3884741180293752,,20009999,20199999,Kochtitzky et al.,3.0852575676576577
RGI60-05.09992,0.012168226051892848,0.009530136590142459,-0.027600822929004516,-0.015432596877111663,-0.1952023326044778,-0.10914453225925712,,20009999,20199999,Kochtitzky et al.,141.39596879167297
RGI60-05.09996,0.003277875934200964,0.002905558436665994,-0.06186590144818251,-0.05858802551398155,-0.4014510505056253,-0.3801807431730107,,20009999,20199999,Kochtitzky et al.,154.10571567881755
RGI60-05.09997,0.0005586813738462375,0.00039860538315351847,-0.01646651741230367,-0.01590783603845743,-0.4237225854286786,-0.4093463873395736,,20009999,20199999,Kochtitzky et al.,38.86155229522296
RGI60-05.10312,0.006255656638128986,0.004665382779523951,-0.02621008652848521,-0.019954429890356225,-0.2949980269910561,-0.22458977542820985,,20009999,20199999,Kochtitzky et al.,88.84834517649116
RGI60-05.10313,0.0013918348810672944,0.0007052112732929262,-0.018352645133945952,-0.01696081025287866,-0.3529956727012136,-0.3262250526327958,,20009999,20199999,Kochtitzky et al.,51.99113347057996
RGI60-05.10315,0.7770976030791643,0.6800034986776016,-1.7108962901018958,-0.9337986870227316,-0.22715884164360145,-0.12398216613104372,,20009999,20199999,Kochtitzky et al.,7531.717795894509
RGI60-05.10324,0.002376421311853419,0.001308684038563265,-0.00827035910958192,-0.005893937797728502,-0.3313455209759074,-0.2361360449179657,,20009999,20199999,Kochtitzky et al.,24.959924266437483
RGI60-05.10347,0.029233395967198244,0.008095116157696513,-0.05291670553098138,-0.02368330956378314,-0.33261220301308736,-0.14886334456401182,,20009999,20199999,Kochtitzky et al.,159.09429976295627
RGI60-05.10352,0.0004077847959733526,0.00029976369881167734,-0.02763767803406336,-0.02722989323809001,-0.311269407825385,-0.3066767306907003,,20009999,20199999,Kochtitzky et al.,88.79021625397722
RGI60-05.10361,0.018476842296637527,0.020116561658978842,-0.07856436432585348,-0.06008752202921595,-0.2712964037485788,-0.20749265620068644,,20009999,20199999,Kochtitzky et al.,289.58866848328086
RGI60-05.10363,0.0055648337448298965,0.003854201233027801,-0.03352282560863615,-0.02795799186380625,-0.3432084416714344,-0.2862353827765525,,20009999,20199999,Kochtitzky et al.,97.6748282920405
RGI60-05.10377,7.402912358117767e-05,6.883513657893577e-05,-0.007226623724988154,-0.007152594601406976,-0.3907284973357956,-0.3867258967692348,,20009999,20199999,Kochtitzky et al.,18.495256358989163
RGI60-05.10522,0.00023165130462623129,0.00021576729197477908,-0.002002421627157684,-0.0017707703225314532,-0.4791100709017314,-0.4236839451154799,,20009999,20199999,Kochtitzky et al.,4.1794605222740016
RGI60-05.10531,0.00023383887123900048,0.00019262164037047033,-0.001826198909783091,-0.0015923600385440904,-0.4551210740092517,-0.3968442906570779,,20009999,20199999,Kochtitzky et al.,4.012556249473889
RGI60-05.10536,0.0019168260160995281,0.0007747347701109497,-0.008820044059941034,-0.006903218043841506,-0.5466522448901278,-0.4278504296561557,,20009999,20199999,Kochtitzky et al.,16.134652592003505
RGI60-05.10537,0.012019661092550841,0.005443027922431272,-0.02617228156561789,-0.01415262047306705,-0.4774983778433931,-0.25820650374632964,,20009999,20199999,Kochtitzky et al.,54.811247074438675
RGI60-05.10538,0.0003808363652895104,0.0003999316346058183,-0.02678867911336636,-0.02640784274807685,-0.4438403639043321,-0.4375305884113792,,20009999,20199999,Kochtitzky et al.,60.3565635124176
RGI60-05.10541,0.002115168502163766,0.0014308130413010574,-0.011303485859641924,-0.009188317357478158,-0.5662577485436971,-0.4602965814578703,,20009999,20199999,Kochtitzky et al.,19.96173277754212
RGI60-05.10544,0.004084514080877454,0.002826918280783605,-0.020734725575656462,-0.01665021149477901,-0.5606746004059789,-0.4502278384369069,,20009999,20199999,Kochtitzky et al.,36.98174584802425
RGI60-05.10559,0.0029198682329636245,0.0015003879075869613,-0.012746089050123451,-0.009826220817159828,-0.5849326783627492,-0.4509365687123794,,20009999,20199999,Kochtitzky et al.,21.790694077479625
RGI60-05.10562,0.0025728269325623753,0.0009644189140808275,-0.017902740679524014,-0.01532991374696164,-0.4496511934570777,-0.3850312159075877,,20009999,20199999,Kochtitzky et al.,39.814729594914226
RGI60-05.10566,0.00029887714095445364,0.00025537979166558305,-0.01191995350396278,-0.011621076363008326,-0.5627706529239948,-0.54865991971492,,20009999,20199999,Kochtitzky et al.,21.180837063962244
RGI60-05.10598,0.0006633368828677768,0.00047292621943617803,-0.008189716837573288,-0.0075263799547055105,-0.5875670848771267,-0.5399763163208858,,20009999,20199999,Kochtitzky et al.,13.93835197437232
RGI60-05.10599,0.00017189880837700477,0.00011499362080184919,-0.004528805514495199,-0.004356906706118194,-0.36565715435474333,-0.3517779915364405,,20009999,20199999,Kochtitzky et al.,12.385387406098893
RGI60-05.10605,0.0006049668156929949,0.00035771063516172445,-0.005574903605329147,-0.004969936789636152,-0.545950205098528,-0.4867058162287954,,20009999,20199999,Kochtitzky et al.,10.211377435645511
RGI60-05.10607,0.024492892964135243,0.011140140120066536,-0.03679485723056417,-0.012301964266428923,-0.8007588986553924,-0.2677251142885485,,20009999,20199999,Kochtitzky et al.,45.94998231346396
RGI60-05.10609,0.004921076598795674,0.003166351498577229,-0.030496856320148206,-0.02557577972135253,-0.3676528547681745,-0.3083271380094678,,20009999,20199999,Kochtitzky et al.,82.95014148435801
RGI60-05.10610,0.0014300524115765313,0.0013457788931324696,-0.028971798242420695,-0.027541745830844167,-0.376722325675041,-0.3581272538117593,,20009999,20199999,Kochtitzky et al.,76.9049144897551
RGI60-05.10615,0.018846613508143588,0.016239919984706037,-0.05294133228360487,-0.03409471877546128,-0.31550101298045546,-0.20318563675952375,,20009999,20199999,Kochtitzky et al.,167.80083139347784
RGI60-05.10617,0.06571364384918077,0.0128163862349408,-0.13976795232096453,-0.07405430847178376,-0.3747181916580606,-0.1985397660495933,,20009999,20199999,Kochtitzky et al.,372.9948410097639
RGI60-05.10627,0.0035726006145903365,0.0014714305666072265,-0.015564097496858697,-0.01199149688226836,-0.26150291615408994,-0.2014772398077534,,20009999,20199999,Kochtitzky et al.,59.51787355093046
RGI60-05.10629,0.02077803590270456,0.020387433208541653,-0.047003133243462655,-0.02622509734075809,-0.2972492277442163,-0.16584830402006132,,20009999,20199999,Kochtitzky et al.,158.12701550198463
RGI60-05.10633,0.0010356285307884065,0.0005179274206911061,-0.005462663378551869,-0.004427034847763463,-0.2990618045775392,-0.2423647475145665,,20009999,20199999,Kochtitzky et al.,18.266001525231683
RGI60-05.10634,0.0626692067122985,0.029260327107750075,-0.1309350994488267,-0.0682658927365282,-0.33766906550070724,-0.17605119103242528,,20009999,20199999,Kochtitzky et al.,387.7616069291738
RGI60-05.10639,0.004572599523525755,0.002230033508821786,-0.008894442047355608,-0.004321842523829853,-0.25341528461337554,-0.12313543080042327,,20009999,20199999,Kochtitzky et al.,35.09828564968156
RGI60-05.10689,0.0008168691638574848,0.000466240541035133,-0.006688803134781594,-0.00587193397092411,-0.18187177104270127,-0.15966070599155704,,20009999,20199999,Kochtitzky et al.,36.77757739111225
RGI60-05.10700,0.004889379978105437,0.0028812770061496557,-0.029997964199050788,-0.02510858422094536,-0.2950250160015866,-0.24693877265831204,,20009999,20199999,Kochtitzky et al.,101.6793918210972
RGI60-05.10712,0.0005894358753501867,0.0005096823905154278,-0.002865461229879798,-0.0022760253545296115,-0.4287077211664902,-0.3405209719408677,,20009999,20199999,Kochtitzky et al.,6.683950599450449
RGI60-05.10713,0.0022053832284420773,0.0027908361819413644,-0.016604945347725372,-0.014399562119283294,-0.4279525820459753,-0.3711141265588597,,20009999,20199999,Kochtitzky et al.,38.80090001639829
RGI60-05.10718,0.0006837266731301132,0.0004733896973764513,-0.0068648108231082,-0.006181084149978086,-0.3665454352726433,-0.3300379629667246,,20009999,20199999,Kochtitzky et al.,18.728403527933786
RGI60-05.10724,0.0014271618120198393,0.001264306645099569,-0.021943910036003853,-0.020516748223984013,-0.2808157033397331,-0.2625523470206264,,20009999,20199999,Kochtitzky et al.,78.14345770206424
RGI60-05.10733,0.009346892525370331,0.00548122558689236,-0.024019627866211646,-0.014672735340841313,-0.33077947005733194,-0.20206139942585447,,20009999,20199999,Kochtitzky et al.,72.61523171933395
RGI60-05.10734,0.002304240453188425,0.0011005172236830123,-0.006682678839528092,-0.004378438386339667,-0.2599388371979256,-0.1703098727647767,,20009999,20199999,Kochtitzky et al.,25.708658665883352
RGI60-05.10736,0.00967506804305885,0.00574019648997985,-0.02489912693531886,-0.015224058892260016,-0.3837659212304038,-0.23464577697166816,,20009999,20199999,Kochtitzky et al.,64.88102657862115
RGI60-05.10738,0.000315784077004262,0.00023846324311397777,-0.0038094408780771204,-0.0034936568010728573,-0.20458076386105212,-0.18762201590922706,,20009999,20199999,Kochtitzky et al.,18.620718811395328
RGI60-05.10743,0.017706998913611903,0.009680926879414877,-0.036331316082371605,-0.018624317168759702,-0.31657632218922904,-0.16228473031926524,,20009999,20199999,Kochtitzky et al.,114.76321359452484
RGI60-05.10749,0.051310890190207,0.02702072873341995,-0.1797992695501595,-0.1284883793599525,-0.2435141456489333,-0.17402038397562056,,20009999,20199999,Kochtitzky et al.,738.3524643753982
RGI60-05.10750,0.001162018426571934,0.00046505209291918074,-0.004761419449599432,-0.0035994010230274978,-0.5627153572932979,-0.42538538226981387,,20009999,20199999,Kochtitzky et al.,8.461506137849529
RGI60-05.10752,0.007002246483236947,0.0065670902975371965,-0.028784812563604188,-0.02178256608036724,-0.2774589317780022,-0.20996376136505546,,20009999,20199999,Kochtitzky et al.,103.74440779089865
RGI60-05.10753,0.002976876135497711,0.001211319802875044,-0.007972568837517381,-0.00499569270201967,-0.31712907853375505,-0.19871630531102946,,20009999,20199999,Kochtitzky et al.,25.139822795117112
RGI60-05.10754,0.0008300139418057327,0.00033799559392670416,-0.005703666304694373,-0.00487365236288864,-0.2756345948640369,-0.2355234550533456,,20009999,20199999,Kochtitzky et al.,20.69285354948945
RGI60-05.10755,0.0008985350120498769,0.00036050216437494677,-0.009628661580284631,-0.008730126568234754,-0.3400190281107264,-0.3082888650996771,,20009999,20199999,Kochtitzky et al.,28.318008064975356
RGI60-05.10766,0.018953361279439696,0.011387877344476806,-0.0794878265849375,-0.0605344653054978,-0.1977563604444008,-0.1506026275290253,,20009999,20199999,Kochtitzky et al.,401.9482680926741
RGI60-05.10782,0.0003474832495181452,0.0003254500297815078,-0.0011652476295784006,-0.0008177643800602554,-0.1900823845842046,-0.13339877245330073,,20009999,20199999,Kochtitzky et al.,6.130224176886878
RGI60-05.10784,0.00010158929374570684,0.000185781408770054,-0.001342448073808341,-0.001240858780062634,-0.2341734133249272,-0.21645242125242692,,20009999,20199999,Kochtitzky et al.,5.732709169446268
RGI60-05.10792,0.002951713343235785,0.0018477465976553364,-0.022182424228219914,-0.019230710884984133,-0.4961293564145057,-0.4301117008943906,,20009999,20199999,Kochtitzky et al.,44.7109689064377
RGI60-05.10797,0.0009238036655412565,0.0005657614091543438,-0.007146549577888509,-0.006222745912347253,-0.541051833227137,-0.4711123944342527,,20009999,20199999,Kochtitzky et al.,13.208622795458385
RGI60-05.10844,0.003890792595704564,0.0023338734944256113,-0.057736561456652874,-0.05384576886094832,-0.5250428238589675,-0.4896608634519212,,20009999,20199999,Kochtitzky et al.,109.96543297611393
RGI60-05.10862,0.002521115406238496,0.0014587247116610751,-0.1845439003502483,-0.1820227849440098,-0.3893837487129284,-0.3840642482257493,,20009999,20199999,Kochtitzky et al.,473.9383730323645
RGI60-05.10884,0.005615349919310669,0.0064198724929976645,-0.022743929540908647,-0.017128579621597983,-0.44025575532542416,-0.3315590538299309,,20009999,20199999,Kochtitzky et al.,51.660720537536186
RGI60-05.10887,0.011114488875392752,0.0057462466804249785,-0.041692316580320535,-0.030577827704927788,-0.4898694234628248,-0.3592782569349713,,20009999,20199999,Kochtitzky et al.,85.10904045735872
RGI60-05.10890,0.02359336252333566,0.01268667147907647,-0.019543332916116842,0.004050029607218817,-0.8276308664952675,0.1715126855557864,,20009999,20199999,Kochtitzky et al.,23.613586330916032
RGI60-05.10892,0.007112579658856697,0.0036976781313513545,-0.029438752303412755,-0.02232617264455606,-0.4996925986720556,-0.3789638607022713,,20009999,20199999,Kochtitzky et al.,58.91372492137547
RGI60-05.10911,0.0027948628137818518,0.0024264173624406788,-0.0015803869176822054,0.0012144758960996465,-0.13047776226947874,0.10026791254745533,,20009999,20199999,Kochtitzky et al.,12.112308566560142
RGI60-05.10937,0.001816850883424253,0.001091952169698014,-0.0010148333727468312,0.0008020175106774221,-0.5789449412744241,0.4575371613602169,,20009999,20199999,Kochtitzky et al.,1.752901356237592
RGI60-05.10938,0.00633253619030992,0.003181015084722745,-0.005239839188624069,0.0010926970016858512,-0.7515759474569942,0.156730913824306,,20009999,20199999,Kochtitzky et al.,6.9718026586047674
RGI60-05.10945,0.0017295738063338715,0.0014551333593445987,-0.0007499698160652003,0.0009796039902686712,-0.1680469203215053,0.21950141215416133,,20009999,20199999,Kochtitzky et al.,4.462859626527919
RGI60-05.10951,0.030413875823558707,0.013053829379844246,-0.07612139681335411,-0.045707520989795414,-0.7593433261032921,-0.4559519723663091,,20009999,20199999,Kochtitzky et al.,100.24634996660187
RGI60-05.10956,0.0014438716899769536,0.0017416216482989393,-0.00430834878870909,-0.0028644770987321373,-0.29104799850134466,-0.19350808563220545,,20009999,20199999,Kochtitzky et al.,14.802880661930358
RGI60-05.10961,0.0010736523700049614,0.0007870701430087521,-0.0036398846324115406,-0.0025662322624065803,-0.3045845030080944,-0.21474158034799792,,20009999,20199999,Kochtitzky et al.,11.950327729952862
RGI60-05.10964,0.007302879420768566,0.0052458154475774395,-0.017718755158653003,-0.010415875737884436,-0.4688902106970101,-0.2756346100840748,,20009999,20199999,Kochtitzky et al.,37.78870779220127
RGI60-05.10966,0.0006099291909783168,0.0005023641971437648,-0.002801775365178253,-0.0021918461741999365,-0.3929947264897893,-0.3074422019848806,,20009999,20199999,Kochtitzky et al.,7.1292950676554385
RGI60-05.10971,0.0027461619642029323,0.002098050298866041,-0.007973521228584446,-0.005227359264381513,-0.3273318929490372,-0.2145954533864656,,20009999,20199999,Kochtitzky et al.,24.35913334551197
RGI60-05.10973,0.0013436353516014686,0.0035432032179384273,-0.017622683987115074,-0.016279048635513604,-0.2484097791030715,-0.22946986273559655,,20009999,20199999,Kochtitzky et al.,70.94198968633589
RGI60-05.10983,0.1507035358137166,0.04716217623955087,-0.0957755502622148,0.05492798555150179,-1.2084306907701086,0.6930439276087214,,20009999,20199999,Kochtitzky et al.,79.25613855535147
RGI60-05.10984,0.003078684987736949,0.00265600597816747,-0.010207052085848907,-0.0071283670981119596,-0.5232735220717024,-0.36544202250329344,,20009999,20199999,Kochtitzky et al.,19.506150522269827
RGI60-05.10992,0.015484356166714062,0.00660165607516059,-0.012876576097688951,0.002607780069025109,-0.3191260610532109,0.06462980338930441,,20009999,20199999,Kochtitzky et al.,40.34949717109416
RGI60-05.10997,0.0005096019500711407,0.000674943188527087,-0.015346123654472087,-0.014836521704400947,-0.4955883930517329,-0.4791312852362234,,20009999,20199999,Kochtitzky et al.,30.965462205387354
RGI60-05.10998,0.005174712780489839,0.0028832771720451885,-0.007346978832770433,-0.0021722660522805943,-0.27981281507204825,-0.08273167692588486,,20009999,20199999,Kochtitzky et al.,26.256763225367926
RGI60-05.10999,0.001453791131824656,0.003384402735052853,-0.005466918208686296,-0.0040131270768616395,-0.1938283264245347,-0.14228449655624106,,20009999,20199999,Kochtitzky et al.,28.204949759058003
RGI60-05.11001,0.15349405219767354,0.10243289570071844,-0.17661232287599735,-0.02311827067832384,-0.9660695191213288,-0.1264569554005924,,20009999,20199999,Kochtitzky et al.,182.81533510821453
RGI60-05.11026,0.003451652699302325,0.0025571306078957896,-0.08607282460917505,-0.08262117190987273,-0.536927748952839,-0.51539612009764,,20009999,20199999,Kochtitzky et al.,160.3061580949046
RGI60-05.11158,0.002235036885178256,0.0013910021029858105,-0.015148761379166457,-0.0129137244939882,-1.3439416379323994,-1.1456574972608884,,20009999,20199999,Kochtitzky et al.,11.271889307985294
RGI60-05.11359,0.0005931902118056072,0.0005559447121975101,-0.009746214155626836,-0.009153023943821231,-0.6323039334375679,-0.5938196052448815,,20009999,20199999,Kochtitzky et al.,15.413812314341953
RGI60-05.11831,0.00035867539390847683,0.00023854643026075402,-0.0024377857763058963,-0.00207911038239742,-0.7703553876905229,-0.6570117441206115,,20009999,20199999,Kochtitzky et al.,3.164495004849937
RGI60-05.12079,0.001955396713705021,0.0012580974649907973,-0.015660808496330652,-0.013705411782625632,-0.6956775960793287,-0.6088158171685876,,20009999,20199999,Kochtitzky et al.,22.51158954175209
RGI60-05.12157,0.0016268828246369914,0.00083996041110481,-0.0016352214308362806,-8.338606199289429e-06,-0.435361217019759,-0.0022200698172812907,,20009999,20199999,Kochtitzky et al.,3.7560107949672186
RGI60-05.12160,0.0009698471299130963,0.0005690004431724926,-0.0002911250851090774,0.0006787220448040189,-0.40722897070947706,0.9494038605426725,,20009999,20199999,Kochtitzky et al.,0.7148928638399114
RGI60-05.12169,0.000936844983707728,0.0004956323787757796,-0.0018779227756049214,-0.0009410777918971936,-0.8110917764377786,-0.4064599822269904,,20009999,20199999,Kochtitzky et al.,2.315302448081204
RGI60-05.12199,0.0007987676581685247,0.0003886152917355314,-0.001811192751071929,-0.001012425092903404,-0.5022148998476216,-0.2807293516025725,,20009999,20199999,Kochtitzky et al.,3.6064098289825086
RGI60-05.12210,0.0002515059095255036,0.00020369774086765745,-0.0003588304701407948,-0.00010732456061529116,-0.15631634907781086,-0.046753508628127036,,20009999,20199999,Kochtitzky et al.,2.2955402442400747
RGI60-05.12212,0.0011737944976499418,0.0005535638234435345,-0.003485459001373053,-0.002311664503723112,-0.3396394531603009,-0.22525941852286965,,20009999,20199999,Kochtitzky et al.,10.26223240245299
RGI60-05.12232,0.0708726463537453,0.011427506488793662,-0.005400843910018454,0.06547180244372684,-0.06592962093500426,0.7992327104731394,,20009999,20199999,Kochtitzky et al.,81.9183218927164
RGI60-05.12234,0.004785601684480903,0.0011651093358594825,-0.004062256751167433,0.0007233449333134697,-1.3232537860152471,0.23562491989875306,,20009999,20199999,Kochtitzky et al.,3.06989996484365
RGI60-05.12236,0.00257110198344747,0.0008532744441764003,-0.004892855787255152,-0.0023217538038076816,-1.5061008793025612,-0.7146737197011248,,20009999,20199999,Kochtitzky et al.,3.2486906119601464
RGI60-05.12242,0.0005915453348147191,0.0006576368967122822,0.00023582229884219516,0.0008273676336569142,0.08995582136685218,0.3156043148733804,,20009999,20199999,Kochtitzky et al.,2.6215346073099535
RGI60-05.12245,0.0041928115727289965,0.0015184707248787625,-0.007306355899042964,-0.0031135443263139674,-0.5016416635901523,-0.2137705276194395,,20009999,20199999,Kochtitzky et al.,14.564890497238185
RGI60-05.12246,0.004657207926533867,0.0019241466465652441,-0.004138904036630077,0.0005183038899037899,-0.41059721788303455,0.05141799213729184,,20009999,20199999,Kochtitzky et al.,10.0802047757886
RGI60-05.12252,0.003168582395371816,0.0006804252594261892,-0.0057708901754548025,-0.0026023077800829864,-0.928014730062297,-0.4184761585559724,,20009999,20199999,Kochtitzky et al.,6.21853294835892
RGI60-05.12262,0.010777369874232372,0.002920629112678901,-0.007905372994782592,0.0028719968794497803,-0.6438831981559838,0.23392071911781895,,20009999,20199999,Kochtitzky et al.,12.277650694136419
RGI60-05.12265,0.016494452151827044,0.003404922804385153,-0.01795261744145618,-0.0014581652896291375,-0.6637803140460578,-0.053914222649562624,,20009999,20199999,Kochtitzky et al.,27.046022699929754
RGI60-05.12269,0.0012082521571644823,0.0006491572379472853,-0.0005263539972111396,0.0006818981599533428,-0.22219103960263084,0.28785125954382645,,20009999,20199999,Kochtitzky et al.,2.3689253992981785
RGI60-05.12296,0.0035219334312613826,0.0015309562286112664,-0.006104817378129028,-0.0025828839468676453,-0.992865192259608,-0.4200708076343703,,20009999,20199999,Kochtitzky et al.,6.148687078288449
RGI60-05.12302,0.0007215640445697247,0.000403385335872529,-0.0007366597433951308,-1.5095698825405982e-05,-0.71241018778871,-0.014598774714421796,,20009999,20199999,Kochtitzky et al.,1.0340387546698204
RGI60-05.12304,0.00044625795675004836,0.0005204724858628094,0.00020856500160318053,0.0006548229583532289,0.08614146141765801,0.2704548038683071,,20009999,20199999,Kochtitzky et al.,2.4211918183271863
RGI60-05.12306,0.0007386895100537697,0.0006445579518044723,-0.00038828766946357937,0.00035040184059019036,-0.1563843699096987,0.14112570489708914,,20009999,20199999,Kochtitzky et al.,2.482905866409725
RGI60-05.12313,0.0004977330432882057,0.0007240648137940662,0.00022827858320680048,0.0007260116264950063,0.1042305139366319,0.3314921789443199,,20009999,20199999,Kochtitzky et al.,2.1901319928786407
RGI60-05.12344,0.003458803774216373,0.0022327537766276247,-0.004030512979813663,-0.0005717092055972903,-0.8536391334629296,-0.12108467416011474,1.0,20009999,20199999,Kochtitzky et al.,4.721565380283369
RGI60-05.12370,0.0006222871731616026,0.00031672790301903183,-0.0010321610035768057,-0.0004098738304152029,-0.4750042906121496,-0.18862544446281287,,20009999,20199999,Kochtitzky et al.,2.1729509058678915
RGI60-05.12385,0.0010261021798529664,0.0006968281217873808,-0.000824383298637705,0.00020171888121526141,-0.2249656543830544,0.055046991113234765,,20009999,20199999,Kochtitzky et al.,3.664485145070224
RGI60-05.12394,0.0005780021879020904,0.00046189588323002686,-0.0007332383343620912,-0.00015523614646000081,-0.3319527184372013,-0.07027873257873815,,20009999,20199999,Kochtitzky et al.,2.2088637737750743
RGI60-05.12399,0.0001953155048831216,0.0004844650097775151,-0.00019898029335058056,-3.664788467458977e-06,-0.12176844863381515,-0.0022427125758997914,,20009999,20199999,Kochtitzky et al.,1.634087446978639
RGI60-05.12414,0.0007620019066340183,0.000664706189431303,-0.003499611993379604,-0.0027376100867455857,-0.7710276901578565,-0.6031449159876455,,20009999,20199999,Kochtitzky et al.,4.538892750613289
RGI60-05.12420,0.0007536223393575967,0.00046739214906545487,-0.002211139725622093,-0.0014575173862644971,-0.6433749862851983,-0.4240936099750696,,20009999,20199999,Kochtitzky et al.,3.4367822385962787
RGI60-05.12516,0.00014528884509352834,0.00013815135995955168,-2.3310539316113932e-05,0.00012197830577741443,-0.21646645985580645,1.132715621581242,,20009999,20199999,Kochtitzky et al.,0.10768661034897342
RGI60-05.12518,4.0621145266530334e-05,8.414362525901025e-05,8.179880207042868e-07,4.1439133287234623e-05,0.0019093775747459102,0.09672874151314312,,20009999,20199999,Kochtitzky et al.,0.4284055869950922
RGI60-05.12525,0.00013926125982988797,0.00017269564627098058,-0.00021379778764725596,-7.453652781736796e-05,-0.44135962207307106,-0.15387162846787625,,20009999,20199999,Kochtitzky et al.,0.4844072202233756
RGI60-05.12537,0.0020185420908235712,0.0012364313106729874,-0.00035468450551703505,0.0016638575853065362,-0.20234390581578848,0.9492138429937166,,20009999,20199999,Kochtitzky et al.,1.7528796040931214
RGI60-05.12538,0.00027542896656880734,0.00029238339679126164,-0.00024094352275981103,3.4485443808996314e-05,-0.191110358495534,0.02735298900641029,,20009999,20199999,Kochtitzky et al.,1.2607559561740949
RGI60-05.12543,0.008383656604556197,0.00212403251374268,-0.013397931063110559,-0.005014274458554364,-1.5973354775266877,-0.5978145766668298,,20009999,20199999,Kochtitzky et al.,8.387675132499968
RGI60-05.12555,0.00014841212052599332,0.00034268681974734247,-0.004534379625381754,-0.004385967504855761,-0.6920819059528619,-0.6694297789308576,,20009999,20199999,Kochtitzky et al.,6.5517962344916345
RGI60-05.12584,0.00027562819823353043,0.00026539265309288943,-0.001689557561568404,-0.0014139293633348734,-0.3879973981741507,-0.32470093156619184,,20009999,20199999,Kochtitzky et al.,4.354558998382909
RGI60-05.12710,0.00031891903262719275,0.00034563588496686,-0.001265658143091225,-0.0009467391104640324,-0.5253248187480783,-0.3929540961128138,,20009999,20199999,Kochtitzky et al.,2.4092867839510483
RGI60-05.12717,0.00020047669592746398,0.0001783515800400491,-0.00015213935266516102,4.833734326230299e-05,-0.1435712085605532,0.0456150934600653,,20009999,20199999,Kochtitzky et al.,1.0596787071064744
RGI60-05.12738,0.0006987222785719776,0.0006465108541988258,-0.003929551165180277,-0.0032308288866082988,-0.7063340685596267,-0.5807392285712394,,20009999,20199999,Kochtitzky et al.,5.56330402297246
RGI60-05.12739,6.476637866389093e-05,0.00012084585473357671,6.886057604958632e-06,7.165243626884956e-05,0.014020196808677294,0.14588626990094905,,20009999,20199999,Kochtitzky et al.,0.4911527062656322
RGI60-05.12801,0.0001250349788423545,0.00011943497018652588,-0.0009683317871832652,-0.0008432968083409107,-0.34546449354367204,-0.30085669876429577,,20009999,20199999,Kochtitzky et al.,2.8029849819019184
RGI60-05.12805,0.0029049480093200006,0.0013947553669856495,-0.017155560485012038,-0.014250612475692037,-0.823273906496626,-0.6838690821604076,,20009999,20199999,Kochtitzky et al.,20.838217207704425
RGI60-05.12807,0.0015967825152178325,0.0006836346995922137,-0.007221618496501571,-0.00562483598128374,-0.6014126841786797,-0.4684334553545652,,20009999,20199999,Kochtitzky et al.,12.007758875860407
RGI60-05.12809,0.002979645691448088,0.0011209905180461185,-0.012383118700961988,-0.0094034730095139,-1.0305085025329863,-0.7825459097707532,,20009999,20199999,Kochtitzky et al.,12.016512887107988
RGI60-05.12811,0.0004939902466672833,0.0005590497668151005,-0.006935593593724038,-0.006441603347056755,-0.5839022736276029,-0.5423136158896559,1.0,20009999,20199999,Kochtitzky et al.,11.878004088998244
RGI60-05.12815,0.00019847615205701423,0.00021277322032916976,-0.0019430147912484434,-0.0017445386391914289,-0.2657187437528861,-0.2385759582079493,,20009999,20199999,Kochtitzky et al.,7.312298574824719
RGI60-05.12824,0.0023938132114774678,0.0006789835340593796,-0.0133329077243949,-0.01093909451291743,-0.9367331855194562,-0.7685504963808336,,20009999,20199999,Kochtitzky et al.,14.233410250114355
RGI60-05.12828,0.0002482434502216805,0.00021680972985972064,-0.00046313593182373,-0.00021489248160204947,-0.14191198042578312,-0.0658463650675343,,20009999,20199999,Kochtitzky et al.,3.2635435742223327
RGI60-05.12833,0.0005449082506065972,0.0005280488580084263,-0.0010149773749432095,-0.0004700691243366123,-0.47594052125950104,-0.2204235774982496,,20009999,20199999,Kochtitzky et al.,2.1325718857836127
RGI60-05.12840,0.0004932124062129691,0.0004634019811762964,-0.0007833510070145394,-0.00029013860080157034,-0.22838612589544896,-0.08458996084314342,,20009999,20199999,Kochtitzky et al.,3.4299413063871627
RGI60-05.12843,0.0009448168852391328,0.0005669609852073661,-0.0014748969110410838,-0.000530080025801951,-0.3610651584795902,-0.12976732617057826,,20009999,20199999,Kochtitzky et al.,4.084849718681607
RGI60-05.12848,5.189378999934889e-05,5.1070341068108554e-05,-0.0013409283287847825,-0.0012890345387854337,-0.4028152947719125,-0.3872263838161992,,20009999,20199999,Kochtitzky et al.,3.3288912963050743
RGI60-05.12850,3.5474161510427746e-05,0.000232185001757038,-0.00016316606915262483,-0.00012769190764219706,-0.1807698864252748,-0.14146845457381854,,20009999,20199999,Kochtitzky et al.,0.9026175342543744
RGI60-05.12851,0.002787826399437541,0.0009515868354609768,-0.014399598715809791,-0.011611772316372249,-0.6485394230499368,-0.5229793043037438,,20009999,20199999,Kochtitzky et al.,22.20312012505219
RGI60-05.12853,0.002827401760549057,0.0010783178153940592,-0.0043412028157684785,-0.0015138010552194225,-0.2361393113075587,-0.08234306338735088,,20009999,20199999,Kochtitzky et al.,18.38407502643343
RGI60-05.12854,0.0025137814987997217,0.0010863275949452482,-0.002345299826124029,0.0001684816726756923,-0.3745897563546749,0.026909782712992054,,20009999,20199999,Kochtitzky et al.,6.260982278179054
RGI60-05.12856,0.0017545205562022616,0.0006109917569235657,-0.02123710514518583,-0.019482584588983567,-0.8682881811310913,-0.7965538533078232,,20009999,20199999,Kochtitzky et al.,24.458590600094237
RGI60-05.12857,0.004537527162145994,0.0010615700029304072,-0.03307803096655017,-0.028540503804404174,-0.662463380325644,-0.5715889995260615,,20009999,20199999,Kochtitzky et al.,49.931863328490934
RGI60-05.12860,0.0012833855966717569,0.0012804130643950813,-0.006926099551539593,-0.0056427139548678356,-0.3561130098023089,-0.2901263308401044,,20009999,20199999,Kochtitzky et al.,19.449161813505548
RGI60-05.12861,0.00035443591352523593,0.00041964825980583375,-0.0013964674039234955,-0.0010420314903982597,-0.21548530426343607,-0.16079320729555113,1.0,20009999,20199999,Kochtitzky et al.,6.48056909818908
RGI60-05.12862,0.003337317652345191,0.001175963066884723,-0.020020538006026604,-0.016683220353681413,-1.2033500381363678,-1.002757959990722,,20009999,20199999,Kochtitzky et al.,16.63733524871323
RGI60-05.12864,0.00041905834609709417,0.0003273028826467718,-0.0003135754202614787,0.00010548292583561548,-0.20502606612027088,0.06896825430034917,,20009999,20199999,Kochtitzky et al.,1.5294417251196313
RGI60-05.12869,0.00026362739404389685,0.0002277599455327326,-0.0004724799256950661,-0.0002088525316511692,-0.5475467495739443,-0.24203467412431745,,20009999,20199999,Kochtitzky et al.,0.8629033522027313
RGI60-05.12875,0.0006361664430599657,0.0004367438291964677,-0.0018694550480911067,-0.0012332886050311403,-0.3774956689786312,-0.2490357323517011,,20009999,20199999,Kochtitzky et al.,4.952255619645084
RGI60-05.12876,0.0011875527564782374,0.00046717302363829177,-0.005422711834385568,-0.0042351590779073295,-0.6536391394789663,-0.5104947155196833,1.0,20009999,20199999,Kochtitzky et al.,8.296185933278352
RGI60-05.12878,0.001921302494024916,0.0005952434928791492,-0.0016936302928548105,0.00022767220117010566,-0.2354707053292763,0.03165397667930678,,20009999,20199999,Kochtitzky et al.,7.192530767198749
RGI60-05.12881,0.0004654431416441869,0.00040525468072189874,-0.002552562911175192,-0.002087119769531005,-0.3979935838773643,-0.3254220585201992,,20009999,20199999,Kochtitzky et al.,6.4135780439157175
RGI60-05.12901,0.0015891167182845625,0.0009237050069827783,-0.00904901982879623,-0.007459903110511667,-0.595533119476515,-0.4909503409704166,,20009999,20199999,Kochtitzky et al.,15.19482213978375
RGI60-05.12902,0.0005036103920636689,0.0004443320189928309,0.00013335932193509135,0.0006369697139987602,0.032193849372311234,0.15376883092717866,,20009999,20199999,Kochtitzky et al.,4.14238509949012
RGI60-05.12907,0.006248526022771039,0.001717667780511696,-0.00976110188962146,-0.00351257586685042,-0.26590536166167084,-0.09568722535639254,,20009999,20199999,Kochtitzky et al.,36.70893218784044
RGI60-05.12939,0.0012870181579961752,0.001453230161094122,-0.0039888718376018106,-0.002701853679605636,-0.3879791533830906,-0.26279683726530034,,20009999,20199999,Kochtitzky et al.,10.281149909266388
RGI60-05.12946,0.0005042411391516226,0.0002216770253351321,-0.0007911942195602019,-0.0002869530804085793,-0.4801823437199962,-0.17415420800831533,,20009999,20199999,Kochtitzky et al.,1.6476953597060262
RGI60-05.12952,0.00024189322188867797,0.0003332758939248917,-7.378290511474785e-05,0.00016811031677393013,-0.02949999414259333,0.0672141243615682,,20009999,20199999,Kochtitzky et al.,2.50111592423054
RGI60-05.12953,0.00027988460561852505,0.0004233050355316996,-0.0009050013865606296,-0.0006251167809421045,-0.0375099160395558,-0.02590943872160008,,20009999,20199999,Kochtitzky et al.,24.126990463168912
RGI60-05.12957,0.0016140814573409636,0.0007774529302748653,-0.00489746479532223,-0.003283383337981266,-0.2458970432235666,-0.16485555043709027,,20009999,20199999,Kochtitzky et al.,19.916729095719603
RGI60-05.12967,0.0002922890255129376,0.00021867414098733541,-0.0010464424429993944,-0.0007541534174864567,-0.5023427784343861,-0.3620299669994878,,20009999,20199999,Kochtitzky et al.,2.08312428867946
RGI60-05.12987,0.0009653774891700967,0.0007098496104467866,-0.0057699327717326354,-0.004804555282562539,-0.8310790046169292,-0.6920297306445128,,20009999,20199999,Kochtitzky et al.,6.942700681498004
RGI60-05.12994,8.809397351573425e-05,0.00021310244213000438,-0.0019460467295946628,-0.0018579527560789288,-0.40913385880284103,-0.3906131178701324,,20009999,20199999,Kochtitzky et al.,4.756503740093655
RGI60-05.13043,0.0066589094079472855,0.0015471049984757696,-0.02333919041847214,-0.016680281010524857,-1.1073991582261828,-0.7914468676433477,,20009999,20199999,Kochtitzky et al.,21.075680115069385
RGI60-05.13045,0.0010469183571196075,0.0010875352790943632,-0.0035368772374128484,-0.002489958880293241,-0.5663855693214984,-0.3987350092573741,,20009999,20199999,Kochtitzky et al.,6.24464574838983
RGI60-05.13046,0.0002771451309302528,0.00016098783115793934,-0.001393102001506319,-0.001115956870576066,-0.5095026920920276,-0.4081417076440264,,20009999,20199999,Kochtitzky et al.,2.734238745209012
RGI60-05.13069,0.0008508933892319832,0.0006746883174184718,-0.004001650443917762,-0.0031507570546857786,-0.7421592980681783,-0.5843498018781507,,20009999,20199999,Kochtitzky et al.,5.391902323846048
RGI60-05.13071,0.01674897852980179,0.004766871941227663,-0.16860871654751766,-0.15185973801771588,-0.8833205677988677,-0.7955747054974599,,20009999,20199999,Kochtitzky et al.,190.88055083747344
RGI60-05.13098,0.0004137869717963403,0.00056563020967633,-0.0025815814857546577,-0.002167794513958318,-0.6471634149241224,-0.5434332823691354,,20009999,20199999,Kochtitzky et al.,3.9890720430439335
RGI60-05.13099,0.0003368181507196516,0.0003638479488053689,-0.009598911089410168,-0.009262092938690515,-0.8368114901519403,-0.807448440948903,,20009999,20199999,Kochtitzky et al.,11.470816548739414
RGI60-05.13106,0.0006384546170318031,0.0007253145755084,-0.00042096846429770025,0.0002174861527341029,-0.22273309063621552,0.11507123948075602,,20009999,20199999,Kochtitzky et al.,1.8900131233093589
RGI60-05.13115,0.0001476910253283556,0.00017855187180139062,-0.0001576238178649901,-9.932792536634558e-06,-0.2637137602794122,-0.01661813617631564,,20009999,20199999,Kochtitzky et al.,0.5977079758674074
RGI60-05.13129,0.0,0.000518121504422045,-0.01947663024656642,-0.01947663024656642,-0.8294417399999241,-0.8294417399999241,1.0,20009999,20199999,Kochtitzky et al.,23.48161336390932
RGI60-05.13130,0.005247966100419105,0.0012426732879550824,-0.04850454451885133,-0.04325657841843223,-0.8567788774566142,-0.7640793881809251,,20009999,20199999,Kochtitzky et al.,56.61267544648067
RGI60-05.13133,0.0006821707646887122,0.00036371799978721846,-0.0057511763592965936,-0.005069005594607883,-0.7461008538211843,-0.6576027521826616,,20009999,20199999,Kochtitzky et al.,7.70830958018842
RGI60-05.13215,0.0033425920487240536,0.0008419565429725221,-0.008125880829357359,-0.004783288780633306,-0.5628091173401867,-0.33129682715570336,,20009999,20199999,Kochtitzky et al.,14.438076035015113
RGI60-05.13260,0.00013445395281484174,0.0001047659969890376,-0.002481440023920758,-0.002346986071105916,-0.5924567531783395,-0.5603551704002829,,20009999,20199999,Kochtitzky et al.,4.188390140898272
RGI60-05.13292,9.866702479408753e-05,0.00014346537350396946,-0.0007337379510244602,-0.0006350709262303725,-0.58488439736861,-0.5062339701196591,,20009999,20199999,Kochtitzky et al.,1.2545008113150922
RGI60-05.13390,2.0337348887796364e-05,1.731268921769541e-05,-0.0006970837979212589,-0.0006767464490334625,-0.3937087878332789,-0.3822223740014927,,20009999,20199999,Kochtitzky et al.,1.7705568670629932
RGI60-05.13398,9.166965799262304e-05,0.00015109012913101121,-0.0004918952488930698,-0.00040022559090044683,-0.5217239663241335,-0.4244954249484782,,20009999,20199999,Kochtitzky et al.,0.9428266298724488
RGI60-05.13416,0.0017527088597594706,0.0007291199316431133,-0.03140167604206552,-0.029648967182306044,-0.6935760785408944,-0.6548635927440409,,20009999,20199999,Kochtitzky et al.,45.27502751843252
RGI60-05.13426,0.005608518273310168,0.0017691414476493953,-0.07254392312809425,-0.06693540485478408,-0.4086160308503136,-0.3770250942567019,,20009999,20199999,Kochtitzky et al.,177.53567567364715
RGI60-05.13457,0.007835335671596525,0.002649095732087531,-0.06948027257682632,-0.061644936905229784,-0.8710637167662286,-0.7728332930921533,,20009999,20199999,Kochtitzky et al.,79.76485673719442
RGI60-05.13467,0.0005189235577517732,0.00026621088341526717,6.39016328509331e-05,0.0005828251906027063,0.017628799469336126,0.16078632035554755,,20009999,20199999,Kochtitzky et al.,3.624843141592532
RGI60-05.13471,0.010158987861139985,0.0021017293780148305,-0.02652465427136922,-0.01636566641022923,-0.990306665397488,-0.6110175221856028,,20009999,20199999,Kochtitzky et al.,26.78428329140125
RGI60-05.13614,0.0003133962853126082,0.0002445392639773639,-0.0005388598267083269,-0.00022546354139571888,-0.29544394216764885,-0.1236162619357512,,20009999,20199999,Kochtitzky et al.,1.8238987157927664
RGI60-05.13616,0.00450575094875109,0.0012217759652615847,-0.026366076755313796,-0.021860325806562702,-0.4308027423619785,-0.3571820105733233,,20009999,20199999,Kochtitzky et al.,61.202202685051404
RGI60-05.13619,0.0014455136183864686,0.0006206906487731906,-0.006445113615832936,-0.004999599997446468,-0.310813039296979,-0.2411037202910008,,20009999,20199999,Kochtitzky et al.,20.736303825640626
RGI60-05.13649,0.0008585844104186651,0.00031446734372044883,-0.0007683888927391733,9.019551767949168e-05,-0.4331248248271399,0.050841335896800635,,20009999,20199999,Kochtitzky et al.,1.7740587671137005
RGI60-05.13659,0.0013631684694086542,0.0011762382746867686,-0.0044043799968858325,-0.00304121152747718,-0.6206889750065591,-0.4285839248890024,,20009999,20199999,Kochtitzky et al.,7.095953326445488
RGI60-05.13666,0.024804071406594446,0.006008339614359689,-0.15541313432571705,-0.1306090629191226,-0.4991981066815839,-0.4195256546852417,,20009999,20199999,Kochtitzky et al.,311.3255684377988
RGI60-05.13696,0.004639487936589493,0.002801227672045881,0.001576202781722229,0.006215690718311722,0.05454857450334003,0.2151100557423692,,20009999,20199999,Kochtitzky et al.,28.89539820377373
RGI60-05.13879,0.005108594145589054,0.0025776824993486635,-0.033809024182156186,-0.028700430036567137,-1.1946572459145064,-1.0141427483773235,,20009999,20199999,Kochtitzky et al.,28.300187604249192
RGI60-05.13882,0.00013114282716700142,0.00017736808932825168,-0.003290653425309343,-0.0031595105981423416,-0.22502588646911684,-0.21605790135395805,,20009999,20199999,Kochtitzky et al.,14.623443893247194
RGI60-05.13884,0.002705981764234411,0.0014209097907168199,-0.01336987069421623,-0.01066388892998182,-1.041123599211897,-0.8304064174069727,,20009999,20199999,Kochtitzky et al.,12.841770856348727
RGI60-05.13886,0.004112442368976136,0.003293789055349995,-0.01805928271986204,-0.013946840350885906,-0.5631785828866274,-0.4349321014792751,,20009999,20199999,Kochtitzky et al.,32.06670720199871
RGI60-05.13888,0.003637636836147532,0.0022120059622645735,-0.016254374976633342,-0.012616738140485806,-1.186755972088965,-0.9211667232993423,,20009999,20199999,Kochtitzky et al.,13.69647624188642
RGI60-05.13890,0.00599315883193207,0.003909857369422825,-0.02348814763615632,-0.01749498880422425,-1.3702062825264287,-1.020588934624068,,20009999,20199999,Kochtitzky et al.,17.142052211910855
RGI60-05.13897,0.0017757938235797692,0.0011424011375014912,-0.03666282872607597,-0.034887034902496186,-0.7760100271324849,-0.7384233525331592,,20009999,20199999,Kochtitzky et al.,47.24530282366656
RGI60-05.13907,0.01709300804512466,0.012881989924152976,-0.0371677858682945,-0.02007477782316984,-0.2702194131341639,-0.14594882518420504,,20009999,20199999,Kochtitzky et al.,137.54669006641913
RGI60-05.13912,0.009441055002897623,0.006473532050501731,-0.03695773149111052,-0.027516676488212898,-0.4360550582588456,-0.3246624044563872,,20009999,20199999,Kochtitzky et al.,84.75473633692405
RGI60-05.13913,0.002354248516112161,0.0015326646306638096,-0.014340644851734653,-0.011986396335622491,-0.6265931848707638,-0.523727791372817,,20009999,20199999,Kochtitzky et al.,22.886691394022172
RGI60-05.13914,0.0005826318778044469,0.0005490889111057477,-0.01128686986787612,-0.010704237990071674,-0.6951542478668166,-0.6592701604679605,,20009999,20199999,Kochtitzky et al.,16.236497011291448
RGI60-05.13916,0.0041417029755385325,0.002682868981759081,-0.04725114711387582,-0.04310944413833728,-0.4501529816687391,-0.4106957397285225,,20009999,20199999,Kochtitzky et al.,104.96686468389812
RGI60-05.13918,0.0019433677259179567,0.0014555833295766024,-0.04987704380034505,-0.04793367607442709,-0.5952305247448707,-0.5720384567486037,,20009999,20199999,Kochtitzky et al.,83.79449931893778
RGI60-05.13930,0.027550267918309928,0.013697643425857864,-0.15670590049761446,-0.1291556325793045,-0.8749085748147706,-0.7210919950712364,,20009999,20199999,Kochtitzky et al.,179.11117230825073
RGI60-05.13934,0.003040503236135842,0.0019839264989898442,-0.016697581435938073,-0.013657078199802232,-1.0353684136208123,-0.8468356596836818,,20009999,20199999,Kochtitzky et al.,16.127188367225294
RGI60-05.13959,0.00017702816483861788,0.0005144100465970221,-0.000525672448660901,-0.0003486442838222831,-0.09153290803102992,-0.06070781386382928,,20009999,20199999,Kochtitzky et al.,5.74298861435383
RGI60-05.13960,0.0001052934773462954,0.0002677535136969227,-0.0024135319187444234,-0.0023082384413981283,-0.4592321365768648,-0.43919753575231796,,20009999,20199999,Kochtitzky et al.,5.255581494655382
RGI60-05.13978,0.0002139115070989953,0.00021228471454637024,-0.0025724351338556844,-0.002358523626756689,-0.5311077926098933,-0.486943387119552,,20009999,20199999,Kochtitzky et al.,4.843527377398464
RGI60-05.13988,0.00016838700996034634,0.00016036734777462858,-0.001756129181253175,-0.0015877421712928285,-0.2251959658858417,-0.20360297844764574,,20009999,20199999,Kochtitzky et al.,7.798226643826326
RGI60-05.13993,0.00025951320580363835,0.0001984066234036809,-0.0037721389116942986,-0.0035126257058906607,-0.37722401511601417,-0.3512719980348334,,20009999,20199999,Kochtitzky et al.,9.999731619775556
RGI60-05.13994,0.000433754085230798,0.0007041111223453241,-0.002335176206049169,-0.0019014221208183714,-0.3382916839028515,-0.2754547127516569,,20009999,20199999,Kochtitzky et al.,6.9028483913892815
RGI60-05.13995,0.08039964567023505,0.010655381974418536,-0.16365209727163826,-0.08325245160140317,-0.2809181853437053,-0.1429075949479686,,20009999,20199999,Kochtitzky et al.,582.5614211177137
RGI60-05.14147,0.005992854515723182,0.0019438984209350367,-0.07309254361951055,-0.06709968910378737,-0.8869074768140786,-0.8141899708380634,,20009999,20199999,Kochtitzky et al.,82.41281704160541
RGI60-05.14289,0.004751179937599521,0.0013455856584412415,-0.010735220049034669,-0.005984040111435146,-1.0224819506483789,-0.569953198718879,,20009999,20199999,Kochtitzky et al.,10.499178046348128
RGI60-05.14387,0.0013609787581480186,0.0004545335887076125,-0.01081483554394901,-0.00945385678580099,-0.7670736449688897,-0.670542270775045,,20009999,20199999,Kochtitzky et al.,14.098822994221928
RGI60-05.14994,0.00018795023787345242,0.00013360206600974384,-1.841239886490661e-05,0.00016953783900854578,-0.007136326684779712,0.0657099280475917,,20009999,20199999,Kochtitzky et al.,2.5800947291519587
RGI60-05.15250,0.0003201606649385672,0.00028605871759707465,-0.003281726536612841,-0.0029615658716742733,-0.12813865639802255,-0.11563762775379298,,20009999,20199999,Kochtitzky et al.,25.610745647427322
RGI60-05.15463,0.0001293716969376939,0.00017195258023621832,0.00011085611458488545,0.0002402278115225793,0.0054202520916951475,0.011745813956807584,,20009999,20199999,Kochtitzky et al.,20.45220641208515
RGI60-05.15467,0.022367181785324642,0.008672753444341878,-0.018378719905882475,0.003988461879442167,-0.11625990607444843,0.02523016868748561,,20009999,20199999,Kochtitzky et al.,158.08304450300727
RGI60-05.15469,0.00123396207825843,0.001248801069643446,-0.0007012580593351098,0.0005327040189233203,-0.00821952882193525,0.006243886938358287,,20009999,20199999,Kochtitzky et al.,85.3160898303173
RGI60-05.15471,2.699105972260727e-05,9.051444285744204e-05,-0.0018304375909448914,-0.001803446531222284,-0.2077492839448976,-0.2046858780369195,,20009999,20199999,Kochtitzky et al.,8.810800962521672
RGI60-05.15473,9.544381331349056e-05,0.000118240073104309,-0.0004814899942979284,-0.0003860461809844378,-0.03729309811553851,-0.029900638175407918,,20009999,20199999,Kochtitzky et al.,12.910967943886408
RGI60-05.15477,0.0001909475119394052,0.0002010603018444861,-0.0006857945054139082,-0.0004948469934745031,-0.052145326467216,-0.0376263703228045,,20009999,20199999,Kochtitzky et al.,13.151600572393972
RGI60-05.15547,5.126219869709514e-05,7.297824356111409e-05,-0.00019599689496614838,-0.0001447346962690532,-0.010990578073062716,-0.008116036631604746,,20009999,20199999,Kochtitzky et al.,17.83317434835622
RGI60-05.15579,0.0002166936036129908,0.00017688823616507894,-0.001306189862841232,-0.0010894962592282412,-0.1146542703504549,-0.09563341609438564,,20009999,20199999,Kochtitzky et al.,11.392422269564856
RGI60-05.15584,5.371392591094086e-05,0.0002468424171928736,-0.002676755854871728,-0.002623041928960787,-0.0916072871361547,-0.08976902197454939,,20009999,20199999,Kochtitzky et al.,29.219900933135392
RGI60-05.15587,0.00012310081857507484,0.0001376418291966591,-0.0004206566818360915,-0.0002975558632610166,-0.03001307508416285,-0.021230059693347684,,20009999,20199999,Kochtitzky et al.,14.015780810746095
RGI60-05.15610,0.0021751902803259413,0.0010016951743301308,-0.008008559781539165,-0.0058333695012132225,-0.22966735062008295,-0.16728782141576926,,20009999,20199999,Kochtitzky et al.,34.87025804894214
RGI60-05.15612,9.391777475781491e-05,0.00010282289380417221,-0.0006719057008655383,-0.0005779879261077237,-0.04905097637910902,-0.04219471880414023,,20009999,20199999,Kochtitzky et al.,13.69811062826683
RGI60-05.15697,0.0014225739009579802,0.0009162816123405176,-0.0038426795402971827,-0.002420105639339203,-0.4718918979248426,-0.2971958060385305,,20009999,20199999,Kochtitzky et al.,8.143135233292774
RGI60-05.15769,0.0,0.00012399809926020973,-0.0015441339026586872,-0.0015441339026586872,-0.4523343888972898,-0.4523343888972898,,20009999,20199999,Kochtitzky et al.,3.413699998408277
RGI60-05.15827,0.003244167892892024,0.002307169125987372,-0.01631005226115595,-0.013065884368263926,-0.5174845620304351,-0.4145537574980255,,20009999,20199999,Kochtitzky et al.,31.51794943826111
RGI60-05.15834,0.00519477060401977,0.003416104678040835,-0.01598802859812809,-0.01079325799410832,-0.6393248496390841,-0.4315978046853792,,20009999,20199999,Kochtitzky et al.,25.0076758429674
RGI60-05.15929,0.0002781373866422805,0.0002709956039752387,-0.007285436238242037,-0.007007298851599758,-0.20042117549992614,-0.19276966086738928,,20009999,20199999,Kochtitzky et al.,36.35063121483749
RGI60-05.15931,6.897972312335302e-05,0.0001744489783455363,-0.0017141409062410478,-0.0016451611831176946,-0.1058510688336596,-0.10159145552306628,,20009999,20199999,Kochtitzky et al.,16.193893223078803
RGI60-05.15936,0.00017926948665735978,0.00022485665586286825,-0.002031695246084101,-0.0018524257594267413,-0.1317477710763883,-0.12012282125449075,,20009999,20199999,Kochtitzky et al.,15.421097673873431
RGI60-05.16051,6.063046048385614e-06,3.493333690191209e-05,-0.0006961779180302012,-0.0006901148719818153,-0.12231678365633378,-0.1212515210667114,,20009999,20199999,Kochtitzky et al.,5.691597646862682
RGI60-05.16052,0.0010987390023550867,0.0009530967436028221,-0.006240621148026705,-0.005141882145671618,-0.09876525028716414,-0.08137639908247554,,20009999,20199999,Kochtitzky et al.,63.18640543998861
RGI60-05.16056,2.5334202955264718e-05,3.22281028889589e-05,-0.00022916129176960197,-0.00020382708881433722,-0.055839420655558025,-0.049666269837336116,,20009999,20199999,Kochtitzky et al.,4.103933906892928
RGI60-05.16059,0.00011049909217763247,9.532068273638853e-05,-5.006790143171944e-05,6.043119074591304e-05,-0.010004361400551331,0.012075111095124741,,20009999,20199999,Kochtitzky et al.,5.004607433410017
RGI60-05.16060,0.0005302465380734528,0.0004489342906350125,-0.005526339718452527,-0.004996093180379075,-0.18771608996125744,-0.1697049267115046,,20009999,20199999,Kochtitzky et al.,29.439882961514396
RGI60-05.16062,0.006545653430908904,0.008473070318817548,-0.07458663658498144,-0.06804098315407253,-0.22751662751535265,-0.20754998118738888,,20009999,20199999,Kochtitzky et al.,327.82938723873434
RGI60-05.16095,0.00011060365916622206,0.0001976465046305904,-0.002205979811823017,-0.002095376152656795,-0.1176245824598372,-0.1117271081682634,,20009999,20199999,Kochtitzky et al.,18.75441141375568
RGI60-05.16122,2.366084364404613e-05,6.756705731528397e-05,-0.00019811902319997405,-0.0001744581795559279,-0.029894237984199695,-0.02632404629146099,,20009999,20199999,Kochtitzky et al.,6.627331437740206
RGI60-05.16126,1.6222413525589366e-05,2.1121084818849074e-05,-0.0003828988685349948,-0.0003666764550094055,-0.06318370933089258,-0.060506782483947086,,20009999,20199999,Kochtitzky et al.,6.060088472010348
RGI60-05.16130,6.0780397505746375e-05,6.748347111467534e-05,-0.001986474275648232,-0.0019256938781424856,-0.08656566016272069,-0.08391700002171756,,20009999,20199999,Kochtitzky et al.,22.94760153060905
RGI60-05.16141,0.00016583896954606674,0.00016949412912267304,-0.0014462192747048874,-0.0012803803051588208,-0.08518132549040068,-0.07541352368401227,,20009999,20199999,Kochtitzky et al.,16.978125972785733
RGI60-05.16175,3.2195217463000474e-05,4.684152129608523e-05,-0.001112430325153052,-0.0010802351076900515,-0.2370633418304045,-0.2302024125028213,,20009999,20199999,Kochtitzky et al.,4.6925446868495015
RGI60-05.16182,6.86010718976253e-05,7.244149158489824e-05,-0.0010867906795341117,-0.0010181896076364863,-0.15329937034527732,-0.14362271289416145,,20009999,20199999,Kochtitzky et al.,7.089335573175055
RGI60-05.16189,0.0006974733734986798,0.0008083391367850449,-0.0034923977469229115,-0.0027949243734242315,-0.1509075873751278,-0.12076954707149552,,20009999,20199999,Kochtitzky et al.,23.142625282594107
RGI60-05.16217,0.0011108068256777768,0.000934021277068214,-0.015656403252184908,-0.014545596426507134,-0.4228484326017077,-0.3928477410255261,,20009999,20199999,Kochtitzky et al.,37.02604064499891
RGI60-05.16232,0.0023230784669758552,0.0019404427238155762,-0.024396806813739208,-0.02207372834676335,-0.5526751519323285,-0.5000490949860743,,20009999,20199999,Kochtitzky et al.,44.14312228157932
RGI60-05.16819,0.00030619122318081696,0.0003048065139690774,-0.008894028118740526,-0.00858783689555971,-0.11314317466137393,-0.10924803889368616,,20009999,20199999,Kochtitzky et al.,78.60861377948298
RGI60-05.16846,0.008590245974939214,0.007294502028767892,-0.022533818607553952,-0.013943572632614738,-0.86026635146763,-0.5323192914609806,,20009999,20199999,Kochtitzky et al.,26.194002089133033
RGI60-05.16847,0.0014645801498498607,0.0010629310140582427,-0.010492371059772751,-0.009027790909922891,-0.5586780374618151,-0.4806948285986917,,20009999,20199999,Kochtitzky et al.,18.7807115301
RGI60-05.16849,0.007786811119010848,0.00722824214728102,-0.021378098646040768,-0.01359128752702992,-1.396632139375194,-0.8879194211808291,,20009999,20199999,Kochtitzky et al.,15.306892948636145
RGI60-05.16850,0.0008256811305115307,0.0004854623123877062,-0.003705575163695889,-0.0028798940331843576,-0.2847349287397695,-0.22128991751417407,,20009999,20199999,Kochtitzky et al.,13.014122222716697
RGI60-05.16851,0.0020715873730585144,0.0015804795411811633,-0.007620961763285065,-0.005549374390226553,-0.5742164049740116,-0.4181285658146589,,20009999,20199999,Kochtitzky et al.,13.271933189770124
RGI60-05.16856,0.008266268858568071,0.005347279420168838,-0.023217295223742704,-0.014951026365174638,-0.3821763563453575,-0.24610656516193075,,20009999,20199999,Kochtitzky et al.,60.75021345057295
RGI60-05.16867,0.002248713966559642,0.0015459075221979578,-0.004774243016547563,-0.0025255290499879212,-0.9134083018643584,-0.4831842855219248,,20009999,20199999,Kochtitzky et al.,5.226844344202752
RGI60-05.17070,0.0007861653106393802,0.0009060139557982773,-0.003800382248879733,-0.003014216938240353,-0.19799463724362448,-0.1570365163757961,,20009999,20199999,Kochtitzky et al.,19.194369614180587
RGI60-05.17118,0.012576063426675652,0.011867563271596614,-0.030465485927354024,-0.017889422500678372,-0.1464312652622793,-0.08598486752623204,,20009999,20199999,Kochtitzky et al.,208.0531495291391
RGI60-05.17994,5.650090827734314e-05,9.691270041986808e-05,-0.01326350581223539,-0.013207004903958049,-0.2985480587393396,-0.2972762806195872,,20009999,20199999,Kochtitzky et al.,44.42670258263401
RGI60-05.18729,0.0021380020584054254,0.0017112392388533321,-0.01672347004468362,-0.01458546798627819,-0.584232025902877,-0.5095412308328785,,20009999,20199999,Kochtitzky et al.,28.62470611541541
RGI60-05.20280,0.00036159545578769,0.0002650382397686727,-0.0014036631689510696,-0.0010420677131633797,-0.12120269804846047,-0.08997986210536067,,20009999,20199999,Kochtitzky et al.,11.581121472971196
RGI60-06.00483,0.06385036244265316,0.059872039374039884,-1.143771760915639,-1.0799213984729858,-1.0719252268528987,-1.0120856534478084,,20009999,20199999,Kochtitzky et al.,1067.0256956949104
RGI60-07.00006,0.007849217052310078,0.0045956128581511905,-0.008501637790143447,-0.0006524207378333682,-0.6247538933518645,-0.047943985162183116,,20009999,20199999,Kochtitzky et al.,13.607978886744261
RGI60-07.00025,0.4094675950717843,0.2088480061129944,-0.4973600822788553,-0.08789248720707099,-0.4541894703892938,-0.08026346230455114,1.0,20009999,20199999,Kochtitzky et al.,1095.0497858362044
RGI60-07.00026,0.4773962674624845,0.08918942473236798,-0.13255464829056246,0.34484161917192196,-0.8163770522629221,2.1238092227444763,1.0,20009999,20199999,Kochtitzky et al.,162.36939527284989
RGI60-07.00027,3.5371881273866705,0.12740720998826685,-1.4090504439656066,2.128137683421064,-1.0694938100426925,1.6152935397627102,1.0,20009999,20199999,Kochtitzky et al.,1317.4928463675349
RGI60-07.00028,0.09025471105965496,0.04029724799972503,-0.21202198091039892,-0.121767269850744,-0.8517025092791403,-0.4891449878669738,1.0,20009999,20199999,Kochtitzky et al.,248.93901168595718
RGI60-07.00029,0.4721567416320583,0.09287291971054083,-0.12530814649529307,0.34684859513676525,-0.18918103303306955,0.5236465255393984,1.0,20009999,20199999,Kochtitzky et al.,662.3716156227392
RGI60-07.00030,0.10041699201311664,0.0271344661702422,-0.0926783149743058,0.007738677038810857,-0.5269876318987249,0.04400368185203422,1.0,20009999,20199999,Kochtitzky et al.,175.86430755573494
RGI60-07.00031,0.14204813023346188,0.023988962721992125,-0.08746896905967773,0.05457916117378416,-0.4004658005378461,0.2498839040532317,1.0,20009999,20199999,Kochtitzky et al.,218.4180745077418
RGI60-07.00035,0.07670686068788385,0.02658639613912473,-0.03665636975227685,0.040050490935607,-0.16323718132687512,0.1783517924788493,,20009999,20199999,Kochtitzky et al.,224.55894823909088
RGI60-07.00036,0.012974750554828458,0.008385178955926555,0.0038935698258658297,0.016868320380694288,0.0578245885889359,0.25051655160264275,1.0,20009999,20199999,Kochtitzky et al.,67.33415525952954
RGI60-07.00042,0.09792158910830966,0.012423069906947628,-0.06937640202016157,0.028545187088148075,-0.6321149752695894,0.2600861345482686,,20009999,20199999,Kochtitzky et al.,109.75282145557995
RGI60-07.00060,0.05363530037460965,0.01889983710242617,-0.017742074516175082,0.035893225858434574,-0.22222007480246705,0.4495638504894929,1.0,20009999,20199999,Kochtitzky et al.,79.84010684879003
RGI60-07.00061,0.023761765749067257,0.01474802263412796,0.02028392742161396,0.044045693170681216,0.2398104783293827,0.520738342632555,,20009999,20199999,Kochtitzky et al.,84.58315734541728
RGI60-07.00062,0.4327912883142041,0.08123445619637057,0.06381873266253403,0.4966100209767381,0.09220700746767174,0.7175154065634574,1.0,20009999,20199999,Kochtitzky et al.,692.1245403708522
RGI60-07.00064,0.005928190231690023,0.005763027560460198,-0.012657811319396587,-0.006729621087706566,-0.1833479027817852,-0.09747829872106946,,20009999,20199999,Kochtitzky et al.,69.0371208361271
RGI60-07.00067,0.00455841834081037,0.005873382478111438,-0.006427072583336477,-0.0018686542425261066,-0.2881215557757792,-0.08377057526307467,,20009999,20199999,Kochtitzky et al.,22.306809242478643
RGI60-07.00072,0.08535572355516795,0.03631456631652369,0.003279531510529641,0.08863525506569757,0.3652845236026192,9.872473192319198,1.0,20009999,20199999,Kochtitzky et al.,8.978019320898834
RGI60-07.00224,0.0026697124581289487,0.002789366425723115,-0.006759117354073628,-0.004089404895944679,-0.4277876547058298,-0.25882032193513765,,20009999,20199999,Kochtitzky et al.,15.800169265570712
RGI60-07.00228,0.014851205246364452,0.007738097274958892,-0.05184696397891307,-0.036995758732548616,-0.380363186849698,-0.2714107753186466,1.0,20009999,20199999,Kochtitzky et al.,136.30910080528008
RGI60-07.00238,0.06012825951947701,0.03530138988866812,-0.10783962841870463,-0.04771136889922762,-0.5225402133418002,-0.23118689529078046,,20009999,20199999,Kochtitzky et al.,206.375749971544
RGI60-07.00239,0.040503185985107916,0.01307515434022467,-0.056140195588852713,-0.015637009603744798,-1.0583608811334473,-0.2947905522758392,,20009999,20199999,Kochtitzky et al.,53.04447338296328
RGI60-07.00240,0.030061921026182187,0.0068933844222753855,-0.07562045525954775,-0.04555853423336556,-1.1786232034878907,-0.7100769941154571,1.0,20009999,20199999,Kochtitzky et al.,64.1599919599111
RGI60-07.00242,0.0987056518764687,0.018021345560923337,-0.14564556653240707,-0.046939914655938365,-1.0330378694574545,-0.3329363919765853,1.0,20009999,20199999,Kochtitzky et al.,140.98763543770113
RGI60-07.00244,0.1273400199912935,0.014298967215795037,-0.1543748938513095,-0.027034873860016014,-1.5563672637951758,-0.2725585204099814,1.0,20009999,20199999,Kochtitzky et al.,99.18924500819227
RGI60-07.00250,0.0213188778199982,0.01054023824988935,-0.059653538970375786,-0.038334661150377584,-1.0976862108973215,-0.7053970253984021,,20009999,20199999,Kochtitzky et al.,54.34480125391301
RGI60-07.00251,0.007359768062834394,0.005521757797340095,-0.010044721831610271,-0.002684953768775877,-0.6068302108190533,-0.16220569258755493,,20009999,20199999,Kochtitzky et al.,16.55277152080591
RGI60-07.00254,0.006091070252211041,0.004655981562990528,-0.007943929080053614,-0.0018528588278425731,-0.7987146120476503,-0.18629388617972867,,20009999,20199999,Kochtitzky et al.,9.945891761874627
RGI60-07.00257,0.0008675085088362889,0.0008659366574642271,-0.0008879042452744012,-2.0395736438112302e-05,-0.472102613957561,-0.010844503264027696,,20009999,20199999,Kochtitzky et al.,1.8807441836240668
RGI60-07.00258,0.0025248158343586825,0.0018157914222743023,-0.0009878212390567727,0.0015369945953019098,-0.4048730722087697,0.6299598542367387,,20009999,20199999,Kochtitzky et al.,2.4398294351060468
RGI60-07.00259,0.032570913068482636,0.02235779112782842,-0.035424237480985304,-0.0028533244125026683,-1.880559401906793,-0.15147386174514832,,20009999,20199999,Kochtitzky et al.,18.837074460432838
RGI60-07.00265,0.08296929211784898,0.03339903180698532,-0.15029057990972433,-0.06732128779187535,-1.3084393777209982,-0.5861034268327961,,20009999,20199999,Kochtitzky et al.,114.86247087082941
RGI60-07.00275,0.06431753461817906,0.02177042071321465,-0.058532116349008914,0.005785418269170152,-0.7797049305504952,0.07706741924162905,1.0,20009999,20199999,Kochtitzky et al.,75.0695731880052
RGI60-07.00276,0.013652393430136849,0.0069190214198160405,-0.01744472862124266,-0.0037923351911058134,-0.7142805844667036,-0.1552785059377868,1.0,20009999,20199999,Kochtitzky et al.,24.422795468068408
RGI60-07.00277,0.006562200976252873,0.004107144520191651,-0.0051182579952662,0.0014439429809866722,-0.17425229823187138,0.04915937867638123,,20009999,20199999,Kochtitzky et al.,29.372685739016852
RGI60-07.00285,0.011829585510173744,0.01170884803511222,-0.031078312359979068,-0.019248726849805328,-0.6438870529234666,-0.398799196696738,,20009999,20199999,Kochtitzky et al.,48.266714199133126
RGI60-07.00294,0.02569303642870417,0.010488749022227049,-0.02625077723445344,-0.0005577408057492669,-0.37384574764105977,-0.007942965903561871,1.0,20009999,20199999,Kochtitzky et al.,37.53043370643223
RGI60-07.00296,0.1220616193906699,0.015671112229730003,-0.06289729966382131,0.05916431972684859,-0.4932907162430925,0.4640137145804986,1.0,20009999,20199999,Kochtitzky et al.,127.50554103845259
RGI60-07.00298,0.0,0.14024240191088025,-0.33550130837119585,-0.33550130837119585,-0.35701886789494314,-0.35701886789494314,1.0,20009999,20199999,Kochtitzky et al.,63.10163875240509
RGI60-07.00299,0.08666962328569087,0.039889150603967485,-0.09250417276515327,-0.005834549479462396,-0.6764339830082327,-0.04266496770336065,,20009999,20199999,Kochtitzky et al.,136.7526988424936
RGI60-07.00301,0.02948436690098745,0.016973535450802806,-0.15859605342361732,-0.1291116865226299,-0.5078593045833908,-0.4134439030196393,1.0,20009999,20199999,Kochtitzky et al.,312.2834454194306
RGI60-07.00315,0.04291505972657905,0.015505740733938338,-0.0314371864643245,0.011477873262254551,-1.0565114341912538,0.3857375835948737,1.0,20009999,20199999,Kochtitzky et al.,29.755651900151246
RGI60-07.00318,0.009285204426293178,0.00551006837279864,-0.027322209295280918,-0.018037004868987745,-0.8874624007889516,-0.5858663723375628,1.0,20009999,20199999,Kochtitzky et al.,30.786892234523464
RGI60-07.00319,0.08224521049916085,0.0239579606785089,-0.08813306121805656,-0.005887850718895707,-1.646398687113756,-0.10998993521316194,,20009999,20199999,Kochtitzky et al.,53.530813592034356
RGI60-07.00320,0.003987806594905219,0.003717419154819072,-0.011243274008823977,-0.007255467413918758,-0.7332611145195466,-0.4731853122244416,,20009999,20199999,Kochtitzky et al.,15.333247306030795
RGI60-07.00321,0.029440650177396787,0.018900505562627144,-0.04156846148772119,-0.012127811310324404,-0.982015522548896,-0.2865080528611964,,20009999,20199999,Kochtitzky et al.,42.32973973754212
RGI60-07.00324,0.15685140018113314,0.03561986970045962,-0.15318186155992886,0.003669538621204281,-0.8840285849355559,0.02117729215218123,,20009999,20199999,Kochtitzky et al.,173.27704575423374
RGI60-07.00422,0.03253293830765636,0.013090221353660888,-0.04109270210925412,-0.008559763801597758,-0.5509329562816871,-0.11476139884276948,,20009999,20199999,Kochtitzky et al.,74.58748227115277
RGI60-07.00424,0.025069327958664674,0.018431075418521074,0.0949613655294753,0.12003069348813998,0.39371740972609065,0.4976568467005482,,20009999,20199999,Kochtitzky et al.,241.1916851620556
RGI60-07.00425,0.22191739594569374,0.0235664412281939,0.11071449198665986,0.3326318879323536,0.2344940918374261,0.7045167355892676,1.0,20009999,20199999,Kochtitzky et al.,472.14192527894403
RGI60-07.00429,0.015195762939901563,0.007628046190821986,-0.0378162543432525,-0.022620491403350942,-0.4399295464962909,-0.2631519884087897,,20009999,20199999,Kochtitzky et al.,60.39475849203741
RGI60-07.00439,0.0025575891907527034,0.002499088986059481,-0.007364153511824185,-0.0048065643210714794,-0.39662933295670216,-0.25887895973638153,,20009999,20199999,Kochtitzky et al.,18.56684037190988
RGI60-07.00440,0.02409441387462665,0.008346765561741071,-0.03137768069654754,-0.007283266821920889,-0.8375997592119285,-0.19442044156528093,,20009999,20199999,Kochtitzky et al.,37.461425163337935
RGI60-07.00448,0.03268251346230707,0.02111508653105144,-0.07440386459049082,-0.04172135112818375,-1.7706574292615398,-0.9928814953435814,,20009999,20199999,Kochtitzky et al.,42.02047406850532
RGI60-07.00463,0.021496007718402304,0.006936907743607056,-0.034055162154966685,-0.012559154436564388,-0.8947966375230354,-0.3299907693533435,1.0,20009999,20199999,Kochtitzky et al.,38.05910832347086
RGI60-07.00464,0.053063493456758114,0.015697124815997266,-0.06686673233905457,-0.013803238882296459,-0.6069735143403161,-0.12529699180130208,1.0,20009999,20199999,Kochtitzky et al.,110.16416822030216
RGI60-07.00465,0.0973185580470271,0.018319225003710558,-0.08757231021154796,0.009746247835479144,-0.7359935756737256,0.08191146010089721,,20009999,20199999,Kochtitzky et al.,118.98515572148115
RGI60-07.00468,0.047327037937207515,0.017434798002018588,-0.1121379587888124,-0.06481092085160489,-0.6027826981794759,-0.3483824938886297,,20009999,20199999,Kochtitzky et al.,29.31484043900332
RGI60-07.00470,0.03456714351003363,0.01395639943646926,-0.046858217335212206,-0.012291073825178578,-1.006495033696925,-0.2640071574926994,,20009999,20199999,Kochtitzky et al.,46.55583561411006
RGI60-07.00471,0.0031992865479220835,0.001877768480710921,-0.012552215059104178,-0.009352928511182095,-0.5908161388626887,-0.4402299581401315,,20009999,20199999,Kochtitzky et al.,21.245552098943985
RGI60-07.00474,0.06342351245834824,0.02458806816741336,-0.12119336841181146,-0.05776985595346321,-0.7343611928151664,-0.3500516643995759,,20009999,20199999,Kochtitzky et al.,165.03237044323905
RGI60-07.00501,0.0187939714794107,0.008099854871181308,-0.08643665846792975,-0.06764268698851905,-1.1806342904991152,-0.923928309766562,1.0,20009999,20199999,Kochtitzky et al.,73.21205149088843
RGI60-07.00502,0.041251828829937096,0.02072631191348657,-0.0747472219054577,-0.0334953930755206,-0.5909354023239215,-0.26480734773148035,,20009999,20199999,Kochtitzky et al.,126.48966640263157
RGI60-07.00511,0.000279393121910867,0.007890804102929905,-0.025467949205101374,-0.02518855608319051,-0.4264122982444545,-0.4217343926043788,,20009999,20199999,Kochtitzky et al.,59.726113224110286
RGI60-07.00524,0.013862493119471504,0.004358059219750069,-0.018196021132523974,-0.004333528013052475,-0.3372881685862565,-0.08032787587980571,1.0,20009999,20199999,Kochtitzky et al.,53.94799707559447
RGI60-07.00529,0.02500244498325781,0.008397859597216378,-0.07385850958500842,-0.04885606460175063,-0.5568408228821206,-0.3683401055407006,1.0,20009999,20199999,Kochtitzky et al.,132.63846066947536
RGI60-07.00551,0.01609336684260321,0.00732407839008882,0.1570244005523038,0.173117767394907,0.4408602491860573,0.4860438365235515,1.0,20009999,20199999,Kochtitzky et al.,356.17727123779406
RGI60-07.00552,0.008399476314071804,0.006105496418803088,0.1288905854062678,0.1372900617203396,0.3905777789927851,0.4160307536465347,,20009999,20199999,Kochtitzky et al.,329.9997909216661
RGI60-07.00558,0.03687983377947092,0.008393019062342634,-0.06835696640432899,-0.031477132624858066,-0.767347647424403,-0.3533495551057853,1.0,20009999,20199999,Kochtitzky et al.,89.0821345888903
RGI60-07.00570,0.01799809389880429,0.015770353252126536,-0.030404403253838794,-0.012406309355034504,-0.14747727189328486,-0.0601770948329209,,20009999,20199999,Kochtitzky et al.,206.16331495363946
RGI60-07.00645,0.011756932551481069,0.007251192693874925,-0.0255393651996707,-0.013782432648189631,-0.5036472696221329,-0.27179550148337883,,20009999,20199999,Kochtitzky et al.,50.70883282824485
RGI60-07.00659,0.00387353553262249,0.0024595818251711642,-0.013613114980070451,-0.009739579447447959,-0.4842420152193837,-0.34645366515497417,,20009999,20199999,Kochtitzky et al.,28.112213629176914
RGI60-07.00661,0.1991171004689738,0.05257829032221645,-0.3167360066392513,-0.11761890617027748,-1.2798360204644703,-0.4752630255132389,,20009999,20199999,Kochtitzky et al.,247.4817098242815
RGI60-07.00663,0.0024753107075752693,0.003262229161904955,-0.015191237355297775,-0.012715926647722506,-0.7958469664081359,-0.6661690164513899,,20009999,20199999,Kochtitzky et al.,19.08813879615547
RGI60-07.00664,0.004116085070271506,0.003266904906745219,-0.028849479457061768,-0.024733394386790262,-0.7609055928725759,-0.6523437675068755,,20009999,20199999,Kochtitzky et al.,37.91466343169988
RGI60-07.00681,0.10590357833338863,0.03491000997323895,0.06156132387597155,0.16746490220936014,0.09610870217699734,0.2614439293730243,1.0,20009999,20199999,Kochtitzky et al.,640.5384994440768
RGI60-07.00682,0.029372538749257805,0.01852919915281444,-0.0251028979563637,0.004269640792894106,-0.1945353037587544,0.03308764868622923,,20009999,20199999,Kochtitzky et al.,129.0403205553585
RGI60-07.00703,0.049344936670952064,0.02488324883601911,-0.09623722025116983,-0.04689228358021778,-0.8868970387393423,-0.4321470148293803,,20009999,20199999,Kochtitzky et al.,108.51002545680369
RGI60-07.00709,8.613880437375988e-05,0.00023885634423669903,-0.004032793573492519,-0.003946654769118759,-0.7903242804384328,-0.7734432803713847,,20009999,20199999,Kochtitzky et al.,5.102707424419917
RGI60-07.00710,0.02341230057823839,0.015317186833146543,-0.057445886862065615,-0.034033586283827216,-0.8692009079554893,-0.5149546071055366,,20009999,20199999,Kochtitzky et al.,66.09045887582913
RGI60-07.00711,6.514192469662723e-05,6.946961152676302e-05,-0.0022721615350283623,-0.0022070196103317345,-0.8074141480690721,-0.7842659207878411,,20009999,20199999,Kochtitzky et al.,2.814121526681478
RGI60-07.00712,0.0029537906068000954,0.0030261299151129128,-0.008369173709736319,-0.005415383102936223,-1.0975987345109155,-0.7102155895939536,,20009999,20199999,Kochtitzky et al.,7.624984838804117
RGI60-07.00714,0.006953321710338552,0.005683235812654172,-0.013062974710975006,-0.006109653000636454,-1.2627909871685887,-0.5906169853830623,,20009999,20199999,Kochtitzky et al.,10.344526405169088
RGI60-07.00715,0.02292799500125971,0.008383076887520184,-0.053048734543261165,-0.03012073954200146,-1.4512772355484806,-0.8240261335460011,,20009999,20199999,Kochtitzky et al.,36.55313626084163
RGI60-07.00721,0.008668307285659276,0.006117621070594344,-0.007737363608617837,0.0009309436770414387,-0.8418389275923578,0.10128832847619627,,20009999,20199999,Kochtitzky et al.,9.191026163100512
RGI60-07.00724,0.00013993894114979906,0.00029909668881580496,-0.0013388199751894587,-0.0011988810340396595,-0.4088658927447282,-0.3661295568942957,,20009999,20199999,Kochtitzky et al.,3.2744721409798263
RGI60-07.00727,0.002909686793950647,0.0028862988872280226,-0.0009305440822031627,0.001979142711747484,-0.004880597202389019,0.010380376993225,,20009999,20199999,Kochtitzky et al.,190.66193000882512
RGI60-07.00733,0.030231061239714394,0.015577844522710634,-0.04787427146633928,-0.01764321022662488,-1.1448457096404638,-0.4219124994191949,,20009999,20199999,Kochtitzky et al.,41.81722573024629
RGI60-07.00735,0.0011579366792292592,0.0015128196289911071,-0.00016026765822999242,0.0009976690209992669,-0.05376471328045165,0.33468629575805736,,20009999,20199999,Kochtitzky et al.,2.9809078938818443
RGI60-07.00766,0.0009273712712919064,0.0009290008745021695,-0.0005326479959552353,0.0003947232753366712,-0.1000798889698223,0.07416504308563777,,20009999,20199999,Kochtitzky et al.,5.322228086362565
RGI60-07.00775,0.019770600729502333,0.012564700097254772,-0.015038120786156366,0.004732479943345963,-1.1635364958820722,0.3661636456053727,,20009999,20199999,Kochtitzky et al.,12.924494280478955
RGI60-07.00789,0.00024166858100905297,0.0003403711347641688,-0.0002584313796127381,-1.6762798603685134e-05,-0.07164148847513067,-0.00464692733822194,,20009999,20199999,Kochtitzky et al.,3.607286575326375
RGI60-07.00790,0.006107165497541253,0.004627509786053342,-0.00713871811731888,-0.0010315526197776255,-0.4287792523382536,-0.06195907357411345,,20009999,20199999,Kochtitzky et al.,16.64893550326758
RGI60-07.00791,0.0213382535185497,0.0128847240971854,-0.03864617526081368,-0.01730792174226398,-0.8962244649241591,-0.40137951033250985,,20009999,20199999,Kochtitzky et al.,43.121089384771516
RGI60-07.00794,0.022299314729318814,0.012617648954773434,-0.030484602883508592,-0.008185288154189773,-0.5483659118373975,-0.14723934635055747,,20009999,20199999,Kochtitzky et al.,55.59171754743928
RGI60-07.00832,0.014272679568535963,0.00714708874621775,-0.022199189632712703,-0.00792651006417674,-0.2254740989745412,-0.08050846649371532,,20009999,20199999,Kochtitzky et al.,98.45560857621729
RGI60-07.00849,0.007125638915306574,0.004711435311250645,-0.009429504788146885,-0.002303865872840309,-0.11194146682823417,-0.027350123996483715,,20009999,20199999,Kochtitzky et al.,84.23603026942426
RGI60-07.00854,0.0920946961833677,0.06296035764909579,-0.018531992720733508,0.07356270346263419,-0.06427311434336769,0.25513198296108525,,20009999,20199999,Kochtitzky et al.,288.3319551271412
RGI60-07.00859,0.015234401824586285,0.0102575021572058,-0.010309125393617386,0.0049252764309689,-0.08776649191563601,0.04193122282987606,,20009999,20199999,Kochtitzky et al.,117.46083463751577
RGI60-07.00874,0.004200655505741932,0.00452448868512446,0.00680234917701406,0.011003004682755993,0.06261807765076659,0.10128662667666803,,20009999,20199999,Kochtitzky et al.,108.63235398173843
RGI60-07.00883,0.005163107149639204,0.0036344599864703135,-0.0007986541451539687,0.004364453004485235,-0.0222742481559501,0.1217234141671481,,20009999,20199999,Kochtitzky et al.,35.85549283469865
RGI60-07.00884,0.0020198904749253533,0.002370189135570418,0.00021260163167640864,0.002232492106601762,0.014303818977929603,0.15020187150347158,,20009999,20199999,Kochtitzky et al.,14.863277562757686
RGI60-07.00887,0.03383218439821766,0.021151732132703324,-0.008026410486072852,0.025805773912144808,-0.2442031253776661,0.7851393413120293,,20009999,20199999,Kochtitzky et al.,32.867763152743485
RGI60-07.00892,0.1692400747355288,0.06962501524364782,-0.11602296358127155,0.053217111154257264,-0.5216057073780166,0.2392487491391028,,20009999,20199999,Kochtitzky et al.,222.43422941917257
RGI60-07.00893,0.015713186102025697,0.01025572173369599,-0.007641670810261874,0.008071515291763823,-0.15029853004192067,0.15875283215993624,,20009999,20199999,Kochtitzky et al.,50.84328375088225
RGI60-07.00895,0.007093440621766681,0.005297989776042694,0.002090674099728095,0.009184114721494777,0.08168935875672106,0.35885288981417235,,20009999,20199999,Kochtitzky et al.,25.592979692181547
RGI60-07.00896,0.012848303234458396,0.008330072886171335,-0.00234753815311598,0.010500765081342416,-0.06907622030167647,0.3089846105939409,,20009999,20199999,Kochtitzky et al.,33.984751088921485
RGI60-07.00898,0.00866570042392847,0.004162614020251904,-0.030804768964073286,-0.02213906854014482,-0.3436458280062393,-0.24697469890580698,1.0,20009999,20199999,Kochtitzky et al.,89.64103869031692
RGI60-07.00899,0.0009839961071469202,0.0008368096352661857,-0.02085000444131826,-0.019866008334171344,-0.24113552065155594,-0.22975535935308794,,20009999,20199999,Kochtitzky et al.,86.46591918511581
RGI60-07.00903,0.02986927153734353,0.01718583343336812,-0.09741433784149524,-0.06754506630415172,-0.4998967251836672,-0.3466179434766543,,20009999,20199999,Kochtitzky et al.,69.81777018578151
RGI60-07.00909,0.007639573374676752,0.005705758725142901,-0.005432161969480871,0.002207411405195881,-0.11620828879477185,0.047222358888608484,,20009999,20199999,Kochtitzky et al.,46.745047412876644
RGI60-07.00910,0.01663405420328176,0.005941064829090399,-0.012138202319869274,0.004495851883412484,-0.2918271340524315,0.10808944650006637,1.0,20009999,20199999,Kochtitzky et al.,41.593809839795256
RGI60-07.00945,0.03824733540841172,0.01996149133746429,-0.04275126906064936,-0.0045039336522376345,-0.4598955511804027,-0.04845093712977906,,20009999,20199999,Kochtitzky et al.,92.95864887346858
RGI60-07.00984,0.013300006027029028,0.010523120646949729,-0.00838754397584868,0.0049124620511803475,-0.22421750094825255,0.13132091680119448,,20009999,20199999,Kochtitzky et al.,37.40807002297493
RGI60-07.00985,0.007481742467743671,0.006613706971341128,-7.416084644723679e-05,0.007407581621296434,-0.003518118386985034,0.3514084635416995,,20009999,20199999,Kochtitzky et al.,21.07969041678309
RGI60-07.00986,0.018971872780405657,0.00944380725246587,-0.004438696231293778,0.014533176549111881,-0.05737053352597375,0.18784256660129486,,20009999,20199999,Kochtitzky et al.,77.36892021902182
RGI60-07.00990,0.00039745301544912194,0.0002768481801820917,-0.0018120856897476851,-0.0014146326742985635,-0.16530961700197006,-0.12905150507497787,,20009999,20199999,Kochtitzky et al.,10.96176812100466
RGI60-07.00993,0.002874123633455459,0.002317705012053825,-0.001493231661399333,0.0013808919720561259,-0.1295363507346375,0.1197909952239294,,20009999,20199999,Kochtitzky et al.,11.527510640301282
RGI60-07.01100,0.015810667892703974,0.002782146274193583,-0.05983825800550392,-0.04402759011279995,-1.1880213754018474,-0.8741183300594462,1.0,20009999,20199999,Kochtitzky et al.,50.36799778561532
RGI60-07.01325,0.00032749060679413143,0.0005152845737679679,0.00033737937694843564,0.000664869983742567,0.09408395148734017,0.18541025198877192,,20009999,20199999,Kochtitzky et al.,3.585939701882452
RGI60-07.01326,0.010631635102164892,0.00766493561683865,-0.007896298903572942,0.00273533619859195,-0.5355849900459266,0.18553059206411784,,20009999,20199999,Kochtitzky et al.,14.743316280943256
RGI60-07.01328,0.005440570290027636,0.0042806189737385,-0.009780061152157193,-0.004339490862129555,-0.692081436821519,-0.3070820339680637,,20009999,20199999,Kochtitzky et al.,14.13137332085295
RGI60-07.01353,0.009619099470365504,0.005972056213959298,-0.011933240482536037,-0.0023141410121705307,-1.2616201960786568,-0.24465835929485805,,20009999,20199999,Kochtitzky et al.,9.458663169491658
RGI60-07.01354,0.004261036412808864,0.0043076930110202095,-0.0036029201637572924,0.0006581162490515718,-0.3840004911718461,0.07014225999957535,,20009999,20199999,Kochtitzky et al.,9.382592591906164
RGI60-07.01357,0.009683343082007016,0.006771368613178587,-0.015788774805842617,-0.0061054317238356005,-1.003743797411749,-0.3881421642072657,,20009999,20199999,Kochtitzky et al.,15.72988530196203
RGI60-07.01394,1.0347981371368746,0.19266561673265495,-0.7330408759379671,0.3017572611989076,-1.1359904199968607,0.4676319822517756,1.0,20009999,20199999,Kochtitzky et al.,645.2879029912882
RGI60-07.01396,0.05990911779369281,0.0186988156332105,-0.04858488050913426,0.011324237284558551,-1.3268301898874597,0.3092595834166272,,20009999,20199999,Kochtitzky et al.,36.6172558323045
RGI60-07.01425,0.14237445858309966,0.03278546471515935,-0.14171480891280686,0.0006596496702928056,-1.1815739137706498,0.005499953382606242,1.0,20009999,20199999,Kochtitzky et al.,119.9373202651074
RGI60-07.01449,0.01889932239571937,0.00838343967528337,-0.03878428452960954,-0.01988496213389017,-0.11721618848357825,-0.06009752397766745,1.0,20009999,20199999,Kochtitzky et al.,330.8782262190955
RGI60-07.01458,0.034341442221721044,0.011987795558207896,-0.057475698610514526,-0.02313425638879349,-0.35193252714538026,-0.14165460379541725,1.0,20009999,20199999,Kochtitzky et al.,163.31453951334208
RGI60-07.01461,0.0012143144781658715,0.0034408422347737533,-0.036082798343253085,-0.034868483865087216,-0.26768918088929183,-0.2586804880237894,1.0,20009999,20199999,Kochtitzky et al.,55.95682920826528
RGI60-07.01463,0.042349268087495937,0.014800813729770287,-0.11582640347328373,-0.07347713538578778,-1.6732151978002778,-1.0614424339497557,1.0,20009999,20199999,Kochtitzky et al.,69.22385334866486
RGI60-07.01464,0.23398369258496704,0.021078866522574343,-0.23578695253896134,-0.0018032599539943293,-0.4319308277440409,-0.0033033361523163557,1.0,20009999,20199999,Kochtitzky et al.,295.2820884714258
RGI60-07.01468,0.021819010708129555,0.01970811332190328,-0.03489771291467077,-0.013078702206541212,-1.169497069474542,-0.4382953100817689,1.0,20009999,20199999,Kochtitzky et al.,29.83993190367753
RGI60-07.01477,0.08232651802697412,0.019181673607056696,-0.025936436975978677,0.05639008105099545,-0.2183923248891681,0.4748208442362899,1.0,20009999,20199999,Kochtitzky et al.,118.76075310403492
RGI60-07.01482,0.1016381056854363,0.014081326355460276,-0.24566994118980495,-0.14403183550436868,-0.6490984880451948,-0.3805546832611025,1.0,20009999,20199999,Kochtitzky et al.,378.47868345781717
RGI60-07.01487,0.03317657215130509,0.01632570115867207,-0.11814356393453868,-0.08496699178323361,-0.36211851521739297,-0.2604299369543404,,20009999,20199999,Kochtitzky et al.,326.2566230937205
RGI60-07.01488,0.04624184699695245,0.02010544853719356,-0.06174330047639207,-0.01550145347943963,-0.3076761192485051,-0.07724606576690603,1.0,20009999,20199999,Kochtitzky et al.,200.67628461773143
RGI60-07.01492,0.022326187936158023,0.012817558819020244,-0.050735167174890704,-0.02840897923873268,-0.6651282128642557,-0.372436214218441,,20009999,20199999,Kochtitzky et al.,76.27877782602062
RGI60-07.01493,0.008322378579488435,0.005908966178698304,-0.020773561424893842,-0.012451182845405405,-0.5457904551946403,-0.32713392826142434,,20009999,20199999,Kochtitzky et al.,38.06142307396261
RGI60-07.01494,0.13363007630413656,0.02696353414371815,-0.16031172934195378,-0.026681653037817218,-0.40684801056823255,-0.06771418100014788,,20009999,20199999,Kochtitzky et al.,394.03346010725517
RGI60-07.01499,0.05141580166651364,0.011702335118128527,-0.04893515552687384,0.0024806461396397962,-0.2728960928231074,0.013833789468854505,1.0,20009999,20199999,Kochtitzky et al.,179.31790455715267
RGI60-07.01500,0.012697476567473113,0.008926055857497745,0.03260311248054855,0.045300589048021665,0.10233445932726924,0.14218922473128592,,20009999,20199999,Kochtitzky et al.,318.5936848142485
RGI60-07.01503,0.009708290106419106,0.006556236213276157,0.007698927132437987,0.01740721723885709,0.13910824222870094,0.31452270563622664,,20009999,20199999,Kochtitzky et al.,55.34486676771146
RGI60-07.01505,0.025012092466692518,0.02065564159208631,-0.0328494673472535,-0.00783737488056098,-0.2689891913405684,-0.06417666104200145,,20009999,20199999,Kochtitzky et al.,122.1218859521483
RGI60-07.01506,0.21075795268925213,0.13402867594455514,-0.34901991116977,-0.13826195848051784,-0.3623698366274664,-0.14355044426679786,1.0,20009999,20199999,Kochtitzky et al.,963.1593910190137
RGI60-07.01507,0.030412541348743667,0.013993318802471346,-0.03485522153719536,-0.004442680188451696,-0.4520730927688315,-0.05762167286278511,,20009999,20199999,Kochtitzky et al.,77.10085403162594
RGI60-07.01510,0.1487259203936361,0.05558131461559792,-0.12032192399202195,0.028403996401614142,-0.3612200145751502,0.08527200740958796,,20009999,20199999,Kochtitzky et al.,333.0987186120871
RGI60-07.01511,0.07000105699336064,0.020374556280445662,-0.06820540500168584,0.0017956519916747934,-0.5788777743334999,0.01524018555996446,,20009999,20199999,Kochtitzky et al.,117.82349923559464
RGI60-07.01512,0.005463593498415884,0.0035198608863412717,-0.007957774971500383,-0.0024941814730844985,-0.2229553367534194,-0.06988022057010326,,20009999,20199999,Kochtitzky et al.,35.692238128847286
RGI60-07.01534,0.05246044138834114,0.03293438275927521,-0.046605848367659686,0.005854593020681455,-0.4710076439092339,0.05916764014174919,,20009999,20199999,Kochtitzky et al.,98.94923993344132
RGI60-07.01546,0.05083503411671293,0.031601263126367886,-0.10393204293883596,-0.053097008822123024,-0.5562767026083341,-0.28419174828804755,,20009999,20199999,Kochtitzky et al.,186.83515317378468
RGI60-07.01554,0.5680729818257433,0.2542299699976564,-0.7171723488897521,-0.14909936706400884,-1.2336174500578294,-0.2564677532359993,1.0,20009999,20199999,Kochtitzky et al.,581.3571694013671
RGI60-07.01558,0.022119752312295744,0.013649845758699252,-0.009187910425458756,0.012931841886836987,-0.13315826520213825,0.18741819976260604,,20009999,20199999,Kochtitzky et al.,68.99992585147629
RGI60-07.01559,0.08793134872905263,0.03814483323178143,0.08429883024945359,0.17223017897850626,0.06985718566076354,0.14272458530782556,,20009999,20199999,Kochtitzky et al.,875.9695188477205
RGI60-07.01560,0.12835528901088866,0.07066836321779142,-0.07460855985184603,0.05374672915904263,-0.12551548539580815,0.09041920675362504,,20009999,20199999,Kochtitzky et al.,594.4171718459347
RGI60-07.01561,0.027700220731113903,0.013802275224992512,-0.03074278447591589,-0.0030425637448019856,-0.4001229688762746,-0.03959952422394288,1.0,20009999,20199999,Kochtitzky et al.,76.83334091580763
RGI60-07.01563,0.0006138882774947861,0.0007627199708239253,-0.0010771694493609998,-0.00046328117186621366,-0.12146720381096167,-0.05224198343003248,,20009999,20199999,Kochtitzky et al.,8.867985888910301
RGI60-07.01575,0.0012981034727479945,0.0014278119320108227,0.0005982443396076784,0.0018963478123556726,0.0730911451612332,0.23168833209516335,,20009999,20199999,Kochtitzky et al.,8.184908558868512
RGI60-07.01576,9.210855036468051e-05,0.00017225837875770183,-0.00048106400322832284,-0.00038895545286364233,-0.17569202188593425,-0.1420525532539974,,20009999,20199999,Kochtitzky et al.,2.738109551386729
RGI60-07.01577,0.0005868362152329076,0.0009719387317580527,-0.000390392499127166,0.00019644371610574168,-0.07416327863715308,0.03731862186553502,,20009999,20199999,Kochtitzky et al.,5.263959553853835
RGI60-07.01578,0.00010670092134378634,0.00019064656505257669,-0.00011778507315038271,-1.1084151806596364e-05,-0.04793366668957801,-0.0045107926159346935,,20009999,20199999,Kochtitzky et al.,2.4572514744838445
RGI60-07.01581,0.00017422978589234673,0.00025314318359707607,-0.00040035056848272314,-0.0002261207825903764,-0.15571033954884608,-0.08794628160423795,,20009999,20199999,Kochtitzky et al.,2.571123854990591
RGI60-07.01582,0.00039802705879508936,0.0004346045868510395,1.4891833677772073e-05,0.00041291889247286137,0.004367888233052753,0.12111225592919833,,20009999,20199999,Kochtitzky et al.,3.4093898202528066
RGI60-09.00051,0.07396074010085324,0.02785112460927309,-0.20088537929428216,-0.12692463919342892,-0.459123461882141,-0.29008621707238114,,20009999,20199999,Kochtitzky et al.,437.54108855767936
RGI60-09.00053,0.021437120128093675,0.01822586203467141,-0.03905630755859775,-0.017619187430504075,-0.23703652720720925,-0.1069325612635959,,20009999,20199999,Kochtitzky et al.,164.76915190567257
RGI60-09.00055,0.01020381033141141,0.006947777891990721,-0.0798278292751848,-0.06962401894377339,-0.20854803368813352,-0.18189085661011398,1.0,20009999,20199999,Kochtitzky et al.,382.7791030365732
RGI60-09.00057,0.15743715907910874,0.060389914170269725,-0.21029429302663505,-0.052857133947526315,-0.5308910578224788,-0.1334386176200823,,20009999,20199999,Kochtitzky et al.,396.1157188994394
RGI60-09.00061,0.06604671573423176,0.03549152881322558,-0.11946063771941408,-0.053413921985182335,-0.35994286415609944,-0.16093970727256948,,20009999,20199999,Kochtitzky et al.,331.88777891039564
RGI60-09.00065,0.15206070775534836,0.0706381840516425,-0.2451036813855788,-0.09304297363023044,-0.2562666684303125,-0.09728051711944412,,20009999,20199999,Kochtitzky et al.,956.4399572011866
RGI60-09.00066,0.07951024892051944,0.028291500025893805,-0.13118436268525724,-0.0516741137647378,-0.5887268846078233,-0.23190218246189795,,20009999,20199999,Kochtitzky et al.,222.8271990205524
RGI60-09.00069,0.07553585051411972,0.025530707962816226,-0.10137674003066592,-0.025840889516546187,-0.4061563550528391,-0.10352908856793687,,20009999,20199999,Kochtitzky et al.,249.6002802109972
RGI60-09.00070,0.06234999029838066,0.011826636630791938,-0.09839268608425462,-0.03604269578587396,-0.5715247916222699,-0.20935798196308114,1.0,20009999,20199999,Kochtitzky et al.,132.89281642324883
RGI60-09.00072,0.32895287632046244,0.025952917939569217,-0.43005973038749984,-0.1011068540670374,-0.6428325292349323,-0.15112964579208135,1.0,20009999,20199999,Kochtitzky et al.,669.0074176851874
RGI60-09.00077,0.2430420101790119,0.07249515952429975,-0.3711645821839357,-0.12812257200492375,-0.3536794642472682,-0.1220868714306026,,20009999,20199999,Kochtitzky et al.,757.1120355016938
RGI60-09.00080,0.053364100451773484,0.02224110017305047,-0.08757706933522863,-0.03421296888345513,-1.0218668696665718,-0.3992038062053845,,20009999,20199999,Kochtitzky et al.,85.70301272591841
RGI60-09.00081,0.09554661412388762,0.02724711114130265,-0.11484660414930138,-0.01929999002541376,-1.3944367408610394,-0.23433531525844634,,20009999,20199999,Kochtitzky et al.,82.36056952887348
RGI60-09.00087,0.11135133287759323,0.03095045746042923,-0.20719699968416586,-0.09584566680657262,-0.31562600231276106,-0.14600300534888122,1.0,20009999,20199999,Kochtitzky et al.,656.4636568784647
RGI60-09.00088,0.18102831797255767,0.0476259488373026,-0.16654700365291314,0.0144813143196445,-2.236152669915163,0.19443417755650094,,20009999,20199999,Kochtitzky et al.,74.47926337660647
RGI60-09.00090,0.024349529746257467,0.009875704745463251,-0.028856398213795258,-0.0045068684675377895,-0.5226300259484005,-0.08162573744249396,,20009999,20199999,Kochtitzky et al.,55.21381623918459
RGI60-09.00092,0.018744945867371743,0.011787020786002632,-0.02206638875768886,-0.003321442890317116,-0.445484952358576,-0.06705459801341884,1.0,20009999,20199999,Kochtitzky et al.,49.53340991847322
RGI60-09.00094,0.01924864758363537,0.01457746553553427,-0.06077215120968781,-0.041523503626052435,-0.10426283442921706,-0.0712391794153561,1.0,20009999,20199999,Kochtitzky et al.,582.8745357095138
RGI60-09.00111,0.037355684712209486,0.029558413153249124,-0.15498919611538498,-0.11763351140317548,-0.2583221662652921,-0.1960610433029069,1.0,20009999,20199999,Kochtitzky et al.,599.9841142405639
RGI60-09.00114,0.09003565300303433,0.05226823769931637,-0.059858883741276736,0.030176769261757594,-0.0987072084874658,0.049761446736509486,,20009999,20199999,Kochtitzky et al.,606.4286961258542
RGI60-09.00116,0.14883657105641251,0.05588892533978968,-0.05488218823516309,0.09395438282124943,-0.03887293536021018,0.06654768637448114,,20009999,20199999,Kochtitzky et al.,1411.8354512363314
RGI60-09.00118,0.0344859207047338,0.01631253454688772,-0.0762647133929533,-0.041778792688219504,-0.20772587082220934,-0.1137949086407086,,20009999,20199999,Kochtitzky et al.,367.14114178983306
RGI60-09.00120,0.0077482712007534435,0.006875405729077405,-0.1069789958101475,-0.09923072460939407,-0.2203448810316344,-0.2043857492132657,,20009999,20199999,Kochtitzky et al.,485.50706197158615
RGI60-09.00123,0.010366198144080362,0.008135752497480109,-0.05679075805367341,-0.04642455990959304,-0.18985390427958204,-0.15519926578489274,,20009999,20199999,Kochtitzky et al.,299.1287341135865
RGI60-09.00126,0.000239803234632292,0.0010949009567971062,-0.046722445186850134,-0.04648264195221784,-0.5702064023091203,-0.5672798144746236,,20009999,20199999,Kochtitzky et al.,81.93953101480778
RGI60-09.00132,0.09767811827575062,0.0368038579646466,-0.2867549278691752,-0.1890768095934246,-0.7128944288365509,-0.4700592425140017,,20009999,20199999,Kochtitzky et al.,402.240382684939
RGI60-09.00134,0.14025134150174276,0.0570516743739681,-0.19719221129161088,-0.05694086978986813,-0.32254781551056505,-0.0931383295703974,,20009999,20199999,Kochtitzky et al.,611.3580740873188
RGI60-09.00136,0.1951631373045885,0.06549117505519828,-0.17073325891798696,0.024429878386601545,-0.3631522143648299,0.05196271944307858,,20009999,20199999,Kochtitzky et al.,431.1124169670547
RGI60-09.00139,0.12398778078484606,0.02717842287340416,-0.14182979000303214,-0.017842009218186086,-0.4840634199278952,-0.06089456947200969,,20009999,20199999,Kochtitzky et al.,292.9983637767108
RGI60-09.00141,0.08089159922228092,0.00894392394196597,0.016970668222611014,0.09786226744489193,0.058665632192344615,0.3382985108259685,,20009999,20199999,Kochtitzky et al.,289.2778546555158
RGI60-09.00144,0.006735108974619424,0.0035378199048979814,-0.025459477486985668,-0.018724368512366245,-0.34869012813384603,-0.2564468363162529,,20009999,20199999,Kochtitzky et al.,73.01462081316208
RGI60-09.00149,0.03897975374058812,0.014305632740442718,0.09149824138407328,0.13047799512466138,0.23648270027290144,0.33722821495283223,1.0,20009999,20199999,Kochtitzky et al.,386.91304386529816
RGI60-09.00367,0.028292574314080436,0.01706508687257722,-0.07538638961212563,-0.04709381529804519,-0.7749708426733435,-0.4841236450506256,,20009999,20199999,Kochtitzky et al.,97.27642055805912
RGI60-09.00369,0.017311524117275406,0.01578795076488491,-0.08848907762791305,-0.07117755351063765,-1.1162811319850212,-0.8978979342385636,,20009999,20199999,Kochtitzky et al.,79.27131892891337
RGI60-09.00493,0.009858563778416755,0.009232158003334072,0.0025484181680107674,0.012406981946427522,0.07831473313893128,0.38127552706644496,1.0,20009999,20199999,Kochtitzky et al.,32.54072466147389
RGI60-09.00495,0.04044069312788669,0.018748396962615498,-0.007395234549483253,0.033045458578403436,-0.05976345076905299,0.2670517917554342,1.0,20009999,20199999,Kochtitzky et al.,123.74175945865377
RGI60-09.00498,0.2134218902963272,0.04735230300770555,-0.13357440788941038,0.0798474824069168,-0.4872334241357465,0.2912561086847621,1.0,20009999,20199999,Kochtitzky et al.,274.1486960307462
RGI60-09.00500,0.02076896409946757,0.0070711343823858346,0.007873990896821169,0.028642954996288737,0.0537180410772403,0.1954083327281155,1.0,20009999,20199999,Kochtitzky et al.,146.58000811122812
RGI60-09.00502,0.00128544507783016,0.00161713155385432,-0.00011809961441607158,0.0011673454634140885,-0.006664649574915374,0.06587615450726958,1.0,20009999,20199999,Kochtitzky et al.,17.7203036841695
RGI60-09.00503,0.02484322852771901,0.0120784065914201,0.0009448619609326267,0.02578809048865164,0.0097662036015325,0.266548715706922,1.0,20009999,20199999,Kochtitzky et al.,96.74813258904007
RGI60-09.00505,0.001817275651167816,0.0012129573555296259,-0.0010502765786122037,0.0007669990725556122,-0.05579466951509724,0.04074589555084003,1.0,20009999,20199999,Kochtitzky et al.,18.823959129787728
RGI60-09.00506,0.009509498753375971,0.007486006939216236,-0.0032748249014252035,0.006234673851950766,-0.05940329287133701,0.11309311732163678,1.0,20009999,20199999,Kochtitzky et al.,55.128676259045506
RGI60-09.00507,0.07056293891522443,0.04307215047284769,-0.010031052223943394,0.06053188669128104,-0.02794682659083349,0.16864373774660546,1.0,20009999,20199999,Kochtitzky et al.,358.9334979175618
RGI60-09.00508,0.060979922623699626,0.028394873218687663,-0.027306793651361017,0.033673128972338616,-0.2040801633084613,0.2516596326731033,1.0,20009999,20199999,Kochtitzky et al.,133.8042522539909
RGI60-09.00515,0.6620037111654778,0.06570710592977337,-0.5152791672273218,0.14672454393815604,-1.0624472619780407,0.3025293857907884,1.0,20009999,20199999,Kochtitzky et al.,484.99270097226906
RGI60-09.00516,0.027110687710557274,0.01885148137999377,0.010127998177659943,0.037238685888217216,0.05897783011927346,0.2168500479220764,1.0,20009999,20199999,Kochtitzky et al.,171.72551375962198
RGI60-09.00517,0.007883447578532885,0.007280549519819356,0.0009821287957351,0.008865576374267985,0.02549896341116755,0.2301765395415049,1.0,20009999,20199999,Kochtitzky et al.,38.51642044809421
RGI60-09.00518,0.005930059984390193,0.006846406933564611,-0.011874560025323815,-0.005944500040933622,-0.09732964021534872,-0.04872399895325113,1.0,20009999,20199999,Kochtitzky et al.,122.00353354898373
RGI60-09.00519,0.032543172748674826,0.02050971938827153,-0.04080256161170165,-0.008259388863026823,-0.5728707087368242,-0.11596237502741145,1.0,20009999,20199999,Kochtitzky et al.,71.22473009952107
RGI60-09.00520,0.3238475869712601,0.13562620506301215,-0.14016406399402814,0.18368352297723195,-0.34572972230436905,0.4530751433799201,1.0,20009999,20199999,Kochtitzky et al.,405.4151406474458
RGI60-09.00526,0.0015623786303080238,0.0011795034056367613,-0.0003239048152013199,0.0012384738151067036,-0.042507135955725424,0.1625291516695306,,20009999,20199999,Kochtitzky et al.,7.620010332822531
RGI60-09.00571,0.002363072809054567,0.0016170854857965036,-0.013153854302708731,-0.010790781493654164,-0.21469850825840506,-0.17612820062579446,,20009999,20199999,Kochtitzky et al.,61.266631097767686
RGI60-09.00576,0.022970230712066,0.0090889855183943,-0.035221425319023364,-0.012251194606957366,-0.32052562842421745,-0.11148957814099268,,20009999,20199999,Kochtitzky et al.,109.88645585746302
RGI60-09.00578,0.005612259389351225,0.0034208450229331875,-0.009450962513358856,-0.003838703124007632,-0.17772994154871874,-0.07218867717318762,,20009999,20199999,Kochtitzky et al.,53.17597266394301
RGI60-09.00583,0.001571145931450009,0.001410662701096734,-0.0009723727333521106,0.0005987731980978986,-0.2861247542053476,0.17619152435496382,,20009999,20199999,Kochtitzky et al.,3.398422258335092
RGI60-09.00585,0.024329177644384525,0.015872786688746098,-0.020176134286235343,0.004153043358149179,-0.8165971627008077,0.16808786929772393,,20009999,20199999,Kochtitzky et al.,24.70757333947248
RGI60-09.00586,0.013598506876032855,0.007781059622126944,-0.008077136150361236,0.0055213707256716186,-0.6453404169357838,0.4411419616843524,,20009999,20199999,Kochtitzky et al.,12.516085988714652
RGI60-09.00588,0.14620399183617674,0.08084641206047917,-0.04557961702299821,0.10062437481317854,-0.3205233455395263,0.7076071139796883,,20009999,20199999,Kochtitzky et al.,142.20373541364216
RGI60-09.00589,0.08870134320365856,0.05212657849911951,-0.03764126433128629,0.05106007887237228,-0.4226405215631486,0.5733085418105425,,20009999,20199999,Kochtitzky et al.,89.06212824096693
RGI60-09.00592,0.009904597196072793,0.0071313385840493185,-0.006314075485039255,0.0035905217110335373,-0.4541752799241969,0.2582684047801537,,20009999,20199999,Kochtitzky et al.,13.902287870209696
RGI60-09.00596,0.011708499710763936,0.007223209147699944,-0.005537704143699085,0.0061707955670648506,-0.7103447146633672,0.7915540271901609,,20009999,20199999,Kochtitzky et al.,7.795798334789338
RGI60-09.00599,0.003881663309325978,0.002580861416114811,-0.0008918681666084164,0.0029897951427175612,-0.2059288030146834,0.6903317755361309,,20009999,20199999,Kochtitzky et al.,4.330953968322845
RGI60-09.00600,0.0014049305278823199,0.0012395695745989756,-0.0004045639724764756,0.0010003665554058443,-0.2882002592216095,0.7126336505442467,,20009999,20199999,Kochtitzky et al.,1.4037599187771344
RGI60-09.00601,0.0007217197879951403,0.0008042991307489916,1.1357755203478183e-06,0.000722855563515488,0.0013084760913078955,0.8327695089248442,,20009999,20199999,Kochtitzky et al.,0.8680139651711529
RGI60-09.00602,0.00548315868241072,0.005974766662811854,-0.007690415143293005,-0.0022072564608822853,-0.6819809622188383,-0.19573805275896744,,20009999,20199999,Kochtitzky et al.,11.276583320261743
RGI60-09.00603,0.0012332751419768587,0.0028813447504266623,-0.001214542203422578,1.8732938554280555e-05,-0.2228431668585816,0.0034371035771662297,,20009999,20199999,Kochtitzky et al.,5.450210659559232
RGI60-09.00607,0.03276251062831965,0.02632416712464471,-0.0678732198606937,-0.03511070923237405,-0.20352360978712966,-0.10528244129018156,,20009999,20199999,Kochtitzky et al.,16.839183309955903
RGI60-09.00608,0.049237509365124665,0.037599690466958505,-0.017856658608020916,0.03138085075710375,-0.21880753762673866,0.3845269618197096,,20009999,20199999,Kochtitzky et al.,81.60897381187294
RGI60-09.00610,0.1752463831054294,0.07752564109269952,-0.05141718058109177,0.12382920252433766,-0.2041322831416064,0.491616567560163,1.0,20009999,20199999,Kochtitzky et al.,251.8816709918623
RGI60-09.00611,0.13377850586162754,0.05967132981644047,-0.04991643157451458,0.08386207428711295,-0.202550927907012,0.3402955785752536,,20009999,20199999,Kochtitzky et al.,246.4389183022181
RGI60-09.00612,0.010251277552472559,0.0076269566272714456,-0.0048895365012863465,0.005361741051186211,-0.6082145805191905,0.6669526004032923,,20009999,20199999,Kochtitzky et al.,8.039163574658946
RGI60-09.00613,0.007047470800763334,0.004029388915874567,-0.006789854566566362,0.0002576162341969721,-0.9871789025832408,0.03745489816739928,,20009999,20199999,Kochtitzky et al.,6.878038569096982
RGI60-09.00614,0.005644143333394915,0.004996917872189863,-0.0012561235296151144,0.0043880198037798005,-0.4501945994693613,1.572666040760791,,20009999,20199999,Kochtitzky et al.,2.790179027237758
RGI60-09.00615,0.002938619390160639,0.002125996900773309,-0.0015435392653293638,0.0013950801248312752,-0.5295050987075199,0.4785767720953039,,20009999,20199999,Kochtitzky et al.,2.915060249838993
RGI60-09.00618,0.0015997214167215745,0.0019166444354448949,0.00010530739389837316,0.0017050288106199474,0.03725940707677449,0.6032659263586495,,20009999,20199999,Kochtitzky et al.,2.826330372927918
RGI60-09.00619,0.001658615704745325,0.0015584620199626301,-9.07135650599032e-06,0.0016495443482393347,-0.003236532617378313,0.5885342598279705,,20009999,20199999,Kochtitzky et al.,2.8028008916957514
RGI60-09.00621,0.002899593154041069,0.0031169082871029498,0.0003332672221453234,0.0032328603761863925,0.07344641026428109,0.7124672747234221,,20009999,20199999,Kochtitzky et al.,4.537556307328474
RGI60-09.00622,0.023801190358045184,0.012375890862778792,-0.009166989478624444,0.014634200879420741,-0.5921915540948713,0.9453758163384648,,20009999,20199999,Kochtitzky et al.,15.479770718168426
RGI60-09.00624,0.006401614008854201,0.006049794276603735,-0.00029974614772289364,0.006101867861131307,-0.06673960047487225,1.3586036928115734,,20009999,20199999,Kochtitzky et al.,4.49127872492658
RGI60-09.00625,0.008163022303814691,0.005805834033050194,-0.007926993626298163,0.00023602867751652823,-0.9831044830699334,0.029272238876257,,20009999,20199999,Kochtitzky et al.,8.063225997652452
RGI60-09.00626,0.009350552351157651,0.005841212919270255,-0.008861295799593698,0.0004892565515639528,-0.5171746375568043,0.028554636415475614,,20009999,20199999,Kochtitzky et al.,17.134049421788227
RGI60-09.00627,0.025662982491276368,0.01703218367079151,-0.008236486157733622,0.017426496333542745,-0.6454830611120422,1.3656926002687684,,20009999,20199999,Kochtitzky et al.,12.760189467317321
RGI60-09.00628,0.007787966260523997,0.006330787709876149,-0.0013078868529428813,0.006480079407581115,-0.3698013044530326,1.8322241044710508,,20009999,20199999,Kochtitzky et al.,3.5367286085627967
RGI60-09.00629,0.003876116047323105,0.003019184818901193,-0.001348709980116778,0.002527406067206327,-0.4659134443340019,0.8730953899375722,,20009999,20199999,Kochtitzky et al.,2.89476510394476
RGI60-09.00630,0.01700711134604934,0.01087695118200006,-0.013335157553279988,0.0036719537927693523,-0.6566318037864816,0.18080938547094252,,20009999,20199999,Kochtitzky et al.,20.308424715925288
RGI60-09.00631,0.0018843390821103687,0.0016747663345647776,-0.001275121459428638,0.0006092176226817307,-0.2861319912646162,0.1367059194263171,,20009999,20199999,Kochtitzky et al.,4.456409972869478
RGI60-09.00632,0.006844237701170593,0.0050099961356644025,-0.003631198427037033,0.0032130392741335605,-0.4338754820974065,0.383911535564339,,20009999,20199999,Kochtitzky et al.,8.369217844445556
RGI60-09.00642,0.00939740017192508,0.00678063384275282,-0.007318946277409035,0.0020784538945160464,-0.2968238487289372,0.08429282863848281,,20009999,20199999,Kochtitzky et al.,24.657541194045955
RGI60-09.00643,0.0017587248086890336,0.0012264226301244912,-0.0009775674072223283,0.0007811574014667054,-0.3073160234224289,0.2455709800798916,,20009999,20199999,Kochtitzky et al.,3.1809841749728385
RGI60-09.00645,0.01104689375135945,0.01072633652458133,-0.007448166281926311,0.00359872746943314,-0.40390049001411465,0.19515243528577286,,20009999,20199999,Kochtitzky et al.,18.440597290847627
RGI60-09.00646,0.01628865884906893,0.008323395928434622,-0.00787448862828174,0.008414170220787191,-0.5964819462194204,0.637362102612089,,20009999,20199999,Kochtitzky et al.,13.201554008786463
RGI60-09.00647,0.0018983230492107528,0.0018853761003551602,-0.0004446425443329321,0.0014536805048778207,-0.3386849999324184,1.1072709707410648,,20009999,20199999,Kochtitzky et al.,1.3128498292562605
RGI60-09.00648,0.029359403370087682,0.023448258006025888,-0.02938552728327088,-2.612391318319862e-05,-0.5459537935813099,-0.0004853562560939877,,20009999,20199999,Kochtitzky et al.,53.82420202726266
RGI60-09.00649,0.0013240495959060668,0.0014923007611442425,-0.001749715229970188,-0.0004256656340641213,-0.36598985065211054,-0.08903694679591835,,20009999,20199999,Kochtitzky et al.,4.780775277928047
RGI60-09.00650,0.018689308667816484,0.010344792515409169,-0.007372100931541817,0.011317207736274669,-0.28385236098662603,0.435753140868328,,20009999,20199999,Kochtitzky et al.,25.97160335717328
RGI60-09.00651,0.02895965848179355,0.0203399489815402,-0.025298503523438147,0.0036611549583554018,-0.7689997318439683,0.11128828938858487,,20009999,20199999,Kochtitzky et al.,32.89793542941218
RGI60-09.00653,0.0012103555126293125,0.0012137769983804304,-0.00010508445027570728,0.0011052710623536053,-0.1652254640794796,1.737830133115427,,20009999,20199999,Kochtitzky et al.,0.6360063859476149
RGI60-09.00654,0.007413949463287242,0.006123039569295989,-0.002302914065937015,0.005111035397350227,-0.1612880865364051,0.3579591317155988,,20009999,20199999,Kochtitzky et al.,14.278265155171356
RGI60-09.00655,0.04402130559175625,0.028246725084968206,-0.016368438398867313,0.027652867192888942,-0.6505956285022734,1.0991173423417369,,20009999,20199999,Kochtitzky et al.,25.15915828784287
RGI60-09.00656,0.019796802855894285,0.01239200144739182,-0.00943030616683102,0.010366496689063264,-0.4271639116088544,0.4695704674950719,,20009999,20199999,Kochtitzky et al.,22.076551671495523
RGI60-09.00657,0.025695656416724808,0.01632723108563601,-0.0011265929772150778,0.024569063439509733,-0.048406732837741134,1.0556679422321746,,20009999,20199999,Kochtitzky et al.,23.27347687338053
RGI60-09.00658,0.007701711279709037,0.004857709164049863,-0.005936685744124325,0.0017650255355847121,-0.7223622958962175,0.21476425621186174,,20009999,20199999,Kochtitzky et al.,8.218432465053871
RGI60-09.00659,0.01512022255133416,0.007857712439913492,-0.014586065734698275,0.0005341568166358831,-2.0284578712301995,0.07428422570445357,,20009999,20199999,Kochtitzky et al.,7.190716623487113
RGI60-09.00660,0.015026972567826462,0.010007014622688428,-0.006094850235556167,0.008932122332270295,-0.6883464237357754,1.008785158972435,,20009999,20199999,Kochtitzky et al.,8.85433558654719
RGI60-09.00661,0.003714799499582804,0.0025993379910437928,-0.0011123810948734194,0.0026024184047093845,-0.2192319869668401,0.5128937918964138,,20009999,20199999,Kochtitzky et al.,5.073990845330762
RGI60-09.00662,0.0032651669890168397,0.0020600060853064573,-0.0024216152357721308,0.0008435517532447085,-0.6412462576438966,0.22337339016808894,,20009999,20199999,Kochtitzky et al.,3.776420067806349
RGI60-09.00663,0.010135406448950305,0.00784767252040447,-0.004807905604497415,0.00532750084445289,-0.9534478392556696,1.0564879152421165,,20009999,20199999,Kochtitzky et al.,5.042651948585688
RGI60-09.00664,0.05519869686006237,0.03342758190702605,-0.03217358695274049,0.023025109907321883,-0.522664597827519,0.37404625810986064,,20009999,20199999,Kochtitzky et al.,61.556851346870594
RGI60-09.00665,0.0035216899388408438,0.0034262253714975703,-0.00017048714575035537,0.003351202793090489,-0.06462128936974568,1.27023679395811,,20009999,20199999,Kochtitzky et al.,2.6382504498614017
RGI60-09.00666,0.00698204750083366,0.006323889745502569,-0.0010925164744703731,0.0058895310263632865,-0.3435351410729359,1.8519271052420292,,20009999,20199999,Kochtitzky et al.,3.180217520275228
RGI60-09.00667,0.0016504326332276724,0.0016119996827390335,-0.00044577743061019844,0.001204655202617474,-0.2930940208751233,0.7920482574005268,,20009999,20199999,Kochtitzky et al.,1.5209366239515612
RGI60-09.00668,0.0010381966718121794,0.0009936315603889896,-0.00041645235012253935,0.00062174432168964,-0.2634302788919456,0.3932893643510284,,20009999,20199999,Kochtitzky et al.,1.5808826224314203
RGI60-09.00669,0.02385993421957504,0.014107816955374837,-0.006356847912048687,0.017503086307526353,-0.2901139434663387,0.7988061790629883,,20009999,20199999,Kochtitzky et al.,21.911555977268147
RGI60-09.00670,0.07066689812878618,0.044921048013501205,-0.024497758824123198,0.04616913930466299,-0.5926875840699999,1.1169950618554745,,20009999,20199999,Kochtitzky et al.,41.33334235871199
RGI60-09.00671,0.12139816963837315,0.07582932353833895,-0.050370439337622176,0.07102773030075096,-0.4487961969498499,0.6328508477619614,,20009999,20199999,Kochtitzky et al.,112.23455029243654
RGI60-09.00672,0.08463953945866293,0.05146439381690409,-0.03806729545411458,0.04657224400454835,-0.6465028079409053,0.7909436738772863,,20009999,20199999,Kochtitzky et al.,58.88187179783167
RGI60-09.00673,0.011946737564959136,0.007598864112800426,-0.00356235324321636,0.008384384321742776,-0.30921633996670417,0.7277741582142301,,20009999,20199999,Kochtitzky et al.,11.520585372687444
RGI60-09.00674,0.02863555736224926,0.02554887249986901,-0.007127470710261147,0.021508086651988112,-0.2327937476263302,0.7024859588380841,,20009999,20199999,Kochtitzky et al.,30.617105411704763
RGI60-09.00675,0.043968668480549984,0.028314441708820207,-0.007613479019333253,0.036355189461216735,-0.22481038210353416,1.0734939984031453,,20009999,20199999,Kochtitzky et al.,33.866225163155235
RGI60-09.00676,0.02137750680329226,0.015757390896356083,-0.005045072064602306,0.016332434738689956,-0.4209816891630392,1.3628459368658783,,20009999,20199999,Kochtitzky et al.,11.984065327478964
RGI60-09.00677,0.005052455986629596,0.003312507202234537,-0.0014838591401034964,0.003568596846526099,-0.7699502915669926,1.8516866649998716,,20009999,20199999,Kochtitzky et al.,1.9272142063659283
RGI60-09.00678,0.036064967996809,0.02180106603712852,-0.021391824738446828,0.014673143258362172,-0.6058801850685868,0.4155871161816482,,20009999,20199999,Kochtitzky et al.,35.30702152938907
RGI60-09.00679,0.07115545799641182,0.03733526457888657,-0.025655956140369897,0.045499501856041916,-0.7242128732156633,1.2843538080888866,,20009999,20199999,Kochtitzky et al.,35.42598742611665
RGI60-09.00680,0.031122808576251663,0.02324451588413349,-0.0031258732217574283,0.027996935354494237,-0.23082239953116435,2.067364649680195,,20009999,20199999,Kochtitzky et al.,13.542330502180706
RGI60-09.00681,0.033638282215982036,0.026186481266902185,-0.0037177013649005593,0.029920580851081482,-0.1543925214829236,1.242572619050512,,20009999,20199999,Kochtitzky et al.,24.079543032217078
RGI60-09.00682,0.005591560930446047,0.004557894285800449,-0.0011593917913932607,0.004432169139052786,-0.3855268662570316,1.4738074666258831,,20009999,20199999,Kochtitzky et al.,3.0072918202807997
RGI60-09.00683,0.010070914150511808,0.008044634747763691,-0.002552292593635797,0.007518621556876013,-0.35702860212237153,1.0517457720294672,,20009999,20199999,Kochtitzky et al.,7.148706233796357
RGI60-09.00684,0.05577062777242993,0.03276167049613708,-0.02380775573507269,0.03196287203735724,-0.4601819388465635,0.6178128081004841,,20009999,20199999,Kochtitzky et al.,51.7355283320035
RGI60-09.00685,0.008538181647579647,0.00620254969878206,-0.004408679390758232,0.004129502256821415,-0.4573600100777254,0.4283979455968121,,20009999,20199999,Kochtitzky et al.,9.639407236345402
RGI60-09.00686,0.03381443014480258,0.02199633853580417,-0.01665112605457373,0.017163304090228846,-0.4727430512770436,0.4872843265384949,,20009999,20199999,Kochtitzky et al.,35.222360243251046
RGI60-09.00687,0.0071962871277983205,0.0045900460176965295,-0.00220290916577,0.004993377962028321,-0.21459646857489234,0.486430077808687,,20009999,20199999,Kochtitzky et al.,10.265356090895796
RGI60-09.00688,0.02232681090239058,0.012177138790126149,0.0004300363867003774,0.02275684728909096,0.010897372090518529,0.5766717426381782,,20009999,20199999,Kochtitzky et al.,14.870358797960975
RGI60-09.00690,0.024120789571789432,0.01625450300500311,-0.011763271481456209,0.01235751809033322,-0.4948683641764092,0.5198676892124697,,20009999,20199999,Kochtitzky et al.,23.770506124458734
RGI60-09.00691,0.040732076149727986,0.029890773851099364,-0.0071175855954533325,0.033614490554274665,-0.17877732808550906,0.844318445581833,,20009999,20199999,Kochtitzky et al.,39.812573952604325
RGI60-09.00692,0.04758137764648464,0.032531473881723234,-0.011718640756888532,0.035862736889596104,-0.19572494329175166,0.5989800600276199,,20009999,20199999,Kochtitzky et al.,59.87300626992893
RGI60-09.00693,0.027831593733720617,0.019575978546463882,-0.003929885128250307,0.02390170860547031,-0.13439745384283858,0.8174103502355783,,20009999,20199999,Kochtitzky et al.,29.240770683392768
RGI60-09.00695,0.07265348488341195,0.0377176851736085,-0.00223198947568382,0.07042149540772813,-0.024100114324104745,0.7603826580233763,,20009999,20199999,Kochtitzky et al.,92.61323185721994
RGI60-09.00696,0.09109375244496727,0.0602638213809366,-0.055617932713156064,0.035475819731811215,-0.5253364009934969,0.3350850804959061,,20009999,20199999,Kochtitzky et al.,105.87108109769943
RGI60-09.00697,0.6026927519059073,0.2363197118284409,-0.313132874904976,0.2895598770009313,-0.6120380555621434,0.5659631367107126,,20009999,20199999,Kochtitzky et al.,511.6232104511384
RGI60-09.00698,0.030736980552036306,0.017393754851125362,-0.008050233902641521,0.022686746649394792,-0.17784909059690487,0.5012049723018978,,20009999,20199999,Kochtitzky et al.,45.264408581584384
RGI60-09.00699,0.029682531166245488,0.015751813171647942,-0.011006510440326595,0.01867602072591889,-0.26219675460355096,0.4448995937262096,,20009999,20199999,Kochtitzky et al.,41.97805749719807
RGI60-09.00701,0.0628639208954505,0.04069264890152098,-0.03989007309363343,0.022973847801817063,-0.6183709570498158,0.35613773429243983,,20009999,20199999,Kochtitzky et al.,64.50832245412181
RGI60-09.00702,0.0589238992031051,0.04076887824799767,-0.05026123754373033,0.008662661659374765,-0.6210693889952104,0.1070430066346674,,20009999,20199999,Kochtitzky et al.,24.01352622137637
RGI60-09.00703,0.07232931988107102,0.03668693971719349,-0.016910146527916094,0.05541917335315493,-0.3355202297187616,1.0995915229698403,,20009999,20199999,Kochtitzky et al.,50.39978227867347
RGI60-09.00704,0.022998222915373043,0.014375951385315713,-0.006294781829437858,0.016703441085935185,-0.4577404200344241,1.2146314750640097,,20009999,20199999,Kochtitzky et al.,13.75185925019351
RGI60-09.00705,0.026567866938457568,0.0180059652260173,-0.026072795521037424,0.0004950714174201434,-0.8228809447863024,0.015624900497327709,,20009999,20199999,Kochtitzky et al.,31.68477248893932
RGI60-09.00707,0.03665785217756199,0.020729742636765226,-0.022446395565176303,0.014211456612385688,-1.1170104588403278,0.7072113482673388,,20009999,20199999,Kochtitzky et al.,20.09506302069901
RGI60-09.00708,0.2464254471766739,0.09851498639549136,-0.0523953185119262,0.1940301286647477,-0.2580430036520714,0.9555837930110664,,20009999,20199999,Kochtitzky et al.,203.0487855527084
RGI60-09.00709,0.04600970398614363,0.025095607344315842,-0.019433458399375436,0.0265762455867682,-0.3661285828424359,0.5006995118413253,,20009999,20199999,Kochtitzky et al.,53.078233467881574
RGI60-09.00710,0.0043156484528149,0.002926498902350632,-0.0014380856765410085,0.002877562776273892,-0.4233634309586911,0.8471364882046314,,20009999,20199999,Kochtitzky et al.,3.3968112769790144
RGI60-09.00711,0.0033926792562952945,0.0016502010948502165,-0.0016538094511368885,0.0017388698051584062,-0.3598844763234992,0.37839440861459933,,20009999,20199999,Kochtitzky et al.,4.595389798503794
RGI60-09.00712,0.0018041492479663344,0.0016856924470151624,-0.00013000791390888479,0.0016741413340574498,-0.1028696659954915,1.3246759730675672,,20009999,20199999,Kochtitzky et al.,1.2638119571087425
RGI60-09.00713,0.002810995557344909,0.0018520894607476765,-0.0017149492166062465,0.0010960463407386626,-0.3893838634166183,0.2488602895688295,,20009999,20199999,Kochtitzky et al.,4.404263704095384
RGI60-09.00714,0.01463831713250269,0.008536568959000236,-0.0033376740705062394,0.011300643061996452,-0.14853374174963566,0.5029031483355124,,20009999,20199999,Kochtitzky et al.,22.470813911980553
RGI60-09.00715,0.016682262769751773,0.008918507810244548,-0.008472533241149861,0.008209729528601911,-0.4887039732727329,0.4735451990481331,,20009999,20199999,Kochtitzky et al.,17.33673901689676
RGI60-09.00716,0.00804826301420652,0.0044661582908169075,-0.004426089636201997,0.0036221733780045224,-0.35666975930923706,0.2918873798538316,,20009999,20199999,Kochtitzky et al.,12.40948950865364
RGI60-09.00717,0.0067741172995054106,0.0037740824576179095,-0.002283003247831444,0.0044911140516739655,-0.3977175810032219,0.7823882941638395,,20009999,20199999,Kochtitzky et al.,5.740262329044362
RGI60-09.00718,0.007290532656486292,0.0052977305908028325,-0.00043652595499252863,0.006854006701493763,-0.157815954751352,2.4779090432020627,,20009999,20199999,Kochtitzky et al.,2.76604450849282
RGI60-09.00719,0.01616404181098927,0.009126129510357066,-0.008142375876037167,0.008021665934952103,-0.6303132423406664,0.6209689090027773,,20009999,20199999,Kochtitzky et al.,12.917983201178634
RGI60-09.00720,0.00596123686799002,0.0034296843506026607,-0.0031139213208777397,0.0028473155471122804,-0.32692828779150895,0.2989375455244875,,20009999,20199999,Kochtitzky et al.,9.524783988296452
RGI60-09.00721,0.0011268849976856295,0.000958880961719701,0.0005326665699928545,0.001659551567678484,0.2869638733951934,0.8940515001091051,,20009999,20199999,Kochtitzky et al.,1.8562147342473687
RGI60-09.00722,0.002912460473159916,0.001676424003016888,0.000345677572112346,0.003258138045272261,0.07891686104944243,0.7438203925914171,,20009999,20199999,Kochtitzky et al.,4.3802752354249685
RGI60-09.00723,0.004538932309108972,0.002742256471679976,-0.003063950875762591,0.0014749814333463807,-0.3695427073966995,0.17789731439575487,,20009999,20199999,Kochtitzky et al.,8.291195616731457
RGI60-09.00724,0.0007494753286912368,0.00073177999813377,9.4743394578627e-05,0.0008442187232698638,0.028403042327798788,0.2530876188002181,,20009999,20199999,Kochtitzky et al.,3.3356776885094166
RGI60-09.00725,0.02280839421352829,0.013165779140570578,-0.010096838864865593,0.0127115553486627,-0.3910759567084161,0.4923505005639628,,20009999,20199999,Kochtitzky et al.,25.81810180776144
RGI60-09.00726,0.0024810957008124376,0.0016851403435903165,-0.0012366458171548839,0.0012444498836575535,-0.3913137378533765,0.39378319061928,,20009999,20199999,Kochtitzky et al.,3.160241252808378
RGI60-09.00727,0.0251618970896371,0.015873813781674042,-0.01456277346724069,0.010599123622396407,-0.7970542021139861,0.5801144981730864,,20009999,20199999,Kochtitzky et al.,18.270744233725377
RGI60-09.00730,0.01164606493851373,0.007119662916544788,0.0006814190732747291,0.012327484011788459,0.03573667592880641,0.6465086147789874,,20009999,20199999,Kochtitzky et al.,19.067779964544908
RGI60-09.00731,0.0024925316375101663,0.0022506348683207127,0.001054059083284441,0.0035465907207946072,0.2427808159514764,0.8168841791652149,,20009999,20199999,Kochtitzky et al.,4.34160779612468
RGI60-09.00734,0.04956114477546378,0.031106574688233406,-0.026517766987469854,0.023043377787993924,-0.612966893905269,0.5326552463662024,,20009999,20199999,Kochtitzky et al.,43.26133638070189
RGI60-09.00735,0.07655347245515719,0.04063543278078068,-0.05096105279729883,0.02559241965785836,-0.6383223286445368,0.3205627045546096,,20009999,20199999,Kochtitzky et al.,79.83592381221175
RGI60-09.00736,0.0372084339208696,0.023763429085526703,-0.015247440457480112,0.021960993463389488,-0.4527628954950654,0.6521175154715568,,20009999,20199999,Kochtitzky et al.,33.676435523295424
RGI60-09.00737,0.034292784170798486,0.0163339031331265,-0.02806984003180734,0.006222944138991146,-1.0725222290137342,0.2377728519797696,,20009999,20199999,Kochtitzky et al.,26.17180257197997
RGI60-09.00738,0.0033183824922806177,0.003354803569368501,-0.001981246185622424,0.001337136306658194,-0.3386228949377739,0.2285354391457187,,20009999,20199999,Kochtitzky et al.,5.850892586534947
RGI60-09.00739,0.0047657536863225216,0.003851879150026176,-0.002147116929964,0.002618636756358521,-0.4011639315885147,0.4892619502565208,,20009999,20199999,Kochtitzky et al.,5.3522182850834135
RGI60-09.00743,0.11130972931197047,0.07460204853173504,-0.09114069474997816,0.02016903456199232,-0.4167595224235156,0.09222704780623048,,20009999,20199999,Kochtitzky et al.,218.68893173689744
RGI60-09.00744,0.4700682905735609,0.08030206782073987,-0.3672188718487487,0.10284941872481224,-0.7326408611732521,0.20519557267402894,1.0,20009999,20199999,Kochtitzky et al.,501.2263051513178
RGI60-09.00746,0.13179032429566478,0.03236078774335052,-0.041816220316310916,0.08997410397935388,-0.3345096020049198,0.7197494533274009,,20009999,20199999,Kochtitzky et al.,125.00753361243095
RGI60-09.00747,0.19625224042892173,0.07431039645493315,-0.15405566016811822,0.0421965802608035,-0.6124951734844937,0.16776534999810322,,20009999,20199999,Kochtitzky et al.,251.52142716765167
RGI60-09.00748,0.0014850069228630766,0.0023412000699862463,-0.0041622266570640575,-0.002677219734200982,-0.2043062069641427,-0.1314134606715472,1.0,20009999,20199999,Kochtitzky et al.,20.372492441184427
RGI60-09.00750,0.13799524177245331,0.035086322184434006,-0.08977992767296025,0.04821531409949306,-0.3419960761502602,0.18366519844440912,1.0,20009999,20199999,Kochtitzky et al.,262.51742032711024
RGI60-09.00752,0.03738043321699582,0.02489939660496488,-0.009153286559151607,0.02822714665784421,-0.3094205807916413,0.9541993530431464,,20009999,20199999,Kochtitzky et al.,29.582022423115028
RGI60-09.00755,0.003071783183371495,0.002615741280377027,-0.0010408436906182573,0.002030939492753237,-0.1650895569623702,0.32212992603803325,,20009999,20199999,Kochtitzky et al.,6.304721569126888
RGI60-09.00759,0.024693064652123342,0.01608222034157268,-0.006272623435808523,0.01842044121631482,-0.25299928771747765,0.7429680029195966,,20009999,20199999,Kochtitzky et al.,24.79304780815475
RGI60-09.00760,0.004030779923954264,0.002480248383260916,-0.002957159345433009,0.0010736205785212543,-0.2887429412888601,0.10483045634630214,,20009999,20199999,Kochtitzky et al.,10.241494847400098
RGI60-09.00761,0.0017011949547841973,0.0015378913664058588,-0.0010408971529808383,0.000660297801803359,-0.3322246115936311,0.21074818017519129,,20009999,20199999,Kochtitzky et al.,3.1331127094642763
RGI60-09.00762,0.002459036540338362,0.001957142438215395,-0.0003803850740975069,0.0020786514662408553,-0.058523105874732625,0.3198052397931329,,20009999,20199999,Kochtitzky et al.,6.4997417415219285
RGI60-09.00763,0.0012049075498247752,0.00107065371893835,0.00036252867338727957,0.0015674362232120547,0.08119066004540247,0.3510375616709077,,20009999,20199999,Kochtitzky et al.,4.4651524348311815
RGI60-09.00764,0.019001932522994508,0.015223622848566713,-0.005814114452701436,0.013187818070293072,-0.3453478123758039,0.7833323815064711,,20009999,20199999,Kochtitzky et al.,16.835532886985764
RGI60-09.00765,0.06524456360823802,0.03975245168403994,-0.027836188897426447,0.03740837471081157,-0.3723644474910986,0.5004114906699447,,20009999,20199999,Kochtitzky et al.,74.75522726452523
RGI60-09.00766,0.005476947836098338,0.004768047427699665,-0.001759771303097468,0.0037171765330008704,-0.2510655186494849,0.5303273513591713,,20009999,20199999,Kochtitzky et al.,7.009211430400772
RGI60-09.00767,0.0021474591421825023,0.0016876878055593885,-0.0014469773117807767,0.0007004818304017259,-0.7847542002445608,0.3798995700397238,,20009999,20199999,Kochtitzky et al.,1.843860550641004
RGI60-09.00771,0.024784700744358432,0.01665404333822918,-0.015824704173706985,0.00895999657065145,-0.6018507888236684,0.3407697827845529,,20009999,20199999,Kochtitzky et al.,26.293401068123124
RGI60-09.00772,0.003411191566211726,0.002578879564912802,-0.003344496208346349,6.669535786537738e-05,-0.5337814857637081,0.010644576939893072,,20009999,20199999,Kochtitzky et al.,6.265665440908294
RGI60-09.00773,0.003164247004022132,0.0023397979908045038,-0.002532258299536792,0.0006319887044853399,-0.5577912614061465,0.1392108288217666,,20009999,20199999,Kochtitzky et al.,4.539795573622244
RGI60-09.00774,0.030232030528706745,0.022911067764716863,-0.0032255482312941843,0.027006482297412558,-0.11306144142016855,0.9466272389325332,,20009999,20199999,Kochtitzky et al.,28.52916246934379
RGI60-09.00775,0.013373467542764745,0.010373995575398642,-0.006108307390062295,0.0072651601527024484,-0.4059258140655167,0.48280413230350205,,20009999,20199999,Kochtitzky et al.,15.047841695222688
RGI60-09.00776,0.003647646491059338,0.0029041444923705076,-0.0009408490587341423,0.002706797432325196,-0.11835825181908012,0.340513506544213,,20009999,20199999,Kochtitzky et al.,7.949163191192652
RGI60-09.00777,0.03183161561647853,0.0219756924885434,-0.006709934075645624,0.025121681540832917,-0.20960751619568288,0.7847608055562396,,20009999,20199999,Kochtitzky et al.,32.011896316644695
RGI60-09.00778,0.02768330570689281,0.01997423039050672,-0.02029091426075277,0.007392391446140044,-0.4978053407585892,0.18136057821625734,,20009999,20199999,Kochtitzky et al.,40.76074039268464
RGI60-09.00779,0.009395993727908556,0.00696878025076291,-0.0008607464256573271,0.00853524730225123,-0.10477540939034463,1.0389633969821812,,20009999,20199999,Kochtitzky et al.,8.21515688333495
RGI60-09.00780,0.006128090985339916,0.0046526079690805905,-0.0029390952831851204,0.0031889957021547953,-0.467370071650535,0.5071088230232984,,20009999,20199999,Kochtitzky et al.,6.288582563289933
RGI60-09.00781,0.0006807147470647856,0.0008335354127426822,0.00017120714016153403,0.0008519218872263196,0.0731566485761179,0.3640254142398296,,20009999,20199999,Kochtitzky et al.,2.3402813482276565
RGI60-09.00782,0.007602625782123569,0.004062802258123048,-0.002075245654610522,0.005527380127513047,-0.2661529187088382,0.7088935955521499,,20009999,20199999,Kochtitzky et al.,7.7971929245711795
RGI60-09.00783,0.013635541978116906,0.008820705521939937,-0.0051152886623713825,0.008520253315745524,-0.3449517275104602,0.574567007667291,,20009999,20199999,Kochtitzky et al.,14.828998536371348
RGI60-09.00784,0.021023041820807,0.014524144744071387,-0.0035002165912358186,0.017522825229571184,-0.19604324754096508,0.9814339983129494,,20009999,20199999,Kochtitzky et al.,17.854308348490378
RGI60-09.00787,0.04053759530284031,0.02025120087497349,-0.034308365790038466,0.006229229512801852,-0.7772319838547479,0.1411188292019228,,20009999,20199999,Kochtitzky et al.,44.14173181587717
RGI60-09.00788,0.007755973158650761,0.004166285657974845,-0.0023174182346070065,0.005438554924043755,-0.19796128428737145,0.4645787719080781,,20009999,20199999,Kochtitzky et al.,11.706421500291517
RGI60-09.00789,0.033739196183776216,0.01970578009243966,-0.009207397403765298,0.024531798780010917,-0.2439818899277783,0.6500549902654771,,20009999,20199999,Kochtitzky et al.,37.738036239045464
RGI60-09.00790,0.007685514488451498,0.0040984719897810395,-0.005290481709793533,0.002395032778657965,-0.6632405178569339,0.3002529575824644,,20009999,20199999,Kochtitzky et al.,7.9767166922916015
RGI60-09.00791,0.002265999135847202,0.0014451596591201555,-0.0013652581891429518,0.00090074094670425,-0.3097449194485517,0.20435690054792044,,20009999,20199999,Kochtitzky et al.,4.4076854967421655
RGI60-09.00792,0.03708592496349748,0.01976451160787261,-0.03357655749482679,0.0035093674686706923,-0.532938240337207,0.055701842684085616,,20009999,20199999,Kochtitzky et al.,63.00271767622046
RGI60-09.00793,0.013025101785987741,0.01002545200383812,-0.00043013051446881404,0.012594971271518929,-0.018682816726361164,0.5470654418233164,,20009999,20199999,Kochtitzky et al.,23.02278723646133
RGI60-09.00795,0.07988668694802313,0.0463530783047006,-0.02203143589943641,0.05785525104858673,-0.32025847085977954,0.8410089254556044,,20009999,20199999,Kochtitzky et al.,68.7926718699739
RGI60-09.00796,0.002576641176439613,0.0023916979327468714,-0.0005282638660283447,0.0020483773104112684,-0.11596630493634978,0.4496668484819431,,20009999,20199999,Kochtitzky et al.,4.555322050817192
RGI60-09.00797,0.017028141396121042,0.011519073583507893,-0.004184562832215905,0.012843578563905134,-0.13789995188494986,0.42325302236057066,,20009999,20199999,Kochtitzky et al.,30.3449187256214
RGI60-09.00798,0.05192709901925272,0.03114998825275136,-0.023038100275955133,0.02888899874329759,-0.5634367682983731,0.7065306555804772,,20009999,20199999,Kochtitzky et al.,40.88852835346929
RGI60-09.00799,0.0008046545591438753,0.0005156772745672207,-0.00020574341124081366,0.0005989111479030617,-0.10386142712390196,0.30233661513864724,,20009999,20199999,Kochtitzky et al.,1.9809415000178183
RGI60-09.00800,0.011754929178652928,0.008059998180387225,-0.006463333370819157,0.00529159580783377,-0.4995000913391631,0.4089457308942597,,20009999,20199999,Kochtitzky et al.,12.939603981834955
RGI60-09.00801,0.07383469612147953,0.040558843165188686,-0.07070960552025987,0.003125090601219655,-1.3199501122006174,0.05833668084225253,,20009999,20199999,Kochtitzky et al.,53.56990757959253
RGI60-09.00802,0.029714582582963105,0.018472075602436,-0.01140521781992565,0.018309364763037454,-0.19228297185918902,0.3086814408173844,,20009999,20199999,Kochtitzky et al.,59.314757358118115
RGI60-09.00803,0.05631909249483798,0.03162245520282686,-0.022964868984023144,0.03335422351081484,-0.4221414308921443,0.6131190928608169,,20009999,20199999,Kochtitzky et al.,54.40088866778534
RGI60-09.00804,0.01066249325064254,0.00810720134868811,-0.001515591329994711,0.00914690192064783,-0.1284404370510565,0.7751641600874396,,20009999,20199999,Kochtitzky et al.,11.799954631050081
RGI60-09.00805,0.004857469443978306,0.003284089237992387,-0.00021279645520239608,0.00464467298877591,-0.020145749588492898,0.4397179401476363,,20009999,20199999,Kochtitzky et al.,10.562846235512817
RGI60-09.00807,0.1914047987929548,0.0948241321667886,-0.00836748432029992,0.18303731447265487,-0.019361679129152463,0.4235334798158656,,20009999,20199999,Kochtitzky et al.,432.1672859303395
RGI60-09.00808,0.07022097486656158,0.058674415543788126,-0.08865782571478263,-0.018436850848221054,-0.8443369099287282,-0.17558420306948966,,20009999,20199999,Kochtitzky et al.,105.00290188932564
RGI60-09.00809,0.008018009329871189,0.005022952465938271,-0.0021316287613716896,0.005886380568499499,-0.12929595534216784,0.3570439716819932,,20009999,20199999,Kochtitzky et al.,16.48643034293349
RGI60-09.00810,0.009250134011124856,0.0054128893088771605,-0.007318362848037973,0.0019317711630868829,-0.5659571150465144,0.14939128560478682,,20009999,20199999,Kochtitzky et al.,12.930949454423766
RGI60-09.00812,0.02910953861502302,0.01672745021128077,-0.01013994597560056,0.01896959263942246,-0.35322201668092795,0.6608001446788417,,20009999,20199999,Kochtitzky et al.,28.70700436762457
RGI60-09.00813,0.014688808514487084,0.00915407226418075,-0.006299355206144645,0.00838945330834244,-0.678118205765893,0.9031148170943892,,20009999,20199999,Kochtitzky et al.,9.289464805077618
RGI60-09.00814,0.008300969364717524,0.0053443557940302255,-0.003059904934271659,0.005241064430445865,-0.3071334500234277,0.5260641212374998,,20009999,20199999,Kochtitzky et al.,9.962786319882296
RGI60-09.00815,0.044233949998643635,0.02624578933491319,-0.010242995086648384,0.03399095491199525,-0.23841339839307304,0.7911649870610441,,20009999,20199999,Kochtitzky et al.,42.96316883064063
RGI60-09.00818,0.061183197765765016,0.03889625132002618,-0.0035073205666694323,0.057675877199095574,-0.053092871193562284,0.8730818472105492,,20009999,20199999,Kochtitzky et al.,66.06010350961597
RGI60-09.00820,0.07420202159521881,0.04637475076499332,-0.013318821713337307,0.0608831998818815,-0.597732691674812,2.732364748657176,,20009999,20199999,Kochtitzky et al.,22.282237359343267
RGI60-09.00822,0.01648550928029919,0.011577276598119095,-0.0018958150044884445,0.014589694275810744,-0.10236544168594186,0.7877775495342788,,20009999,20199999,Kochtitzky et al.,18.52006862144768
RGI60-09.00823,0.011883275282831358,0.007638631021081872,-0.004929128004496908,0.00695414727833445,-0.41049551196068457,0.5791381852257784,,20009999,20199999,Kochtitzky et al.,12.007751268591207
RGI60-09.00824,0.007426149540332225,0.0062618274968978295,-0.0004412262578211676,0.006984923282511058,-0.11436787024882733,1.8105241596841188,,20009999,20199999,Kochtitzky et al.,3.8579564073476456
RGI60-09.00826,0.015147807252871275,0.010614146234607857,-0.0069644753865537356,0.00818333186631754,-0.3520508880487374,0.4136634980858502,,20009999,20199999,Kochtitzky et al.,19.782581504494267
RGI60-09.00827,0.02839233829927504,0.01950436978706993,-0.01148374630474666,0.016908591994528373,-0.5135233663965184,0.756108403271365,,20009999,20199999,Kochtitzky et al.,22.36265583264512
RGI60-09.00829,0.1096147773980016,0.06312264528315077,-0.04764946300313122,0.06196531439487037,-0.4715479804609567,0.6132203181305369,,20009999,20199999,Kochtitzky et al.,101.04902359363727
RGI60-09.00830,0.008912268580532815,0.005491091331310521,-0.0017488683004727025,0.007163400280060113,-0.2073489665513792,0.8493056021787667,,20009999,20199999,Kochtitzky et al.,8.434420144743518
RGI60-09.00831,0.054654056025732985,0.03129626606738131,-0.01605534762911926,0.038598708396613716,-0.5142480689004065,1.2363052930107978,,20009999,20199999,Kochtitzky et al.,31.22101685952791
RGI60-09.00834,0.008056693841388463,0.006185116521510814,-0.000406480710482614,0.007650213130905848,-0.05400900461926299,1.0164821741107268,,20009999,20199999,Kochtitzky et al.,7.526165559763669
RGI60-09.00836,0.008403069947277473,0.0043079767526525686,-0.0008041455208937378,0.007598924426383735,-0.04467301675981138,0.4221460785842503,,20009999,20199999,Kochtitzky et al.,18.000698838345766
RGI60-09.00837,0.021542240347389732,0.014834367833812213,0.0010598854190044592,0.022602125766394192,0.05044470713899063,1.0757366735692324,,20009999,20199999,Kochtitzky et al.,21.010835013555536
RGI60-09.00838,0.013845792371381031,0.009971299861670913,-0.0007702446549102197,0.013075547716470813,-0.08766682010655136,1.4882176489599757,,20009999,20199999,Kochtitzky et al.,8.78604532449169
RGI60-09.00839,0.010810295661307815,0.010186875843363651,-0.010238257256204274,0.0005720384051035414,-0.35033390259629577,0.019574078075977386,,20009999,20199999,Kochtitzky et al.,29.22428340600036
RGI60-09.00840,0.0372688600748532,0.024738371740564355,-0.027113993923489198,0.010154866151364008,-0.5083067193796571,0.19037352865479693,,20009999,20199999,Kochtitzky et al.,53.341797166441964
RGI60-09.00841,0.0598082391594978,0.04043436975203435,-0.009861706855010808,0.049946532304486986,-0.20160075394905647,1.0210462263547428,,20009999,20199999,Kochtitzky et al.,48.91701376028986
RGI60-09.00842,0.10508321369501517,0.05413805395912264,-0.08343117880064008,0.021652034894375092,-0.8193687457023939,0.21264233501603688,,20009999,20199999,Kochtitzky et al.,101.82372617730215
RGI60-09.00843,0.04146399164940762,0.024617477109666056,-0.015455564856367763,0.026008426793039854,-0.3294635235593953,0.5544170021027149,,20009999,20199999,Kochtitzky et al.,46.91130808470653
RGI60-09.00844,0.029159260147866236,0.024010559089493358,-0.013404790347305942,0.015754469800560292,-0.3619149566244893,0.4253537807592442,,20009999,20199999,Kochtitzky et al.,37.038508914718044
RGI60-09.00845,0.00887929717894726,0.0065676031023328895,0.0006419468083352218,0.00952124398728248,0.04791605532523768,0.7106826418264203,,20009999,20199999,Kochtitzky et al.,13.397321711436966
RGI60-09.00846,0.018415399219026383,0.011098471238387912,-0.0051762256371937895,0.013239173581832592,-0.27358063916603603,0.6997340966981995,,20009999,20199999,Kochtitzky et al.,18.920292214290573
RGI60-09.00847,0.00950652575950338,0.007950201516449488,-0.0017346272011450985,0.007771898558358282,-0.11695183736176992,0.5239960583975997,,20009999,20199999,Kochtitzky et al.,14.83197904603529
RGI60-09.00848,0.022760831896512013,0.014733363655399269,-0.01565906212493224,0.007101769771579773,-0.4308742830979621,0.19541208372780847,,20009999,20199999,Kochtitzky et al.,36.3425313117888
RGI60-09.00849,0.09924808449093042,0.06264896393765636,-0.030531717459615373,0.06871636703131505,-0.25785025411823986,0.5803320014520413,,20009999,20199999,Kochtitzky et al.,118.40871580298985
RGI60-09.00850,0.1199406409426788,0.07392620353932139,-0.018845398013557974,0.10109524292912082,-0.5192076538166248,2.785264808707569,,20009999,20199999,Kochtitzky et al.,36.29645648523864
RGI60-09.00851,0.03845413092226423,0.023568517543413485,-0.016237259499536368,0.022216871422727862,-0.6687097817256895,0.9149720887409772,,20009999,20199999,Kochtitzky et al.,24.28147448005633
RGI60-09.00852,0.1778950984160528,0.11557054733011793,-0.07661129921823029,0.10128379919782253,-0.91239676350914,1.2062321292942246,,20009999,20199999,Kochtitzky et al.,83.96708787477283
RGI60-09.00853,0.050564124715818996,0.03242878155248344,-0.014366677020149116,0.03619744769566989,-0.3383360630356505,0.8524519572699849,,20009999,20199999,Kochtitzky et al.,42.46274219557642
RGI60-09.00854,0.06084046368909692,0.03961425650119218,-0.0244910816865441,0.03634938200255282,-0.6483923495218316,0.962336474229756,,20009999,20199999,Kochtitzky et al.,37.772009038363095
RGI60-09.00857,0.03555171329077076,0.01825520027092549,-0.006953271120902896,0.02859844216986786,-0.14154893698223595,0.5821834095212289,,20009999,20199999,Kochtitzky et al.,49.12273641288818
RGI60-09.00858,0.003967663250776893,0.0023082959403923835,-0.0014357332094484848,0.0025319300413284077,-0.22431682959051272,0.3955849985763967,,20009999,20199999,Kochtitzky et al.,6.400470317226738
RGI60-09.00859,0.0034294346375388233,0.002274735808852872,-0.0036864920919477844,-0.0002570574544089612,-0.7323393685189293,-0.051065698539306266,,20009999,20199999,Kochtitzky et al.,5.0338575944691915
RGI60-09.00860,0.1473284863832017,0.06908588037252743,-0.07678937053790644,0.07053911584529526,-0.6034418903607206,0.5543248643905259,,20009999,20199999,Kochtitzky et al.,127.25230343555351
RGI60-09.00861,0.011001301768187892,0.0070809120983510564,-0.004143484699397043,0.006857817068790848,-0.3797682149204419,0.6285484647366082,,20009999,20199999,Kochtitzky et al.,10.910562118172702
RGI60-09.00862,0.07930202946445225,0.035347598372648795,-0.05134955756909845,0.027952471895353805,-0.9702861194648712,0.5281816780660121,,20009999,20199999,Kochtitzky et al.,52.92207786855549
RGI60-09.00863,0.04997884026722123,0.03240324025836861,-0.010158836806406266,0.03982000346081496,-0.3770431345351519,1.4779112223358466,,20009999,20199999,Kochtitzky et al.,26.943433989139915
RGI60-09.00864,0.2331737602064229,0.13444880773233692,-0.13028667661847335,0.10288708358794953,-1.2451621573126637,0.983301641311608,,20009999,20199999,Kochtitzky et al.,104.63430473960192
RGI60-09.00865,0.020376355901547485,0.012990460495275956,-0.002850087967502136,0.01752626793404535,-0.3729343916046572,2.2933145024333417,,20009999,20199999,Kochtitzky et al.,7.642330746807272
RGI60-09.00866,0.004444181274650245,0.004461793120764119,-0.0003969930124698849,0.004047188262180361,-0.17353433661889464,1.7691145893972704,,20009999,20199999,Kochtitzky et al.,2.2876914171846945
RGI60-09.00868,0.01837576919375453,0.013445052473859541,-0.008901303030477498,0.009474466163277032,-0.5727945128213426,0.6096772811413255,,20009999,20199999,Kochtitzky et al.,15.540133208737386
RGI60-09.00870,0.0007185885410877121,0.0008676052925754383,3.143625825425101e-05,0.0007500247993419631,0.034003249916092215,0.811269601141,,20009999,20199999,Kochtitzky et al.,0.9245074612522152
RGI60-09.00872,0.004956421141117107,0.0032013225350515395,-0.004247817288735015,0.0007086038523820915,-0.9839603626162876,0.16414032340567458,,20009999,20199999,Kochtitzky et al.,4.317061387961138
RGI60-09.00873,0.0023678333421903557,0.0022062178416571293,-0.0004166509260539485,0.001951182416136407,-0.2714884337903872,1.2713843293549465,,20009999,20199999,Kochtitzky et al.,1.5346912582494747
RGI60-09.00874,0.05867938965411475,0.04383040242004526,-0.014181798169838737,0.04449759148427601,-0.3437104477344481,1.0784448423961026,,20009999,20199999,Kochtitzky et al.,41.260887655052144
RGI60-09.00875,0.006385804740564826,0.0047371134292974034,-0.002828411125875505,0.003557393614689321,-0.3314352636537002,0.41685795951590426,,20009999,20199999,Kochtitzky et al.,8.533826771163275
RGI60-09.00876,0.004282097362866565,0.002832602461850284,-0.003229093159569918,0.0010530042032966466,-0.471175179608888,0.15364977722825854,,20009999,20199999,Kochtitzky et al.,6.853275170925423
RGI60-09.00877,0.020759182310773682,0.017127114888306292,-0.0046657350957440965,0.016093447215029588,-0.3267407596978097,1.1270218007001436,,20009999,20199999,Kochtitzky et al.,14.279623699410074
RGI60-09.00878,0.0012567973887709016,0.0012111895922435974,-0.0003881886736150348,0.0008686087151558668,-0.2027410657361558,0.4536522278675594,,20009999,20199999,Kochtitzky et al.,1.9147017512486482
RGI60-09.00879,0.00306511863851174,0.0023494429390972585,-0.002772117520509777,0.000293001118001963,-0.6561148134799613,0.06934856565962823,,20009999,20199999,Kochtitzky et al.,4.2250494327460295
RGI60-09.00880,0.0023198249111902173,0.001736907756564848,-0.0008222733760782125,0.0014975515351120046,-0.3255385494918616,0.5928815996145081,,20009999,20199999,Kochtitzky et al.,2.5258863423754647
RGI60-09.00882,0.029644974060500408,0.014679858080083924,-0.014239486461441431,0.015405487599058975,-0.25148537871777576,0.2720782728838075,,20009999,20199999,Kochtitzky et al.,56.62152819397663
RGI60-09.00883,0.01397756412289345,0.009790635406561726,-0.009615677954616354,0.004361886168277096,-0.6131805834621844,0.278152400515424,,20009999,20199999,Kochtitzky et al.,15.681641287993205
RGI60-09.00884,0.10507289706799622,0.05908803263822636,-0.016038003437227978,0.08903489363076825,-0.15463372400948233,0.8584483238702605,,20009999,20199999,Kochtitzky et al.,103.7160783649271
RGI60-09.00885,0.1190424764433866,0.0567433242568758,-0.12639337627403566,-0.00735089983064903,-0.9575366773865333,-0.05568928061847208,,20009999,20199999,Kochtitzky et al.,131.9984698852573
RGI60-09.00886,0.0865393063796149,0.05128395215636082,-0.026785058651569577,0.05975424772804532,-0.3761503430082793,0.8391462222088075,,20009999,20199999,Kochtitzky et al.,71.20838555497481
RGI60-09.00887,0.1138371667507229,0.07016149223336021,-0.02580933839709436,0.08802782835362855,-0.2246266614719788,0.7661334395898378,,20009999,20199999,Kochtitzky et al.,114.89882023783701
RGI60-09.00889,0.010569491752210138,0.006420022484415464,-0.0027722880993432124,0.007797203652866926,-0.20359962549833646,0.5726344762054371,,20009999,20199999,Kochtitzky et al.,13.616371309906285
RGI60-09.00890,0.003993355302410212,0.003343650856692861,-0.0010643038661022552,0.002929051436307957,-0.34626941742610945,0.9529618060825688,,20009999,20199999,Kochtitzky et al.,3.073629412650533
RGI60-09.00891,0.0005476084206702934,0.0006039634156650877,-0.00020027969097873865,0.00034732872969155484,-0.2400688871389917,0.41633188667793103,,20009999,20199999,Kochtitzky et al.,0.8342592551894634
RGI60-09.00895,0.16212791787894631,0.07863758953151312,-0.03696411841259992,0.1251637994663464,-0.1983908740849572,0.6717691817440593,,20009999,20199999,Kochtitzky et al.,186.31965095718425
RGI60-09.00896,0.022195193793872983,0.012776422026483708,-0.028867411615148095,-0.0066722178212751115,-0.7180351900887977,-0.16596178609581794,,20009999,20199999,Kochtitzky et al.,40.20333823970122
RGI60-09.00897,0.018891428881745588,0.010653291744557135,-0.02299480225547236,-0.004103373373726769,-0.37129073870616064,-0.06625603969939015,,20009999,20199999,Kochtitzky et al.,61.93206524784997
RGI60-09.00898,0.07518265833851014,0.044005743958186634,-0.04228509942910832,0.03289755890940182,-0.4815337247633089,0.3746304086105513,,20009999,20199999,Kochtitzky et al.,87.81337060014427
RGI60-09.00900,0.01135300243822282,0.009033856786906208,-0.00024170358829889185,0.011111298849923928,-0.01678745493076255,0.7717321450547409,,20009999,20199999,Kochtitzky et al.,14.397869676836875
RGI60-09.00901,0.019582000737004314,0.0192336321396016,-0.004823594489149584,0.014758406247854731,-0.1544119291255637,0.4724431095267701,,20009999,20199999,Kochtitzky et al.,31.238483428486692
RGI60-09.00904,0.11193227942329506,0.04298024556901462,-0.038002284971567664,0.0739299944517274,-0.4907054199350153,0.9546228338735526,,20009999,20199999,Kochtitzky et al.,77.44419243749205
RGI60-09.00907,0.0269324453097212,0.015668624624006554,-0.008314355867163526,0.018618089442557672,-0.5542444008231096,1.2411029780809455,,20009999,20199999,Kochtitzky et al.,15.001244676203964
RGI60-09.00908,0.10191431097289656,0.0507317107890874,-0.05149916738911008,0.05041514358378649,-0.593692294088094,0.5811954594312145,,20009999,20199999,Kochtitzky et al.,86.74387035494932
RGI60-09.00909,0.2827320139717806,0.13348445420483998,-0.09570116952888434,0.18703084444289625,-0.3003592091836042,0.5869984327919311,,20009999,20199999,Kochtitzky et al.,318.62239146589286
RGI60-09.00910,0.12588244292619524,0.03855269699796059,-0.003323249499939685,0.12255919342625556,-0.021232076874100232,0.7830246319156011,1.0,20009999,20199999,Kochtitzky et al.,156.52022737321204
RGI60-09.00911,0.09161516593989524,0.0237161984874463,0.09410110021486466,0.1857162661547599,0.13316333194442356,0.2628087954442284,1.0,20009999,20199999,Kochtitzky et al.,706.6592495157622
RGI60-09.00912,0.10289687723009452,0.06537588810605173,-0.018592980466117768,0.08430389676397676,-0.09189422177495336,0.4166648268059652,1.0,20009999,20199999,Kochtitzky et al.,202.33024565626675
RGI60-09.00914,0.034020386461789,0.02030467768478506,0.004521571894644679,0.03854195835643368,0.09609530863970817,0.8191181009920274,1.0,20009999,20199999,Kochtitzky et al.,47.05299310289422
RGI60-09.00915,0.2658092488210005,0.01511404199820186,-0.2663473136112377,-0.0005380647902372138,-0.9671758171920114,-0.001953852081870476,1.0,20009999,20199999,Kochtitzky et al.,275.3866555354127
RGI60-09.00916,0.02394803419768251,0.015149653744091432,0.0016768735577467654,0.025624907755429274,0.04257576701441949,0.6506156038545549,1.0,20009999,20199999,Kochtitzky et al.,39.38563355015648
RGI60-09.00917,0.2530710545033405,0.04168321576535435,-0.0795506297607956,0.1735204247425449,-0.19278090650406787,0.4205048392379205,1.0,20009999,20199999,Kochtitzky et al.,412.6478664478995
RGI60-09.00919,0.457281752183955,0.04998065336493091,-0.4241431103325521,0.03313864185140292,-0.8931967420102,0.06978617880438613,1.0,20009999,20199999,Kochtitzky et al.,474.8596701976198
RGI60-09.00920,0.8270364671046676,0.05064036113336325,-0.5781766611097677,0.2488598059948999,-0.6976310811801802,0.300275585640686,1.0,20009999,20199999,Kochtitzky et al.,828.7713616940175
RGI60-09.00927,0.06708384534971057,0.03549803061452217,-0.09565678201080796,-0.028572936661097392,-0.3001860333086688,-0.08966637112364448,,20009999,20199999,Kochtitzky et al.,318.65833648712123
RGI60-09.00934,0.13229074575545507,0.028207217833122505,-0.1934255247394269,-0.06113477898397183,-0.5487835451229042,-0.1734505349608115,,20009999,20199999,Kochtitzky et al.,24.370509542047266
RGI60-09.00939,0.12340761924244542,0.0227690946095698,-0.05039495436757381,0.07301266487487161,-0.20716834449627872,0.30014736791033564,1.0,20009999,20199999,Kochtitzky et al.,9.673983456190586
RGI60-09.00945,0.17705684134838112,0.05322463309951661,-0.12463728665125005,0.05241955469713107,-0.5178057499947327,0.217777099964376,1.0,20009999,20199999,Kochtitzky et al.,9.761796425619693
RGI60-09.00946,0.011752158345709774,0.005521721205097975,-0.0020491548586737953,0.00970300348703598,-0.01863740794044397,0.0882504479688168,,20009999,20199999,Kochtitzky et al.,109.94848989848214
RGI60-09.00962,0.0006908952930287633,0.001113901087829817,-0.0003846035576527888,0.0003062917353759745,-0.09761523703089334,0.07773911539404246,1.0,20009999,20199999,Kochtitzky et al.,3.939995121161968
RGI60-09.00967,0.007724338479369501,0.0034798283836471873,-0.0051147359879784035,0.002609602491391097,-0.6272640761237205,0.3200380038500449,1.0,20009999,20199999,Kochtitzky et al.,8.154039395314554
RGI60-09.00968,0.008270940816731971,0.005380182916924072,-0.0031332428169449176,0.005137697999787054,-0.061144463342889775,0.10026091349061897,1.0,20009999,20199999,Kochtitzky et al.,51.24327936896135
RGI60-09.00969,0.6317503197113518,0.14643273217527727,-0.0009636761486294386,0.6307866435627223,-0.0009337896113995244,0.6112240254219892,1.0,20009999,20199999,Kochtitzky et al.,1032.00564331094
RGI60-09.00971,0.26853121101120303,0.06021369974490595,0.03271784789204907,0.3012490589032521,0.09233022358785477,0.8501290505396417,1.0,20009999,20199999,Kochtitzky et al.,354.35685759947427
RGI60-09.00972,0.03733220932307296,0.02137332042886508,-0.03569998760249772,0.0016322217205752484,-0.20891776334954396,0.009551827158877434,1.0,20009999,20199999,Kochtitzky et al.,170.88057535235734
RGI60-09.00975,0.05679144050950681,0.013817399941324285,-0.003787498262412105,0.053003942247094704,-0.06961977508221907,0.9742902259085324,1.0,20009999,20199999,Kochtitzky et al.,54.40262135203929
RGI60-09.00983,0.0061714697834883035,0.003271418735230484,-0.0015431239309203215,0.004628345852567983,-0.09739504864504343,0.2921203932001101,,20009999,20199999,Kochtitzky et al.,15.84396694070395
RGI60-09.00986,0.11144477329445236,0.05221343887782323,0.032460443281824486,0.14390521657627686,0.13085499909101395,0.5801127489477239,,20009999,20199999,Kochtitzky et al.,248.06421999397344
RGI60-09.00987,0.19291533195212834,0.08068400286064475,0.016899103577281,0.20981443552940932,0.09304753447855103,1.1552515690990022,,20009999,20199999,Kochtitzky et al.,181.6179619587504
RGI60-09.00990,0.0606184251952389,0.03979286331295048,-0.03712958371978324,0.023488841475455657,-0.3060946162549109,0.19364095143009075,,20009999,20199999,Kochtitzky et al.,121.30100220012459
RGI60-09.00991,0.10378809130971407,0.05213136675353256,-0.050156099727417615,0.05363199158229647,-0.4761441219709943,0.5091416134885157,,20009999,20199999,Kochtitzky et al.,105.33806344137336
RGI60-09.00992,0.0050726973351603,0.010068381681839388,-0.011010342712784593,-0.00593764537762429,-0.289311102285951,-0.15601936960499166,1.0,20009999,20199999,Kochtitzky et al.,38.057104016361336
RGI60-09.00997,0.111264076827609,0.0294869073122426,-0.031238509169444,0.08002556765816501,-0.1419329440875094,0.3635981588746125,1.0,20009999,20199999,Kochtitzky et al.,220.093434757358
RGI60-09.01006,0.004040936626108017,0.0032636000235150764,-0.0029406701910828065,0.0011002664350252107,-0.4467067085433,0.16713754544837442,,20009999,20199999,Kochtitzky et al.,6.582999840482053
RGI60-09.01011,0.015213833159530956,0.011895295941735896,-0.003025579634411314,0.012188253525119642,-0.4328717655955709,1.7437818403254557,,20009999,20199999,Kochtitzky et al.,6.989551813915469
RGI60-09.01014,0.0347256524114928,0.026031406045150026,-0.02689343105848996,0.007832221353002839,-0.7466050740095296,0.2174351123216644,,20009999,20199999,Kochtitzky et al.,36.020959399676805
RGI60-09.01017,0.04864083497730441,0.03124561846818309,-0.0029721202758586163,0.0456687147014458,-0.07953675135834844,1.222138025694434,,20009999,20199999,Kochtitzky et al.,37.36788622995039
RGI60-09.01022,0.09333142648736564,0.035476585475107146,-0.041846443348324616,0.05148498313904102,-0.413275871540026,0.5084661819619752,,20009999,20199999,Kochtitzky et al.,101.2554717806016
RGI60-09.01025,0.012671150926752807,0.009611164718350187,-0.0011748415220571462,0.011496309404695659,-0.3882848681606441,3.7995277641532814,,20009999,20199999,Kochtitzky et al.,3.025720594321698
RGI60-09.01027,0.010478309217654695,0.0070410760475886095,-0.002061037865172304,0.008417271352482391,-0.184580643923742,0.7538266970132443,,20009999,20199999,Kochtitzky et al.,11.166056317496677
RGI60-09.01029,0.015720351417660185,0.0108212853070157,-0.011716502673520672,0.004003848744139513,-0.6254028867729382,0.21371723564286327,,20009999,20199999,Kochtitzky et al.,18.73432777705505
RGI60-09.01031,0.006324205758648643,0.003761672574350697,-0.004152144897033456,0.002172060861615187,-0.32925921584982026,0.17224135327850987,,20009999,20199999,Kochtitzky et al.,12.610565466836645
RGI60-09.01033,0.003577034099228104,0.0022388905033245503,-0.002347330664142187,0.001229703435085917,-0.3002232625730644,0.15727889679902185,,20009999,20199999,Kochtitzky et al.,7.818616865410037
RGI60-09.01034,0.005914270030026639,0.005683967273171799,-0.0013336953703549182,0.004580574659671721,-0.13276478615534593,0.4559804500169156,,20009999,20199999,Kochtitzky et al.,10.04555054827854
RGI60-09.01035,0.003882687091770057,0.002967763838359305,-0.0016063485759580125,0.0022763385158120447,-0.3018961526049202,0.42781364532925215,,20009999,20199999,Kochtitzky et al.,5.320864681770816
RGI60-09.01040,0.0014074562475984151,0.0015260255535898446,2.266777504758443e-05,0.0014301240226459995,0.009212928518258223,0.5812493888448722,,20009999,20199999,Kochtitzky et al.,2.46043101307704
RGI60-09.01041,0.004372884365364357,0.0027855255008154205,-0.0024959168256278386,0.0018769675397365176,-0.3979581958972619,0.29927063602504994,,20009999,20199999,Kochtitzky et al.,6.271806565009638
RGI60-09.01042,0.003695337737417637,0.0024912200534338447,-0.002705447482752629,0.0009898902546650085,-0.3700600585894075,0.13540046442361886,,20009999,20199999,Kochtitzky et al.,7.310833525415402
RGI60-09.01044,0.005145676980890124,0.004088539897930129,-0.004407900520417101,0.0007377764604730232,-0.3182864039250369,0.053273483695199256,,20009999,20199999,Kochtitzky et al.,13.848849545754561
RGI60-09.01045,0.02311625690593652,0.015738419393448125,-0.003762838302624717,0.0193534186033118,-0.14712339419634793,0.7567002366899079,,20009999,20199999,Kochtitzky et al.,25.57607050312413
RGI60-09.01046,0.023638374256694825,0.01674539763793888,-0.02352161158387552,0.00011676267281930663,-1.5441584033808415,0.007665293757284003,,20009999,20199999,Kochtitzky et al.,15.232641633381894
RGI60-09.01047,0.11605306886444812,0.06411168240524784,-0.05280249922910552,0.0632505696353426,-0.5648955866979686,0.6766719031254242,,20009999,20199999,Kochtitzky et al.,93.47302487837864
RGI60-09.01050,0.04049144751202745,0.024015826966641226,-0.014313613007261056,0.02617783450476639,-0.3692059691199061,0.6752322249378891,,20009999,20199999,Kochtitzky et al.,38.7686391999054
RGI60-09.01053,0.0011507097212981893,0.0008156819780828062,-0.0005300150113737187,0.0006206947099244704,-0.2480063387793575,0.29043747668411096,,20009999,20199999,Kochtitzky et al.,2.1371026804490443
RGI60-09.01056,0.003790502895396292,0.0026323216673109326,-0.0003104687152451975,0.0034800341801510945,-0.0885524770650179,0.9925819633064464,,20009999,20199999,Kochtitzky et al.,3.5060421293155013
RGI60-09.01058,0.02293506032452349,0.015054931818987987,-0.012541059185054071,0.01039400113946942,-0.34473889405189845,0.2857188061009386,,20009999,20199999,Kochtitzky et al.,36.378428432174786
RGI60-09.01061,0.06294876682859737,0.042142982495633176,-0.014120575221866443,0.04882819160673093,-0.29021971401226704,1.0035642019665916,,20009999,20199999,Kochtitzky et al.,48.65477615786499
RGI60-09.01062,0.03952277852233137,0.03033096986493097,-0.002783349148862452,0.03673942937346891,-0.08604358581165729,1.1357512388481217,,20009999,20199999,Kochtitzky et al.,32.34813057367212
RGI60-09.01063,0.015693771901182426,0.010167059587964884,-0.006998689099971979,0.008695082801210447,-0.3570061926814702,0.4435399774970292,,20009999,20199999,Kochtitzky et al.,19.60383109156984
RGI60-09.01065,0.30565539164389305,0.1441817470535014,-0.11061678267104724,0.1950386089728458,-0.42516318940166,0.7496442677595848,,20009999,20199999,Kochtitzky et al.,36.79556028948492
RGI60-09.01067,0.06624120997222,0.04732543007168739,-0.03559710971681053,0.03064410025540946,-0.4416276157668237,0.3801792067046663,,20009999,20199999,Kochtitzky et al.,80.60435635348844
RGI60-09.01068,0.08289298259844574,0.03673409493717871,-0.00921526812967869,0.07367771446876706,-0.1206744575291568,0.9648138394228768,,20009999,20199999,Kochtitzky et al.,76.36469488542878
RGI60-09.01069,0.006579478198041185,0.003387223666971633,-0.004448116190222918,0.0021313620078182664,-0.7296492083331718,0.3496191500335024,,20009999,20199999,Kochtitzky et al.,6.096239315306463
RGI60-10.00004,0.0002466965565004194,0.00016390841307217064,-0.001052873555729152,-0.0008061769992287327,-0.5823948623813461,-0.4459351647365382,,20009999,20199999,Kochtitzky et al.,1.8078345530454591
RGI60-17.00172,1.42,0.44,0.0,0.0,0.0,0.0,0.0,20009999,20199999,"Minowa et al. (2021), Frontal ablation and mass loss of the Patagonia icefields",837.6590955073418
RGI60-17.00312,0.34,0.2,0.0,0.0,0.0,0.0,0.0,20009999,20199999,"Minowa et al. (2021), Frontal ablation and mass loss of the Patagonia icefields",263.2148591453602
RGI60-17.00456,0.34,0.11,0.0,0.0,0.0,0.0,0.0,20009999,20199999,"Minowa et al. (2021), Frontal ablation and mass loss of the Patagonia icefields",113.63547585735719
RGI60-17.04856,0.22,0.11,0.0,0.0,0.0,0.0,0.0,20009999,20199999,"Minowa et al. (2021), Frontal ablation and mass loss of the Patagonia icefields",309.5325205656888
RGI60-17.04871,0.39,0.16,0.0,0.0,0.0,0.0,0.0,20009999,20199999,"Minowa et al. (2021), Frontal ablation and mass loss of the Patagonia icefields",307.4493061508342
RGI60-17.04876,0.41,0.14,0.0,0.0,0.0,0.0,0.0,20009999,20199999,"Minowa et al. (2021), Frontal ablation and mass loss of the Patagonia icefields",163.31546573213734
RGI60-17.04877,0.72,0.2,0.0,0.0,0.0,0.0,0.0,20009999,20199999,"Minowa et al. (2021), Frontal ablation and mass loss of the Patagonia icefields",153.16388130303343
RGI60-17.04882,0.42,0.12,0.0,0.0,0.0,0.0,0.0,20009999,20199999,"Minowa et al. (2021), Frontal ablation and mass loss of the Patagonia icefields",104.23087992762457
RGI60-17.04889,1.24,0.33,0.0,0.0,0.0,0.0,0.0,20009999,20199999,"Minowa et al. (2021), Frontal ablation and mass loss of the Patagonia icefields",166.88118082884003
RGI60-17.04918,1.86,0.5,0.0,0.0,0.0,0.0,0.0,20009999,20199999,"Minowa et al. (2021), Frontal ablation and mass loss of the Patagonia icefields",405.6306862715709
RGI60-17.04928,0.2,0.08,0.0,0.0,0.0,0.0,0.0,20009999,20199999,"Minowa et al. (2021), Frontal ablation and mass loss of the Patagonia icefields",119.97675828975977
RGI60-17.04936,3.15,0.83,0.0,0.0,0.0,0.0,0.0,20009999,20199999,"Minowa et al. (2021), Frontal ablation and mass loss of the Patagonia icefields",469.48867608759974
RGI60-17.04967,0.41,0.12,0.0,0.0,0.0,0.0,0.0,20009999,20199999,"Minowa et al. (2021), Frontal ablation and mass loss of the Patagonia icefields",163.15214196322182
RGI60-17.04971,0.69,0.21,0.0,0.0,0.0,0.0,0.0,20009999,20199999,"Minowa et al. (2021), Frontal ablation and mass loss of the Patagonia icefields",99.26191580495173
RGI60-17.04997,0.94,0.25,0.0,0.0,0.0,0.0,0.0,20009999,20199999,"Minowa et al. (2021), Frontal ablation and mass loss of the Patagonia icefields",213.7108072795744
RGI60-17.05031,0.2,0.06,0.0,0.0,0.0,0.0,0.0,20009999,20199999,"Minowa et al. (2021), Frontal ablation and mass loss of the Patagonia icefields",165.01622493798
RGI60-17.05076,0.52,0.17,0.0,0.0,0.0,0.0,0.0,20009999,20199999,"Minowa et al. (2021), Frontal ablation and mass loss of the Patagonia icefields",974.8681456278572
RGI60-17.05181,2.48,0.76,0.0,0.0,0.0,0.0,0.0,20009999,20199999,"Minowa et al. (2021), Frontal ablation and mass loss of the Patagonia icefields",1234.033438357895
RGI60-17.05184,1.69,0.49,0.0,0.0,0.0,0.0,0.0,20009999,20199999,"Minowa et al. (2021), Frontal ablation and mass loss of the Patagonia icefields",761.9899490667218
RGI60-17.05287,0.07,0.04,0.0,0.0,0.0,0.0,0.0,20009999,20199999,"Minowa et al. (2021), Frontal ablation and mass loss of the Patagonia icefields",238.93889270882562
RGI60-17.05738,0.3,0.13,0.0,0.0,0.0,0.0,0.0,20009999,20199999,"Minowa et al. (2021), Frontal ablation and mass loss of the Patagonia icefields",540.547902124105
RGI60-17.05962,0.07,0.03,0.0,0.0,0.0,0.0,0.0,20009999,20199999,"Minowa et al. (2021), Frontal ablation and mass loss of the Patagonia icefields",83.34008104230023
RGI60-17.06008,0.21,0.08,0.0,0.0,0.0,0.0,0.0,20009999,20199999,"Minowa et al. (2021), Frontal ablation and mass loss of the Patagonia icefields",164.04222415242668
RGI60-17.06074,1.58,0.44,0.0,0.0,0.0,0.0,0.0,20009999,20199999,"Minowa et al. (2021), Frontal ablation and mass loss of the Patagonia icefields",488.3727512331575
RGI60-17.15771,0.03,0.05,0.0,0.0,0.0,0.0,0.0,20009999,20199999,"Minowa et al. (2021), Frontal ablation and mass loss of the Patagonia icefields",166.44582598733547
RGI60-17.15804,0.6211,0.37,0.0,0.0,0.0,0.0,0.0,20009999,20199999,"Minowa et al. (2021), Frontal ablation and mass loss of the Patagonia icefields",789.8644812550905
RGI60-17.15808,0.9903,0.3,0.0,0.0,0.0,0.0,0.0,20009999,20199999,"Minowa et al. (2021), Frontal ablation and mass loss of the Patagonia icefields",721.6028716301303
RGI60-17.15809,0.0657,0.05,0.0,0.0,0.0,0.0,0.0,20009999,20199999,"Minowa et al. (2021), Frontal ablation and mass loss of the Patagonia icefields",126.9221315581051
RGI60-17.15815,0.0223,0.03,0.0,0.0,0.0,0.0,0.0,20009999,20199999,"Minowa et al. (2021), Frontal ablation and mass loss of the Patagonia icefields",71.46541690871835
RGI60-17.15836,0.0269,0.02,0.0,0.0,0.0,0.0,0.0,20009999,20199999,"Minowa et al. (2021), Frontal ablation and mass loss of the Patagonia icefields",41.49768584547192
RGI60-17.15840,0.1051,0.04,0.0,0.0,0.0,0.0,0.0,20009999,20199999,"Minowa et al. (2021), Frontal ablation and mass loss of the Patagonia icefields",66.34326816998582
RGI60-17.15854,0.1517,0.08,0.0,0.0,0.0,0.0,0.0,20009999,20199999,"Minowa et al. (2021), Frontal ablation and mass loss of the Patagonia icefields",126.94940618066204
RGI60-17.15859,0.0445,0.06,0.0,0.0,0.0,0.0,0.0,20009999,20199999,"Minowa et al. (2021), Frontal ablation and mass loss of the Patagonia icefields",287.83163699634486
RGI60-17.15877,0.0248,0.03,0.0,0.0,0.0,0.0,0.0,20009999,20199999,"Minowa et al. (2021), Frontal ablation and mass loss of the Patagonia icefields",80.30751584673838
RGI60-17.15897,0.2456,0.16,0.0,0.0,0.0,0.0,0.0,20009999,20199999,"Minowa et al. (2021), Frontal ablation and mass loss of the Patagonia icefields",428.2895760827587
RGI60-17.15898,0.1281,0.08,0.0,0.0,0.0,0.0,0.0,20009999,20199999,"Minowa et al. (2021), Frontal ablation and mass loss of the Patagonia icefields",268.5999452993596
RGI60-17.15903,0.0802,0.05,0.0,0.0,0.0,0.0,0.0,20009999,20199999,"Minowa et al. (2021), Frontal ablation and mass loss of the Patagonia icefields",161.3459842679735
RGI60-19.01941,0.013000000000000001,0.006999999999999999,0.0,0.0,0.0,0.0,0.0,20080199,20110199,Osmanoglu et al. (2013; doi:10.3189/2013AoG63A517),27.53243439971317
RGI60-19.01972,0.10099999999999999,0.059000000000000004,0.0,0.0,0.0,0.0,0.0,20080199,20110199,Osmanoglu et al. (2013; doi:10.3189/2013AoG63A517),41.252718086753774
RGI60-19.01973,0.096,0.057,0.0,0.0,0.0,0.0,0.0,20080199,20110199,Osmanoglu et al. (2013; doi:10.3189/2013AoG63A517),71.05566478940919
RGI60-19.01982,0.107,0.068,0.0,0.0,0.0,0.0,0.0,20080199,20110199,Osmanoglu et al. (2013; doi:10.3189/2013AoG63A517),55.232853263597356
RGI60-19.01987,0.026000000000000002,0.013999999999999999,0.0,0.0,0.0,0.0,0.0,20080199,20110199,Osmanoglu et al. (2013; doi:10.3189/2013AoG63A517),42.291034358758246
RGI60-19.01990,0.10099999999999999,0.061,0.0,0.0,0.0,0.0,0.0,20080199,20110199,Osmanoglu et al. (2013; doi:10.3189/2013AoG63A517),73.4448480886135
RGI60-19.01991,0.08,0.047,0.0,0.0,0.0,0.0,0.0,20080199,20110199,Osmanoglu et al. (2013; doi:10.3189/2013AoG63A517),114.73007510563734
RGI60-19.02021,0.0427,0.0313,0.0,0.0,0.0,0.0,0.0,20071001,20110501,Osmanoglu et al. (2014; doi:10.5194/tc-8-1807-2014),78.16925722717248
RGI60-19.02022,0.0053,0.0039,0.0,0.0,0.0,0.0,0.0,20071001,20110501,Osmanoglu et al. (2014; doi:10.5194/tc-8-1807-2014),7.655416399276618
RGI60-19.02023,0.0698,0.0512,0.0,0.0,0.0,0.0,0.0,20071001,20110501,Osmanoglu et al. (2014; doi:10.5194/tc-8-1807-2014),94.04963107668762
RGI60-19.02024,0.0588,0.0432,0.0,0.0,0.0,0.0,0.0,20071001,20110501,Osmanoglu et al. (2014; doi:10.5194/tc-8-1807-2014),81.51571249784368
RGI60-19.02027,0.0188,0.0138,0.0,0.0,0.0,0.0,0.0,20071001,20110501,Osmanoglu et al. (2014; doi:10.5194/tc-8-1807-2014),21.524820408143672
RGI60-19.02028,0.0531,0.039,0.0,0.0,0.0,0.0,0.0,20071001,20110501,Osmanoglu et al. (2014; doi:10.5194/tc-8-1807-2014),67.80942482235842
RGI60-19.02029,0.1454,0.1141,0.0,0.0,0.0,0.0,0.0,20071001,20110501,Osmanoglu et al. (2014; doi:10.5194/tc-8-1807-2014),58.00177668529394
RGI60-19.02030,0.0007,0.0005,0.0,0.0,0.0,0.0,0.0,20071001,20110501,Osmanoglu et al. (2014; doi:10.5194/tc-8-1807-2014),4.935833039023222
RGI60-19.02031,0.0013,0.0009,0.0,0.0,0.0,0.0,0.0,20071001,20110501,Osmanoglu et al. (2014; doi:10.5194/tc-8-1807-2014),2.1593675610976297
RGI60-19.02033,0.0048,0.0035,0.0,0.0,0.0,0.0,0.0,20071001,20110501,Osmanoglu et al. (2014; doi:10.5194/tc-8-1807-2014),5.876246810511062
RGI60-19.02037,0.0018,0.0013,0.0,0.0,0.0,0.0,0.0,20071001,20110501,Osmanoglu et al. (2014; doi:10.5194/tc-8-1807-2014),2.226508775388873
RGI60-19.02041,0.0041,0.003,0.0,0.0,0.0,0.0,0.0,20071001,20110501,Osmanoglu et al. (2014; doi:10.5194/tc-8-1807-2014),8.65165915950805
RGI60-19.02042,0.0004,0.0003,0.0,0.0,0.0,0.0,0.0,20071001,20110501,Osmanoglu et al. (2014; doi:10.5194/tc-8-1807-2014),1.0673878060431703
RGI60-19.02044,0.0048,0.0035,0.0,0.0,0.0,0.0,0.0,20071001,20110501,Osmanoglu et al. (2014; doi:10.5194/tc-8-1807-2014),4.457026279757564
RGI60-19.02046,0.0024,0.0018,0.0,0.0,0.0,0.0,0.0,20071001,20110501,Osmanoglu et al. (2014; doi:10.5194/tc-8-1807-2014),30.14317371068161
RGI60-19.02047,0.0087,0.0064,0.0,0.0,0.0,0.0,0.0,20071001,20110501,Osmanoglu et al. (2014; doi:10.5194/tc-8-1807-2014),12.658814563611493
RGI60-19.02049,0.001,0.0007,0.0,0.0,0.0,0.0,0.0,20071001,20110501,Osmanoglu et al. (2014; doi:10.5194/tc-8-1807-2014),6.789577482677478
RGI60-19.02052,0.0152,0.0112,0.0,0.0,0.0,0.0,0.0,20071001,20110501,Osmanoglu et al. (2014; doi:10.5194/tc-8-1807-2014),42.43437785703141
RGI60-19.02059,0.0004,0.0003,0.0,0.0,0.0,0.0,0.0,20071001,20110501,Osmanoglu et al. (2014; doi:10.5194/tc-8-1807-2014),5.490708168968048
RGI60-19.02061,0.0026,0.0019,0.0,0.0,0.0,0.0,0.0,20071001,20110501,Osmanoglu et al. (2014; doi:10.5194/tc-8-1807-2014),13.857097343735695
RGI60-19.02062,0.0238,0.0175,0.0,0.0,0.0,0.0,0.0,20071001,20110501,Osmanoglu et al. (2014; doi:10.5194/tc-8-1807-2014),36.525462693683814
RGI60-19.02063,0.01,0.0073,0.0,0.0,0.0,0.0,0.0,20071001,20110501,Osmanoglu et al. (2014; doi:10.5194/tc-8-1807-2014),9.115652214224456
RGI60-19.02064,0.0069,0.0051,0.0,0.0,0.0,0.0,0.0,20071001,20110501,Osmanoglu et al. (2014; doi:10.5194/tc-8-1807-2014),12.467271588272224
RGI60-19.02066,0.0261,0.0192,0.0,0.0,0.0,0.0,0.0,20071001,20110501,Osmanoglu et al. (2014; doi:10.5194/tc-8-1807-2014),51.75466152325764
