RGIId,calving_k,calving_k_nmad,calving_thick,calving_flux_Gta,fa_gta_obs,fa_gta_obs_unc,fa_gta_max,calving_flux_Gta_bndlow,calving_flux_Gta_bndhigh,no_errors,oggm_dynamics,mb_clim_gta,mb_total_gta,mb_clim_mwea,mb_total_mwea,area_km2,mb_total_gta_obs,mb_clim_gta_obs,mb_total_mwea_obs,mb_clim_mwea_obs,calving_flux_Gta_rnd1,calving_k_rnd1,O1Region
RGI60-19.00001,0.048953125,0.02256210937500001,119.84231546904002,0.005237216853519982,,0.0,0.0,0.0,0.0,1.0,1.0,-0.00453438810381828,0.0,-0.07018307491051076,-0.15124450466410136,64.608,-0.009771604957338259,-0.009771604957338259,-0.15124450466410136,-0.15124450466410136,0.0,0.0,0.0
RGI60-19.00002,0.02737421875000001,0.02256210937500001,663.3166182190919,0.012921704267184043,,0.0,0.0,2.115248437290589e-05,0.10135398995488563,1.0,0.0,0.011809890277100173,-0.001111813990083876,0.9755402508756128,-0.09183991327307747,12.106,-0.001111813990083876,-0.001111813990083876,-0.09183991327307747,-0.09183991327307747,0.0,0.0,0.0
RGI60-19.00003,0.032169531250000015,0.02256210937500001,659.6545793583703,0.01527361100230492,,0.0,0.0,1.808009168130856e-05,0.06100395046793473,1.0,0.0,0.012828651718763491,-0.002444959283541429,0.9599410145737424,-0.18295115860082525,13.364,-0.002444959283541429,-0.002444959283541429,-0.18295115860082525,-0.18295115860082525,0.0,0.0,0.0
RGI60-19.00005,0.0441578125,0.02256210937500001,727.096970213716,0.02811294333077697,,0.0,0.0,1.3961095253838827e-05,0.1880940187669346,1.0,0.0,0.023038887705645397,-0.005074055625131569,1.0542665860817917,-0.23219034572514385,21.853,-0.005074055625131569,-0.005074055625131569,-0.23219034572514385,-0.23219034572514385,0.0,0.0,0.0
RGI60-19.00006,0.048953125,0.02256210937500001,95.82491206902444,0.0005088716030906334,,0.0,0.0,0.0,0.0,1.0,1.0,0.000583671105213005,0.0,0.03408099411497169,0.004367599096249661,17.125999999999998,7.479950212237168e-05,7.479950212237168e-05,0.004367599096249661,0.004367599096249661,0.0,0.0,0.0
RGI60-19.00007,0.048953125,0.02256210937500001,126.0126049739355,0.0008908318952815185,,0.0,0.0,0.0,0.0,1.0,1.0,-0.002122144155399097,0.0,-0.2591773516608571,-0.3679746031607983,8.187999999999999,-0.003012976050680616,-0.003012976050680616,-0.3679746031607983,-0.3679746031607983,0.0,0.0,0.0
RGI60-19.00009,0.048953125,0.02256210937500001,175.39004428820724,0.0018001132497708515,,0.0,0.0,0.0,0.0,1.0,1.0,0.0022397937509789547,0.0,0.2457261383410811,0.04823702701131135,9.115,0.00043968050120810287,0.00043968050120810287,0.04823702701131135,0.04823702701131135,0.0,0.0,0.0
RGI60-19.00010,0.048953125,0.02256210937500001,82.00057951270504,7.338559674441193e-05,,0.0,0.0,0.0,0.0,1.0,1.0,-0.00022745929194602191,0.0,-0.06648912363227766,-0.08794062808840508,3.4210000000000003,-0.0003008448886904338,-0.0003008448886904338,-0.08794062808840508,-0.08794062808840508,0.0,0.0,0.0
RGI60-19.00011,0.048953125,0.02256210937500001,80.96449266074855,0.0007931622418479865,,0.0,0.0,0.0,0.0,1.0,1.0,-0.0004653239546953172,0.0,-0.05019134448229072,-0.135744385346058,9.271,-0.0012584861965433036,-0.0012584861965433036,-0.135744385346058,-0.135744385346058,0.0,0.0,0.0
RGI60-19.00012,0.048953125,0.02256210937500001,161.91122141962006,0.006329982315363428,,0.0,0.0,0.0,0.0,1.0,1.0,-0.0014965389173533811,0.0,-0.07997749665206183,-0.4182621436894404,18.712,-0.007826521232716809,-0.007826521232716809,-0.4182621436894404,-0.4182621436894404,0.0,0.0,0.0
RGI60-19.00013,0.048953125,0.02256210937500001,79.57140356615697,0.00016880534056408798,,0.0,0.0,0.0,0.0,1.0,1.0,-0.00041461088798153936,0.0,-0.06111599174256184,-0.08599885444363611,6.784,-0.0005834162285456273,-0.0005834162285456273,-0.08599885444363611,-0.08599885444363611,0.0,0.0,0.0
RGI60-19.00014,0.048953125,0.02256210937500001,61.154231095857476,0.00031061244179238467,,0.0,0.0,0.0,0.0,1.0,1.0,-0.000982660719681058,0.0,-0.1498415248065047,-0.19720542260955207,6.558,-0.0012932731614734426,-0.0012932731614734426,-0.19720542260955207,-0.19720542260955207,0.0,0.0,0.0
RGI60-19.00015,0.048953125,0.02256210937500001,82.31123262550936,0.0003682029223476549,,0.0,0.0,0.0,0.0,1.0,1.0,-0.0036416093499015267,0.0,-0.16276076472251388,-0.1792174967484214,22.374,-0.004009812272249181,-0.004009812272249181,-0.1792174967484214,-0.1792174967484214,0.0,0.0,0.0
RGI60-19.00016,0.048953125,0.02256210937500001,221.0817204501306,0.0031169638247696982,,0.0,0.0,0.0,0.0,1.0,1.0,0.001631573796420395,0.0,0.15217065812538655,-0.13853665625343248,10.722,-0.0014853900283493032,-0.0014853900283493032,-0.13853665625343248,-0.13853665625343248,0.0,0.0,0.0
RGI60-19.00017,0.048953125,0.02256210937500001,299.5707342797245,0.003523993396205448,,0.0,0.0,0.0,0.0,1.0,1.0,-0.003146222562598666,0.0,-0.1702869973261889,-0.3610205649926453,18.476,-0.006670215958804114,-0.006670215958804114,-0.3610205649926453,-0.3610205649926453,0.0,0.0,0.0
RGI60-19.00020,0.048953125,0.02256210937500001,263.8814329023302,0.009152454920279177,,0.0,0.0,0.0,0.0,1.0,1.0,0.00665862728470448,0.0,0.2156640416098617,-0.0807717452817715,30.875,-0.002493827635574695,-0.002493827635574695,-0.0807717452817715,-0.0807717452817715,0.0,0.0,0.0
RGI60-19.00023,0.04655546875,0.02256210937500001,827.3245303883336,0.04552074129985917,,0.0,0.0,0.00022904551414389062,0.1623785034554053,1.0,0.0,0.024223990025206654,-0.021296751274652508,0.9763407369798336,-0.8583592468926086,24.811,-0.021296751274652508,-0.021296751274652508,-0.8583592468926086,-0.8583592468926086,0.0,0.0,0.0
RGI60-19.00024,0.048953125,0.02256210937500001,709.3927256431265,0.01918365408618729,,0.0,0.0,0.0,0.0,1.0,1.0,-0.01518267116013223,0.0,-0.2759131182897892,-0.6245356869594839,55.027,-0.034366325246319517,-0.034366325246319517,-0.6245356869594839,-0.6245356869594839,0.0,0.0,0.0
RGI60-19.00025,0.048953125,0.02256210937500001,165.8191764015134,0.0016607053958300408,,0.0,0.0,0.0,0.0,1.0,1.0,0.0016292193383287332,0.0,0.26712892905865443,-0.005162495081375253,6.099,-3.1486057501307674e-05,-3.1486057501307674e-05,-0.005162495081375253,-0.005162495081375253,0.0,0.0,0.0
RGI60-19.00026,0.048953125,0.02256210937500001,94.96986544819359,0.00024686253775012214,,0.0,0.0,0.0,0.0,1.0,1.0,0.002786327220983793,0.0,0.5369680518373082,0.4893938491489054,5.189,0.0025394646832336697,0.0025394646832336697,0.4893938491489054,0.4893938491489054,0.0,0.0,0.0
RGI60-19.00027,0.048953125,0.02256210937500001,44.65942189544038,7.550238111193328e-06,,0.0,0.0,0.0,0.0,1.0,1.0,-0.00029809877978603853,0.0,-0.058646228563060884,-0.060131618708878974,5.083,-0.00030564901789723183,-0.00030564901789723183,-0.060131618708878974,-0.060131618708878974,0.0,0.0,0.0
RGI60-19.00028,0.048953125,0.02256210937500001,162.4959818120457,0.001586877369392657,,0.0,0.0,0.0,0.0,1.0,1.0,-0.0006880906679006272,0.0,-0.1167442599084878,-0.38598032529577264,5.894,-0.002274968037293284,-0.002274968037293284,-0.38598032529577264,-0.38598032529577264,0.0,0.0,0.0
RGI60-19.00029,0.048953125,0.02256210937500001,768.4297636817782,1.2772709449307231,,0.0,0.0,0.0,0.0,1.0,1.0,-1.6073161146712551,0.0,-0.6303467420076045,-1.1312585237343298,2549.8920000000007,-2.8845870596019787,-2.8845870596019787,-1.1312585237343298,-1.1312585237343298,0.0,0.0,0.0
RGI60-19.00030,0.048953125,0.02256210937500001,318.1435691550521,0.008912312373382884,,0.0,0.0,0.0,0.0,1.0,1.0,0.006046625150074625,0.0,0.6169396133123788,-0.29238722817143753,9.801,-0.002865687223308259,-0.002865687223308259,-0.29238722817143753,-0.29238722817143753,0.0,0.0,0.0
RGI60-19.00031,0.048953125,0.02256210937500001,161.6418070094138,0.0017180059981326302,,0.0,0.0,0.0,0.0,1.0,1.0,0.003163802565237439,0.0,0.41083009547298255,0.18774140593491867,7.701,0.0014457965671048087,0.0014457965671048087,0.18774140593491867,0.18774140593491867,0.0,0.0,0.0
RGI60-19.00032,0.048953125,0.02256210937500001,273.96007152726605,0.004070805366679825,,0.0,0.0,0.0,0.0,1.0,1.0,-0.0007088237856500512,0.0,-0.10428480000736373,-0.7031968739634951,6.7970000000000015,-0.004779629152329876,-0.004779629152329876,-0.7031968739634951,-0.7031968739634951,0.0,0.0,0.0
RGI60-19.00033,0.039362500000000016,0.02256210937500001,698.4639992235734,0.014755950171088827,,0.0,0.0,2.235206884947686e-05,0.05075568864641816,1.0,1.0,0.013444757861585178,-0.001311192309503651,1.035486588230528,-0.10098523640662747,12.984000000000002,-0.001311192309503651,-0.001311192309503651,-0.10098523640662747,-0.10098523640662747,0.0,0.0,0.0
RGI60-19.00034,0.048953125,0.02256210937500001,166.58558695744918,0.0012458389415662351,,0.0,0.0,0.0,0.0,1.0,1.0,0.002444964285472934,0.0,0.5972067135986651,0.2928982276274301,4.0939999999999985,0.0011991253439066988,0.0011991253439066988,0.2928982276274301,0.2928982276274301,0.0,0.0,0.0
RGI60-19.00035,0.048953125,0.02256210937500001,382.8624325947644,0.031935941507290275,,0.0,0.0,0.0,0.0,1.0,1.0,0.02515959798276086,0.0,0.4944500822018879,-0.13317238276333254,50.88399999999999,-0.006776343524529411,-0.006776343524529411,-0.13317238276333254,-0.13317238276333254,0.0,0.0,0.0
RGI60-19.00036,0.048953125,0.02256210937500001,381.4690214867728,0.01877746617312057,,0.0,0.0,0.0,0.0,1.0,1.0,0.016954280016407638,0.0,0.5536814609714783,-0.05954038590225433,30.621,-0.0018231861567129296,-0.0018231861567129296,-0.05954038590225433,-0.05954038590225433,0.0,0.0,0.0
RGI60-19.00037,0.048953125,0.02256210937500001,302.4745920721615,0.05320518122535496,,0.0,0.0,0.0,0.0,1.0,1.0,0.05349560035750952,0.0,0.2108757794472216,0.0011448111704551198,253.683,0.0002904191321545662,0.0002904191321545662,0.0011448111704551198,0.0011448111704551198,0.0,0.0,0.0
RGI60-19.00038,0.048953125,0.02256210937500001,362.9045949116895,0.004903803711044711,,0.0,0.0,0.0,0.0,1.0,1.0,0.006407809806029268,0.0,0.20364233795300546,0.04779781653163915,31.466,0.0015040060949845573,0.0015040060949845573,0.04779781653163915,0.04779781653163915,0.0,0.0,0.0
RGI60-19.00039,0.048953125,0.02256210937500001,767.2399641227182,0.03654612669994204,,0.0,0.0,0.0,0.0,1.0,0.0,0.01541731439564832,0.0,0.3879838537294794,-0.5317163425596729,39.737,-0.02112881230429372,-0.02112881230429372,-0.5317163425596729,-0.5317163425596729,0.0,0.0,0.0
RGI60-19.00040,0.048953125,0.02256210937500001,71.60582760135944,3.963677357412103e-06,,0.0,0.0,0.0,0.0,1.0,1.0,5.699446467388812e-05,0.0,0.2638632623791116,0.2455129042429445,0.21600000000000005,5.303078731647602e-05,5.303078731647602e-05,0.2455129042429445,0.2455129042429445,0.0,0.0,0.0
RGI60-19.00041,0.048953125,0.02256210937500001,266.950338732879,0.02163115578228453,,0.0,0.0,0.0,0.0,1.0,1.0,0.022872499013523253,0.0,0.35353807056886444,0.0191873258198145,64.696,0.001241343231238719,0.001241343231238719,0.0191873258198145,0.0191873258198145,0.0,0.0,0.0
RGI60-19.00042,0.048953125,0.02256210937500001,314.77797839233375,0.05654393364663656,,0.0,0.0,0.0,0.0,1.0,1.0,-0.010862825164896209,0.0,-0.0414067985732329,-0.2569403485939559,262.344,-0.06740675881153277,-0.06740675881153277,-0.2569403485939559,-0.2569403485939559,0.0,0.0,0.0
RGI60-19.00047,0.048953125,0.02256210937500001,106.82319062105356,0.0030017288512070657,,0.0,0.0,0.0,0.0,1.0,1.0,-0.009536542933660776,0.0,-0.1186196195539676,-0.1559564130661705,80.396,-0.012538271784867844,-0.012538271784867844,-0.1559564130661705,-0.1559564130661705,0.0,0.0,0.0
RGI60-19.00048,0.048953125,0.02256210937500001,90.7043350339346,0.0004577995567317661,,0.0,0.0,0.0,0.0,1.0,1.0,0.0009679169388508444,0.0,0.1789125580130951,0.09429156785934907,5.41,0.0005101173821190785,0.0005101173821190785,0.09429156785934907,0.09429156785934907,0.0,0.0,0.0
RGI60-19.00049,0.048953125,0.02256210937500001,403.3435276416298,0.004005593811221908,,0.0,0.0,0.0,0.0,1.0,0.0,-0.0002688656494795334,0.0,-0.05672271086066105,-0.9017846963505152,4.74,-0.004274459460701442,-0.004274459460701442,-0.9017846963505152,-0.9017846963505152,0.0,0.0,0.0
RGI60-19.00050,0.048953125,0.02256210937500001,475.01142836934565,0.006577863936043578,,0.0,0.0,0.0,0.0,1.0,1.0,0.0008213454106096171,0.0,0.04032132599949029,-0.2825978657552264,20.37,-0.0057565185254339615,-0.0057565185254339615,-0.2825978657552264,-0.2825978657552264,0.0,0.0,0.0
RGI60-19.00051,0.048953125,0.02256210937500001,93.54713313284219,0.0013918736607038864,,0.0,0.0,0.0,0.0,1.0,1.0,-0.005279787669846135,0.0,-0.15707109150491266,-0.1984786496861433,33.614000000000004,-0.006671661330550022,-0.006671661330550022,-0.1984786496861433,-0.1984786496861433,0.0,0.0,0.0
RGI60-19.00052,0.048953125,0.02256210937500001,785.0777646873987,0.08612604805880514,,0.0,0.0,0.0,0.0,1.0,0.0,0.0075671426373656045,0.0,0.2118342376509044,-2.1991743301449955,35.722,-0.07855890542143952,-0.07855890542143952,-2.1991743301449955,-2.1991743301449955,0.0,0.0,0.0
RGI60-19.00053,0.048953125,0.02256210937500001,84.94617464078955,0.0011364491689906885,,0.0,0.0,0.0,0.0,1.0,1.0,0.00030991281667731174,0.0,0.02141169107899072,-0.057104902052879415,14.474,-0.0008265363523133767,-0.0008265363523133767,-0.057104902052879415,-0.057104902052879415,0.0,0.0,0.0
RGI60-19.00054,0.048953125,0.02256210937500001,301.4960171516023,0.010262704446507214,,0.0,0.0,0.0,0.0,1.0,1.0,0.006051888108819717,0.0,0.23620811478161344,-0.16435019467185105,25.621,-0.004210816337687496,-0.004210816337687496,-0.16435019467185105,-0.16435019467185105,0.0,0.0,0.0
RGI60-19.00055,0.048953125,0.02256210937500001,253.9039969213007,0.0026185712713091393,,0.0,0.0,0.0,0.0,1.0,1.0,0.0010515370706082742,0.0,0.17601892711889422,-0.26230903928705473,5.974,-0.0015670342007008651,-0.0015670342007008651,-0.26230903928705473,-0.26230903928705473,0.0,0.0,0.0
RGI60-19.00056,0.048953125,0.02256210937500001,47.36581350833863,1.3918075942554108e-05,,0.0,0.0,0.0,0.0,1.0,1.0,-0.0003849608937518741,0.0,-0.06970141114464495,-0.07222143213732178,5.523,-0.0003988789696944282,-0.0003988789696944282,-0.07222143213732178,-0.07222143213732178,0.0,0.0,0.0
RGI60-19.00057,0.048953125,0.02256210937500001,208.51556274027297,0.002773344750155334,,0.0,0.0,0.0,0.0,1.0,1.0,0.0057831443567261465,0.0,0.15084233696043578,0.07850490640263996,38.339,0.0030097996065708136,0.0030097996065708136,0.07850490640263996,0.07850490640263996,0.0,0.0,0.0
RGI60-19.00059,0.048953125,0.02256210937500001,95.60551145783107,0.00015255917619909693,,0.0,0.0,0.0,0.0,1.0,1.0,0.0005676660640739497,0.0,0.08623212275162538,0.06305740359636228,6.582999999999998,0.0004151068878748528,0.0004151068878748528,0.06305740359636228,0.06305740359636228,0.0,0.0,0.0
RGI60-19.00060,0.048953125,0.02256210937500001,115.42652312013651,0.000371325833020727,,0.0,0.0,0.0,0.0,1.0,1.0,0.0030001056788290657,0.0,0.10135149754498382,0.08880712968508966,29.601,0.002628779845808339,0.002628779845808339,0.08880712968508966,0.08880712968508966,0.0,0.0,0.0
RGI60-19.00061,0.048953125,0.02256210937500001,101.75044499994402,0.0007540637723160865,,0.0,0.0,0.0,0.0,1.0,1.0,0.002382443095961576,0.0,0.24442834676942396,0.16706466847701745,9.747,0.001628379323645489,0.001628379323645489,0.16706466847701745,0.16706466847701745,0.0,0.0,0.0
RGI60-19.00062,0.048953125,0.02256210937500001,43.62449915370042,2.7413242396363652e-05,,0.0,0.0,0.0,0.0,1.0,1.0,0.000703338448239995,0.0,0.11872694939905387,0.11409946081087635,5.924,0.0006759252058436314,0.0006759252058436314,0.11409946081087635,0.11409946081087635,0.0,0.0,0.0
RGI60-19.00063,0.048953125,0.02256210937500001,185.19974309953082,0.0006495124078042516,,0.0,0.0,0.0,0.0,1.0,1.0,-0.0002279330501520313,0.0,-0.04112830208445169,-0.15832649908991028,5.542000000000002,-0.0008774454579562827,-0.0008774454579562827,-0.15832649908991028,-0.15832649908991028,0.0,0.0,0.0
RGI60-19.00064,0.039362500000000016,0.02256210937500001,246.31357567677475,0.0009836282628769284,,0.0,0.0,2.1262526510234266e-06,0.0013483587990902202,1.0,1.0,0.0005069105961625748,-0.0004767176667143533,0.8606291955221983,-0.8093678552026373,0.589,-0.0004767176667143533,-0.0004767176667143533,-0.8093678552026373,-0.8093678552026373,0.0,0.0,0.0
RGI60-19.00065,0.048953125,0.02256210937500001,205.876706252321,0.0016318771410788885,,0.0,0.0,0.0,0.0,1.0,1.0,0.0006517336277390077,0.0,0.14788600584048284,-0.22240606157020204,4.407,-0.0009801435133398805,-0.0009801435133398805,-0.22240606157020204,-0.22240606157020204,0.0,0.0,0.0
RGI60-19.00066,0.048953125,0.02256210937500001,97.69200779757442,0.00023484313592267686,,0.0,0.0,0.0,0.0,1.0,1.0,-0.00046267679272135175,0.0,-0.0774613749742762,-0.11677882615838416,5.973,-0.0006975199286440285,-0.0006975199286440285,-0.11677882615838416,-0.11677882615838416,0.0,0.0,0.0
RGI60-19.00067,0.048953125,0.02256210937500001,82.63360653369618,3.288578650225333e-06,,0.0,0.0,0.0,0.0,1.0,1.0,-0.00044321080438071886,0.0,-0.19803878658655893,-0.199508214044211,2.238,-0.00044649938303094425,-0.00044649938303094425,-0.199508214044211,-0.199508214044211,0.0,0.0,0.0
RGI60-19.00068,0.048953125,0.02256210937500001,100.74253801104764,0.0012463577990486376,,0.0,0.0,0.0,0.0,1.0,1.0,-0.0045235692688149615,0.0,-0.2704190141568007,-0.3449262953050932,16.727999999999998,-0.0057699270678635995,-0.0057699270678635995,-0.3449262953050932,-0.3449262953050932,0.0,0.0,0.0
RGI60-19.00069,0.048953125,0.02256210937500001,71.3927738348193,0.0009545817075742992,,0.0,0.0,0.0,0.0,1.0,1.0,-0.056570296602631874,0.0,-0.14658517313810826,-0.1490586889809214,385.921,-0.057524878310206175,-0.057524878310206175,-0.1490586889809214,-0.1490586889809214,0.0,0.0,0.0
RGI60-19.00070,0.048953125,0.02256210937500001,144.6543817546356,0.00936996001059506,,0.0,0.0,0.0,0.0,1.0,1.0,-0.03957607133936504,0.0,-0.2903600245001104,-0.3591051456343368,136.3,-0.0489460313499601,-0.0489460313499601,-0.3591051456343368,-0.3591051456343368,0.0,0.0,0.0
RGI60-19.00071,0.048953125,0.02256210937500001,705.1658172250908,0.012033074432794482,,0.0,0.0,0.0,0.0,1.0,1.0,-0.0046372632780015185,0.0,-0.19409272049227852,-0.6977372221160221,23.892,-0.016670337710796002,-0.016670337710796002,-0.6977372221160221,-0.6977372221160221,0.0,0.0,0.0
RGI60-19.00072,0.048953125,0.02256210937500001,44.73237640838624,2.434198353384101e-05,,0.0,0.0,0.0,0.0,1.0,1.0,0.00013349690489532472,0.0,0.038818524249876335,0.03174030862503162,3.439,0.00010915492136148372,0.00010915492136148372,0.03174030862503162,0.03174030862503162,0.0,0.0,0.0
RGI60-19.00073,0.048953125,0.02256210937500001,59.139396764515936,4.448888392861872e-05,,0.0,0.0,0.0,0.0,1.0,1.0,0.00035990157625794136,0.0,0.07469937240721074,0.06546548201106737,4.8180000000000005,0.0003154126923293227,0.0003154126923293227,0.06546548201106737,0.06546548201106737,0.0,0.0,0.0
RGI60-19.00074,0.048953125,0.02256210937500001,46.137364357417205,0.00012050727623047131,,0.0,0.0,0.0,0.0,1.0,1.0,-0.00035718456443650917,0.0,-0.08396440160707785,-0.112292393198632,4.254,-0.00047769184066698045,-0.00047769184066698045,-0.112292393198632,-0.112292393198632,0.0,0.0,0.0
RGI60-19.00075,0.048953125,0.02256210937500001,73.64549065707044,0.00022567716342193403,,0.0,0.0,0.0,0.0,1.0,1.0,0.00044556852581748827,0.0,0.12971427243595002,0.06401495266246121,3.435,0.00021989136239555427,0.00021989136239555427,0.06401495266246121,0.06401495266246121,0.0,0.0,0.0
RGI60-19.00076,0.048953125,0.02256210937500001,196.4118764613092,0.0024424054904372853,,0.0,0.0,0.0,0.0,1.0,1.0,0.002820781305387888,0.0,0.2258431789742104,0.030294300636557508,12.49,0.00037837581495060333,0.00037837581495060333,0.030294300636557508,0.030294300636557508,0.0,0.0,0.0
RGI60-19.00077,0.048953125,0.02256210937500001,91.62246109313149,0.00010763140457980686,,0.0,0.0,0.0,0.0,1.0,1.0,0.0023261069578714016,0.0,0.4519345167809212,0.4310230334741781,5.147,0.0022184755532915945,0.0022184755532915945,0.4310230334741781,0.4310230334741781,0.0,0.0,0.0
RGI60-19.00079,0.048953125,0.02256210937500001,51.90249790422838,7.756728195169395e-05,,0.0,0.0,0.0,0.0,1.0,1.0,0.0007318024390346236,0.0,0.1471847222515333,0.13158390126366246,4.972,0.0006542351570829295,0.0006542351570829295,0.13158390126366246,0.13158390126366246,0.0,0.0,0.0
RGI60-19.00080,0.048953125,0.02256210937500001,51.9605700371081,5.9240930954715256e-05,,0.0,0.0,0.0,0.0,1.0,1.0,-0.0006981347650354043,0.0,-0.08411262229342217,-0.09125008385423124,8.3,-0.0007573756959901193,-0.0007573756959901193,-0.09125008385423124,-0.09125008385423124,0.0,0.0,0.0
RGI60-19.00081,0.048953125,0.02256210937500001,406.1187819306455,0.008086685374422675,,0.0,0.0,0.0,0.0,1.0,1.0,0.005495120326640361,0.0,1.0533103942189688,-0.4967538907000792,5.2170000000000005,-0.002591565047782313,-0.002591565047782313,-0.4967538907000792,-0.4967538907000792,0.0,0.0,0.0
RGI60-19.00082,0.048953125,0.02256210937500001,84.7678582367225,3.880775722531136e-05,,0.0,0.0,0.0,0.0,1.0,1.0,-0.0003532169658949468,0.0,-0.1479133023010665,-0.16416445691803105,2.388,-0.00039202472312025816,-0.00039202472312025816,-0.16416445691803105,-0.16416445691803105,0.0,0.0,0.0
RGI60-19.00084,0.048953125,0.02256210937500001,125.70655381603349,0.00041953544102629287,,0.0,0.0,0.0,0.0,1.0,1.0,-7.212942506349318e-05,0.0,-0.02608659134303551,-0.17781731142487742,2.765,-0.000491664866089786,-0.000491664866089786,-0.17781731142487742,-0.17781731142487742,0.0,0.0,0.0
RGI60-19.00087,0.048953125,0.02256210937500001,75.45385808389274,2.3962838445187657e-05,,0.0,0.0,0.0,0.0,1.0,1.0,0.00010772632255110389,0.0,0.03461642755498197,0.02691628666642552,3.112,8.376348410591622e-05,8.376348410591622e-05,0.02691628666642552,0.02691628666642552,0.0,0.0,0.0
RGI60-19.00088,0.048953125,0.02256210937500001,84.44617975546177,0.0006897570941584787,,0.0,0.0,0.0,0.0,1.0,1.0,-0.0008895914362412935,0.0,-0.015280350342527975,-0.027128182527736654,58.218,-0.0015793485303997727,-0.0015793485303997727,-0.027128182527736654,-0.027128182527736654,0.0,0.0,0.0
RGI60-19.00089,0.048953125,0.02256210937500001,195.5444777330703,0.0034234758643619037,,0.0,0.0,0.0,0.0,1.0,1.0,0.0029895672679872147,0.0,0.24782950078647226,-0.035970206115782936,12.063,-0.0004339085963746895,-0.0004339085963746895,-0.035970206115782936,-0.035970206115782936,0.0,0.0,0.0
RGI60-19.00090,0.048953125,0.02256210937500001,95.4492017980442,0.0013238005177663489,,0.0,0.0,0.0,0.0,1.0,1.0,0.0003828662690639543,0.0,0.023273130451884644,-0.05719617340601753,16.451,-0.0009409342487023943,-0.0009409342487023943,-0.05719617340601753,-0.05719617340601753,0.0,0.0,0.0
RGI60-19.00091,0.048953125,0.02256210937500001,142.66259358083403,0.001957945984045497,,0.0,0.0,0.0,0.0,1.0,1.0,0.0011241025714071983,0.0,0.0304981977157523,-0.02262313236307716,36.858,-0.000833843412638298,-0.000833843412638298,-0.02262313236307716,-0.02262313236307716,0.0,0.0,0.0
RGI60-19.00096,0.02737421875000001,0.02256210937500001,639.0998781563702,0.051835284504628217,,0.0,0.0,0.00018246709462779544,0.2582457516469439,1.0,1.0,0.05400790341737427,0.0021726189127460327,1.104591635320781,0.04443528679891261,48.894,0.0021726189127460327,0.0021726189127460327,0.04443528679891261,0.04443528679891261,0.0,0.0,0.0
RGI60-19.00097,0.048953125,0.02256210937500001,659.708990644719,0.03157163231909365,,0.0,0.0,0.0,0.0,1.0,1.0,-0.0016859618275682357,0.0,-0.005426595514969296,-0.10704602458007914,310.685,-0.03325759414666188,-0.03325759414666188,-0.10704602458007914,-0.10704602458007914,0.0,0.0,0.0
RGI60-19.00098,0.048953125,0.02256210937500001,786.4993283761964,0.06170873731246253,,0.0,0.0,0.0,0.0,1.0,1.0,0.0483579745015111,0.0,0.3283225687191835,-0.0906439276176704,147.28799999999995,-0.013350762810951437,-0.013350762810951437,-0.0906439276176704,-0.0906439276176704,0.0,0.0,0.0
RGI60-19.00099,0.048953125,0.02256210937500001,354.9924863267939,0.010382165020158832,,0.0,0.0,0.0,0.0,1.0,1.0,0.0020719701596445448,0.0,0.02838354168748264,-0.11383984521040408,72.999,-0.008310194860514286,-0.008310194860514286,-0.11383984521040408,-0.11383984521040408,0.0,0.0,0.0
RGI60-19.00101,0.048953125,0.02256210937500001,673.6944709737952,0.4619343958016198,,0.0,0.0,0.0,0.0,1.0,1.0,0.3911123444999476,0.0,0.3132956561337825,-0.05673111918690873,1248.381,-0.07082205130167231,-0.07082205130167231,-0.05673111918690873,-0.05673111918690873,0.0,0.0,0.0
RGI60-19.00102,0.048953125,0.02256210937500001,780.6195282947757,0.08876622978791825,,0.0,0.0,0.0,0.0,1.0,1.0,0.12622260404068664,0.0,0.2000973421950436,0.059378595404559274,630.806,0.03745637425276842,0.03745637425276842,0.059378595404559274,0.059378595404559274,0.0,0.0,0.0
RGI60-19.00103,0.048953125,0.02256210937500001,771.4302235462538,0.327612977943854,,0.0,0.0,0.0,0.0,1.0,1.0,0.5832904883154987,0.0,0.2719169869612437,0.11919114000090665,2145.105,0.2556775103716449,0.2556775103716449,0.11919114000090665,0.11919114000090665,0.0,0.0,0.0
RGI60-19.00106,0.029771875000000014,0.02256210937500001,674.1825363961901,0.0194189493312297,,0.0,0.0,5.2718331584641295e-05,0.0526467201192798,1.0,1.0,0.015510210763960197,-0.003908738567269504,1.0175300638955715,-0.2564284305759696,15.243,-0.003908738567269504,-0.003908738567269504,-0.2564284305759696,-0.2564284305759696,0.0,0.0,0.0
RGI60-19.00107,0.048953125,0.02256210937500001,778.088675556629,0.1023892587965729,,0.0,0.0,0.0,0.0,1.0,1.0,0.11465792571177992,0.0,0.5117355213708116,0.05475690076724689,224.057,0.012268666915207041,0.012268666915207041,0.05475690076724689,0.05475690076724689,0.0,0.0,0.0
RGI60-19.00109,0.048953125,0.02256210937500001,778.8291422863379,0.10510034165003088,,0.0,0.0,0.0,0.0,1.0,1.0,0.11502664782352587,0.0,0.1513534413398201,0.013061152590103476,759.987,0.009926306173494971,0.009926306173494971,0.013061152590103476,0.013061152590103476,0.0,0.0,0.0
RGI60-19.00110,0.048953125,0.02256210937500001,282.7743541941452,0.014707687985058341,,0.0,0.0,0.0,0.0,1.0,1.0,0.0023933569215777964,0.0,0.07429324605239163,-0.382254572822615,32.215,-0.012314331063480543,-0.012314331063480543,-0.382254572822615,-0.382254572822615,0.0,0.0,0.0
RGI60-19.00111,0.02737421875000001,0.02256210937500001,673.542668154155,0.010989608524953405,,0.0,0.0,3.317272043472908e-05,0.03161602085839497,1.0,1.0,0.012201951443381471,0.0012123429184280675,0.9700255539694312,0.09637832247619586,12.579,0.0012123429184280675,0.0012123429184280675,0.09637832247619586,0.09637832247619586,0.0,0.0,0.0
RGI60-19.00112,0.048953125,0.02256210937500001,760.4708358862582,0.008751622108998403,,0.0,0.0,0.0,0.0,1.0,1.0,0.019049387991010986,0.0,0.0238124493622446,0.012872593530321635,799.9760000000001,0.010297765882012585,0.010297765882012585,0.012872593530321635,0.012872593530321635,0.0,0.0,0.0
RGI60-19.00113,0.048953125,0.02256210937500001,786.9774575237761,0.0771946169444967,,0.0,0.0,0.0,0.0,1.0,1.0,-0.02571779073735549,0.0,-0.019327340794905543,-0.07734035927130885,1330.6429999999998,-0.10291240768185217,-0.10291240768185217,-0.07734035927130885,-0.07734035927130885,0.0,0.0,0.0
RGI60-19.00115,0.048953125,0.02256210937500001,763.9321486978861,0.8923704906946971,,0.0,0.0,0.0,0.0,1.0,1.0,1.2246897846861302,0.0,0.5721018200651334,0.15523969850371874,2140.685,0.3323192939914332,0.3323192939914332,0.15523969850371874,0.15523969850371874,0.0,0.0,0.0
RGI60-19.00116,0.048953125,0.02256210937500001,779.7574534787158,0.09021808129167397,,0.0,0.0,0.0,0.0,1.0,1.0,0.07251768566162585,0.0,0.19304074338930374,-0.04711812710974843,375.66,-0.017700395630048094,-0.017700395630048094,-0.04711812710974843,-0.04711812710974843,0.0,0.0,0.0
RGI60-19.00117,0.048953125,0.02256210937500001,491.58954957794737,0.05662887843881946,,0.0,0.0,0.0,0.0,1.0,1.0,0.02658395999140761,0.0,0.09152648808717344,-0.10344229645417594,290.451,-0.03004491844741185,-0.03004491844741185,-0.10344229645417594,-0.10344229645417594,0.0,0.0,0.0
RGI60-19.00118,0.048953125,0.02256210937500001,763.0629822355182,0.6035566724320153,,0.0,0.0,0.0,0.0,1.0,1.0,0.5631252995248052,0.0,0.2863644081584027,-0.02056044397823201,1966.464,-0.040431372907210036,-0.040431372907210036,-0.02056044397823201,-0.02056044397823201,0.0,0.0,0.0
RGI60-19.00119,0.048953125,0.02256210937500001,765.6131601230862,0.4882359384293178,,0.0,0.0,0.0,0.0,1.0,0.0,0.7215298986872788,0.0,0.3205047457111352,0.10362955373638456,2251.23,0.23329396025796106,0.23329396025796106,0.10362955373638456,0.10362955373638456,0.0,0.0,0.0
RGI60-19.00120,0.048953125,0.02256210937500001,145.90161144903652,3.257610676876235e-05,,0.0,0.0,0.0,0.0,1.0,1.0,-0.001069833250484491,0.0,-0.06696921755771461,-0.06900841046968721,15.975,-0.0011024093572532534,-0.0011024093572532534,-0.06900841046968721,-0.06900841046968721,0.0,0.0,0.0
RGI60-19.00121,0.048953125,0.02256210937500001,416.92331664137083,0.07580713391062845,,0.0,0.0,0.0,0.0,1.0,1.0,0.13858561865337682,0.0,0.21402688532833494,0.09695294277777096,647.515,0.06277848474274836,0.06277848474274836,0.09695294277777096,0.09695294277777096,0.0,0.0,0.0
RGI60-19.00122,0.048953125,0.02256210937500001,264.713587806221,0.0086539736880752,,0.0,0.0,0.0,0.0,1.0,1.0,0.005841244223365664,0.0,0.2242836823593021,-0.10799913472237507,26.044,-0.0028127294647095364,-0.0028127294647095364,-0.10799913472237507,-0.10799913472237507,0.0,0.0,0.0
RGI60-19.00123,0.048953125,0.02256210937500001,316.18653209539826,0.012456665744790672,,0.0,0.0,0.0,0.0,1.0,1.0,0.019065103842619332,0.0,0.5339766928808908,0.18508957253609268,35.704,0.0066084380978286535,0.0066084380978286535,0.18508957253609268,0.18508957253609268,0.0,0.0,0.0
RGI60-19.00124,0.048953125,0.02256210937500001,765.9521681175453,0.4670247510783645,,0.0,0.0,0.0,0.0,1.0,1.0,0.33845220386546904,0.0,0.07101177511401655,-0.02697623092490644,4766.142,-0.1285725472128954,-0.1285725472128954,-0.02697623092490644,-0.02697623092490644,0.0,0.0,0.0
RGI60-19.00125,0.048953125,0.02256210937500001,347.5662097344458,0.014879221765826638,,0.0,0.0,0.0,0.0,1.0,1.0,0.017638891396232457,0.0,0.4326863414667236,0.06769537434150566,40.766,0.0027596696304058197,0.0027596696304058197,0.06769537434150566,0.06769537434150566,0.0,0.0,0.0
RGI60-19.00126,0.048953125,0.02256210937500001,349.5933366173993,0.01982726555750054,,0.0,0.0,0.0,0.0,1.0,1.0,0.02149087096889537,0.0,0.2232098853241592,0.017278646995719137,96.281,0.001663605411394834,0.001663605411394834,0.017278646995719137,0.017278646995719137,0.0,0.0,0.0
RGI60-19.00127,0.048953125,0.02256210937500001,230.9662393252801,0.017472586923856212,,0.0,0.0,0.0,0.0,1.0,1.0,0.0005112278726036697,0.0,0.0033887120189555336,-0.11242963139327693,150.862,-0.016961359051252543,-0.016961359051252543,-0.11242963139327693,-0.11242963139327693,0.0,0.0,0.0
RGI60-19.00128,0.04655546875,0.02256210937500001,715.0837462346341,0.06241353325823482,,0.0,0.0,7.714581048502517e-05,0.24359161234883575,1.0,1.0,0.08155769476595437,0.01914416150771955,1.0771953926796505,0.25285170984797256,75.71300000000002,0.01914416150771955,0.01914416150771955,0.25285170984797256,0.25285170984797256,0.0,0.0,0.0
RGI60-19.00129,0.048953125,0.02256210937500001,227.98850371741483,0.005570532602132357,,0.0,0.0,0.0,0.0,1.0,1.0,0.007532231537133567,0.0,0.22793171751902094,0.05936267430252405,33.046,0.0019616989350012093,0.0019616989350012093,0.05936267430252405,0.05936267430252405,0.0,0.0,0.0
RGI60-19.00130,0.039362500000000016,0.02256210937500001,727.2575581833725,0.05728870509295957,,0.0,0.0,0.00010054985781335408,0.11350468477591448,1.0,1.0,0.07836312709021574,0.02107442199725616,1.0622196073118313,0.2856657855483193,73.773,0.02107442199725616,0.02107442199725616,0.2856657855483193,0.2856657855483193,0.0,0.0,0.0
RGI60-19.00131,0.048953125,0.02256210937500001,509.25071368717084,0.018319478144355267,,0.0,0.0,0.0,0.0,1.0,1.0,0.03014056359356105,0.0,0.5323588956243012,0.2087903889150924,56.617,0.011821085449205787,0.011821085449205787,0.2087903889150924,0.2087903889150924,0.0,0.0,0.0
RGI60-19.00132,0.041760156250000006,0.02256210937500001,394.48299886235986,0.02283088048160821,,0.0,0.0,3.6838521526218406e-05,0.09465505159034336,1.0,1.0,0.02631615321091376,0.003485272729305551,1.0550093493791597,0.1397238906873617,24.944000000000006,0.003485272729305551,0.003485272729305551,0.1397238906873617,0.1397238906873617,0.0,0.0,0.0
RGI60-19.00133,0.048953125,0.02256210937500001,649.492325508478,0.5843308722736414,,0.0,0.0,0.0,0.0,1.0,1.0,0.5893211609907715,0.0,0.9210575308023078,0.007799385645787653,639.831,0.00499028871712996,0.00499028871712996,0.007799385645787653,0.007799385645787653,0.0,0.0,0.0
RGI60-19.00134,0.048953125,0.02256210937500001,764.2735367676796,0.5972169685837946,,0.0,0.0,0.0,0.0,1.0,1.0,-0.5079188305318878,0.0,-0.1276041064267446,-0.2776425240597761,3980.427,-1.1051357991156825,-1.1051357991156825,-0.2776425240597761,-0.2776425240597761,0.0,0.0,0.0
RGI60-19.00135,0.048953125,0.02256210937500001,768.1461631608353,0.2532436224874801,,0.0,0.0,0.0,0.0,1.0,1.0,-0.2304789706822989,0.0,-0.2178561665369797,-0.4572302171574586,1057.941,-0.4837225931697789,-0.4837225931697789,-0.4572302171574586,-0.4572302171574586,0.0,0.0,0.0
RGI60-19.00136,0.048953125,0.02256210937500001,765.1312910250384,0.3661235626876009,,0.0,0.0,0.0,0.0,1.0,1.0,0.16136827954587493,0.0,0.10620792118394097,-0.13476398853053187,1519.362,-0.20475528314172595,-0.20475528314172595,-0.13476398853053187,-0.13476398853053187,0.0,0.0,0.0
RGI60-19.00137,0.048953125,0.02256210937500001,596.4142378931847,0.14681688739352464,,0.0,0.0,0.0,0.0,1.0,1.0,-0.10272008639842484,0.0,-0.13200398170351413,-0.3206760749306369,778.159,-0.2495369737919495,-0.2495369737919495,-0.3206760749306369,-0.3206760749306369,0.0,0.0,0.0
RGI60-19.00138,0.048953125,0.02256210937500001,772.4600783441687,0.17729632562915926,,0.0,0.0,0.0,0.0,1.0,1.0,0.02747304764617227,0.0,0.027421549975318617,-0.14954243728576433,1001.878,-0.149823277982987,-0.149823277982987,-0.14954243728576433,-0.14954243728576433,0.0,0.0,0.0
RGI60-19.00139,0.048953125,0.02256210937500001,328.29373973285254,0.1582107517881374,,0.0,0.0,0.0,0.0,1.0,1.0,0.1825439879645813,0.0,0.1688814765145539,0.02251201422559344,1080.9,0.02433323617644395,0.02433323617644395,0.02251201422559344,0.02251201422559344,0.0,0.0,0.0
RGI60-19.00140,0.048953125,0.02256210937500001,407.6418860673942,0.5878184361095804,,0.0,0.0,0.0,0.0,1.0,1.0,0.40596325408649603,0.0,0.15274771509991242,-0.06842482232932923,2657.737,-0.18185518202308448,-0.18185518202308448,-0.06842482232932923,-0.06842482232932923,0.0,0.0,0.0
RGI60-19.00141,0.048953125,0.02256210937500001,53.58987126196751,4.361092430117066e-06,,0.0,0.0,0.0,0.0,1.0,1.0,-4.978957064929491e-05,0.0,-0.009679154480811606,-0.010526956275157848,5.144,-5.4150663079411983e-05,-5.4150663079411983e-05,-0.010526956275157848,-0.010526956275157848,0.0,0.0,0.0
RGI60-19.00142,0.048953125,0.02256210937500001,165.39550539023938,0.023624166655234303,,0.0,0.0,0.0,0.0,1.0,1.0,-0.052004192545185235,0.0,-0.09495378231625687,-0.13808884255269885,547.679,-0.07562835920041956,-0.07562835920041956,-0.13808884255269885,-0.13808884255269885,0.0,0.0,0.0
RGI60-19.00143,0.048953125,0.02256210937500001,162.65065426971887,0.005635329956222101,,0.0,0.0,0.0,0.0,1.0,1.0,0.026549112979097792,0.0,0.07826079247697873,0.061649111755652165,339.2390000000001,0.02091378302287569,0.02091378302287569,0.061649111755652165,0.061649111755652165,0.0,0.0,0.0
RGI60-19.00144,0.048953125,0.02256210937500001,88.59573944681419,0.0009406296213694608,,0.0,0.0,0.0,0.0,1.0,1.0,0.02132080503881809,0.0,0.11103255880190444,0.106134032993176,192.023,0.02038017541744864,0.02038017541744864,0.106134032993176,0.106134032993176,0.0,0.0,0.0
RGI60-19.00145,0.048953125,0.02256210937500001,285.68953692193094,0.0050053772749687935,,0.0,0.0,0.0,0.0,1.0,1.0,0.0011594900114305071,0.0,0.05615507610570064,-0.1862595536390104,20.648000000000003,-0.0038458872635382868,-0.0038458872635382868,-0.1862595536390104,-0.1862595536390104,0.0,0.0,0.0
RGI60-19.00146,0.048953125,0.02256210937500001,72.69542003846479,5.548332680127728e-05,,0.0,0.0,0.0,0.0,1.0,1.0,-0.004417811092296436,0.0,-0.18269006253810424,-0.18498446857570566,24.182,-0.004473294419097714,-0.004473294419097714,-0.18498446857570566,-0.18498446857570566,0.0,0.0,0.0
RGI60-19.00147,0.048953125,0.02256210937500001,729.8825738977281,0.0433325335349334,,0.0,0.0,0.0,0.0,1.0,1.0,0.07247578443741602,0.0,0.2691395590482125,0.1082237571902194,269.28700000000003,0.02914325090248262,0.02914325090248262,0.1082237571902194,0.1082237571902194,0.0,0.0,0.0
RGI60-19.00148,0.048953125,0.02256210937500001,339.1971810006872,0.01248043638890822,,0.0,0.0,0.0,0.0,1.0,1.0,0.042858670967390766,0.0,0.09179077002420297,0.06506131620498408,466.917,0.03037823457848255,0.03037823457848255,0.06506131620498408,0.06506131620498408,0.0,0.0,0.0
RGI60-19.00149,0.048953125,0.02256210937500001,136.19021141024228,0.00032735734699759886,,0.0,0.0,0.0,0.0,1.0,1.0,0.00237196096293127,0.0,0.18889551349297368,0.16282580361023108,12.557,0.002044603615933672,0.002044603615933672,0.16282580361023108,0.16282580361023108,0.0,0.0,0.0
RGI60-19.00150,0.048953125,0.02256210937500001,116.42852378460049,0.0006167823579874822,,0.0,0.0,0.0,0.0,1.0,1.0,-0.00014275932852681971,0.0,-0.01908547172818445,-0.10154300621848956,7.48,-0.0007595416865143019,-0.0007595416865143019,-0.10154300621848956,-0.10154300621848956,0.0,0.0,0.0
RGI60-19.00151,0.048953125,0.02256210937500001,769.1822586667803,0.2506507212735133,,0.0,0.0,0.0,0.0,1.0,1.0,0.2232981233104825,0.0,0.3266087015117773,-0.040007485827624006,683.687,-0.027352597963030776,-0.027352597963030776,-0.040007485827624006,-0.040007485827624006,0.0,0.0,0.0
RGI60-19.00153,0.048953125,0.02256210937500001,773.4941476057218,0.14128177517506332,,0.0,0.0,0.0,0.0,1.0,1.0,0.142369662853699,0.0,0.4152825714901992,0.0031732939702230965,342.826,0.001087887678635703,0.001087887678635703,0.0031732939702230965,0.0031732939702230965,0.0,0.0,0.0
RGI60-19.00154,0.04655546875,0.02256210937500001,801.0136018422404,0.03225362669366605,,0.0,0.0,3.895591254604662e-05,0.07115889547893127,1.0,1.0,0.0301128255749548,-0.0021408011187112447,1.0161922712838658,-0.072243820021977,29.633000000000006,-0.0021408011187112447,-0.0021408011187112447,-0.072243820021977,-0.072243820021977,0.0,0.0,0.0
RGI60-19.00155,0.048953125,0.02256210937500001,138.672848078917,0.0010062508570190204,,0.0,0.0,0.0,0.0,1.0,1.0,0.00991857361195986,0.0,0.289213401719197,0.2598723649202753,34.295,0.008912322754940845,0.008912322754940845,0.2598723649202753,0.2598723649202753,0.0,0.0,0.0
RGI60-19.00156,0.048953125,0.02256210937500001,761.7662477365611,0.14821465330220804,,0.0,0.0,0.0,0.0,1.0,1.0,-0.1782385292583741,0.0,-0.050440403271401306,-0.09238423502540498,3533.646,-0.3264531825605821,-0.3264531825605821,-0.09238423502540498,-0.09238423502540498,0.0,0.0,0.0
RGI60-19.00157,0.048953125,0.02256210937500001,787.3653334920696,0.06960692558581902,,0.0,0.0,0.0,0.0,1.0,1.0,0.04976573884866245,0.0,0.4882919489065961,-0.19467794439801184,101.918,-0.01984118673715656,-0.01984118673715656,-0.19467794439801184,-0.19467794439801184,0.0,0.0,0.0
RGI60-19.00158,0.048953125,0.02256210937500001,86.17435730896547,0.00016072737911303626,,0.0,0.0,0.0,0.0,1.0,1.0,0.007435594439304093,0.0,0.3313249460522277,0.3241630451916521,22.442,0.007274867060191056,0.007274867060191056,0.3241630451916521,0.3241630451916521,0.0,0.0,0.0
RGI60-19.00159,0.048953125,0.02256210937500001,69.78876459791742,0.00012104110546735769,,0.0,0.0,0.0,0.0,1.0,1.0,0.003295270447413591,0.0,0.24589735448202305,0.2368651102116434,13.401,0.003174229341946233,0.003174229341946233,0.2368651102116434,0.2368651102116434,0.0,0.0,0.0
RGI60-19.00160,0.048953125,0.02256210937500001,820.4654880751973,0.0416484165053732,,0.0,0.0,0.0,0.0,1.0,1.0,-0.09088834404735864,0.0,-0.07036798430442401,-0.10261320947242933,1291.615,-0.1325367605527318,-0.1325367605527318,-0.10261320947242933,-0.10261320947242933,0.0,0.0,0.0
RGI60-19.00161,0.048953125,0.02256210937500001,274.1734868646808,0.005043329074072532,,0.0,0.0,0.0,0.0,1.0,1.0,0.023355228821704103,0.0,0.14769544758272635,0.11580208654616472,158.131,0.01831189974763157,0.01831189974763157,0.11580208654616472,0.11580208654616472,0.0,0.0,0.0
RGI60-19.00162,0.048953125,0.02256210937500001,802.4940830142859,0.05479716172458415,,0.0,0.0,0.0,0.0,1.0,1.0,0.08890599597946489,0.0,0.5413834854430939,0.20770207194544346,164.22,0.034108834254880725,0.034108834254880725,0.20770207194544346,0.20770207194544346,0.0,0.0,0.0
RGI60-19.00163,0.048953125,0.02256210937500001,189.66014630108288,0.0048965497924214245,,0.0,0.0,0.0,0.0,1.0,1.0,0.06400792650392717,0.0,0.2924218508190324,0.2700518377419868,218.889,0.059111376711505764,0.059111376711505764,0.2700518377419868,0.2700518377419868,0.0,0.0,0.0
RGI60-19.00164,0.048953125,0.02256210937500001,868.7290457521492,0.02507214449667609,,0.0,0.0,0.0,0.0,1.0,1.0,0.08584304227366871,0.0,0.7979609425130484,0.5649007954878564,107.578,0.06077089777699261,0.06077089777699261,0.5649007954878564,0.5649007954878564,0.0,0.0,0.0
RGI60-19.00165,0.029771875000000014,0.02256210937500001,666.090874229993,0.022258275486714225,,0.0,0.0,6.090399439577262e-05,0.10810188084464607,1.0,1.0,0.02059761725764681,-0.0016606582290674134,0.989651528258627,-0.0797894695174849,20.813,-0.0016606582290674134,-0.0016606582290674134,-0.0797894695174849,-0.0797894695174849,0.0,0.0,0.0
RGI60-19.00166,0.048953125,0.02256210937500001,621.060777712287,0.0832726327801948,,0.0,0.0,0.0,0.0,1.0,1.0,0.1681935957301344,0.0,0.30747360366593857,0.1552434525919432,547.018,0.08492096294993959,0.08492096294993959,0.1552434525919432,0.1552434525919432,0.0,0.0,0.0
RGI60-19.00167,0.048953125,0.02256210937500001,764.8141348603174,0.08039067852037783,,0.0,0.0,0.0,0.0,1.0,1.0,0.0944677200161492,0.0,0.2423653707434288,0.03611590689930926,389.774,0.014077041495771369,0.014077041495771369,0.03611590689930926,0.03611590689930926,0.0,0.0,0.0
RGI60-19.00168,0.048953125,0.02256210937500001,764.8055603989798,0.12834072694586424,,0.0,0.0,0.0,0.0,1.0,1.0,0.0523554755041019,0.0,0.06602228697473242,-0.0958203517059489,792.997,-0.07598525144176238,-0.07598525144176238,-0.0958203517059489,-0.0958203517059489,0.0,0.0,0.0
RGI60-19.00169,0.048953125,0.02256210937500001,776.9569525858011,0.12108795759257328,,0.0,0.0,0.0,0.0,1.0,1.0,0.21006751521487324,0.0,0.08800541403498023,0.037276981170506346,2386.984,0.08897955762229992,0.08897955762229992,0.037276981170506346,0.037276981170506346,0.0,0.0,0.0
RGI60-19.00170,0.048953125,0.02256210937500001,763.9965012746918,0.01662458087148052,,0.0,0.0,0.0,0.0,1.0,1.0,0.011813486760809237,0.0,0.19170269311971366,-0.07807175955263028,61.624,-0.0048110941106712865,-0.0048110941106712865,-0.07807175955263028,-0.07807175955263028,0.0,0.0,0.0
RGI60-19.00172,0.048953125,0.02256210937500001,776.8823465426642,0.10730088242847796,,0.0,0.0,0.0,0.0,1.0,1.0,0.07927053754111907,0.0,0.13778871649145946,-0.048722581739006066,575.305,-0.02803034488735889,-0.02803034488735889,-0.048722581739006066,-0.048722581739006066,0.0,0.0,0.0
RGI60-19.00173,0.048953125,0.02256210937500001,771.3656630671164,0.1649561734043853,,0.0,0.0,0.0,0.0,1.0,1.0,0.12464081496450348,0.0,0.2467362982759918,-0.07980742349894847,505.158,-0.04031535843988181,-0.04031535843988181,-0.07980742349894847,-0.07980742349894847,0.0,0.0,0.0
RGI60-19.00174,0.032169531250000015,0.02256210937500001,715.2257762738783,0.015512855571106652,,0.0,0.0,3.425818493940084e-05,0.057931283380750334,1.0,1.0,0.012457896629789307,-0.003054958941317347,0.9898217566970688,-0.24272675522940945,12.586,-0.003054958941317347,-0.003054958941317347,-0.24272675522940945,-0.24272675522940945,0.0,0.0,0.0
RGI60-19.00175,0.020181250000000008,0.019181250000000007,424.3071836998065,0.000549109382649649,,0.0,0.0,4.270567290850868e-06,0.0014334123340723696,1.0,0.0,0.0003566749475397842,-0.00019243443510986492,1.0907490750452116,-0.5884845110393423,0.327,-0.00019243443510986492,-0.00019243443510986492,-0.5884845110393423,-0.5884845110393423,0.0,0.0,0.0
RGI60-19.00176,0.015385937500000009,0.014385937500000008,91.28194792906757,9.171678449488139e-06,,0.0,0.0,8.503796152500391e-08,1.0483032879382843e-05,1.0,0.0,1.2097845167480466e-05,2.9261667179923282e-06,0.9306034744215744,0.22508974753787134,0.013,2.9261667179923282e-06,2.9261667179923282e-06,0.22508974753787134,0.22508974753787134,0.0,0.0,0.0
RGI60-19.00179,0.048953125,0.02256210937500001,91.00916379391359,0.00011855479784724494,,0.0,0.0,0.0,0.0,1.0,1.0,-0.003463546545026613,0.0,-0.6793932022413912,-0.7026483607049544,5.098,-0.0035821013428738576,-0.0035821013428738576,-0.7026483607049544,-0.7026483607049544,0.0,0.0,0.0
RGI60-19.00180,0.048953125,0.02256210937500001,49.24188445615492,1.635192454659047e-05,,0.0,0.0,0.0,0.0,1.0,1.0,-0.005133682488169093,0.0,-0.6481922333546836,-0.6502568702923844,7.92,-0.005150034412715685,-0.005150034412715685,-0.6502568702923844,-0.6502568702923844,0.0,0.0,0.0
RGI60-19.00181,0.048953125,0.02256210937500001,59.84497094327263,3.114213378297112e-05,,0.0,0.0,0.0,0.0,1.0,1.0,-0.003534245178081828,0.0,-0.6236536400356145,-0.6291489874474675,5.667000000000002,-0.0035653873118647985,-0.0035653873118647985,-0.6291489874474675,-0.6291489874474675,0.0,0.0,0.0
RGI60-19.00182,0.048953125,0.02256210937500001,130.28857679009397,0.0006686989882691843,,0.0,0.0,0.0,0.0,1.0,1.0,-0.0015175342720701284,0.0,-0.24057296640300074,-0.3465810495147928,6.308,-0.0021862332603393127,-0.0021862332603393127,-0.3465810495147928,-0.3465810495147928,0.0,0.0,0.0
RGI60-19.00183,0.048953125,0.02256210937500001,105.34995033958086,0.00038193305805184083,,0.0,0.0,0.0,0.0,1.0,1.0,-0.00240321055318825,0.0,-0.20582481613465653,-0.23853576663584194,11.675999999999998,-0.0027851436112400906,-0.0027851436112400906,-0.23853576663584194,-0.23853576663584194,0.0,0.0,0.0
RGI60-19.00184,0.048953125,0.02256210937500001,468.11478725199584,0.0037839135610391646,,0.0,0.0,0.0,0.0,1.0,0.0,0.0010826672108309949,0.0,0.2917454084696833,-0.727902546539523,3.711,-0.00270124635020817,-0.00270124635020817,-0.727902546539523,-0.727902546539523,0.0,0.0,0.0
RGI60-19.00185,0.048953125,0.02256210937500001,88.2570464059777,0.00028458055293208693,,0.0,0.0,0.0,0.0,1.0,1.0,-2.523510773040452e-05,0.0,-0.004290955233872559,-0.05268077889176865,5.881,-0.00030981566066249136,-0.00030981566066249136,-0.05268077889176865,-0.05268077889176865,0.0,0.0,0.0
RGI60-19.00186,0.048953125,0.02256210937500001,82.5212104932154,0.0002444068796092868,,0.0,0.0,0.0,0.0,1.0,1.0,0.0008368657890790082,0.0,0.3194144233125986,0.2261293547594357,2.62,0.0005924589094697216,0.0005924589094697216,0.2261293547594357,0.2261293547594357,0.0,0.0,0.0
RGI60-19.00187,0.048953125,0.02256210937500001,61.70653839702618,2.514275333041913e-05,,0.0,0.0,0.0,0.0,1.0,1.0,-0.0008144640778528006,0.0,-0.2708560285509813,-0.2792174363761955,3.007,-0.0008396068311832197,-0.0008396068311832197,-0.2792174363761955,-0.2792174363761955,0.0,0.0,0.0
RGI60-19.00188,0.048953125,0.02256210937500001,479.2419532869436,0.004157442960781253,,0.0,0.0,0.0,0.0,1.0,0.0,0.0034686108700648483,0.0,0.7856423261755037,-0.156020858599412,4.415,-0.000688832090716404,-0.000688832090716404,-0.156020858599412,-0.156020858599412,0.0,0.0,0.0
RGI60-19.00189,0.048953125,0.02256210937500001,72.21379982471716,0.00043416334797631887,,0.0,0.0,0.0,0.0,1.0,1.0,-0.0036236199825250546,0.0,-0.330652430196647,-0.3702694890502211,10.959,-0.0040577833305013725,-0.0040577833305013725,-0.3702694890502211,-0.3702694890502211,0.0,0.0,0.0
RGI60-19.00190,0.048953125,0.02256210937500001,100.01599530137145,0.00034562324054133515,,0.0,0.0,0.0,0.0,1.0,1.0,-0.0009284619710896527,0.0,-0.19226795839504096,-0.2638403834398401,4.829,-0.0012740852116309882,-0.0012740852116309882,-0.2638403834398401,-0.2638403834398401,0.0,0.0,0.0
RGI60-19.00191,0.048953125,0.02256210937500001,136.10142276190072,0.0007156842070738887,,0.0,0.0,0.0,0.0,1.0,1.0,-0.0012520905296664006,0.0,-0.3628196260986382,-0.5702042123269455,3.451,-0.0019677747367402893,-0.0019677747367402893,-0.5702042123269455,-0.5702042123269455,0.0,0.0,0.0
RGI60-19.00193,0.048953125,0.02256210937500001,496.83206238710665,0.017857699564273816,,0.0,0.0,0.0,0.0,1.0,0.0,0.01150477384785222,0.0,0.7575409131396733,-0.4183134072839663,15.187,-0.006352925716421597,-0.006352925716421597,-0.4183134072839663,-0.4183134072839663,0.0,0.0,0.0
RGI60-19.00194,0.048953125,0.02256210937500001,69.70166658093774,9.776665747707379e-05,,0.0,0.0,0.0,0.0,1.0,1.0,0.00042126418669773016,0.0,0.1514793911174866,0.11632417447704292,2.781,0.00032349752922065635,0.00032349752922065635,0.11632417447704292,0.11632417447704292,0.0,0.0,0.0
RGI60-19.00195,0.048953125,0.02256210937500001,57.033011381551994,0.00010226152807596008,,0.0,0.0,0.0,0.0,1.0,1.0,-0.00014817279656310057,0.0,-0.07082829663628135,-0.1197104802289965,2.092,-0.00025043432463906065,-0.00025043432463906065,-0.1197104802289965,-0.1197104802289965,0.0,0.0,0.0
RGI60-19.00197,0.048953125,0.02256210937500001,80.26717097217801,0.0007663465698871263,,0.0,0.0,0.0,0.0,1.0,1.0,0.03325016834049737,0.0,0.3013428343347596,0.2943975146874229,110.34,0.032483821770610245,0.032483821770610245,0.2943975146874229,0.2943975146874229,0.0,0.0,0.0
RGI60-19.00198,0.048953125,0.02256210937500001,55.12731103169649,5.348290782253626e-07,,0.0,0.0,0.0,0.0,1.0,1.0,-1.18140036636817e-06,0.0,-0.10740003330619724,-0.156020858599412,0.011,-1.7162294445935326e-06,-1.7162294445935326e-06,-0.156020858599412,-0.156020858599412,0.0,0.0,0.0
RGI60-19.00199,0.048953125,0.02256210937500001,309.74813428745534,0.010683549570800312,,0.0,0.0,0.0,0.0,1.0,1.0,-0.024984036227241442,0.0,-0.3918880088347441,-0.5594652141552829,63.753,-0.03566758579804175,-0.03566758579804175,-0.5594652141552829,-0.5594652141552829,0.0,0.0,0.0
RGI60-19.00201,0.048953125,0.02256210937500001,55.35207249200282,3.1271503716981496e-05,,0.0,0.0,0.0,0.0,1.0,1.0,-0.008388397895288105,0.0,-0.2984133011486341,-0.2995257701531514,28.11,-0.008419669399005087,-0.008419669399005087,-0.2995257701531514,-0.2995257701531514,0.0,0.0,0.0
RGI60-19.00202,0.048953125,0.02256210937500001,109.53189237482327,1.1978067349897965e-05,,0.0,0.0,0.0,0.0,1.0,0.0,1.571974879931016e-06,0.0,0.04366596888697266,-0.28905812416574844,0.036000000000000004,-1.0406092469966946e-05,-1.0406092469966946e-05,-0.28905812416574844,-0.28905812416574844,0.0,0.0,0.0
RGI60-19.00203,0.048953125,0.02256210937500001,61.48911914310949,7.962409679409845e-05,,0.0,0.0,0.0,0.0,1.0,1.0,0.0011644896518305029,0.0,0.21689134882296573,0.202061008574484,5.369,0.0010848655550364046,0.0010848655550364046,0.202061008574484,0.202061008574484,0.0,0.0,0.0
RGI60-19.00205,0.015385937500000009,0.014385937500000008,520.5593943988613,0.0039082356403479426,,0.0,0.0,2.0922899907249614e-05,0.00037054253891075485,1.0,0.0,0.009180307192259844,0.005272071551911904,1.0313793048264066,0.5923010394238741,8.901,0.005272071551911904,0.005272071551911904,0.5923010394238741,0.5923010394238741,0.0,0.0,0.0
RGI60-19.00206,0.048953125,0.02256210937500001,242.57015557889983,0.0025187635576737165,,0.0,0.0,0.0,0.0,1.0,1.0,0.0032714219207425703,0.0,0.4334731576444376,0.09972947701985614,7.5470000000000015,0.0007526583630688544,0.0007526583630688544,0.09972947701985614,0.09972947701985614,0.0,0.0,0.0
RGI60-19.00207,0.048953125,0.02256210937500001,89.94318256673388,0.0008250087721679255,,0.0,0.0,0.0,0.0,1.0,1.0,-0.0011880374198732573,0.0,-0.14964572614602056,-0.2535642010380631,7.939,-0.0020130461920411825,-0.0020130461920411825,-0.2535642010380631,-0.2535642010380631,0.0,0.0,0.0
RGI60-19.00210,0.048953125,0.02256210937500001,84.02432078978859,0.0013700309802378182,,0.0,0.0,0.0,0.0,1.0,1.0,-0.1885690115625913,0.0,-1.047111150637706,-1.0547188413406396,180.085,-0.1899390425428291,-0.1899390425428291,-1.0547188413406396,-1.0547188413406396,0.0,0.0,0.0
RGI60-19.00212,0.048953125,0.02256210937500001,144.25237242134824,0.03675611919688502,,0.0,0.0,0.0,0.0,1.0,1.0,-0.5410472398194903,0.0,-0.5493992065575786,-0.5867227177719444,984.798,-0.5778033590163754,-0.5778033590163754,-0.5867227177719444,-0.5867227177719444,0.0,0.0,0.0
RGI60-19.00213,0.048953125,0.02256210937500001,36.22125052650328,0.0,,0.0,0.0,0.0,0.0,1.0,1.0,-0.0009137109583139467,0.0,-0.45961315810560704,-0.45961315810560704,1.988,-0.0009137109583139467,-0.0009137109583139467,-0.45961315810560704,-0.45961315810560704,0.0,0.0,0.0
RGI60-19.00214,0.048953125,0.02256210937500001,126.9951035435494,0.000676765528185281,,0.0,0.0,0.0,0.0,1.0,1.0,-0.002411667234624114,0.0,-0.5300367548624426,-0.6787764313866802,4.55,-0.003088432762809395,-0.003088432762809395,-0.6787764313866802,-0.6787764313866802,0.0,0.0,0.0
RGI60-19.00215,0.048953125,0.02256210937500001,187.14084815986243,0.005325173572894972,,0.0,0.0,0.0,0.0,1.0,1.0,0.009836499834593409,0.0,0.4378978691445224,0.2008336491874832,22.463,0.004511326261698435,0.004511326261698435,0.2008336491874832,0.2008336491874832,0.0,0.0,0.0
RGI60-19.00216,0.048953125,0.02256210937500001,108.6675354117906,0.0008356213703875233,,0.0,0.0,0.0,0.0,1.0,1.0,-0.0013079341488677519,0.0,-0.17182529543717184,-0.2816021438853489,7.612,-0.002143555519255276,-0.002143555519255276,-0.2816021438853489,-0.2816021438853489,0.0,0.0,0.0
RGI60-19.00217,0.048953125,0.02256210937500001,94.10691765610369,0.0017008987946498587,,0.0,0.0,0.0,0.0,1.0,1.0,0.00557032848276571,0.0,0.16096889128061576,0.11181706944418003,34.605,0.00386942968811585,0.00386942968811585,0.11181706944418003,0.11181706944418003,0.0,0.0,0.0
RGI60-19.00218,0.048953125,0.02256210937500001,767.2399641227182,0.007457580817199366,,0.0,0.0,0.0,0.0,1.0,0.0,0.002094386731888221,0.0,0.5020102425427184,-1.2855211134494595,4.172,-0.005363194085311145,-0.005363194085311145,-1.2855211134494595,-1.2855211134494595,0.0,0.0,0.0
RGI60-19.00220,0.048953125,0.02256210937500001,109.75954429113285,0.0004962595713723409,,0.0,0.0,0.0,0.0,1.0,1.0,-0.006918793895012039,0.0,-0.5830280521624707,-0.6248465042878891,11.867,-0.0074150534663843795,-0.0074150534663843795,-0.6248465042878891,-0.6248465042878891,0.0,0.0,0.0
RGI60-19.00221,0.048953125,0.02256210937500001,767.2399641227182,0.005199896692967216,,0.0,0.0,0.0,0.0,1.0,0.0,0.002911138359947206,0.0,0.8610287961985229,-0.6769471555811917,3.381,-0.002288758333020009,-0.002288758333020009,-0.6769471555811917,-0.6769471555811917,0.0,0.0,0.0
RGI60-19.00222,0.048953125,0.02256210937500001,97.07206519472791,0.0006480977255362764,,0.0,0.0,0.0,0.0,1.0,1.0,-0.022018316651342226,0.0,-0.5620502016934839,-0.5785938577378049,39.175,-0.02266641437687851,-0.02266641437687851,-0.5785938577378049,-0.5785938577378049,0.0,0.0,0.0
RGI60-19.00223,0.048953125,0.02256210937500001,137.75403548742648,0.0005537958891595206,,0.0,0.0,0.0,0.0,1.0,1.0,-0.0012569129419806526,0.0,-0.12365105184266133,-0.17813170990065647,10.165,-0.001810708831140173,-0.001810708831140173,-0.17813170990065647,-0.17813170990065647,0.0,0.0,0.0
RGI60-19.00224,0.048953125,0.02256210937500001,100.42743300422885,0.0004273100442808504,,0.0,0.0,0.0,0.0,1.0,1.0,-0.002909874787097341,0.0,-0.17521977401682065,-0.20095049264636544,16.607,-0.003337184831378191,-0.003337184831378191,-0.20095049264636544,-0.20095049264636544,0.0,0.0,0.0
RGI60-19.00225,0.048953125,0.02256210937500001,137.33953558455778,0.0008460538185661387,,0.0,0.0,0.0,0.0,1.0,1.0,0.0029404573744383693,0.0,0.11431682506952685,0.0814245997928711,25.722,0.00209440355587223,0.00209440355587223,0.0814245997928711,0.0814245997928711,0.0,0.0,0.0
RGI60-19.00226,0.048953125,0.02256210937500001,82.66234294660835,0.0005168071259636025,,0.0,0.0,0.0,0.0,1.0,1.0,0.0022072305611474338,0.0,0.061699294491737965,0.04725284942091551,35.774,0.0016904234351838314,0.0016904234351838314,0.04725284942091551,0.04725284942091551,0.0,0.0,0.0
RGI60-19.00227,0.048953125,0.02256210937500001,294.91969058304136,0.0005024598214246057,,0.0,0.0,2.1776818770797796e-06,0.001139944939569474,1.0,1.0,0.007630755074996736,0.007128295253572131,1.404519616233524,1.3120366746865693,5.433,0.007128295253572131,0.007128295253572131,1.3120366746865693,1.3120366746865693,0.0,0.0,0.0
RGI60-19.00229,0.048953125,0.02256210937500001,18.00866652866769,0.0,,0.0,0.0,0.0,0.0,1.0,1.0,-8.269105505768837e-06,0.0,-0.156020858599412,-0.156020858599412,0.053,-8.269105505768837e-06,-8.269105505768837e-06,-0.156020858599412,-0.156020858599412,0.0,0.0,0.0
RGI60-19.00230,0.048953125,0.02256210937500001,239.03089401785846,2.3124589110262225e-05,,0.0,0.0,0.0,0.0,1.0,0.0,2.000417193827399e-05,0.0,1.0002085969136991,-0.156020858599412,0.02,-3.12041717198824e-06,-3.12041717198824e-06,-0.156020858599412,-0.156020858599412,0.0,0.0,0.0
RGI60-19.00231,0.048953125,0.02256210937500001,100.51241306565424,0.000866405708264143,,0.0,0.0,0.0,0.0,1.0,1.0,-0.003664868381639446,0.0,-0.05336694744134444,-0.06598334265145821,68.673,-0.004531274089903589,-0.004531274089903589,-0.06598334265145821,-0.06598334265145821,0.0,0.0,0.0
RGI60-19.00232,0.048953125,0.02256210937500001,,,,0.0,0.0,0.0,0.0,0.0,0.0,,-2.028271161792356e-06,,-0.156020858599412,0.013,-2.028271161792356e-06,-2.028271161792356e-06,-0.156020858599412,-0.156020858599412,0.0,0.0,0.0
RGI60-19.00233,0.048953125,0.02256210937500001,18.960981729042132,0.0,,0.0,0.0,0.0,0.0,1.0,1.0,-2.4963337375905925e-06,0.0,-0.156020858599412,-0.156020858599412,0.016,-2.4963337375905925e-06,-2.4963337375905925e-06,-0.156020858599412,-0.156020858599412,0.0,0.0,0.0
RGI60-19.00235,0.048953125,0.02256210937500001,28.218018918334536,2.06707796537835e-09,,0.0,0.0,0.0,0.0,1.0,1.0,-2.985759263674575e-05,0.0,-0.3981012351566099,-0.3981287961961483,0.075,-2.9859659714711126e-05,-2.9859659714711126e-05,-0.3981287961961483,-0.3981287961961483,0.0,0.0,0.0
RGI60-19.00236,0.048953125,0.02256210937500001,45.85171816454031,1.1086986847298957e-05,,0.0,0.0,0.0,0.0,1.0,1.0,-0.0011848343250556125,0.0,-0.2825743680075393,-0.28521853372356576,4.1930000000000005,-0.0011959213119029114,-0.0011959213119029114,-0.28521853372356576,-0.28521853372356576,0.0,0.0,0.0
RGI60-19.00238,0.048953125,0.02256210937500001,466.72860259752565,0.010558681707650331,,0.0,0.0,0.0,0.0,1.0,1.0,0.01075302688075846,0.0,0.996942970587656,0.01801828046617148,10.786,0.00019434517310812558,0.00019434517310812558,0.01801828046617148,0.01801828046617148,0.0,0.0,0.0
RGI60-19.00239,0.048953125,0.02256210937500001,474.143597230427,0.0025757845899094644,,0.0,0.0,0.0,0.0,1.0,0.0,-0.0023111690522404104,0.0,-0.5921519477941097,-1.2521018811554894,3.903,-0.004886953642149874,-0.004886953642149874,-1.2521018811554894,-1.2521018811554894,0.0,0.0,0.0
RGI60-19.00241,0.048953125,0.02256210937500001,72.74762848361691,0.0004350667374556407,,0.0,0.0,0.0,0.0,1.0,1.0,-0.0016768894979361168,0.0,-0.16217499980039812,-0.2042510865949475,10.34,-0.002111956235391757,-0.002111956235391757,-0.2042510865949475,-0.2042510865949475,0.0,0.0,0.0
RGI60-19.00243,0.048953125,0.02256210937500001,67.69981901996616,7.310222479845434e-05,,0.0,0.0,0.0,0.0,1.0,1.0,-0.001076385287203347,0.0,-0.11134636259473953,-0.11890840095187764,9.667,-0.001149487512001801,-0.001149487512001801,-0.11890840095187764,-0.11890840095187764,0.0,0.0,0.0
RGI60-19.00244,0.048953125,0.02256210937500001,62.976493562648756,2.1124098062732244e-05,,0.0,0.0,0.0,0.0,1.0,1.0,4.175907768912847e-05,0.0,0.01555272912071824,0.007685281052661538,2.685,2.063497962639623e-05,2.063497962639623e-05,0.007685281052661538,0.007685281052661538,0.0,0.0,0.0
RGI60-19.00245,0.048953125,0.02256210937500001,62.331816683704936,5.204309086427044e-05,,0.0,0.0,0.0,0.0,1.0,1.0,-0.0008493364622786352,0.0,-0.22642934211640495,-0.2403037998248215,3.751,-0.0009013795531429056,-0.0009013795531429056,-0.2403037998248215,-0.2403037998248215,0.0,0.0,0.0
RGI60-19.00246,0.048953125,0.02256210937500001,48.16673791331135,9.539752070654162e-06,,0.0,0.0,0.0,0.0,1.0,1.0,-0.0034526241492251024,0.0,-0.2845647530886922,-0.2853510179919028,12.133,-0.003462163901295757,-0.003462163901295757,-0.2853510179919028,-0.2853510179919028,0.0,0.0,0.0
RGI60-19.00247,0.048953125,0.02256210937500001,78.2766147425185,0.00034885072533433464,,0.0,0.0,0.0,0.0,1.0,1.0,-0.0012059251915103905,0.0,-0.09417611804063963,-0.12141943903512105,12.805,-0.001554775916844725,-0.001554775916844725,-0.12141943903512105,-0.12141943903512105,0.0,0.0,0.0
RGI60-19.00248,0.048953125,0.02256210937500001,42.23845470503303,2.8424645894674846e-05,,0.0,0.0,0.0,0.0,1.0,1.0,-0.0007670566089407519,0.0,-0.10282260173468524,-0.10663287598330118,7.46,-0.0007954812548354269,-0.0007954812548354269,-0.10663287598330118,-0.10663287598330118,0.0,0.0,0.0
RGI60-19.00249,0.048953125,0.02256210937500001,144.860152889662,0.0007016557529846015,,0.0,0.0,0.0,0.0,1.0,1.0,-0.006683617309307852,0.0,-0.21663481490042308,-0.2393774491861939,30.852,-0.0073852730622924545,-0.0073852730622924545,-0.2393774491861939,-0.2393774491861939,0.0,0.0,0.0
RGI60-19.00250,0.048953125,0.02256210937500001,135.74127850227458,0.001315932431299834,,0.0,0.0,0.0,0.0,1.0,1.0,-0.0101075135214885,0.0,-0.2693110634272601,-0.3043736098901797,37.531,-0.011423445952788332,-0.011423445952788332,-0.3043736098901797,-0.3043736098901797,0.0,0.0,0.0
RGI60-19.00251,0.048953125,0.02256210937500001,51.81195128583718,8.404738641129804e-05,,0.0,0.0,0.0,0.0,1.0,1.0,0.002442352090230573,0.0,0.2729800033788501,0.26358608514801324,8.947000000000003,0.002358304703819275,0.002358304703819275,0.26358608514801324,0.26358608514801324,0.0,0.0,0.0
RGI60-19.00252,0.048953125,0.02256210937500001,104.4230223319403,0.0013566625018077028,,0.0,0.0,0.0,0.0,1.0,1.0,0.025561549228379603,0.0,0.903075401108624,0.8551452650263875,28.305,0.024204886726571898,0.024204886726571898,0.8551452650263875,0.8551452650263875,0.0,0.0,0.0
RGI60-19.00256,0.048953125,0.02256210937500001,767.2399641227182,0.020286602019813832,,0.0,0.0,0.0,0.0,1.0,1.0,0.01820407622546348,0.0,0.4218202851391111,-0.04825576500023973,43.15600000000001,-0.0020825257943503464,-0.0020825257943503464,-0.04825576500023973,-0.04825576500023973,0.0,0.0,0.0
RGI60-19.00257,0.04655546875,0.02256210937500001,657.1084579171313,0.012027533511487462,,0.0,0.0,1.6719802360203574e-05,0.037324312118294914,1.0,1.0,0.015251117616880245,0.0032235841053927837,1.1106261008505856,0.2347497892071645,13.732,0.0032235841053927837,0.0032235841053927837,0.2347497892071645,0.2347497892071645,0.0,0.0,0.0
RGI60-19.00258,0.048953125,0.02256210937500001,84.112949926861,0.0004285000325613674,,0.0,0.0,0.0,0.0,1.0,1.0,0.02326700222857617,0.0,0.40715727060243534,0.3996588012252131,57.145,0.0228385021960148,0.0228385021960148,0.3996588012252131,0.3996588012252131,0.0,0.0,0.0
RGI60-19.00260,0.048953125,0.02256210937500001,52.339374701693345,0.000248650337721227,,0.0,0.0,0.0,0.0,1.0,1.0,0.007273975132308491,0.0,1.0085933350400011,0.9741160280903024,7.2120000000000015,0.007025324794587262,0.007025324794587262,0.9741160280903024,0.9741160280903024,0.0,0.0,0.0
RGI60-19.00261,0.048953125,0.02256210937500001,588.9272908921977,0.003552875939703148,,0.0,0.0,0.0,0.0,1.0,1.0,0.009315422304505844,0.0,0.8510343782665669,0.526452253316526,10.946,0.005762546364802695,0.005762546364802695,0.526452253316526,0.526452253316526,0.0,0.0,0.0
RGI60-19.00267,0.048953125,0.02256210937500001,126.15366770876994,0.001180577121535292,,0.0,0.0,0.0,0.0,1.0,1.0,0.0016355185795138953,0.0,0.14012325047240365,0.03897716398034644,11.672,0.0004549414579786037,0.0004549414579786037,0.03897716398034644,0.03897716398034644,0.0,0.0,0.0
RGI60-19.00268,0.048953125,0.02256210937500001,48.368690461013394,1.7001772380215618e-05,,0.0,0.0,0.0,0.0,1.0,1.0,0.007664648749537376,0.0,0.9960557179385804,0.9938462608391372,7.695,0.007647646977157159,0.007647646977157159,0.9938462608391372,0.9938462608391372,0.0,0.0,0.0
RGI60-19.00270,0.048953125,0.02256210937500001,56.62292752781833,1.929868409718072e-05,,0.0,0.0,1.0151377488428284e-06,0.025440944162993744,1.0,1.0,0.008954184624158888,0.008934885940061709,1.7717025374275603,1.767884040376278,5.0539999999999985,0.008934885940061709,0.008934885940061709,1.767884040376278,1.767884040376278,0.0,0.0,0.0
RGI60-19.00271,0.048953125,0.02256210937500001,49.67511994198492,3.794528079554114e-06,,0.0,0.0,0.0,0.0,1.0,1.0,0.006701332838104364,0.0,0.7193358563873298,0.7189285433689148,9.316,0.00669753831002481,0.00669753831002481,0.7189285433689148,0.7189285433689148,0.0,0.0,0.0
RGI60-19.00273,0.048953125,0.02256210937500001,60.1309450468835,0.00032921282013512925,,0.0,0.0,0.0,0.0,1.0,1.0,0.01690057365325872,0.0,0.7222467373187487,0.70817781338135,23.4,0.01657136083312359,0.01657136083312359,0.70817781338135,0.70817781338135,0.0,0.0,0.0
RGI60-19.00275,0.048953125,0.02256210937500001,97.13767492361276,0.0006071638406469849,,0.0,0.0,0.0,0.0,1.0,1.0,-0.0006940116649218785,0.0,-0.0425852405302742,-0.07984141287162445,16.297,-0.0013011755055688636,-0.0013011755055688636,-0.07984141287162445,-0.07984141287162445,0.0,0.0,0.0
RGI60-19.00276,0.048953125,0.02256210937500001,62.15635598452784,0.0001635710081805156,,0.0,0.0,0.0,0.0,1.0,1.0,0.0055053636654454775,0.0,0.574253016109886,0.5571912649697467,9.587,0.005341792657264962,0.005341792657264962,0.5571912649697467,0.5571912649697467,0.0,0.0,0.0
RGI60-19.00277,0.04655546875,0.02256210937500001,754.4472689653668,0.02638384999657632,,0.0,0.0,2.9542409322006793e-05,0.16637272023020105,1.0,1.0,0.04588415268015203,0.01950030268357571,1.0772698020837232,0.4578288142083372,42.593,0.01950030268357571,0.01950030268357571,0.4578288142083372,0.4578288142083372,0.0,0.0,0.0
RGI60-19.00278,0.048953125,0.02256210937500001,423.0044900874129,0.008260789717329652,,0.0,0.0,0.0,0.0,1.0,1.0,-0.007379236009308167,0.0,-0.3705179759644591,-0.7852995444184484,19.916,-0.015640025726637818,-0.015640025726637818,-0.7852995444184484,-0.7852995444184484,0.0,0.0,0.0
RGI60-19.00280,0.048953125,0.02256210937500001,37.95364514506518,1.9051587355219268e-06,,0.0,0.0,8.914785500546938e-07,0.01222174870460552,1.0,1.0,0.0056988404152294,0.0056969352564938775,1.684552295367839,1.6839891387803358,3.383,0.0056969352564938775,0.0056969352564938775,1.6839891387803358,1.6839891387803358,0.0,0.0,0.0
RGI60-19.00281,0.048953125,0.02256210937500001,124.63877796022024,0.0006833105046336381,,0.0,0.0,5.09945100534115e-06,0.005839215365125943,1.0,1.0,0.02309290913257596,0.02240959862794232,1.7340924481922324,1.6827813041933108,13.317,0.02240959862794232,0.02240959862794232,1.6827813041933108,1.6827813041933108,0.0,0.0,0.0
RGI60-19.00282,0.048953125,0.02256210937500001,46.443028296552754,1.0722869325072274e-05,,0.0,0.0,0.0,0.0,1.0,1.0,-0.0011063929513759703,0.0,-0.21321891527769712,-0.21528537689362934,5.189,-0.0011171158207010426,-0.0011171158207010426,-0.21528537689362934,-0.21528537689362934,0.0,0.0,0.0
RGI60-19.00283,0.048953125,0.02256210937500001,181.045729154694,0.0007945189655195628,,0.0,0.0,0.0,0.0,1.0,1.0,-0.0007794621409940407,0.0,-0.12862411567558427,-0.25973285586033057,6.06,-0.0015739811065136034,-0.0015739811065136034,-0.25973285586033057,-0.25973285586033057,0.0,0.0,0.0
RGI60-19.00284,0.048953125,0.02256210937500001,50.217620434087316,1.831516708232377e-05,,0.0,0.0,0.0,0.0,1.0,1.0,-0.0019210732709367421,0.0,-0.31451756236685363,-0.31751611624411685,6.108,-0.0019393884380190661,-0.0019393884380190661,-0.31751611624411685,-0.31751611624411685,0.0,0.0,0.0
RGI60-19.00285,0.048953125,0.02256210937500001,428.3817499853869,0.0015490547549437438,,0.0,0.0,0.0,0.0,1.0,0.0,-0.00876737030353207,0.0,-1.1589385728396653,-1.3637045682056592,7.565,-0.010316425058475813,-0.010316425058475813,-1.3637045682056592,-1.3637045682056592,0.0,0.0,0.0
RGI60-19.00286,0.048953125,0.02256210937500001,103.13299954633251,0.00028502457744086784,,0.0,0.0,0.0,0.0,1.0,1.0,0.0005848576235026633,0.0,0.1677732712285322,0.08601062709747431,3.486,0.0002998330460617955,0.0002998330460617955,0.08601062709747431,0.08601062709747431,0.0,0.0,0.0
RGI60-19.00287,0.048953125,0.02256210937500001,241.81385037250482,0.0034761426856501085,,0.0,0.0,0.0,0.0,1.0,1.0,-0.00021348940318072186,0.0,-0.03721921254894034,-0.6432412986106746,5.7360000000000015,-0.0036896320888308303,-0.0036896320888308303,-0.6432412986106746,-0.6432412986106746,0.0,0.0,0.0
RGI60-19.00288,0.048953125,0.02256210937500001,66.49301227762044,1.7038372994802462e-05,,0.0,0.0,0.0,0.0,1.0,1.0,-0.0009058055522203213,0.0,-0.29342583486243,-0.2989452300664476,3.087,-0.0009228439252151234,-0.0009228439252151234,-0.2989452300664476,-0.2989452300664476,0.0,0.0,0.0
RGI60-19.00289,0.048953125,0.02256210937500001,144.87888755142072,0.0020432199873245513,,0.0,0.0,0.0,0.0,1.0,1.0,-0.0002671906629728446,0.0,-0.02901092974732297,-0.2508589196848421,9.21,-0.0023104106502973955,-0.0023104106502973955,-0.2508589196848421,-0.2508589196848421,0.0,0.0,0.0
RGI60-19.00290,0.048953125,0.02256210937500001,177.53325651942032,0.0025169999632399585,,0.0,0.0,0.0,0.0,1.0,1.0,-0.003311234223916014,0.0,-0.29963208975803224,-0.5273942798982874,11.050999999999998,-0.005828234187155973,-0.005828234187155973,-0.5273942798982874,-0.5273942798982874,0.0,0.0,0.0
RGI60-19.00296,0.041760156250000006,0.02256210937500001,607.1319605676406,0.01028019342014295,,0.0,0.0,4.496522536544225e-05,0.025801971538573824,1.0,0.0,0.00553242435949149,-0.004747769060651461,1.0533938232085849,-0.9039925858056854,5.252000000000002,-0.004747769060651461,-0.004747769060651461,-0.9039925858056854,-0.9039925858056854,0.0,0.0,0.0
RGI60-19.00297,0.048953125,0.02256210937500001,52.55441464685232,6.637849747193595e-05,,0.0,0.0,0.0,0.0,1.0,1.0,0.0003256373568736475,0.0,0.07620813406825355,0.06067373260044734,4.273,0.00025925885940171153,0.00025925885940171153,0.06067373260044734,0.06067373260044734,0.0,0.0,0.0
RGI60-19.00298,0.048953125,0.02256210937500001,51.52605301452515,4.3410910335810026e-06,,0.0,0.0,0.0,0.0,1.0,1.0,-0.00038985444098628484,0.0,-0.08303608966694033,-0.08396070969539207,4.695,-0.0003941955320198657,-0.0003941955320198657,-0.08396070969539207,-0.08396070969539207,0.0,0.0,0.0
RGI60-19.00299,0.048953125,0.02256210937500001,125.30239729823299,0.0004955123682591461,,0.0,0.0,0.0,0.0,1.0,1.0,0.0006880941344472527,0.0,0.1709550644589447,0.04784640153741774,4.025,0.0001925817661881064,0.0001925817661881064,0.04784640153741774,0.04784640153741774,0.0,0.0,0.0
RGI60-19.00300,0.048953125,0.02256210937500001,184.400972102818,0.0007551699605488206,,0.0,0.0,0.0,0.0,1.0,1.0,0.0005014812037824755,0.0,0.11681369759666327,-0.05909358415242143,4.293,-0.0002536887567663452,-0.0002536887567663452,-0.05909358415242143,-0.05909358415242143,0.0,0.0,0.0
RGI60-19.00301,0.048953125,0.02256210937500001,71.35604204241076,0.0002718553898464251,,0.0,0.0,0.0,0.0,1.0,1.0,-0.00033901187554790475,0.0,-0.10383212114790344,-0.18709564024328632,3.265,-0.0006108672653943297,-0.0006108672653943297,-0.18709564024328632,-0.18709564024328632,0.0,0.0,0.0
RGI60-19.00302,0.048953125,0.02256210937500001,44.04181292231432,1.658729082889892e-05,,0.0,0.0,0.0,0.0,1.0,1.0,0.002976769339490583,0.0,0.34231478145015903,0.3404073193033215,8.696,0.002960182048661684,0.002960182048661684,0.3404073193033215,0.3404073193033215,0.0,0.0,0.0
RGI60-19.00303,0.048953125,0.02256210937500001,62.22226930755463,0.00034035491126592786,,0.0,0.0,0.0,0.0,1.0,1.0,-0.04046359184970582,0.0,-0.6022353636712232,-0.6073009980945057,67.189,-0.04080394676097174,-0.04080394676097174,-0.6073009980945057,-0.6073009980945057,0.0,0.0,0.0
RGI60-19.00304,0.048953125,0.02256210937500001,75.73640036905263,0.00031931831260824286,,0.0,0.0,0.0,0.0,1.0,1.0,-0.0016012984567505188,0.0,-0.1300811094029666,-0.156020858599412,12.31,-0.0019206167693587614,-0.0019206167693587614,-0.156020858599412,-0.156020858599412,0.0,0.0,0.0
RGI60-19.00305,0.048953125,0.02256210937500001,100.22028061492495,8.279313121996532e-05,,0.0,0.0,0.0,0.0,1.0,1.0,-0.00047032819322722784,0.0,-0.09622098879444103,-0.11315902709639795,4.888,-0.0005531213244471931,-0.0005531213244471931,-0.11315902709639795,-0.11315902709639795,0.0,0.0,0.0
RGI60-19.00306,0.048953125,0.02256210937500001,256.68896427000993,0.001658095185991676,,0.0,0.0,0.0,0.0,1.0,1.0,0.0006724370678807557,0.0,0.07911024328008891,-0.11595977860128474,8.5,-0.0009856581181109203,-0.0009856581181109203,-0.11595977860128474,-0.11595977860128474,0.0,0.0,0.0
RGI60-19.00307,0.048953125,0.02256210937500001,153.01121628503225,0.001058598715707223,,0.0,0.0,0.0,0.0,1.0,1.0,-0.08250417077853106,0.0,-0.3558898771855109,-0.3604562471443472,231.825,-0.0835627694942383,-0.0835627694942383,-0.3604562471443472,-0.3604562471443472,0.0,0.0,0.0
RGI60-19.00308,0.048953125,0.02256210937500001,53.192041034629995,4.2095053531024905e-05,,0.0,0.0,0.0,0.0,1.0,1.0,0.009517919377693885,0.0,0.7253958827599941,0.722187662842989,13.121,0.009475824324162857,0.009475824324162857,0.722187662842989,0.722187662842989,0.0,0.0,0.0
RGI60-19.00310,0.048953125,0.02256210937500001,45.08739216149968,1.3718528803039365e-05,,0.0,0.0,0.0,0.0,1.0,1.0,-0.0025507507722568146,0.0,-1.0938039332147576,-1.099686664262373,2.332,-0.002564469301059854,-0.002564469301059854,-1.099686664262373,-1.099686664262373,0.0,0.0,0.0
RGI60-19.00311,0.048953125,0.02256210937500001,177.5058273118609,0.0008618742871501036,,0.0,0.0,0.0,0.0,1.0,1.0,0.008210820276158923,0.0,0.7137981636233092,0.6388721193609338,11.503,0.007348945989008822,0.007348945989008822,0.6388721193609338,0.6388721193609338,0.0,0.0,0.0
RGI60-19.00312,0.048953125,0.02256210937500001,82.9271215915219,7.371056609721099e-05,,0.0,0.0,0.0,0.0,1.0,1.0,0.003228977079469261,0.0,0.7902538128901763,0.7722140267675108,4.086,0.0031552665133720496,0.0031552665133720496,0.7722140267675108,0.7722140267675108,0.0,0.0,0.0
RGI60-19.00313,0.048953125,0.02256210937500001,62.10111012779225,5.518734704757113e-05,,0.0,0.0,0.0,0.0,1.0,1.0,-0.0016203998126544852,0.0,-0.25083588431183984,-0.25937881729134,6.46,-0.0016755871597020564,-0.0016755871597020564,-0.25937881729134,-0.25937881729134,0.0,0.0,0.0
RGI60-19.00314,0.048953125,0.02256210937500001,156.3552657421686,0.0012141225388166985,,0.0,0.0,0.0,0.0,1.0,1.0,0.014011065046213224,0.0,1.113757157886584,1.0172450323844615,12.58,0.012796942507396526,0.012796942507396526,1.0172450323844615,1.0172450323844615,0.0,0.0,0.0
RGI60-19.00315,0.0441578125,0.02256210937500001,700.844758061882,0.004472087101498307,,0.0,0.0,3.3443317018211447e-06,0.012232888843627726,1.0,0.0,0.003025666421868234,-0.001446420679630072,0.9939771425322717,-0.4751710511268305,3.044,-0.001446420679630072,-0.001446420679630072,-0.4751710511268305,-0.4751710511268305,0.0,0.0,0.0
RGI60-19.00316,0.048953125,0.02256210937500001,60.030641440642405,0.00020605581610517676,,0.0,0.0,0.0,0.0,1.0,1.0,0.002679314521090403,0.0,0.26506871004060184,0.24468329095619576,10.108,0.0024732587049852268,0.0024732587049852268,0.24468329095619576,0.24468329095619576,0.0,0.0,0.0
RGI60-19.00318,0.048953125,0.02256210937500001,232.514982733207,0.003043223458212463,,0.0,0.0,0.0,0.0,1.0,1.0,-0.00832016573938537,0.0,-0.3403905305971186,-0.4648933926931159,24.443,-0.011363389197597832,-0.011363389197597832,-0.4648933926931159,-0.4648933926931159,0.0,0.0,0.0
RGI60-19.00319,0.048953125,0.02256210937500001,91.30040177525213,0.0003925003602488178,,0.0,0.0,0.0,0.0,1.0,1.0,0.0008347603883776693,0.0,0.1890737006517937,0.10017214680155184,4.415,0.0004422600281288514,0.0004422600281288514,0.10017214680155184,0.10017214680155184,0.0,0.0,0.0
RGI60-19.00320,0.048953125,0.02256210937500001,86.5159709213666,9.50673558876928e-06,,0.0,0.0,0.0,0.0,1.0,1.0,5.918255840982803e-06,0.0,0.2573154713470784,-0.156020858599412,0.023,-3.588479747786476e-06,-3.588479747786476e-06,-0.156020858599412,-0.156020858599412,0.0,0.0,0.0
RGI60-19.00321,0.048953125,0.02256210937500001,264.70663102745885,0.0033001763914891485,,0.0,0.0,0.0,0.0,1.0,1.0,0.003289404652687449,0.0,0.6428385094171291,-0.002105088685108369,5.117,-1.0771738801699523e-05,-1.0771738801699523e-05,-0.002105088685108369,-0.002105088685108369,0.0,0.0,0.0
RGI60-19.00322,0.048953125,0.02256210937500001,216.1583436688779,0.003514636410669045,,0.0,0.0,0.0,0.0,1.0,1.0,0.005285837860059836,0.0,0.8427675159534176,0.2823981902727662,6.272,0.0017712014493907898,0.0017712014493907898,0.2823981902727662,0.2823981902727662,0.0,0.0,0.0
RGI60-19.00323,0.048953125,0.02256210937500001,51.97238202016641,5.983464962922682e-05,,0.0,0.0,0.0,0.0,1.0,1.0,0.005677438567020788,0.0,0.7554808472416219,0.7475188180161759,7.515,0.005617603917391562,0.005617603917391562,0.7475188180161759,0.7475188180161759,0.0,0.0,0.0
RGI60-19.00327,0.048953125,0.02256210937500001,85.98570321697613,0.00023983261482177115,,0.0,0.0,0.0,0.0,1.0,1.0,-0.0076766174831392545,0.0,-1.282000247685246,-1.3220524545693095,5.988,-0.007916450097961025,-0.007916450097961025,-1.3220524545693095,-1.3220524545693095,0.0,0.0,0.0
RGI60-19.00328,0.048953125,0.02256210937500001,67.82658508645314,4.604167806226643e-05,,0.0,0.0,0.0,0.0,1.0,1.0,0.0026859746258531838,0.0,0.9856787617809848,0.9687827331342816,2.725,0.0026399329477909176,0.0026399329477909176,0.9687827331342816,0.9687827331342816,0.0,0.0,0.0
RGI60-19.00330,0.048953125,0.02256210937500001,78.00516214666519,0.0006257539356695085,,0.0,0.0,0.0,0.0,1.0,1.0,0.02579476320802743,0.0,1.086919063206954,1.0605515452704335,23.732,0.02516900927235793,0.02516900927235793,1.0605515452704335,1.0605515452704335,0.0,0.0,0.0
RGI60-19.00332,0.048953125,0.02256210937500001,802.9451747478877,0.05788443651095417,,0.0,0.0,0.0,0.0,1.0,1.0,0.00031365376085808883,0.0,0.002275243994473097,-0.4176183870740712,137.855,-0.057570782750096076,-0.057570782750096076,-0.4176183870740712,-0.4176183870740712,0.0,0.0,0.0
RGI60-19.00333,0.048953125,0.02256210937500001,60.75139260375687,4.4639601648337654e-05,,0.0,0.0,0.0,0.0,1.0,1.0,0.002324999091191921,0.0,0.6444010784900004,0.6320286833546518,3.608,0.002280359489543583,0.002280359489543583,0.6320286833546518,0.6320286833546518,0.0,0.0,0.0
RGI60-19.00334,0.048953125,0.02256210937500001,73.27094761649411,0.0001541321690216308,,0.0,0.0,0.0,0.0,1.0,1.0,0.0131814745869639,0.0,0.3813422029440461,0.3768831342342842,34.566,0.013027342417942268,0.013027342417942268,0.3768831342342842,0.3768831342342842,0.0,0.0,0.0
RGI60-19.00335,0.048953125,0.02256210937500001,164.68655246738155,0.0007389040673177106,,0.0,0.0,0.0,0.0,1.0,1.0,-0.0009620058178682002,0.0,-0.14015236274303616,-0.2478015566995791,6.864,-0.001700909885185911,-0.001700909885185911,-0.2478015566995791,-0.2478015566995791,0.0,0.0,0.0
RGI60-19.00336,0.048953125,0.02256210937500001,146.8019402197159,0.0022625589181171873,,0.0,0.0,0.0,0.0,1.0,1.0,0.007827095271357526,0.0,0.5811192569127274,0.4131365619749304,13.469,0.005564536353240338,0.005564536353240338,0.4131365619749304,0.4131365619749304,0.0,0.0,0.0
RGI60-19.00337,0.048953125,0.02256210937500001,54.237626243561685,7.41239930086668e-05,,0.0,0.0,0.0,0.0,1.0,1.0,0.008564805648253774,0.0,0.7149253462649227,0.7087380346615281,11.98,0.008490681655245106,0.008490681655245106,0.7087380346615281,0.7087380346615281,0.0,0.0,0.0
RGI60-19.00338,0.048953125,0.02256210937500001,101.33864337887049,0.0003192793512603047,,0.0,0.0,0.0,0.0,1.0,1.0,-0.05494775446266069,0.0,-1.3412686909624991,-1.3490622650894866,40.967,-0.055267033813921,-0.055267033813921,-1.3490622650894866,-1.3490622650894866,0.0,0.0,0.0
RGI60-19.00339,0.048953125,0.02256210937500001,192.93478622815303,0.0023236759404731424,,0.0,0.0,0.0,0.0,1.0,1.0,0.003083901280841645,0.0,0.4734266627021256,0.11670637709065147,6.5139999999999985,0.0007602253403685036,0.0007602253403685036,0.11670637709065147,0.11670637709065147,0.0,0.0,0.0
RGI60-19.00340,0.048953125,0.02256210937500001,89.78413361275202,0.0004121055621204603,,0.0,0.0,0.0,0.0,1.0,1.0,0.0021940019548727808,0.0,0.7088859304920133,0.5757338910346755,3.095,0.0017818963927523212,0.0017818963927523212,0.5757338910346755,0.5757338910346755,0.0,0.0,0.0
RGI60-19.00341,0.048953125,0.02256210937500001,67.26641415692649,5.110770044295409e-05,,0.0,0.0,0.0,0.0,1.0,1.0,0.0011760052928247613,0.0,0.36555961853427454,0.3496728605476553,3.217,0.0011248975923818072,0.0011248975923818072,0.3496728605476553,0.3496728605476553,0.0,0.0,0.0
RGI60-19.00342,0.048953125,0.02256210937500001,767.2399641227182,0.02009579490774766,,0.0,0.0,0.0,0.0,1.0,0.0,0.0021838305321098587,0.0,0.11618591892476372,-0.9529668214321024,18.796,-0.017911964375637798,-0.017911964375637798,-0.9529668214321024,-0.9529668214321024,0.0,0.0,0.0
RGI60-19.00343,0.048953125,0.02256210937500001,45.71656420430109,7.057857340606665e-05,,0.0,0.0,0.0,0.0,1.0,1.0,0.003606470612169736,0.0,0.3655453691637681,0.3583916520133457,9.866,0.0035358920387636686,0.0035358920387636686,0.3583916520133457,0.3583916520133457,0.0,0.0,0.0
RGI60-19.00344,0.048953125,0.02256210937500001,76.52230439871678,0.0003652969388366693,,0.0,0.0,0.0,0.0,1.0,1.0,0.002458461982621782,0.0,0.2622359448129901,0.2232709380037453,9.375,0.002093165043785112,0.002093165043785112,0.2232709380037453,0.2232709380037453,0.0,0.0,0.0
RGI60-19.00345,0.020181250000000008,0.019181250000000007,611.8691756627047,0.00838691207132521,,0.0,0.0,3.5256530070503864e-05,0.0576913245327895,1.0,0.0,0.012471825670093018,0.0040849135987678096,1.03277787927236,0.3382671082119749,12.076,0.0040849135987678096,0.0040849135987678096,0.3382671082119749,0.3382671082119749,0.0,0.0,0.0
RGI60-19.00346,0.048953125,0.02256210937500001,85.80408507382869,0.0003175219228483457,,0.0,0.0,0.0,0.0,1.0,1.0,-0.060400241085510675,0.0,-0.9254047263710288,-0.9302695461606432,65.26899999999999,-0.060717763008359016,-0.060717763008359016,-0.9302695461606432,-0.9302695461606432,0.0,0.0,0.0
RGI60-19.00347,0.048953125,0.02256210937500001,371.16005595501673,0.0019537394336687827,,0.0,0.0,0.0,0.0,1.0,1.0,0.00036307905540899546,0.0,0.11421171922271013,-0.500365013607986,3.179,-0.0015906603782597875,-0.0015906603782597875,-0.500365013607986,-0.500365013607986,0.0,0.0,0.0
RGI60-19.00348,0.048953125,0.02256210937500001,90.60254499627308,0.0004014149135180016,,0.0,0.0,0.0,0.0,1.0,1.0,-0.0026530591715735103,0.0,-0.4204531175235357,-0.4840687931999226,6.31,-0.003054474085091512,-0.003054474085091512,-0.4840687931999226,-0.4840687931999226,0.0,0.0,0.0
RGI60-19.00349,0.048953125,0.02256210937500001,60.220385835900395,5.8587458466592395e-05,,0.0,0.0,0.0,0.0,1.0,1.0,0.008034898335061609,0.0,0.8292804556777384,0.8232336543084957,9.689,0.007976310876595014,0.007976310876595014,0.8232336543084957,0.8232336543084957,0.0,0.0,0.0
RGI60-19.00350,0.048953125,0.02256210937500001,159.89937508964826,0.0009144737701678508,,0.0,0.0,0.0,0.0,1.0,1.0,-0.002146602860782317,0.0,-0.2042632848779444,-0.2912814379056207,10.509,-0.003061076630950169,-0.003061076630950169,-0.2912814379056207,-0.2912814379056207,0.0,0.0,0.0
RGI60-19.00351,0.048953125,0.02256210937500001,68.33069508801549,0.00011635911571773955,,0.0,0.0,0.0,0.0,1.0,1.0,0.0013706851651297456,0.0,0.2766266730837024,0.2531435013949558,4.955,0.001254326049412006,0.001254326049412006,0.2531435013949558,0.2531435013949558,0.0,0.0,0.0
RGI60-19.00353,0.048953125,0.02256210937500001,19.312095205040237,4.262832042257797e-05,,0.0,0.0,0.0,0.0,1.0,1.0,0.0007163685742731298,0.0,0.2181390299248264,0.20515842078275026,3.284,0.0006737402538505517,0.0006737402538505517,0.20515842078275026,0.20515842078275026,0.0,0.0,0.0
RGI60-19.00375,0.048953125,0.02256210937500001,8.305734118141118,0.0,,0.0,0.0,0.0,0.0,1.0,1.0,-3.636904605108885e-06,0.0,-0.09092261512772212,-0.09092261512772212,0.04,-3.636904605108885e-06,-3.636904605108885e-06,-0.09092261512772212,-0.09092261512772212,0.0,0.0,0.0
RGI60-19.00376,0.048953125,0.02256210937500001,770.6450389116823,0.1327498240122129,,0.0,0.0,0.0,0.0,1.0,1.0,0.12441155383517352,0.0,0.4390691252083921,-0.029427146269986163,283.353,-0.00833827017703939,-0.00833827017703939,-0.029427146269986163,-0.029427146269986163,0.0,0.0,0.0
RGI60-19.00377,0.048953125,0.02256210937500001,668.1546188417237,0.050415816879499316,,0.0,0.0,0.0,0.0,1.0,1.0,0.029746254093188058,0.0,0.08346217801480359,-0.05799475535154276,356.404,-0.020669562786311248,-0.020669562786311248,-0.05799475535154276,-0.05799475535154276,0.0,0.0,0.0
RGI60-19.00383,0.048953125,0.02256210937500001,112.99021179235541,0.0029814294259397764,,0.0,0.0,0.0,0.0,1.0,1.0,0.0007444792910089237,0.0,0.0032431412559470445,-0.009744724074539229,229.555,-0.002236950134930852,-0.002236950134930852,-0.009744724074539229,-0.009744724074539229,0.0,0.0,0.0
RGI60-19.00386,0.048953125,0.02256210937500001,56.60721501368928,8.209031654291068e-05,,0.0,0.0,0.0,0.0,1.0,1.0,-0.006846326785454359,0.0,-0.01637657822266481,-0.01657294023288093,418.056,-0.006928417101997271,-0.006928417101997271,-0.01657294023288093,-0.01657294023288093,0.0,0.0,0.0
RGI60-19.00387,0.048953125,0.02256210937500001,790.6048734966902,0.07150025984515382,,0.0,0.0,0.0,0.0,1.0,1.0,0.08074664120449977,0.0,0.30908633419651343,0.03539379565900684,261.243,0.009246381359345924,0.009246381359345924,0.03539379565900684,0.03539379565900684,0.0,0.0,0.0
RGI60-19.00395,0.048953125,0.02256210937500001,96.03224292757342,0.0041702350173312705,,0.0,0.0,0.0,0.0,1.0,1.0,-0.013150591667979612,0.0,-0.06648932764355038,-0.0875740156498768,197.785,-0.017320826685310882,-0.017320826685310882,-0.0875740156498768,-0.0875740156498768,0.0,0.0,0.0
RGI60-19.00396,0.048953125,0.02256210937500001,258.85866323981537,0.01123508669258248,,0.0,0.0,0.0,0.0,1.0,1.0,0.011538816060883342,0.0,0.3796037786914282,0.009992083702367472,30.397,0.000303729368300864,0.000303729368300864,0.009992083702367472,0.009992083702367472,0.0,0.0,0.0
RGI60-19.00397,0.048953125,0.02256210937500001,82.12361745921008,4.3381823936006076e-05,,0.0,0.0,0.0,0.0,1.0,1.0,4.637426188432178e-05,0.0,0.13325937323080972,0.008598959621596876,0.348,2.9924379483157124e-06,2.9924379483157124e-06,0.008598959621596876,0.008598959621596876,0.0,0.0,0.0
RGI60-19.00404,0.048953125,0.02256210937500001,0.1539919268359995,6.686099218721809e-06,,0.0,0.0,0.0,0.0,1.0,1.0,3.877723763932393e-06,0.0,0.215429097996244,-0.156020858599412,0.018000000000000002,-2.8083754547894167e-06,-2.8083754547894167e-06,-0.156020858599412,-0.156020858599412,0.0,0.0,0.0
RGI60-19.00405,0.03456718750000001,0.02256210937500001,682.8457680617646,0.0022486754696121733,,0.0,0.0,2.7569148125161257e-06,0.009669484520267077,1.0,0.0,0.002256331453512684,7.655983900511381e-06,1.0618030369471454,0.0036028159531818265,2.125,7.655983900511381e-06,7.655983900511381e-06,0.0036028159531818265,0.0036028159531818265,0.0,0.0,0.0
RGI60-19.00406,0.00579531250000001,0.00479531250000001,200.2464505573001,8.072302260410292e-05,,0.0,0.0,3.6053733243756134e-06,0.0001060880656611034,1.0,1.0,8.174245129911244e-05,1.0194286950095295e-06,1.0347145734064866,0.012904160696323158,0.079,1.0194286950095295e-06,1.0194286950095295e-06,0.012904160696323158,0.012904160696323158,0.0,0.0,0.0
RGI60-19.00413,0.01778359375000001,0.01678359375000001,231.44463499741246,0.0004350903828400207,,0.0,0.0,2.818975632539408e-06,0.0013308733827272887,1.0,1.0,0.00042374468126999597,-1.134570157002467e-05,1.0017604758155934,-0.026821989527245082,0.423,-1.134570157002467e-05,-1.134570157002467e-05,-0.026821989527245082,-0.026821989527245082,0.0,0.0,0.0
RGI60-19.00415,0.048953125,0.02256210937500001,192.10961231969918,0.02477605071380469,,0.0,0.0,0.0,0.0,1.0,1.0,0.008283222750269102,0.0,0.025262816349385157,-0.05030110821434418,327.88199999999995,-0.01649282796353559,-0.01649282796353559,-0.05030110821434418,-0.05030110821434418,0.0,0.0,0.0
RGI60-19.00416,0.048953125,0.02256210937500001,349.1675109087281,0.02767864019469982,,0.0,0.0,0.0,0.0,1.0,1.0,0.02484977032088963,0.0,0.2711761659688731,-0.03087038940395467,91.637,-0.0028288698738101943,-0.0028288698738101943,-0.03087038940395467,-0.03087038940395467,0.0,0.0,0.0
RGI60-19.00417,0.048953125,0.02256210937500001,768.0756229574816,1.6538102536053858,,0.0,0.0,0.0,0.0,1.0,1.0,2.6419033976850823,0.0,0.8991812786760935,0.33630103868414424,2938.121,0.9880931440796964,0.9880931440796964,0.33630103868414424,0.33630103868414424,0.0,0.0,0.0
RGI60-19.00418,0.048953125,0.02256210937500001,780.519035846916,0.1146957060967603,,0.0,0.0,0.0,0.0,1.0,1.0,-0.6754187564165144,0.0,-0.2797319867652898,-0.32723445458261685,2414.521,-0.7901144625132747,-0.7901144625132747,-0.32723445458261685,-0.32723445458261685,0.0,0.0,0.0
RGI60-19.00419,0.048953125,0.02256210937500001,717.2798017423944,0.2448736835700933,,0.0,0.0,0.0,0.0,1.0,1.0,0.14835298950596235,0.0,0.4317971816770402,-0.2809337635135999,343.571,-0.096520694064131,-0.096520694064131,-0.2809337635135999,-0.2809337635135999,0.0,0.0,0.0
RGI60-19.00420,0.048953125,0.02256210937500001,255.33893887669862,0.046236191969534234,,0.0,0.0,0.0,0.0,1.0,1.0,0.042658022141270825,0.0,0.1294648542201576,-0.010859557286949395,329.495,-0.0035781698282633906,-0.0035781698282633906,-0.010859557286949395,-0.010859557286949395,0.0,0.0,0.0
RGI60-19.00421,0.048953125,0.02256210937500001,768.6074212267167,0.4648405279301109,,0.0,0.0,0.0,0.0,1.0,1.0,0.31029626029688523,0.0,0.2560722030784205,-0.12753776358154326,1211.753,-0.1545442676332258,-0.1545442676332258,-0.12753776358154326,-0.12753776358154326,0.0,0.0,0.0
RGI60-19.00422,0.048953125,0.02256210937500001,586.4869565932894,0.25518796878086103,,0.0,0.0,0.0,0.0,1.0,1.0,0.2032401239345643,0.0,0.5442158330577025,-0.1391006810627699,373.455,-0.051947844846296734,-0.051947844846296734,-0.1391006810627699,-0.1391006810627699,0.0,0.0,0.0
RGI60-19.00423,0.048953125,0.02256210937500001,767.1687089208589,1.000427427630943,,0.0,0.0,0.0,0.0,1.0,1.0,0.4661253931946038,0.0,0.08860481595297902,-0.10156437326890982,5260.723000000001,-0.5343020344363392,-0.5343020344363392,-0.10156437326890982,-0.10156437326890982,0.0,0.0,0.0
RGI60-19.00424,0.048953125,0.02256210937500001,775.6351163736142,0.15967355822437398,,0.0,0.0,0.0,0.0,1.0,1.0,0.1371035068911526,0.0,0.2657946142415598,-0.043755249034500864,515.825,-0.02257005133322141,-0.02257005133322141,-0.043755249034500864,-0.043755249034500864,0.0,0.0,0.0
RGI60-19.00425,0.048953125,0.02256210937500001,771.8031578463272,0.3151794966706607,,0.0,0.0,0.0,0.0,1.0,1.0,0.20219124893691154,0.0,0.1750593287516756,-0.09782642378983417,1154.987,-0.1129882477337492,-0.1129882477337492,-0.09782642378983417,-0.09782642378983417,0.0,0.0,0.0
RGI60-19.00426,0.048953125,0.02256210937500001,788.0282879842682,0.06763151965869135,,0.0,0.0,0.0,0.0,1.0,1.0,0.040381913362194516,0.0,0.08573945900963623,-0.05785675584838725,470.984,-0.027249606296496826,-0.027249606296496826,-0.05785675584838725,-0.05785675584838725,0.0,0.0,0.0
RGI60-19.00427,0.048953125,0.02256210937500001,609.3337814986072,0.14040492157341694,,0.0,0.0,0.0,0.0,1.0,1.0,0.12960847955748336,0.0,0.5003763369809644,-0.041681563789691935,259.022,-0.010796442015933584,-0.010796442015933584,-0.041681563789691935,-0.041681563789691935,0.0,0.0,0.0
RGI60-19.00428,0.048953125,0.02256210937500001,760.0063891589416,0.01687856205175192,,0.0,0.0,0.0,0.0,1.0,1.0,-0.06388673822964543,0.0,-0.32534190005319313,-0.4112956300486706,196.368,-0.08076530028139735,-0.08076530028139735,-0.4112956300486706,-0.4112956300486706,0.0,0.0,0.0
RGI60-19.00429,0.048953125,0.02256210937500001,774.6635002169871,0.06347189957772244,,0.0,0.0,0.0,0.0,1.0,1.0,-0.020920475224229,0.0,-0.05599219345299386,-0.2258703076876484,373.632,-0.08439237480195143,-0.08439237480195143,-0.2258703076876484,-0.2258703076876484,0.0,0.0,0.0
RGI60-19.00430,0.048953125,0.02256210937500001,401.73731362773293,0.024574893580126187,,0.0,0.0,0.0,0.0,1.0,1.0,-0.014422959104163744,0.0,-0.05990123351356946,-0.1619653403506532,240.779,-0.038997852684289916,-0.038997852684289916,-0.1619653403506532,-0.1619653403506532,0.0,0.0,0.0
RGI60-19.00431,0.048953125,0.02256210937500001,759.9014036854743,0.1918033597626515,,0.0,0.0,0.0,0.0,1.0,1.0,0.1335186925436847,0.0,0.33176879460220576,-0.1448264165760956,402.445,-0.05828466721896679,-0.05828466721896679,-0.1448264165760956,-0.1448264165760956,0.0,0.0,0.0
RGI60-19.00432,0.048953125,0.02256210937500001,799.6341017579247,0.04718940032794567,,0.0,0.0,0.0,0.0,1.0,1.0,0.5467576570738456,0.0,0.5057480638226578,0.4620981075028189,1081.087,0.4995682567459,0.4995682567459,0.4620981075028189,0.4620981075028189,0.0,0.0,0.0
RGI60-19.00433,0.04655546875,0.02256210937500001,248.60544639463487,0.003916815599151406,,0.0,0.0,3.7176316347555305e-06,0.016398781569058333,1.0,1.0,0.0036904272922209467,-0.00022638830693045992,1.0999783285308335,-0.06747788582129953,3.355,-0.00022638830693045992,-0.00022638830693045992,-0.06747788582129953,-0.06747788582129953,0.0,0.0,0.0
RGI60-19.00434,0.048953125,0.02256210937500001,257.92351787118696,0.007858716409612075,,0.0,0.0,0.0,0.0,1.0,1.0,0.007095898866487616,0.0,0.9157180109030344,-0.09844077211568728,7.749,-0.0007628175431244607,-0.0007628175431244607,-0.09844077211568728,-0.09844077211568728,0.0,0.0,0.0
RGI60-19.00435,0.02737421875000001,0.02256210937500001,376.05522360708636,0.0052362583233238474,,0.0,0.0,1.7717601272180523e-05,0.02850389586493837,1.0,1.0,0.00499411313802478,-0.00024214518529906847,0.9934579546498468,-0.04816892486553979,5.027,-0.00024214518529906847,-0.00024214518529906847,-0.04816892486553979,-0.04816892486553979,0.0,0.0,0.0
RGI60-19.00436,0.048953125,0.02256210937500001,115.78256082364824,0.0010238992850122024,,0.0,0.0,0.0,0.0,1.0,1.0,-0.0008613552704849209,0.0,-0.04785041222626082,-0.10473054583062738,18.000999999999994,-0.001885254555497123,-0.001885254555497123,-0.10473054583062738,-0.10473054583062738,0.0,0.0,0.0
RGI60-19.00437,0.048953125,0.02256210937500001,109.93652554563778,0.002454844877318333,,0.0,0.0,0.0,0.0,1.0,1.0,0.010470539327048826,0.0,0.6372041946840814,0.4878100322377369,16.432000000000002,0.008015694449730494,0.008015694449730494,0.4878100322377369,0.4878100322377369,0.0,0.0,0.0
RGI60-19.00438,0.0441578125,0.02256210937500001,156.1847973223345,0.00010397352381192027,,0.0,0.0,0.0,0.0,1.0,0.0,8.972059474915108e-05,-1.4252929062769214e-05,1.0681023184422749,-0.16967772693772876,0.084,-1.4252929062769214e-05,-1.4252929062769214e-05,-0.16967772693772876,-0.16967772693772876,0.0,0.0,0.0
RGI60-19.00440,0.048953125,0.02256210937500001,104.51930904653092,0.0003150892484918433,,0.0,0.0,0.0,0.0,1.0,1.0,-0.0006332284781248974,0.0,-0.14424338909450968,-0.2160177053796676,4.39,-0.0009483177266167408,-0.0009483177266167408,-0.2160177053796676,-0.2160177053796676,0.0,0.0,0.0
RGI60-19.00441,0.008192968750000008,0.007192968750000008,453.730479320988,0.0007596918154185522,,0.0,0.0,2.512331059984224e-05,0.0035137793405692268,1.0,0.0,0.0008555994237905286,9.590760837197654e-05,0.908279643089733,0.10181274774095173,0.942,9.590760837197654e-05,9.590760837197654e-05,0.10181274774095173,0.10181274774095173,0.0,0.0,0.0
RGI60-19.00442,0.048953125,0.02256210937500001,70.99196535584981,0.0004826755034213928,,0.0,0.0,0.0,0.0,1.0,1.0,-0.0072328068629179095,0.0,-0.21742993725891807,-0.2319399478833399,33.265,-0.007715482366339302,-0.007715482366339302,-0.2319399478833399,-0.2319399478833399,0.0,0.0,0.0
RGI60-19.00443,0.048953125,0.02256210937500001,74.21944496449662,0.0003743795766953167,,0.0,0.0,0.0,0.0,1.0,1.0,0.0008027532425700058,0.0,0.17512068991492274,0.09344975259046448,4.584,0.0004283736658746892,0.0004283736658746892,0.09344975259046448,0.09344975259046448,0.0,0.0,0.0
RGI60-19.00444,0.048953125,0.02256210937500001,,,,0.0,0.0,0.0,0.0,0.0,0.0,,-3.12041717198824e-06,,-0.156020858599412,0.02,-3.12041717198824e-06,-3.12041717198824e-06,-0.156020858599412,-0.156020858599412,0.0,0.0,0.0
RGI60-19.00455,0.048953125,0.02256210937500001,119.63831976613413,0.0014208939836391115,,0.0,0.0,0.0,0.0,1.0,1.0,0.0015714043755266304,0.0,0.395720064348182,0.03790239030156619,3.971,0.00015051039188751936,0.00015051039188751936,0.03790239030156619,0.03790239030156619,0.0,0.0,0.0
RGI60-19.00456,0.048953125,0.02256210937500001,155.5518910200794,0.0003172076201221871,,0.0,0.0,0.0,0.0,1.0,1.0,0.0003058426757541428,0.0,0.9075450319114028,-0.033723870528321494,0.337,-1.1364944368044342e-05,-1.1364944368044342e-05,-0.033723870528321494,-0.033723870528321494,0.0,0.0,0.0
RGI60-19.00457,0.008192968750000008,0.007192968750000008,188.02268263190723,0.00010595930169225384,,0.0,0.0,2.5934830060371223e-06,0.0001950798334486895,1.0,1.0,0.00010436520264325097,-1.5940990490028718e-06,0.9487745694840996,-0.014491809536389746,0.11,-1.5940990490028718e-06,-1.5940990490028718e-06,-0.014491809536389746,-0.014491809536389746,0.0,0.0,0.0
RGI60-19.00458,0.039362500000000016,0.02256210937500001,162.90972431788163,0.0005945803024627247,,0.0,0.0,6.485705979897425e-07,0.0005689981613878256,1.0,1.0,0.00055649999895238,-3.808030351034454e-05,1.0640535352817977,-0.07281128778268554,0.523,-3.808030351034454e-05,-3.808030351034454e-05,-0.07281128778268554,-0.07281128778268554,0.0,0.0,0.0
RGI60-19.00459,0.048953125,0.02256210937500001,88.2982644244684,7.682030771727253e-05,,0.0,0.0,0.0,0.0,1.0,1.0,4.148606991786031e-05,0.0,0.08715560907113509,-0.07423159201557189,0.476,-3.5334237799412226e-05,-3.5334237799412226e-05,-0.07423159201557189,-0.07423159201557189,0.0,0.0,0.0
RGI60-19.00460,0.048953125,0.02256210937500001,100.82342629041216,5.763971185019806e-05,,0.0,0.0,0.0,0.0,1.0,1.0,5.5078448515868614e-05,0.0,0.4917718617488269,-0.022868422627941545,0.112,-2.5612633343294527e-06,-2.5612633343294527e-06,-0.022868422627941545,-0.022868422627941545,0.0,0.0,0.0
RGI60-19.00461,0.02737421875000001,0.02256210937500001,156.48367626277326,0.00046383409349326835,,0.0,0.0,8.521642177334596e-07,0.0005529093888418979,1.0,1.0,0.00043482394885247015,-2.9010144640798103e-05,1.0159438057300705,-0.06778071177756566,0.428,-2.9010144640798103e-05,-2.9010144640798103e-05,-0.06778071177756566,-0.06778071177756566,0.0,0.0,0.0
RGI60-19.00462,0.032169531250000015,0.02256210937500001,194.28612853582212,0.0008092402131432968,,0.0,0.0,1.2622480618888286e-06,0.0008773431773796866,1.0,1.0,0.0007663717497890704,-4.286846335422628e-05,1.0273079755885663,-0.057464428088775166,0.746,-4.286846335422628e-05,-4.286846335422628e-05,-0.057464428088775166,-0.057464428088775166,0.0,0.0,0.0
RGI60-19.00464,0.015385937500000009,0.014385937500000008,288.32407015628866,0.0004422688135930056,,0.0,0.0,3.2434197363163488e-06,0.00015418974674635821,1.0,1.0,0.00045408566572367753,1.1816852130671968e-05,1.0462803357688422,0.02722776988634094,0.434,1.1816852130671968e-05,1.1816852130671968e-05,0.02722776988634094,0.02722776988634094,0.0,0.0,0.0
RGI60-19.00468,0.048953125,0.02256210937500001,141.26410198225864,0.0002229329871863292,,0.0,0.0,0.0,0.0,1.0,1.0,0.0001914688882861829,0.0,0.6078377405910569,-0.0998860282544326,0.315,-3.1464098900146274e-05,-3.1464098900146274e-05,-0.0998860282544326,-0.0998860282544326,0.0,0.0,0.0
RGI60-19.00496,0.00579531250000001,0.00479531250000001,376.4188525666605,0.006408939337714164,,0.0,0.0,0.00033006150717605266,0.0,1.0,1.0,0.0070141464344183795,0.0006052070967042171,0.6617743593186509,0.057100395952846224,10.599,0.0006052070967042171,0.0006052070967042171,0.057100395952846224,0.057100395952846224,0.0,0.0,0.0
RGI60-19.00501,0.048953125,0.02256210937500001,767.6294362112037,0.3025618832005101,,0.0,0.0,0.0,0.0,1.0,1.0,0.28506263783975777,0.0,0.9397679706453232,-0.057689883266088475,303.333,-0.01749924536075241,-0.01749924536075241,-0.057689883266088475,-0.057689883266088475,0.0,0.0,0.0
RGI60-19.00502,0.048953125,0.02256210937500001,19.077541994968183,0.0,,0.0,0.0,0.0,0.0,1.0,1.0,7.260191202722054e-05,0.0,0.8643084765145304,0.8643084765145304,0.084,7.260191202722054e-05,7.260191202722054e-05,0.8643084765145304,0.8643084765145304,0.0,0.0,0.0
RGI60-19.00503,0.048953125,0.02256210937500001,35.667943952937506,0.0,,0.0,0.0,0.0,0.0,1.0,1.0,0.00018863116959603446,0.0,0.5804035987570291,0.5804035987570291,0.325,0.00018863116959603446,0.00018863116959603446,0.5804035987570291,0.5804035987570291,0.0,0.0,0.0
RGI60-19.00504,0.048953125,0.02256210937500001,22.12854692246063,0.0,,0.0,0.0,0.0,0.0,1.0,1.0,-5.437518516925613e-05,0.0,-0.327561356441302,-0.327561356441302,0.166,-5.437518516925613e-05,-5.437518516925613e-05,-0.327561356441302,-0.327561356441302,0.0,0.0,0.0
RGI60-19.00505,0.048953125,0.02256210937500001,149.7792914589941,0.0006933140024419664,,0.0,0.0,0.0,0.0,1.0,1.0,0.0009530281112232063,0.0,1.0954346106013864,0.29852196411636744,0.87,0.00025971410878123963,0.00025971410878123963,0.29852196411636744,0.29852196411636744,0.0,0.0,0.0
RGI60-19.00506,0.048953125,0.02256210937500001,100.81720903201777,6.933602004694736e-06,,0.0,0.0,0.0,0.0,1.0,1.0,-8.06692885148275e-05,0.0,-0.08536432647071693,-0.09270147144922987,0.945,-8.760289051952224e-05,-8.760289051952224e-05,-0.09270147144922987,-0.09270147144922987,0.0,0.0,0.0
RGI60-19.00507,0.048953125,0.02256210937500001,110.06020925614028,9.189842821969672e-05,,0.0,0.0,0.0,0.0,1.0,1.0,-0.00016128641261106181,0.0,-0.6834170025892448,-1.0728171221642309,0.236,-0.0002531848408307585,-0.0002531848408307585,-1.0728171221642309,-1.0728171221642309,0.0,0.0,0.0
RGI60-19.00508,0.048953125,0.02256210937500001,27.21805914494139,0.0,,0.0,0.0,0.0,0.0,1.0,1.0,-0.00012003349758493191,0.0,-0.9920123767349744,-0.9920123767349744,0.121,-0.00012003349758493191,-0.00012003349758493191,-0.9920123767349744,-0.9920123767349744,0.0,0.0,0.0
RGI60-19.00510,0.048953125,0.02256210937500001,78.25337843766394,5.9940007092182106e-05,,0.0,0.0,0.0,0.0,1.0,1.0,-1.6010821090945582e-05,0.0,-0.10891715027854136,-0.5166723005654945,0.147,-7.59508281831277e-05,-7.59508281831277e-05,-0.5166723005654945,-0.5166723005654945,0.0,0.0,0.0
RGI60-19.00511,0.048953125,0.02256210937500001,,,,0.0,0.0,0.0,0.0,0.0,0.0,,-2.028271161792356e-06,,-0.156020858599412,0.013,-2.028271161792356e-06,-2.028271161792356e-06,-0.156020858599412,-0.156020858599412,0.0,0.0,0.0
RGI60-19.00512,0.048953125,0.02256210937500001,782.7365487866218,0.07243374681708263,,0.0,0.0,0.0,0.0,1.0,1.0,0.30077152318971395,0.0,0.2403505256085559,0.1824677548772932,1251.387,0.2283377763726313,0.2283377763726313,0.1824677548772932,0.1824677548772932,0.0,0.0,0.0
RGI60-19.00515,0.048953125,0.02256210937500001,239.65373016550916,0.11682189305890818,,0.0,0.0,0.0,0.0,1.0,1.0,0.1082077821003979,0.0,0.4864429823751182,-0.03872432965385129,222.447,-0.008614110958510258,-0.008614110958510258,-0.03872432965385129,-0.03872432965385129,0.0,0.0,0.0
RGI60-19.00516,0.048953125,0.02256210937500001,59.99279321692804,0.00011308946888530579,,0.0,0.0,0.0,0.0,1.0,1.0,0.0006950320784540675,0.0,0.07521178210735499,0.06297398653487303,9.241,0.0005819426095687617,0.0005819426095687617,0.06297398653487303,0.06297398653487303,0.0,0.0,0.0
RGI60-19.00517,0.012988281250000008,0.011988281250000007,405.09277044508207,0.000103187504097841,,0.0,0.0,1.088272773862716e-06,0.0006568588206204354,1.0,0.0,0.00010889026966581237,5.702765567971376e-06,0.9551778040860734,0.05002425936816996,0.114,5.702765567971376e-06,5.702765567971376e-06,0.05002425936816996,0.05002425936816996,0.0,0.0,0.0
RGI60-19.00518,0.048953125,0.02256210937500001,106.4411617039863,0.0025209284798508205,,0.0,0.0,0.0,0.0,1.0,1.0,-0.003513394453625991,0.0,-0.12189128690070745,-0.20935064298767733,28.824,-0.0060343229334768106,-0.0060343229334768106,-0.20935064298767733,-0.20935064298767733,0.0,0.0,0.0
RGI60-19.00519,0.03456718750000001,0.02256210937500001,681.0509684451032,0.4767880604286792,,0.0,0.0,0.0011116384898088806,2.9529830744665166,1.0,1.0,0.3170837492437525,-0.15970431118492673,0.9415467256301869,-0.474225095495508,336.769,-0.15970431118492673,-0.15970431118492673,-0.474225095495508,-0.474225095495508,0.0,0.0,0.0
RGI60-19.00520,0.048953125,0.02256210937500001,95.74950324614436,0.0009623761723901396,,0.0,0.0,0.0,0.0,1.0,1.0,-0.026994444775757003,0.0,-1.3201508595342824,-1.3672154219555528,20.448,-0.027956820948147144,-0.027956820948147144,-1.3672154219555528,-1.3672154219555528,0.0,0.0,0.0
RGI60-19.00521,0.039362500000000016,0.02256210937500001,442.97999878130713,0.22215602227248468,,0.0,0.0,0.000356841062704108,0.4243942250498819,1.0,1.0,0.17753555569096094,-0.044620466581523716,1.0271135829016131,-0.2581470912850159,172.84900000000005,-0.044620466581523716,-0.044620466581523716,-0.2581470912850159,-0.2581470912850159,0.0,0.0,0.0
RGI60-19.00522,0.048953125,0.02256210937500001,73.25683570770731,0.0003858254766154104,,0.0,0.0,0.0,0.0,1.0,1.0,0.00820389188623118,0.0,0.20785132724173244,0.19807616948608486,39.47,0.007818066409615769,0.007818066409615769,0.19807616948608486,0.19807616948608486,0.0,0.0,0.0
RGI60-19.00523,0.048953125,0.02256210937500001,,,,0.0,0.0,0.0,0.0,0.0,0.0,,-1.56020858599412e-06,,-0.156020858599412,0.01,-1.56020858599412e-06,-1.56020858599412e-06,-0.156020858599412,-0.156020858599412,0.0,0.0,0.0
RGI60-19.00524,0.048953125,0.02256210937500001,66.29347983633309,2.099692709826758e-05,,0.0,0.0,0.0,0.0,1.0,1.0,1.225583361913468e-05,0.0,0.21885417177026215,-0.15609095498451608,0.056,-8.741093479132902e-06,-8.741093479132902e-06,-0.15609095498451608,-0.15609095498451608,0.0,0.0,0.0
RGI60-19.00525,0.048953125,0.02256210937500001,98.8278364523768,0.0006280451310581981,,0.0,0.0,0.0,0.0,1.0,1.0,0.0007468437596165834,0.0,0.29945619872356993,0.047633772477299705,2.494,0.00011879862855838547,0.00011879862855838547,0.047633772477299705,0.047633772477299705,0.0,0.0,0.0
RGI60-19.00526,0.048953125,0.02256210937500001,210.09132726409382,0.0008719968265753702,,0.0,0.0,0.0,0.0,1.0,0.0,0.0006016373848320236,0.0,0.4236882991774814,-0.1903939730586948,1.42,-0.00027035944174334656,-0.00027035944174334656,-0.1903939730586948,-0.1903939730586948,0.0,0.0,0.0
RGI60-19.00528,0.048953125,0.02256210937500001,94.44647929961495,0.0008569337030715287,,0.0,0.0,0.0,0.0,1.0,1.0,0.00013738690017443895,0.0,0.012886868039999902,-0.06749336862368349,10.661,-0.0007195468028970898,-0.0007195468028970898,-0.06749336862368349,-0.06749336862368349,0.0,0.0,0.0
RGI60-19.00529,0.048953125,0.02256210937500001,80.23679120732065,0.0010863412903650178,,0.0,0.0,0.0,0.0,1.0,1.0,0.0008507658912782903,0.0,0.17028940978348486,-0.04715280205899272,4.996,-0.00023557539908672758,-0.00023557539908672758,-0.04715280205899272,-0.04715280205899272,0.0,0.0,0.0
RGI60-19.00530,0.048953125,0.02256210937500001,72.53407189453326,0.0002601419492545789,,0.0,0.0,0.0,0.0,1.0,1.0,-0.00022309729773600337,0.0,-0.032973292600650815,-0.07142170366399384,6.766,-0.00048323924699058234,-0.00048323924699058234,-0.07142170366399384,-0.07142170366399384,0.0,0.0,0.0
RGI60-19.00531,0.048953125,0.02256210937500001,66.89197439837102,9.099075444587269e-05,,0.0,0.0,0.0,0.0,1.0,1.0,0.0014210057165381425,0.0,0.6051983460554268,0.56644589526928,2.3480000000000003,0.0013300149620922698,0.0013300149620922698,0.56644589526928,0.56644589526928,0.0,0.0,0.0
RGI60-19.00533,0.048953125,0.02256210937500001,70.48416843186907,0.0004872908975209674,,0.0,0.0,0.0,0.0,1.0,1.0,0.0005102119436334073,0.0,0.04280660656375596,0.0019230678842553828,11.919,2.2921046112439912e-05,2.2921046112439912e-05,0.0019230678842553828,0.0019230678842553828,0.0,0.0,0.0
RGI60-19.00534,0.048953125,0.02256210937500001,276.2364606099056,0.13587281873101878,,0.0,0.0,0.0,0.0,1.0,1.0,0.21258474983019388,0.0,0.5648936957225867,0.2038438142869768,376.327,0.07671193109917511,0.07671193109917511,0.2038438142869768,0.2038438142869768,0.0,0.0,0.0
RGI60-19.00535,0.048953125,0.02256210937500001,171.11520660437074,0.002001066458067862,,0.0,0.0,0.0,0.0,1.0,1.0,-0.002189952461701063,0.0,-0.2043056685979161,-0.3909897303637396,10.719,-0.004191018919768925,-0.004191018919768925,-0.3909897303637396,-0.3909897303637396,0.0,0.0,0.0
RGI60-19.00536,0.048953125,0.02256210937500001,,,,0.0,0.0,0.0,0.0,0.0,0.0,,-1.5119641012241244e-05,,-0.27999335207854154,0.054000000000000006,-1.5119641012241244e-05,-1.5119641012241244e-05,-0.27999335207854154,-0.27999335207854154,0.0,0.0,0.0
RGI60-19.00537,0.048953125,0.02256210937500001,,,,0.0,0.0,0.0,0.0,0.0,0.0,,9.008379145330094e-07,,0.06929522419484686,0.013,9.008379145330094e-07,9.008379145330094e-07,0.06929522419484686,0.06929522419484686,0.0,0.0,0.0
RGI60-19.00538,0.048953125,0.02256210937500001,,,,0.0,0.0,0.0,0.0,0.0,0.0,,-1.272027017944377e-06,,-0.01445485247664065,0.08800000000000001,-1.272027017944377e-06,-1.272027017944377e-06,-0.01445485247664065,-0.01445485247664065,0.0,0.0,0.0
RGI60-19.00543,0.048953125,0.02256210937500001,,,,0.0,0.0,0.0,0.0,0.0,0.0,,-1.922329329998883e-05,,-0.05670587994097001,0.339,-1.922329329998883e-05,-1.922329329998883e-05,-0.05670587994097001,-0.05670587994097001,0.0,0.0,0.0
RGI60-19.00544,0.048953125,0.02256210937500001,,,,0.0,0.0,0.0,0.0,0.0,0.0,,-2.734395529268281e-05,,-0.12372830449177745,0.221,-2.734395529268281e-05,-2.734395529268281e-05,-0.12372830449177745,-0.12372830449177745,0.0,0.0,0.0
RGI60-19.00554,0.048953125,0.02256210937500001,394.2600702272096,0.729183484644817,,0.0,0.0,0.0,0.0,1.0,1.0,-1.0128811389261465,0.0,-0.31006306036811104,-0.5332806267042346,3266.6940000000004,-1.7420646235709631,-1.7420646235709631,-0.5332806267042346,-0.5332806267042346,0.0,0.0,0.0
RGI60-19.00558,0.048953125,0.02256210937500001,765.3706394419894,0.3914105309311654,,0.0,0.0,0.0,0.0,1.0,1.0,0.3486287539212458,0.0,0.6587558626916172,-0.08083884678088372,529.2230000000002,-0.042781777009919635,-0.042781777009919635,-0.08083884678088372,-0.08083884678088372,0.0,0.0,0.0
RGI60-19.00559,0.048953125,0.02256210937500001,,,,0.0,0.0,0.0,0.0,0.0,0.0,,-2.7406941912018977e-05,,-0.028668349280354583,0.956,-2.7406941912018977e-05,-2.7406941912018977e-05,-0.028668349280354583,-0.028668349280354583,0.0,0.0,0.0
RGI60-19.00560,0.048953125,0.02256210937500001,,,,0.0,0.0,0.0,0.0,0.0,0.0,,-0.00016252162062219347,,-0.2567482158328491,0.633,-0.00016252162062219347,-0.00016252162062219347,-0.2567482158328491,-0.2567482158328491,0.0,0.0,0.0
RGI60-19.00561,0.003397656250000009,0.002397656250000009,321.40634489124733,0.000383875848273232,,0.0,0.0,4.413772774840182e-05,0.00031293747662611407,1.0,0.0,0.000652564239013971,0.00026868839074073897,1.071534054210133,0.4411960439092594,0.609,0.00026868839074073897,0.00026868839074073897,0.4411960439092594,0.4411960439092594,0.0,0.0,0.0
RGI60-19.00562,0.048953125,0.02256210937500001,798.0886402186306,0.04906947431263825,,0.0,0.0,0.0,0.0,1.0,1.0,-0.08619535786418618,0.0,-0.12348480548546495,-0.19378249483803486,698.0239999999999,-0.13526483217682445,-0.13526483217682445,-0.19378249483803486,-0.19378249483803486,0.0,0.0,0.0
RGI60-19.00563,0.048953125,0.02256210937500001,512.6255042176905,0.22380367885138905,,0.0,0.0,0.0,0.0,1.0,1.0,0.1711923755393944,0.0,0.8872737690051642,-0.2726793715831424,192.942,-0.05261130331199466,-0.05261130331199466,-0.2726793715831424,-0.2726793715831424,0.0,0.0,0.0
RGI60-19.00564,0.003397656250000009,0.002397656250000009,302.85110545648644,5.291295136518091e-05,,0.0,0.0,6.123724375725141e-06,8.819907108521325e-06,1.0,0.0,5.9779395022147166e-05,6.866443656966251e-06,1.0487613161780205,0.12046392380642547,0.057,6.866443656966251e-06,6.866443656966251e-06,0.12046392380642547,0.12046392380642547,0.0,0.0,0.0
RGI60-19.00565,0.048953125,0.02256210937500001,,,,0.0,0.0,0.0,0.0,0.0,0.0,,-1.7162294445935326e-06,,-0.156020858599412,0.011,-1.7162294445935326e-06,-1.7162294445935326e-06,-0.156020858599412,-0.156020858599412,0.0,0.0,0.0
RGI60-19.00566,0.048953125,0.02256210937500001,,,,0.0,0.0,0.0,0.0,0.0,0.0,,-5.341981114354441e-08,,-0.003142341831973201,0.017,-5.341981114354441e-08,-5.341981114354441e-08,-0.003142341831973201,-0.003142341831973201,0.0,0.0,0.0
RGI60-19.00567,0.048953125,0.02256210937500001,770.144674147233,0.4952936280392688,,0.0,0.0,0.0,0.0,1.0,1.0,0.5618333233696104,0.0,0.6123310395382511,0.07252029937957677,917.532,0.06653969533034182,0.06653969533034182,0.07252029937957677,0.07252029937957677,0.0,0.0,0.0
RGI60-19.00570,0.041760156250000006,0.02256210937500001,110.45648307851185,0.00014768741168514937,,0.0,0.0,1.4139509329701731e-07,0.000160327870677468,1.0,1.0,0.00017670511713898702,2.901770545383775e-05,1.1113529379810507,0.18250129216250155,0.159,2.901770545383775e-05,2.901770545383775e-05,0.18250129216250155,0.18250129216250155,0.0,0.0,0.0
RGI60-19.00572,0.048953125,0.02256210937500001,140.88807484892504,0.00012483621830101788,,0.0,0.0,0.0,0.0,1.0,1.0,7.03621944963205e-05,0.0,0.8376451725752441,-0.6485002833892541,0.084,-5.447402380469735e-05,-5.447402380469735e-05,-0.6485002833892541,-0.6485002833892541,0.0,0.0,0.0
RGI60-19.00573,0.048953125,0.02256210937500001,161.675893575373,0.1206145073353692,,0.0,0.0,0.0,0.0,1.0,1.0,0.5030875034726678,0.0,0.3415790315594464,0.2596859486996105,1472.829,0.3824729961372986,0.3824729961372986,0.2596859486996105,0.2596859486996105,0.0,0.0,0.0
RGI60-19.00574,0.048953125,0.02256210937500001,378.8195546244763,0.35777483532893073,,0.0,0.0,0.0,0.0,1.0,1.0,0.4660889276185117,0.0,0.3144952825386611,0.0730853471065753,1482.0220000000004,0.10831409228958094,0.10831409228958094,0.0730853471065753,0.0730853471065753,0.0,0.0,0.0
RGI60-19.00575,0.048953125,0.02256210937500001,283.95104348268114,0.11471959677713466,,0.0,0.0,0.0,0.0,1.0,1.0,0.12935869396201094,0.0,0.36575583222453095,0.0413913824411574,353.675,0.014639097184876344,0.014639097184876344,0.0413913824411574,0.0413913824411574,0.0,0.0,0.0
RGI60-19.00576,0.048953125,0.02256210937500001,124.68291404887442,0.006273704534520321,,0.0,0.0,0.0,0.0,1.0,1.0,0.0063119769174426864,0.0,0.1682924576719108,0.001020433608552384,37.506,3.8272382922365713e-05,3.8272382922365713e-05,0.001020433608552384,0.001020433608552384,0.0,0.0,0.0
RGI60-19.00577,0.048953125,0.02256210937500001,299.1131993350825,0.027898449415091068,,0.0,0.0,0.0,0.0,1.0,1.0,0.022705163668242732,0.0,0.4301116457641314,-0.09837818005357812,52.789,-0.0051932857468483355,-0.0051932857468483355,-0.09837818005357812,-0.09837818005357812,0.0,0.0,0.0
RGI60-19.00582,0.00579531250000001,0.00479531250000001,214.7840738166148,7.11030484698625e-05,,0.0,0.0,4.117592272242348e-06,0.00030693889686305586,1.0,0.0,8.35298812870854e-05,1.2426832817222915e-05,0.7200851835093571,0.10712786911399068,0.116,1.2426832817222915e-05,1.2426832817222915e-05,0.10712786911399068,0.10712786911399068,0.0,0.0,0.0
RGI60-19.00583,0.048953125,0.02256210937500001,56.9436061797764,1.6750363723265971e-06,,0.0,0.0,0.0,0.0,1.0,1.0,7.772788036212361e-06,0.0,0.09596034612607852,0.07528088473933041,0.081,6.097751663885763e-06,6.097751663885763e-06,0.07528088473933041,0.07528088473933041,0.0,0.0,0.0
RGI60-19.00584,0.048953125,0.02256210937500001,140.65759421352533,8.586763254534891e-05,,0.0,0.0,0.0,0.0,1.0,0.0,8.832541431379893e-05,0.0,1.090437213750604,0.03034298479567905,0.081,2.457781768450003e-06,2.457781768450003e-06,0.03034298479567905,0.03034298479567905,0.0,0.0,0.0
RGI60-19.00585,0.003397656250000009,0.002397656250000009,313.2808381030929,3.300892429429803e-05,,0.0,0.0,4.023495341320708e-06,9.312781423768508e-05,1.0,0.0,3.1867947590329965e-05,-1.1409767039680583e-06,0.817126861290512,-0.029255812922257905,0.039,-1.1409767039680583e-06,-1.1409767039680583e-06,-0.029255812922257905,-0.029255812922257905,0.0,0.0,0.0
RGI60-19.00586,0.00579531250000001,0.00479531250000001,374.9870947176838,6.78185572472107e-05,,0.0,0.0,2.9532729158484863e-06,0.00016611711906791587,1.0,0.0,6.182275298411253e-05,-5.995804263098182e-06,0.9971411771631052,-0.09670652037255134,0.062,-5.995804263098182e-06,-5.995804263098182e-06,-0.09670652037255134,-0.09670652037255134,0.0,0.0,0.0
RGI60-19.00589,0.048953125,0.02256210937500001,265.00082641819,0.0005884715871058044,,0.0,0.0,0.0,0.0,1.0,0.0,7.963633188556403e-05,0.0,0.09090905466388588,-0.5808621634934252,0.8759999999999999,-0.0005088352552202406,-0.0005088352552202406,-0.5808621634934252,-0.5808621634934252,0.0,0.0,0.0
RGI60-19.00595,0.048953125,0.02256210937500001,177.0072911916113,0.02634206649688914,,0.0,0.0,0.0,0.0,1.0,1.0,-0.025665561484970137,0.0,-0.13481935958906413,-0.27319235164080097,190.37,-0.05200762798185928,-0.05200762798185928,-0.27319235164080097,-0.27319235164080097,0.0,0.0,0.0
RGI60-19.00602,0.048953125,0.02256210937500001,170.62706257233413,0.0005827378271440963,,0.0,0.0,0.0,0.0,1.0,1.0,0.0004626310463896416,0.0,0.5607649047147171,-0.1455839766720665,0.825,-0.00012010678075445484,-0.00012010678075445484,-0.1455839766720665,-0.1455839766720665,0.0,0.0,0.0
RGI60-19.00610,0.048953125,0.02256210937500001,329.23561314025613,0.006455367173407672,,0.0,0.0,0.0,0.0,1.0,1.0,0.005428513180812472,0.0,0.9193079053027048,-0.17389568037175265,5.905,-0.0010268539925951997,-0.0010268539925951997,-0.17389568037175265,-0.17389568037175265,0.0,0.0,0.0
RGI60-19.00627,0.0441578125,0.02256210937500001,167.28754586277088,0.0001949526341185181,,0.0,0.0,1.6901993050838303e-07,0.0001650902593281339,1.0,0.0,0.00017397195550629123,-2.098067861222692e-05,1.0873247219143205,-0.13112924132641826,0.16,-2.098067861222692e-05,-2.098067861222692e-05,-0.13112924132641826,-0.13112924132641826,0.0,0.0,0.0
RGI60-19.00633,0.008192968750000008,0.007192968750000008,421.2820995049317,2.557810012960376e-05,,0.0,0.0,6.815554453664607e-07,0.00011825498187615175,1.0,0.0,2.1833599523217867e-05,-3.744500606385888e-06,0.9097333134674112,-0.156020858599412,0.024,-3.744500606385888e-06,-3.744500606385888e-06,-0.156020858599412,-0.156020858599412,0.0,0.0,0.0
RGI60-19.00654,0.048953125,0.02256210937500001,,,,0.0,0.0,0.0,0.0,0.0,0.0,,-4.698815045118609e-06,,-0.2473060550062426,0.019,-4.698815045118609e-06,-4.698815045118609e-06,-0.2473060550062426,-0.2473060550062426,0.0,0.0,0.0
RGI60-19.00679,0.00579531250000001,0.00479531250000001,212.0152399138061,1.2201563824188166e-05,,0.0,0.0,7.032512281066185e-07,3.323440656351311e-05,1.0,0.0,1.2647246612273572e-05,4.4568278808540136e-07,0.6022498386796938,0.02122298990882863,0.021,4.4568278808540136e-07,4.4568278808540136e-07,0.02122298990882863,0.02122298990882863,0.0,0.0,0.0
RGI60-19.00680,0.003397656250000009,0.002397656250000009,186.88240369847438,2.0148089614804995e-05,,0.0,0.0,2.33820871690886e-06,3.0280813511754737e-05,1.0,0.0,2.0415311388277454e-05,2.672217734724658e-07,0.887622234272933,0.01161833797706373,0.023,2.672217734724658e-07,2.672217734724658e-07,0.01161833797706373,0.01161833797706373,0.0,0.0,0.0
RGI60-19.00681,0.003397656250000009,0.002397656250000009,335.0261556958112,0.00013320939147279092,,0.0,0.0,1.9457475679029274e-05,0.0013786962908982072,1.0,0.0,0.00013504429731470692,1.8349058419160027e-06,0.43283428626508624,0.005881108467679495,0.312,1.8349058419160027e-06,1.8349058419160027e-06,0.005881108467679495,0.005881108467679495,0.0,0.0,0.0
RGI60-19.00684,0.048953125,0.02256210937500001,,,,0.0,0.0,0.0,0.0,0.0,0.0,,-8.068564687742334e-06,,-0.11052828339373062,0.073,-8.068564687742334e-06,-8.068564687742334e-06,-0.11052828339373062,-0.11052828339373062,0.0,0.0,0.0
RGI60-19.00687,0.015385937500000009,0.014385937500000008,183.59737012121502,6.158544017279905e-05,,0.0,0.0,4.7567877188637903e-07,0.00011916898997644658,1.0,0.0,5.7600674148480825e-05,-3.9847660243182285e-06,0.9931150715255316,-0.06870286248824534,0.058,-3.9847660243182285e-06,-3.9847660243182285e-06,-0.06870286248824534,-0.06870286248824534,0.0,0.0,0.0
RGI60-19.00691,0.015385937500000009,0.014385937500000008,534.3072805039152,0.007258109257536571,,0.0,0.0,6.208846037851143e-05,0.04827560114015648,1.0,0.0,0.0073741579814101685,0.00011604872387359787,1.07651941334455,0.016941419543590932,6.85,0.00011604872387359787,0.00011604872387359787,0.016941419543590932,0.016941419543590932,0.0,0.0,0.0
RGI60-19.00696,0.0010000000000000087,8.673617379884035e-18,213.61189119837934,1.9938266751650785e-05,,0.0,0.0,2.5466270788306745e-05,0.0002889906096091049,1.0,0.0,6.21911707297513e-05,4.225290397810053e-05,0.4259669228065158,0.28940345190479816,0.146,4.225290397810053e-05,4.225290397810053e-05,0.28940345190479816,0.28940345190479816,0.0,0.0,0.0
RGI60-19.00700,0.010590625000000008,0.009590625000000009,240.89659534255642,0.00015876069473054062,,0.0,0.0,2.7948385372033703e-06,0.0004140466843076904,1.0,0.0,0.00016350272361571953,4.742028885178915e-06,1.0900181574381302,0.03161352590119276,0.15,4.742028885178915e-06,4.742028885178915e-06,0.03161352590119276,0.03161352590119276,0.0,0.0,0.0
RGI60-19.00706,0.048953125,0.02256210937500001,102.83634740721143,8.859994808664512e-05,,0.0,0.0,0.0,0.0,1.0,1.0,9.246561426719117e-05,0.0,0.2703672931789215,0.011303117486976743,0.342,3.865666180546046e-06,3.865666180546046e-06,0.011303117486976743,0.011303117486976743,0.0,0.0,0.0
RGI60-19.00707,0.048953125,0.02256210937500001,767.7919683073291,1.2987528555331678,,0.0,0.0,0.0,0.0,1.0,1.0,0.8457748529878041,0.0,0.4380680165038171,-0.2346193840995765,1930.693,-0.4529780025453636,-0.4529780025453636,-0.2346193840995765,-0.2346193840995765,0.0,0.0,0.0
RGI60-19.00708,0.048953125,0.02256210937500001,51.56027300675978,2.491585664910731e-05,,0.0,0.0,0.0,0.0,1.0,1.0,0.0019198998675395227,0.0,0.3829842145500743,0.3780139658668293,5.013,0.0018949840108904157,0.0018949840108904157,0.3780139658668293,0.3780139658668293,0.0,0.0,0.0
RGI60-19.00716,0.039362500000000016,0.02256210937500001,263.7823062862043,0.01574128967748337,,0.0,0.0,2.0533854912933257e-05,0.032945265689322684,1.0,1.0,0.011890543002252237,-0.0038507466752311314,1.0403834983158835,-0.3369276992940005,11.429,-0.0038507466752311314,-0.0038507466752311314,-0.3369276992940005,-0.3369276992940005,0.0,0.0,0.0
RGI60-19.00717,0.048953125,0.02256210937500001,66.27523852952383,0.0003956223018606772,,0.0,0.0,0.0,0.0,1.0,1.0,-0.0010252073571585714,0.0,-0.04031646376808255,-0.05587438196622944,25.429,-0.0014208296590192484,-0.0014208296590192484,-0.05587438196622944,-0.05587438196622944,0.0,0.0,0.0
RGI60-19.00720,0.048953125,0.02256210937500001,158.4157690642147,0.0012098123932414186,,0.0,0.0,0.0,0.0,1.0,1.0,0.001080030810279508,0.0,0.9791757119487834,-0.11766235989293786,1.103,-0.00012978158296191044,-0.00012978158296191044,-0.11766235989293786,-0.11766235989293786,0.0,0.0,0.0
RGI60-19.00722,0.048953125,0.02256210937500001,,,,0.0,0.0,0.0,0.0,0.0,0.0,,1.812878111967807e-06,,0.06714363377658543,0.027000000000000003,1.812878111967807e-06,1.812878111967807e-06,0.06714363377658543,0.06714363377658543,0.0,0.0,0.0
RGI60-19.00723,0.020181250000000008,0.019181250000000007,183.26996415474238,0.0002948357227936834,,0.0,0.0,2.345513712463703e-06,0.0001816401783058765,1.0,0.0,0.0005327389915574892,0.00023790326876380586,1.0654779831149783,0.4758065375276117,0.5,0.00023790326876380586,0.00023790326876380586,0.4758065375276117,0.4758065375276117,0.0,0.0,0.0
RGI60-19.00727,0.048953125,0.02256210937500001,401.97442849068887,0.002280844611253775,,0.0,0.0,0.0,0.0,1.0,1.0,0.0007365987101271897,0.0,0.04207692848892891,-0.08821237867740123,17.506,-0.001544245901126586,-0.001544245901126586,-0.08821237867740123,-0.08821237867740123,0.0,0.0,0.0
RGI60-19.00729,0.008192968750000008,0.007192968750000008,421.2820995049317,0.00015507216588805651,,0.0,0.0,3.637357728241452e-06,0.0006020878375353766,1.0,0.0,0.00017294276534804382,1.7870599459987258e-05,1.1015462761021897,0.11382547426743478,0.157,1.7870599459987258e-05,1.7870599459987258e-05,0.11382547426743478,0.11382547426743478,0.0,0.0,0.0
RGI60-19.00730,0.008192968750000008,0.007192968750000008,222.7633571427404,0.0003498269461566041,,0.0,0.0,1.087279205858436e-05,0.0013669000410353402,1.0,0.0,0.00039300556274699314,4.317861659038909e-05,0.9268999121391348,0.10183635988299314,0.424,4.317861659038909e-05,4.317861659038909e-05,0.10183635988299314,0.10183635988299314,0.0,0.0,0.0
RGI60-19.00732,0.048953125,0.02256210937500001,563.5689255167305,0.15736412802789052,,0.0,0.0,0.0,0.0,1.0,1.0,0.0831977344157097,0.0,0.6900024417438768,-0.6151007962793658,120.576,-0.07416639361218083,-0.07416639361218083,-0.6151007962793658,-0.6151007962793658,0.0,0.0,0.0
RGI60-19.00733,0.048953125,0.02256210937500001,,,,0.0,0.0,0.0,0.0,0.0,0.0,,9.266193813235305e-06,,0.15443656355392174,0.06,9.266193813235305e-06,9.266193813235305e-06,0.15443656355392174,0.15443656355392174,0.0,0.0,0.0
RGI60-19.00734,0.048953125,0.02256210937500001,51.76928940474187,0.00011529747526057768,,0.0,0.0,0.0,0.0,1.0,1.0,0.0002562178427692201,0.0,0.012779582162163705,0.007028797820771231,20.049,0.00014092036750864241,0.00014092036750864241,0.007028797820771231,0.007028797820771231,0.0,0.0,0.0
RGI60-19.00736,0.048953125,0.02256210937500001,59.88656110677208,8.907718509960847e-05,,0.0,0.0,0.0,0.0,1.0,1.0,4.739517899208936e-07,0.0,0.00021055166144864215,-0.03936172070621394,2.251,-8.860323330968757e-05,-8.860323330968757e-05,-0.03936172070621394,-0.03936172070621394,0.0,0.0,0.0
RGI60-19.00737,0.048953125,0.02256210937500001,762.013845027021,1.032962669064982,,0.0,0.0,0.0,0.0,1.0,1.0,0.9127354968102994,0.0,0.9040126784756876,-0.1190781868299605,1009.649,-0.12022717225468275,-0.12022717225468275,-0.1190781868299605,-0.1190781868299605,0.0,0.0,0.0
RGI60-19.00738,0.048953125,0.02256210937500001,456.1931480686406,0.07483390952018146,,0.0,0.0,0.0,0.0,1.0,1.0,0.14339384847603,0.0,1.06933725447463,0.5112750488892176,134.096,0.06855993895584853,0.06855993895584853,0.5112750488892176,0.5112750488892176,0.0,0.0,0.0
RGI60-19.00739,0.048953125,0.02256210937500001,284.48386619822,0.08670299842826182,,0.0,0.0,0.0,0.0,1.0,1.0,0.04321516878395405,0.0,0.2156876062285588,-0.2170484609917538,200.36,-0.04348782964430778,-0.04348782964430778,-0.2170484609917538,-0.2170484609917538,0.0,0.0,0.0
RGI60-19.00740,0.048953125,0.02256210937500001,164.98683778212612,0.002726681564687097,,0.0,0.0,0.0,0.0,1.0,1.0,0.003145895607563644,0.0,0.4927781340168616,0.06566636009970976,6.384,0.00041921404287654704,0.00041921404287654704,0.06566636009970976,0.06566636009970976,0.0,0.0,0.0
RGI60-19.00742,0.048953125,0.02256210937500001,,,,0.0,0.0,0.0,0.0,0.0,0.0,,-2.394523943163361e-06,,-0.1995436619302801,0.012,-2.394523943163361e-06,-2.394523943163361e-06,-0.1995436619302801,-0.1995436619302801,0.0,0.0,0.0
RGI60-19.00743,0.048953125,0.02256210937500001,,,,0.0,0.0,0.0,0.0,0.0,0.0,,-1.7162294445935326e-06,,-0.156020858599412,0.011,-1.7162294445935326e-06,-1.7162294445935326e-06,-0.156020858599412,-0.156020858599412,0.0,0.0,0.0
RGI60-19.00744,0.015385937500000009,0.014385937500000008,365.31956937491964,0.01905851399622352,,0.0,0.0,0.00017595580437593618,0.02099184409718138,1.0,1.0,0.0487051650585306,0.029646651062307083,1.0583017917198427,0.6441843262419513,46.022,0.029646651062307083,0.029646651062307083,0.6441843262419513,0.6441843262419513,0.0,0.0,0.0
RGI60-19.00745,0.048953125,0.02256210937500001,336.83746224433526,0.0193078886772493,,0.0,0.0,0.0,0.0,1.0,1.0,0.03539220131145382,0.0,0.6649294777359953,0.3021833399253108,53.227,0.01608431263420452,0.01608431263420452,0.3021833399253108,0.3021833399253108,0.0,0.0,0.0
RGI60-19.00746,0.048953125,0.02256210937500001,654.4866859111952,2.579762795998331,,0.0,0.0,0.0,0.0,1.0,1.0,1.5378424597143263,0.0,0.4475150359836405,-0.30320076925879624,3436.4040000000005,-1.0419203362840046,-1.0419203362840046,-0.30320076925879624,-0.30320076925879624,0.0,0.0,0.0
RGI60-19.00747,0.048953125,0.02256210937500001,22.359988834367844,0.0,,0.0,0.0,0.0,0.0,1.0,1.0,9.138252317802853e-06,0.0,0.3807605132417855,0.3807605132417855,0.024,9.138252317802853e-06,9.138252317802853e-06,0.3807605132417855,0.3807605132417855,0.0,0.0,0.0
RGI60-19.00748,0.048953125,0.02256210937500001,684.0079661995869,1.5707788838206438,,0.0,0.0,0.0,0.0,1.0,1.0,0.7107369892052542,0.0,0.3801535560748148,-0.4600126201071294,1869.605,-0.8600418946153896,-0.8600418946153896,-0.4600126201071294,-0.4600126201071294,0.0,0.0,0.0
RGI60-19.00749,0.048953125,0.02256210937500001,,,,0.0,0.0,0.0,0.0,0.0,0.0,,-0.0007464141786481188,,-1.6332914193613104,0.457,-0.0007464141786481188,-0.0007464141786481188,-1.6332914193613104,-1.6332914193613104,0.0,0.0,0.0
RGI60-19.00762,0.0441578125,0.02256210937500001,739.6851171253454,0.2928024719941083,,0.0,0.0,0.00044569788660318534,0.7178377535111732,1.0,1.0,0.3655530657159857,0.07275059372187764,1.1050509540933426,0.21992186782993345,330.802,0.07275059372187764,0.07275059372187764,0.21992186782993345,0.21992186782993345,0.0,0.0,0.0
RGI60-19.00766,0.048953125,0.02256210937500001,470.69379217689766,1.0098304696122669,,0.0,0.0,0.0,0.0,1.0,1.0,0.0372252226502626,0.0,0.011240850395144886,-0.2936962977320355,3311.6020000000008,-0.9726052469620042,-0.9726052469620042,-0.2936962977320355,-0.2936962977320355,0.0,0.0,0.0
RGI60-19.00767,0.048953125,0.02256210937500001,771.6911165113962,0.3057502941301104,,0.0,0.0,0.0,0.0,1.0,1.0,0.2625439057444871,0.0,0.8003533334689503,-0.1317127391455889,328.035,-0.04320638838562325,-0.04320638838562325,-0.1317127391455889,-0.1317127391455889,0.0,0.0,0.0
RGI60-19.00768,0.048953125,0.02256210937500001,772.1290091140372,0.1323175549661102,,0.0,0.0,0.0,0.0,1.0,1.0,-0.021050544495400184,0.0,-0.01854533004142433,-0.13511584096844678,1135.086,-0.15336809946151034,-0.15336809946151034,-0.13511584096844678,-0.13511584096844678,0.0,0.0,0.0
RGI60-19.00769,0.048953125,0.02256210937500001,,,,0.0,0.0,0.0,0.0,0.0,0.0,,-3.242231903237255e-05,,-0.2332540937580759,0.139,-3.242231903237255e-05,-3.242231903237255e-05,-0.2332540937580759,-0.2332540937580759,0.0,0.0,0.0
RGI60-19.00770,0.048953125,0.02256210937500001,98.58504354723532,0.00014218321071377888,,0.0,0.0,0.0,0.0,1.0,1.0,0.00017698730408380735,0.0,0.9123056911536463,0.17940254314447673,0.194,3.480409337002848e-05,3.480409337002848e-05,0.17940254314447673,0.17940254314447673,0.0,0.0,0.0
RGI60-19.00771,0.048953125,0.02256210937500001,,,,0.0,0.0,0.0,0.0,0.0,0.0,,2.951899648401686e-06,,0.022882943010865787,0.129,2.951899648401686e-06,2.951899648401686e-06,0.022882943010865787,0.022882943010865787,0.0,0.0,0.0
RGI60-19.00772,0.048953125,0.02256210937500001,329.08846219089503,0.3825207719536085,,0.0,0.0,0.0,0.0,1.0,1.0,0.3214979176212029,0.0,0.8595028956511356,-0.1631404656915917,374.051,-0.06102285433240558,-0.06102285433240558,-0.1631404656915917,-0.1631404656915917,0.0,0.0,0.0
RGI60-19.00774,0.048953125,0.02256210937500001,776.0923792394545,0.1592971236996193,,0.0,0.0,0.0,0.0,1.0,1.0,0.04062542536791748,0.0,0.057319338909183816,-0.16743660488475834,708.7560000000002,-0.1186716983317018,-0.1186716983317018,-0.16743660488475834,-0.16743660488475834,0.0,0.0,0.0
RGI60-19.00775,0.0441578125,0.02256210937500001,736.8858508109395,0.09782767352422676,,0.0,0.0,0.00011905849101109749,0.45027356060095625,1.0,1.0,0.0930402962778306,-0.004787377246396151,1.034562739378982,-0.05323330123199919,89.932,-0.004787377246396151,-0.004787377246396151,-0.05323330123199919,-0.05323330123199919,0.0,0.0,0.0
RGI60-19.00776,0.048953125,0.02256210937500001,760.4584304156173,0.004854180166499625,,0.0,0.0,0.0,0.0,1.0,1.0,-0.036294782566616605,0.0,-0.12187677784887326,-0.1381769674616645,297.7990000000001,-0.04114896273311623,-0.04114896273311623,-0.1381769674616645,-0.1381769674616645,0.0,0.0,0.0
RGI60-19.00777,0.048953125,0.02256210937500001,775.3408360700868,0.10729432859172493,,0.0,0.0,0.0,0.0,1.0,1.0,0.05032804856239936,0.0,0.20909556766017995,-0.236675114582522,240.694,-0.056966280029325564,-0.056966280029325564,-0.236675114582522,-0.236675114582522,0.0,0.0,0.0
RGI60-19.00778,0.048953125,0.02256210937500001,760.2521282366772,0.016670823257538412,,0.0,0.0,0.0,0.0,1.0,1.0,0.029815790544095357,0.0,0.1153179059770931,0.050840513498419816,258.553,0.013144967286556938,0.013144967286556938,0.050840513498419816,0.050840513498419816,0.0,0.0,0.0
RGI60-19.00779,0.048953125,0.02256210937500001,794.1224500683331,0.059982532502776124,,0.0,0.0,0.0,0.0,1.0,1.0,0.053168278265572855,0.0,0.15962231682189948,-0.02045781966688461,333.088,-0.006814254237203261,-0.006814254237203261,-0.02045781966688461,-0.02045781966688461,0.0,0.0,0.0
RGI60-19.00780,0.008192968750000008,0.007192968750000008,421.5799370296524,0.055575295883554685,,0.0,0.0,0.0015648718814149215,0.07799098174797225,1.0,0.0,0.012131055297414,-0.04344424058614069,0.4823097685040554,-1.7272678350087745,25.152,-0.04344424058614069,-0.04344424058614069,-1.7272678350087745,-1.7272678350087745,0.0,0.0,0.0
RGI60-19.00781,0.048953125,0.02256210937500001,836.5870621527968,0.03266096400637054,,0.0,0.0,0.0,0.0,1.0,1.0,0.01941351628489849,0.0,0.20376082418340916,-0.13904286201637395,95.276,-0.013247447721472048,-0.013247447721472048,-0.13904286201637395,-0.13904286201637395,0.0,0.0,0.0
RGI60-19.00782,0.048953125,0.02256210937500001,,,,0.0,0.0,0.0,0.0,0.0,0.0,,-1.6023615000168073e-05,,-0.7283461363712759,0.022,-1.6023615000168073e-05,-1.6023615000168073e-05,-0.7283461363712759,-0.7283461363712759,0.0,0.0,0.0
RGI60-19.00783,0.048953125,0.02256210937500001,772.9714338841397,0.2530522862254409,,0.0,0.0,0.0,0.0,1.0,1.0,0.15189254367437216,0.0,0.4167879783401535,-0.2775788960230843,364.436,-0.10115974255106874,-0.10115974255106874,-0.2775788960230843,-0.2775788960230843,0.0,0.0,0.0
RGI60-19.00784,0.048953125,0.02256210937500001,,,,0.0,0.0,0.0,0.0,0.0,0.0,,-0.002843849980067425,,-0.8726142927485195,3.259,-0.002843849980067425,-0.002843849980067425,-0.8726142927485195,-0.8726142927485195,0.0,0.0,0.0
RGI60-19.00785,0.048953125,0.02256210937500001,772.3956283115041,0.2289889616499555,,0.0,0.0,0.0,0.0,1.0,1.0,0.02283105013143884,0.0,0.045220924919364365,-0.4083321347306016,504.878,-0.2061579115185167,-0.2061579115185167,-0.4083321347306016,-0.4083321347306016,0.0,0.0,0.0
RGI60-19.00786,0.048953125,0.02256210937500001,466.4357020747306,0.02014934361578454,,0.0,0.0,0.0,0.0,1.0,1.0,0.015453309804477225,0.0,0.5615097490816912,-0.17063456310843778,27.521,-0.004696033811307317,-0.004696033811307317,-0.17063456310843778,-0.17063456310843778,0.0,0.0,0.0
RGI60-19.00787,0.04655546875,0.02256210937500001,762.9398287092745,0.13944411462358608,,0.0,0.0,0.00021256814450753756,1.179657074353676,1.0,1.0,0.09894821018814656,-0.040495904435439566,1.0396231252103612,-0.4254799419548794,95.177,-0.040495904435439566,-0.040495904435439566,-0.4254799419548794,-0.4254799419548794,0.0,0.0,0.0
RGI60-19.00788,0.02737421875000001,0.02256210937500001,700.3539295541873,0.02203763105249287,,0.0,0.0,2.3306962852329927e-05,0.1196394826410482,1.0,0.0,0.016715738160278656,-0.005321892892214214,0.9789024455539151,-0.31165922301559,17.076,-0.005321892892214214,-0.005321892892214214,-0.31165922301559,-0.31165922301559,0.0,0.0,0.0
RGI60-19.00789,0.048953125,0.02256210937500001,773.6621631607518,0.2305927910879726,,0.0,0.0,0.0,0.0,1.0,1.0,0.18585633614642785,0.0,0.4369348044179287,-0.10517217005093224,425.364,-0.04473645494154475,-0.04473645494154475,-0.10517217005093224,-0.10517217005093224,0.0,0.0,0.0
RGI60-19.00790,0.02497656250000001,0.02256210937500001,617.0864914329754,0.06293441835268762,,0.0,0.0,0.0002802519249397401,0.010062859611214576,1.0,1.0,0.10893536231020473,0.04600094395751708,1.1032099399477913,0.4658606493307652,98.744,0.04600094395751708,0.04600094395751708,0.4658606493307652,0.4658606493307652,0.0,0.0,0.0
RGI60-19.00791,0.048953125,0.02256210937500001,504.6307249871566,0.15787091426215982,,0.0,0.0,0.0,0.0,1.0,1.0,0.2057440584558168,0.0,0.3118501294511989,0.07256222282226378,659.753,0.047873144193656986,0.047873144193656986,0.07256222282226378,0.07256222282226378,0.0,0.0,0.0
RGI60-19.00792,0.03696484375000001,0.02256210937500001,705.6795465507319,0.10635886759812,,0.0,0.0,0.00022850998326036143,0.8603915715112219,1.0,1.0,0.0893848136830932,-0.01697405391502681,1.0149637626249697,-0.19274023090404813,88.06700000000002,-0.01697405391502681,-0.01697405391502681,-0.19274023090404813,-0.19274023090404813,0.0,0.0,0.0
RGI60-19.00793,0.048953125,0.02256210937500001,770.6261570491249,0.18628354655515916,,0.0,0.0,0.0,0.0,1.0,1.0,0.06690627435790902,0.0,0.15116304276430498,-0.26971209913298416,442.61,-0.11937727219725013,-0.11937727219725013,-0.26971209913298416,-0.26971209913298416,0.0,0.0,0.0
RGI60-19.00794,0.048953125,0.02256210937500001,418.9621336669825,0.07868544539996082,,0.0,0.0,0.0,0.0,1.0,1.0,-0.0487939017407794,0.0,-0.2008773084872188,-0.5248137006419828,242.904,-0.12747934714074025,-0.12747934714074025,-0.5248137006419828,-0.5248137006419828,0.0,0.0,0.0
RGI60-19.00795,0.048953125,0.02256210937500001,792.6210821077617,0.06742282392499177,,0.0,0.0,0.0,0.0,1.0,1.0,0.05092054954994747,0.0,1.0436677505625636,-0.33823066970781496,48.79,-0.01650227437504429,-0.01650227437504429,-0.33823066970781496,-0.33823066970781496,0.0,0.0,0.0
RGI60-19.00796,0.01778359375000001,0.01678359375000001,396.69968685509485,0.025213505477039797,,0.0,0.0,0.00017250575713279598,0.0,1.0,1.0,0.026746168519264382,0.0015326630422245829,1.0070093569000145,0.05770568683074484,26.56,0.0015326630422245829,0.0015326630422245829,0.05770568683074484,0.05770568683074484,0.0,0.0,0.0
RGI60-19.00797,0.048953125,0.02256210937500001,782.5300182163002,0.04953831043115944,,0.0,0.0,0.0,0.0,1.0,1.0,0.16784279884664827,0.0,0.8901482787429107,0.6274236217117929,188.556,0.1183044884154888,0.1183044884154888,0.6274236217117929,0.6274236217117929,0.0,0.0,0.0
RGI60-19.00798,0.048953125,0.02256210937500001,783.1440794715926,0.07682527173896596,,0.0,0.0,0.0,0.0,1.0,1.0,0.07125258717130561,0.0,0.3060362641794043,-0.023935180942086475,232.824,-0.00557268456766034,-0.00557268456766034,-0.023935180942086475,-0.023935180942086475,0.0,0.0,0.0
RGI60-19.00799,0.029771875000000014,0.02256210937500001,639.5196156196904,0.11630044461636105,,0.0,0.0,0.0002950956470772891,0.0,1.0,1.0,0.28804682641332746,0.1717463817969664,1.0633311051800451,0.6340054922347602,270.891,0.1717463817969664,0.1717463817969664,0.6340054922347602,0.6340054922347602,0.0,0.0,0.0
RGI60-19.00823,0.02737421875000001,0.02256210937500001,650.2698578227734,0.02162829506218608,,0.0,0.0,7.76671150129227e-05,0.13066196091948826,1.0,1.0,0.02047815924510508,-0.001150135817081,0.9714035977944632,-0.054557934494615996,21.081,-0.001150135817081,-0.001150135817081,-0.054557934494615996,-0.054557934494615996,0.0,0.0,0.0
RGI60-19.00843,0.03456718750000001,0.02256210937500001,725.0160743511716,0.022094082339720253,,0.0,0.0,4.771461901315687e-05,0.10737077857778493,1.0,1.0,0.0221883705162768,9.428817655654166e-05,1.0331224340586116,0.004390193069634571,21.477,9.428817655654166e-05,9.428817655654166e-05,0.004390193069634571,0.004390193069634571,0.0,0.0,0.0
RGI60-19.00889,0.048953125,0.02256210937500001,,,,0.0,0.0,0.0,0.0,0.0,0.0,,-1.2519107960490386e-06,,-0.0015947908229924056,0.785,-1.2519107960490386e-06,-1.2519107960490386e-06,-0.0015947908229924056,-0.0015947908229924056,0.0,0.0,0.0
RGI60-19.00890,0.010590625000000008,0.009590625000000009,80.1177393398634,2.2427124313266933e-05,,0.0,0.0,3.333574990609569e-07,0.0,1.0,1.0,2.105643230663793e-05,-1.3706920066290114e-06,0.8773513461099136,-0.05711216694287548,0.024,-1.3706920066290114e-06,-1.3706920066290114e-06,-0.05711216694287548,-0.05711216694287548,0.0,0.0,0.0
RGI60-19.00891,0.048953125,0.02256210937500001,,,,0.0,0.0,0.0,0.0,0.0,0.0,,-3.473591011027295e-06,,-0.2043288830016056,0.017,-3.473591011027295e-06,-3.473591011027295e-06,-0.2043288830016056,-0.2043288830016056,0.0,0.0,0.0
RGI60-19.00892,0.048953125,0.02256210937500001,285.95192711174093,0.05153506353132711,,0.0,0.0,0.0,0.0,1.0,1.0,0.018336518356550816,0.0,0.18037279883287086,-0.32656769370912864,101.659,-0.033198545174776314,-0.033198545174776314,-0.32656769370912864,-0.32656769370912864,0.0,0.0,0.0
RGI60-19.00893,0.048953125,0.02256210937500001,200.31788689754663,0.07232317659327075,,0.0,0.0,0.0,0.0,1.0,1.0,0.16904197384479894,0.0,0.3905613302699956,0.2234629734704384,432.818,0.0967187972515282,0.0967187972515282,0.2234629734704384,0.2234629734704384,0.0,0.0,0.0
RGI60-19.00894,0.048953125,0.02256210937500001,52.43386303847629,4.161184164745978e-05,,0.0,0.0,0.0,0.0,1.0,1.0,3.610202520767843e-05,0.0,0.2098954953934793,-0.03203381651035666,0.172,-5.509816439781346e-06,-5.509816439781346e-06,-0.03203381651035666,-0.03203381651035666,0.0,0.0,0.0
RGI60-19.00895,0.048953125,0.02256210937500001,59.555240481820185,1.7053177986060948e-06,,0.0,0.0,0.0,0.0,1.0,1.0,-7.207656260002277e-06,0.0,-0.09240584948720867,-0.1142688981872868,0.078,-8.912974058608371e-06,-8.912974058608371e-06,-0.1142688981872868,-0.1142688981872868,0.0,0.0,0.0
RGI60-19.00896,0.02497656250000001,0.02256210937500001,95.02569902657402,1.4847360338314609e-05,,0.0,0.0,4.2119152786103965e-08,5.969711144457357e-06,1.0,1.0,1.2975110035121665e-05,-1.872250303192944e-06,1.0812591695934721,-0.156020858599412,0.012,-1.872250303192944e-06,-1.872250303192944e-06,-0.156020858599412,-0.156020858599412,0.0,0.0,0.0
RGI60-19.00897,0.029771875000000014,0.02256210937500001,615.4392039675303,0.0008084896678475841,,0.0,0.0,1.5184539603934288e-06,0.0029481800576317443,1.0,0.0,0.0007192746490445866,-8.921501880299743e-05,0.9501646618818846,-0.1178533933989398,0.757,-8.921501880299743e-05,-8.921501880299743e-05,-0.1178533933989398,-0.1178533933989398,0.0,0.0,0.0
RGI60-19.00898,0.048953125,0.02256210937500001,22.837606208676906,6.431086573218441e-08,,0.0,0.0,0.0,0.0,1.0,1.0,-6.7848783813175995e-06,0.0,-0.11903295405820352,-0.12016121486052254,0.057,-6.849189247049785e-06,-6.849189247049785e-06,-0.12016121486052254,-0.12016121486052254,0.0,0.0,0.0
RGI60-19.00899,0.003397656250000009,0.002397656250000009,320.7399790199823,0.00012898982885532005,,0.0,0.0,1.4681736389768225e-05,0.00034909329363246337,1.0,0.0,0.00010395729743538796,-2.503253141993207e-05,0.8521089953720324,-0.20518468376993496,0.122,-2.503253141993207e-05,-2.503253141993207e-05,-0.20518468376993496,-0.20518468376993496,0.0,0.0,0.0
RGI60-19.00900,0.008192968750000008,0.007192968750000008,421.2820995049317,6.327362212399364e-05,,0.0,0.0,1.0001603236121424e-06,0.0001287205775252292,1.0,0.0,5.828681914644894e-05,-4.986802977544702e-06,1.0997513046499798,-0.09409062221782456,0.053,-4.986802977544702e-06,-4.986802977544702e-06,-0.09409062221782456,-0.09409062221782456,0.0,0.0,0.0
RGI60-19.00901,0.048953125,0.02256210937500001,,,,0.0,0.0,0.0,0.0,0.0,0.0,,-1.346458178589237e-05,,-0.1896419969843996,0.071,-1.346458178589237e-05,-1.346458178589237e-05,-0.1896419969843996,-0.1896419969843996,0.0,0.0,0.0
RGI60-19.00902,0.00579531250000001,0.00479531250000001,392.09477021321925,0.000570073225842008,,0.0,0.0,2.162030590293104e-05,0.002667377833129367,1.0,0.0,0.0005081190560173081,-6.195416982469989e-05,0.7853462998721918,-0.09575605846166907,0.647,-6.195416982469989e-05,-6.195416982469989e-05,-0.09575605846166907,-0.09575605846166907,0.0,0.0,0.0
RGI60-19.00903,0.048953125,0.02256210937500001,,,,0.0,0.0,0.0,0.0,0.0,0.0,,-2.542538695617121e-05,,-0.3301998305996262,0.077,-2.542538695617121e-05,-2.542538695617121e-05,-0.3301998305996262,-0.3301998305996262,0.0,0.0,0.0
RGI60-19.00907,0.048953125,0.02256210937500001,120.2946429906996,0.0015770318007002602,,0.0,0.0,0.0,0.0,1.0,1.0,0.0018158963346079828,0.0,0.20750729455010655,0.02729568436838335,8.751,0.00023886453390772265,0.00023886453390772265,0.02729568436838335,0.02729568436838335,0.0,0.0,0.0
RGI60-19.00908,0.048953125,0.02256210937500001,231.75571433329372,0.0017801916699834222,,0.0,0.0,0.0,0.0,1.0,1.0,0.0020076860616679145,0.0,0.4884880928632395,0.05535143349987647,4.11,0.00022749439168449234,0.00022749439168449234,0.05535143349987647,0.05535143349987647,0.0,0.0,0.0
RGI60-19.00909,0.048953125,0.02256210937500001,67.97969699669154,0.00028719634993658235,,0.0,0.0,0.0,0.0,1.0,1.0,0.004289634871530427,0.0,0.41952419281471176,0.3914365302292269,10.225,0.004002438521593845,0.004002438521593845,0.3914365302292269,0.3914365302292269,0.0,0.0,0.0
RGI60-19.00912,0.048953125,0.02256210937500001,109.1384096853508,0.00011340043596426028,,0.0,0.0,0.0,0.0,1.0,0.0,2.9474171732639715e-05,0.0,0.18773357791490264,-0.5345621925580928,0.157,-8.392626423162056e-05,-8.392626423162056e-05,-0.5345621925580928,-0.5345621925580928,0.0,0.0,0.0
RGI60-19.00913,0.048953125,0.02256210937500001,82.16047919825012,0.0032620285860012325,,0.0,0.0,0.0,0.0,1.0,1.0,-0.031599945042827836,0.0,-0.22034840939430464,-0.2430947404195627,143.409,-0.03486197362882906,-0.03486197362882906,-0.2430947404195627,-0.2430947404195627,0.0,0.0,0.0
RGI60-19.00914,0.048953125,0.02256210937500001,277.9113960819313,0.0007671263990675399,,0.0,0.0,0.0,0.0,1.0,0.0,0.0008195445359877241,0.0,0.4065201071367679,0.02600105998025005,2.016,5.24181369201841e-05,5.24181369201841e-05,0.02600105998025005,0.02600105998025005,0.0,0.0,0.0
RGI60-19.00915,0.012988281250000008,0.011988281250000007,392.7924851456015,0.003085092504097593,,0.0,0.0,3.8346292235622727e-05,0.0090130974416864,1.0,0.0,0.0019251014713067972,-0.0011599910327907952,1.0944294890885715,-0.6594605075558813,1.759,-0.0011599910327907952,-0.0011599910327907952,-0.6594605075558813,-0.6594605075558813,0.0,0.0,0.0
RGI60-19.00916,0.02737421875000001,0.02256210937500001,419.4040711881042,0.014224985213284972,,0.0,0.0,4.05761113183831e-05,0.03560005410108573,1.0,0.0,0.010987971793024456,-0.003237013420260513,1.0451794723698713,-0.3079057757310485,10.513,-0.003237013420260513,-0.003237013420260513,-0.3079057757310485,-0.3079057757310485,0.0,0.0,0.0
RGI60-19.00917,0.048953125,0.02256210937500001,350.5881213953559,0.046486775105316944,,0.0,0.0,0.0,0.0,1.0,1.0,0.008511329855798548,0.0,0.06485218036755419,-0.2893543625479525,131.24200000000002,-0.03797544524951839,-0.03797544524951839,-0.2893543625479525,-0.2893543625479525,0.0,0.0,0.0
RGI60-19.00918,0.048953125,0.02256210937500001,255.65026817818713,0.0016763632646465973,,0.0,0.0,0.0,0.0,1.0,1.0,0.0016114479872511528,0.0,0.9255875860144476,-0.03728620183540763,1.741,-6.491527739544468e-05,-6.491527739544468e-05,-0.03728620183540763,-0.03728620183540763,0.0,0.0,0.0
RGI60-19.00919,0.048953125,0.02256210937500001,36.27977263583213,1.7120282478998933e-06,,0.0,0.0,0.0,0.0,1.0,1.0,0.0001665208873658922,0.0,0.2281108046108112,0.22576556043560586,0.73,0.00016480885911799228,0.00016480885911799228,0.22576556043560586,0.22576556043560586,0.0,0.0,0.0
RGI60-19.00921,0.03456718750000001,0.02256210937500001,294.73947653583167,0.0014755014809428614,,0.0,0.0,4.608299966987829e-06,0.004357414823919597,1.0,0.0,0.0017713826971214926,0.00029588121617863164,1.0619800342454992,0.17738682025097816,1.668,0.00029588121617863164,0.00029588121617863164,0.17738682025097816,0.17738682025097816,0.0,0.0,0.0
RGI60-19.00923,0.048953125,0.02256210937500001,279.2613959516943,0.0007231612385542218,,0.0,0.0,0.0,0.0,1.0,1.0,0.0006127791746125555,0.0,0.3558531792175119,-0.06410108242837746,1.722,-0.000110382063941666,-0.000110382063941666,-0.06410108242837746,-0.06410108242837746,0.0,0.0,0.0
RGI60-19.00924,0.02737421875000001,0.02256210937500001,631.5001779254454,0.0007821616435478258,,0.0,0.0,1.9676282845773263e-06,0.00380820489699182,1.0,0.0,0.000601384668918254,-0.00018077697462957185,1.0280079810568443,-0.3090204694522596,0.585,-0.00018077697462957185,-0.00018077697462957185,-0.3090204694522596,-0.3090204694522596,0.0,0.0,0.0
RGI60-19.00925,0.048953125,0.02256210937500001,,,,0.0,0.0,0.0,0.0,0.0,0.0,,-2.1765452428439183e-07,,-0.0070211136865932855,0.031,-2.1765452428439183e-07,-2.1765452428439183e-07,-0.0070211136865932855,-0.0070211136865932855,0.0,0.0,0.0
RGI60-19.00926,0.048953125,0.02256210937500001,51.733518129477844,1.8454871320960932e-05,,0.0,0.0,0.0,0.0,1.0,1.0,2.9973921284648264e-06,0.0,0.01873370080290516,-0.09660924495310068,0.16,-1.545747919249611e-05,-1.545747919249611e-05,-0.09660924495310068,-0.09660924495310068,0.0,0.0,0.0
RGI60-19.00934,0.048953125,0.02256210937500001,51.735745136089314,5.147696234459504e-06,,0.0,0.0,0.0,0.0,1.0,1.0,7.656094078979389e-07,0.0,0.04029523199462837,-0.2306361487663981,0.019,-4.382086826561564e-06,-4.382086826561564e-06,-0.2306361487663981,-0.2306361487663981,0.0,0.0,0.0
RGI60-19.00935,0.020181250000000008,0.019181250000000007,124.04108127863405,5.818691933442957e-05,,0.0,0.0,3.967812933098804e-07,0.00010449271322479925,1.0,0.0,6.45220749577293e-05,6.335155623299737e-06,0.9217439279675614,0.09050222318999626,0.07,6.335155623299737e-06,6.335155623299737e-06,0.09050222318999626,0.09050222318999626,0.0,0.0,0.0
RGI60-19.00936,0.041760156250000006,0.02256210937500001,306.4946192189267,0.0009192753470832311,,0.0,0.0,1.887895342221257e-06,0.0023315320832561267,1.0,0.0,0.0007786159210167442,-0.00014065942606648692,0.9969474020700949,-0.18010169790843394,0.7809999999999999,-0.00014065942606648692,-0.00014065942606648692,-0.18010169790843394,-0.18010169790843394,0.0,0.0,0.0
RGI60-19.00939,0.02257890625000001,0.02256210937500001,130.8983404196552,5.5000077524462024e-05,,0.0,0.0,0.0,0.0,1.0,0.0,4.766709717028966e-05,-7.332980354172365e-06,1.0141935568146736,-0.156020858599412,0.047,-7.332980354172365e-06,-7.332980354172365e-06,-0.156020858599412,-0.156020858599412,0.0,0.0,0.0
RGI60-19.00941,0.048953125,0.02256210937500001,60.437831060464994,3.479755660740796e-05,,0.0,0.0,0.0,0.0,1.0,1.0,-0.0001371022139131027,0.0,-0.2742044278262055,-0.3437995410410214,0.5,-0.00017189977052051067,-0.00017189977052051067,-0.3437995410410214,-0.3437995410410214,0.0,0.0,0.0
RGI60-19.00942,0.048953125,0.02256210937500001,55.6040390662877,1.0703478837217463e-05,,0.0,0.0,0.0,0.0,1.0,1.0,-1.4877969465732476e-05,0.0,-0.116234136451035,-0.1998550648667964,0.128,-2.5581448302949946e-05,-2.5581448302949946e-05,-0.1998550648667964,-0.1998550648667964,0.0,0.0,0.0
RGI60-19.00943,0.02497656250000001,0.02256210937500001,132.47260400991215,3.7033212842219926e-05,,0.0,0.0,2.753373658524077e-08,4.2876477236533794e-05,1.0,0.0,2.674783835716274e-05,-1.0285374485057195e-05,0.9552799413272408,-0.36733480303775706,0.028,-1.0285374485057195e-05,-1.0285374485057195e-05,-0.36733480303775706,-0.36733480303775706,0.0,0.0,0.0
RGI60-19.00944,0.048953125,0.02256210937500001,135.67756665938148,0.0006082062763057232,,0.0,0.0,0.0,0.0,1.0,1.0,-0.00026904361800952285,0.0,-0.07733360678629575,-0.2521557615163111,3.479,-0.0008772498943152461,-0.0008772498943152461,-0.2521557615163111,-0.2521557615163111,0.0,0.0,0.0
RGI60-19.00945,0.048953125,0.02256210937500001,210.7532987614029,1.6220971561840362e-05,,0.0,0.0,0.0,0.0,1.0,0.0,1.4474174131835235e-05,0.0,0.4386113373283405,-0.05293325545470083,0.033,-1.7467974300051272e-06,-1.7467974300051272e-06,-0.05293325545470083,-0.05293325545470083,0.0,0.0,0.0
RGI60-19.00950,0.048953125,0.02256210937500001,48.233488738996726,2.6506938965423128e-05,,0.0,0.0,0.0,0.0,1.0,1.0,-3.95389652787004e-05,0.0,-0.07589052836602764,-0.12676757052614882,0.521,-6.604590424412353e-05,-6.604590424412353e-05,-0.12676757052614882,-0.12676757052614882,0.0,0.0,0.0
RGI60-19.00954,0.003397656250000009,0.002397656250000009,158.8243461285077,2.916820072622457e-05,,0.0,0.0,4.23998077218047e-06,0.00010178209373156046,1.0,0.0,9.362521026833184e-05,6.445700954210728e-05,0.7430572243518401,0.5115635677945022,0.126,6.445700954210728e-05,6.445700954210728e-05,0.5115635677945022,0.5115635677945022,0.0,0.0,0.0
RGI60-19.00955,0.01778359375000001,0.01678359375000001,162.40342715509894,5.8356762369516164e-05,,0.0,0.0,5.652649599018878e-07,7.565360490088649e-05,1.0,0.0,5.055571943954556e-05,-7.801042929970599e-06,1.011114388790911,-0.156020858599412,0.05,-7.801042929970599e-06,-7.801042929970599e-06,-0.156020858599412,-0.156020858599412,0.0,0.0,0.0
RGI60-19.00956,0.048953125,0.02256210937500001,0.17137580900030436,9.608628484903999e-06,,0.0,0.0,0.0,0.0,1.0,1.0,1.056947352339416e-05,0.0,0.4595423271040939,0.04177587123870263,0.023,9.608450384901607e-07,9.608450384901607e-07,0.04177587123870263,0.04177587123870263,0.0,0.0,0.0
RGI60-19.00957,0.012988281250000008,0.011988281250000007,147.33200608713292,9.442978256561046e-05,,0.0,0.0,1.3692275409581295e-06,0.0001228509753967075,1.0,0.0,5.990660001699162e-05,-3.452318254861883e-05,0.7488325002123954,-0.4315397818577354,0.08,-3.452318254861883e-05,-3.452318254861883e-05,-0.4315397818577354,-0.4315397818577354,0.0,0.0,0.0
RGI60-19.00958,0.039362500000000016,0.02256210937500001,91.5427819269404,0.00017942007378946525,,0.0,0.0,3.45814575987376e-08,0.00043698020869918365,1.0,0.0,0.00010923840038147698,-7.018167340798825e-05,0.9498991337519738,-0.6102754209390284,0.115,-7.018167340798825e-05,-7.018167340798825e-05,-0.6102754209390284,-0.6102754209390284,0.0,0.0,0.0
RGI60-19.00959,0.048953125,0.02256210937500001,52.21647028675059,2.9781731612202087e-05,,0.0,0.0,0.0,0.0,1.0,1.0,-4.0218949311984225e-06,0.0,-0.009375046459669979,-0.07879633226899885,0.429,-3.380362654340051e-05,-3.380362654340051e-05,-0.07879633226899885,-0.07879633226899885,0.0,0.0,0.0
RGI60-19.00960,0.020181250000000008,0.019181250000000007,187.2935808751941,0.00010280876794152973,,0.0,0.0,5.073695762075009e-07,0.00011464357021251888,1.0,0.0,5.3666081248129824e-05,-4.9142686693399895e-05,1.0733216249625963,-0.982853733867998,0.05,-4.9142686693399895e-05,-4.9142686693399895e-05,-0.982853733867998,-0.982853733867998,0.0,0.0,0.0
RGI60-19.00961,0.048953125,0.02256210937500001,0.1539679034282324,2.321175504971049e-05,,0.0,0.0,0.0,0.0,1.0,1.0,1.600263378830195e-06,0.0,0.02712310811576601,-0.366296468997971,0.059,-2.1611491670880296e-05,-2.1611491670880296e-05,-0.366296468997971,-0.366296468997971,0.0,0.0,0.0
RGI60-19.00962,0.048953125,0.02256210937500001,,,,0.0,0.0,0.0,0.0,0.0,0.0,,-8.581147222967661e-06,,-0.156020858599412,0.055,-8.581147222967661e-06,-8.581147222967661e-06,-0.156020858599412,-0.156020858599412,0.0,0.0,0.0
RGI60-19.00963,0.010590625000000008,0.009590625000000009,338.4508788043753,0.0005584619088121368,,0.0,0.0,1.2212517714890068e-05,0.0012255348558322635,1.0,0.0,0.00024780062684441227,-0.00031066128196772445,0.8544849201531457,-1.071245799888705,0.29,-0.00031066128196772445,-0.00031066128196772445,-1.071245799888705,-1.071245799888705,0.0,0.0,0.0
RGI60-19.00964,0.02737421875000001,0.02256210937500001,71.6618174280057,6.130609975397289e-05,,0.0,0.0,2.253335779665081e-07,0.00014969210613867623,1.0,0.0,0.00012530862507997376,6.400252532600087e-05,1.0619375006777436,0.5423942824237361,0.118,6.400252532600087e-05,6.400252532600087e-05,0.5423942824237361,0.5423942824237361,0.0,0.0,0.0
RGI60-19.00965,0.012988281250000008,0.011988281250000007,118.01634820018832,6.972897896651364e-05,,0.0,0.0,9.631903416029631e-07,7.868012784106663e-05,1.0,0.0,5.570499708777489e-05,-1.4023981878738745e-05,0.898467694964111,-0.2261932561086894,0.062,-1.4023981878738745e-05,-1.4023981878738745e-05,-0.2261932561086894,-0.2261932561086894,0.0,0.0,0.0
RGI60-19.00966,0.048953125,0.02256210937500001,,,,0.0,0.0,0.0,0.0,0.0,0.0,,-2.4963337375905925e-06,,-0.156020858599412,0.016,-2.4963337375905925e-06,-2.4963337375905925e-06,-0.156020858599412,-0.156020858599412,0.0,0.0,0.0
RGI60-19.00967,0.048953125,0.02256210937500001,185.75445541649088,1.5500283919525965e-05,,0.0,0.0,0.0,0.0,1.0,0.0,1.3404142516922645e-05,0.0,0.5361657006769057,-0.08384565610413286,0.025,-2.096141402603321e-06,-2.096141402603321e-06,-0.08384565610413286,-0.08384565610413286,0.0,0.0,0.0
RGI60-19.00968,0.008192968750000008,0.007192968750000008,162.13230360273752,1.1128357129258846e-05,,0.0,0.0,3.3844441333987697e-07,1.5696125253932694e-05,1.0,0.0,2.6342745453862063e-05,1.5214388324603214e-05,1.0537098181544824,0.6085755329841285,0.025,1.5214388324603214e-05,1.5214388324603214e-05,0.6085755329841285,0.6085755329841285,0.0,0.0,0.0
RGI60-19.00969,0.02497656250000001,0.02256210937500001,237.9769477387749,0.00014614248593337788,,0.0,0.0,5.543836434672631e-07,1.163644124148286e-05,1.0,0.0,0.00018690245196628863,4.075996603291074e-05,1.0213248741327248,0.22273205482464886,0.183,4.075996603291074e-05,4.075996603291074e-05,0.22273205482464886,0.22273205482464886,0.0,0.0,0.0
RGI60-19.00970,0.020181250000000008,0.019181250000000007,476.1148509209999,0.0009169332191695217,,0.0,0.0,3.176570497856016e-06,0.0020593157274552513,1.0,0.0,0.0008030379923919508,-0.00011389522677757075,1.1000520443725352,-0.156020858599412,0.73,-0.00011389522677757075,-0.00011389522677757075,-0.156020858599412,-0.156020858599412,0.0,0.0,0.0
RGI60-19.00971,0.02737421875000001,0.02256210937500001,344.3971680039673,0.0009394091011310092,,0.0,0.0,2.0282537346997934e-06,0.0017184105469472133,1.0,0.0,0.0013171617649457602,0.00037775266381475113,1.0404121366080257,0.2983828308173389,1.266,0.00037775266381475113,0.00037775266381475113,0.2983828308173389,0.2983828308173389,0.0,0.0,0.0
RGI60-19.00972,0.048953125,0.02256210937500001,142.29470692180314,0.00019179387401197407,,0.0,0.0,0.0,0.0,1.0,0.0,0.00019608547096729742,0.0,1.0893637275960966,0.02384220530735149,0.18,4.2915969553232665e-06,4.2915969553232665e-06,0.02384220530735149,0.02384220530735149,0.0,0.0,0.0
RGI60-19.00973,0.048953125,0.02256210937500001,,,,0.0,0.0,0.0,0.0,0.0,0.0,,-1.0765439243359427e-05,,-0.156020858599412,0.069,-1.0765439243359427e-05,-1.0765439243359427e-05,-0.156020858599412,-0.156020858599412,0.0,0.0,0.0
RGI60-19.00974,0.048953125,0.02256210937500001,,,,0.0,0.0,0.0,0.0,0.0,0.0,,1.5860349719544807e-05,,0.26881948677194584,0.059,1.5860349719544807e-05,1.5860349719544807e-05,0.26881948677194584,0.26881948677194584,0.0,0.0,0.0
RGI60-19.00975,0.048953125,0.02256210937500001,64.35708256442528,7.997825407954882e-05,,0.0,0.0,0.0,0.0,1.0,1.0,0.0006221106329976135,0.0,0.3546810906485824,0.3090834543432524,1.754,0.0005421323789180649,0.0005421323789180649,0.3090834543432524,0.3090834543432524,0.0,0.0,0.0
RGI60-19.00976,0.00579531250000001,0.00479531250000001,274.9832654560398,0.0001905968209837372,,0.0,0.0,1.0630521780815073e-05,0.0006840491689821658,1.0,0.0,0.00015787044373459681,-3.2726377249140426e-05,0.8179815737543874,-0.1695667214981369,0.193,-3.2726377249140426e-05,-3.2726377249140426e-05,-0.1695667214981369,-0.1695667214981369,0.0,0.0,0.0
RGI60-19.00977,0.048953125,0.02256210937500001,0.20971184612988747,4.9633818942357955e-05,,0.0,0.0,0.0,0.0,1.0,0.0,2.7033370923639002e-05,0.0,0.7306316465848377,-0.6108229194248365,0.037000000000000005,-2.2600448018718953e-05,-2.2600448018718953e-05,-0.6108229194248365,-0.6108229194248365,0.0,0.0,0.0
RGI60-19.00980,0.048953125,0.02256210937500001,,,,0.0,0.0,0.0,0.0,0.0,0.0,,-4.129892734418781e-05,,-0.21070881298055005,0.196,-4.129892734418781e-05,-4.129892734418781e-05,-0.21070881298055005,-0.21070881298055005,0.0,0.0,0.0
RGI60-19.00982,0.048953125,0.02256210937500001,,,,0.0,0.0,0.0,0.0,0.0,0.0,,-1.1395246327438514e-05,,-0.9496038606198759,0.012,-1.1395246327438514e-05,-1.1395246327438514e-05,-0.9496038606198759,-0.9496038606198759,0.0,0.0,0.0
RGI60-19.00987,0.008192968750000008,0.007192968750000008,416.1779774832131,4.752144607175209e-05,,0.0,0.0,1.4689963317031462e-06,0.0002619919200563036,1.0,0.0,3.061630298138119e-05,-1.69051430903709e-05,0.6248225098241058,-0.345002920211651,0.049,-1.69051430903709e-05,-1.69051430903709e-05,-0.345002920211651,-0.345002920211651,0.0,0.0,0.0
RGI60-19.00988,0.048953125,0.02256210937500001,232.8551754435517,0.0016382179297663776,,0.0,0.0,0.0,0.0,1.0,0.0,-0.0008980418665348668,0.0,-0.32072923804816666,-0.9058070701075872,2.8,-0.0025362597963012445,-0.0025362597963012445,-0.9058070701075872,-0.9058070701075872,0.0,0.0,0.0
RGI60-19.00994,0.00579531250000001,0.00479531250000001,374.9870947176839,0.00010731242081692713,,0.0,0.0,6.608441772613667e-06,0.00037318028991577284,1.0,0.0,2.8332972758834782e-05,-7.897944805809231e-05,0.27243243037341136,-0.7594177697893492,0.104,-7.897944805809231e-05,-7.897944805809231e-05,-0.7594177697893492,-0.7594177697893492,0.0,0.0,0.0
RGI60-19.00999,0.048953125,0.02256210937500001,32.09814464919191,6.022445354080972e-06,,0.0,0.0,0.0,0.0,1.0,1.0,0.00045990572152052175,0.0,0.5608606360006363,0.553516190446879,0.82,0.0004538832761664408,0.0004538832761664408,0.553516190446879,0.553516190446879,0.0,0.0,0.0
RGI60-19.01003,0.008192968750000008,0.007192968750000008,421.2820995049318,0.00016063602232216427,,0.0,0.0,5.336087620071646e-06,2.089256160135198e-05,1.0,0.0,0.00020243014315912152,4.179412083695721e-05,1.0223744603996034,0.21108141836847075,0.198,4.179412083695721e-05,4.179412083695721e-05,0.21108141836847075,0.21108141836847075,0.0,0.0,0.0
RGI60-19.01004,0.008192968750000008,0.007192968750000008,155.0355204626147,2.525450836619157e-05,,0.0,0.0,6.488851324864849e-07,1.9628052811203912e-05,1.0,0.0,3.3659653746735244e-05,8.405145380543677e-06,0.9097203715333848,0.2271660913660453,0.037000000000000005,8.405145380543677e-06,8.405145380543677e-06,0.2271660913660453,0.2271660913660453,0.0,0.0,0.0
RGI60-19.01005,0.048953125,0.02256210937500001,,,,0.0,0.0,0.0,0.0,0.0,0.0,,-2.884184085823012e-05,,-0.4806973476371687,0.06,-2.884184085823012e-05,-2.884184085823012e-05,-0.4806973476371687,-0.4806973476371687,0.0,0.0,0.0
RGI60-19.01006,0.048953125,0.02256210937500001,,,,0.0,0.0,0.0,0.0,0.0,0.0,,-9.66760071000409e-06,,-0.5088210900002152,0.019,-9.66760071000409e-06,-9.66760071000409e-06,-0.5088210900002152,-0.5088210900002152,0.0,0.0,0.0
RGI60-19.01007,0.048953125,0.02256210937500001,106.15312902395105,0.0004327762720742104,,0.0,0.0,0.0,0.0,1.0,1.0,-0.000631995480781439,0.0,-0.4650445038862686,-0.7834965068842159,1.359,-0.0010647717528556495,-0.0010647717528556495,-0.7834965068842159,-0.7834965068842159,0.0,0.0,0.0
RGI60-19.01009,0.048953125,0.02256210937500001,75.98416410737819,0.00020240960136460847,,0.0,0.0,0.0,0.0,1.0,1.0,-2.961987688348941e-05,0.0,-0.033131853337236485,-0.2595408034095055,0.894,-0.000232029478248098,-0.000232029478248098,-0.2595408034095055,-0.2595408034095055,0.0,0.0,0.0
RGI60-19.01010,0.048953125,0.02256210937500001,,,,0.0,0.0,0.0,0.0,0.0,0.0,,2.1517470641118797e-05,,0.8965612767132831,0.024,2.1517470641118797e-05,2.1517470641118797e-05,0.8965612767132831,0.8965612767132831,0.0,0.0,0.0
RGI60-19.01012,0.048953125,0.02256210937500001,154.8950199363451,0.00010293987818578907,,0.0,0.0,0.0,0.0,1.0,0.0,4.9345643308389065e-05,0.0,0.23166968689384534,-0.2516161261849766,0.213,-5.359423487740001e-05,-5.359423487740001e-05,-0.2516161261849766,-0.2516161261849766,0.0,0.0,0.0
RGI60-19.01013,0.048953125,0.02256210937500001,36.31917156636597,3.2247044682865355e-06,,0.0,0.0,0.0,0.0,1.0,1.0,-3.846165680716877e-05,0.0,-0.15202235892161567,-0.1647682263851988,0.253,-4.16863612754553e-05,-4.16863612754553e-05,-0.1647682263851988,-0.1647682263851988,0.0,0.0,0.0
RGI60-19.01014,0.008192968750000008,0.007192968750000008,421.2820995049317,0.00030753623156518474,,0.0,0.0,1.34829783478776e-05,0.0011516948428409216,1.0,0.0,0.0003250854150078895,1.7549183442704756e-05,1.1019844576538629,0.05948875743289748,0.295,1.7549183442704756e-05,1.7549183442704756e-05,0.05948875743289748,0.05948875743289748,0.0,0.0,0.0
RGI60-19.01016,0.003397656250000009,0.002397656250000009,350.8735060789135,0.00011448468546030584,,0.0,0.0,1.4561801950708387e-05,4.868988326346853e-05,1.0,0.0,0.00016606892701932218,5.158424155901636e-05,0.8221234010857537,0.2553675324703781,0.202,5.158424155901636e-05,5.158424155901636e-05,0.2553675324703781,0.2553675324703781,0.0,0.0,0.0
RGI60-19.01017,0.048953125,0.02256210937500001,63.75557440512024,5.895902417342904e-05,,0.0,0.0,0.0,0.0,1.0,1.0,0.0005915570444888835,0.0,0.4002415727259021,0.36035048735822345,1.4780000000000002,0.0005325980203154544,0.0005325980203154544,0.36035048735822345,0.36035048735822345,0.0,0.0,0.0
RGI60-19.01019,0.012988281250000008,0.011988281250000007,491.79061186683884,0.0005910360419292564,,0.0,0.0,4.3793448724814526e-06,3.679970802367493e-05,1.0,0.0,0.0011306574626402887,0.0005396214207110324,1.0459365981871311,0.4991872532016951,1.081,0.0005396214207110324,0.0005396214207110324,0.4991872532016951,0.4991872532016951,0.0,0.0,0.0
RGI60-19.01020,0.048953125,0.02256210937500001,,,,0.0,0.0,0.0,0.0,0.0,0.0,,7.094333653511384e-06,,0.0178698580692982,0.397,7.094333653511384e-06,7.094333653511384e-06,0.0178698580692982,0.0178698580692982,0.0,0.0,0.0
RGI60-19.01022,0.048953125,0.02256210937500001,65.32358006290714,8.443821851767525e-05,,0.0,0.0,0.0,0.0,1.0,1.0,0.00041418683518317656,0.0,0.2783513677306293,0.22160525313541748,1.4880000000000002,0.0003297486166655013,0.0003297486166655013,0.22160525313541748,0.22160525313541748,0.0,0.0,0.0
RGI60-19.01023,0.015385937500000009,0.014385937500000008,513.8789533082179,7.107244959963984e-05,,0.0,0.0,1.019683434165525e-06,9.691011081084318e-07,1.0,0.0,8.879232628919639e-05,1.7719876689556553e-05,0.8537723681653497,0.17038342970727452,0.104,1.7719876689556553e-05,1.7719876689556553e-05,0.17038342970727452,0.17038342970727452,0.0,0.0,0.0
RGI60-19.01024,0.048953125,0.02256210937500001,124.22275565899494,4.0377038751930304e-05,,0.0,0.0,0.0,0.0,1.0,0.0,0.0001308108920349599,0.0,0.7390445877681352,0.5109257247628792,0.177,9.043385328302961e-05,9.043385328302961e-05,0.5109257247628792,0.5109257247628792,0.0,0.0,0.0
RGI60-19.01025,0.048953125,0.02256210937500001,,,,0.0,0.0,0.0,0.0,0.0,0.0,,0.000142514845633218,,1.2955895057565272,0.11,0.000142514845633218,0.000142514845633218,1.2955895057565272,1.2955895057565272,0.0,0.0,0.0
RGI60-19.01026,0.00579531250000001,0.00479531250000001,394.7383007121623,0.0004172007933066486,,0.0,0.0,2.9412523075468982e-05,0.002305959005001958,1.0,0.0,0.00044599458699379045,2.8793793687141705e-05,0.9101930346812048,0.05876284425947286,0.49,2.8793793687141705e-05,2.8793793687141705e-05,0.05876284425947286,0.05876284425947286,0.0,0.0,0.0
RGI60-19.01027,0.048953125,0.02256210937500001,,,,0.0,0.0,0.0,0.0,0.0,0.0,,-2.1842920203917683e-06,,-0.156020858599412,0.014,-2.1842920203917683e-06,-2.1842920203917683e-06,-0.156020858599412,-0.156020858599412,0.0,0.0,0.0
RGI60-19.01028,0.01778359375000001,0.01678359375000001,276.97871167945686,0.0010221572467518242,,0.0,0.0,1.1154348628002317e-05,0.00010873278757572596,1.0,0.0,0.0012971726224836047,0.00027501537573178085,0.987193776623748,0.2092963285629991,1.314,0.00027501537573178085,0.00027501537573178085,0.2092963285629991,0.2092963285629991,0.0,0.0,0.0
RGI60-19.01029,0.015385937500000009,0.014385937500000008,439.2236841284401,0.00039404574655915536,,0.0,0.0,2.3164186105869184e-06,9.698081675118132e-06,1.0,0.0,0.00048200284527833467,8.79570987191793e-05,1.09297697342026,0.19944920344485104,0.441,8.79570987191793e-05,8.79570987191793e-05,0.19944920344485104,0.19944920344485104,0.0,0.0,0.0
RGI60-19.01030,0.048953125,0.02256210937500001,136.9324563084698,0.0004419122629533037,,0.0,0.0,0.0,0.0,1.0,1.0,0.0008459881031855577,0.0,0.8237469359158303,0.3934526195056028,1.027,0.00040407584023225416,0.00040407584023225416,0.3934526195056028,0.3934526195056028,0.0,0.0,0.0
RGI60-19.01031,0.003397656250000009,0.002397656250000009,307.65105493708626,9.786412877891672e-06,,0.0,0.0,1.190281699427377e-06,2.1530669126176187e-06,1.0,0.0,2.0440449691742154e-05,1.065403681385048e-05,0.7300160604193628,0.3805013147803744,0.028,1.065403681385048e-05,1.065403681385048e-05,0.3805013147803744,0.3805013147803744,0.0,0.0,0.0
RGI60-19.01032,0.048953125,0.02256210937500001,,,,0.0,0.0,0.0,0.0,0.0,0.0,,1.2424821121017253e-05,,0.3549948891719215,0.035,1.2424821121017253e-05,1.2424821121017253e-05,0.3549948891719215,0.3549948891719215,0.0,0.0,0.0
RGI60-19.01034,0.048953125,0.02256210937500001,129.81334048165795,0.00016329278785652332,,0.0,0.0,0.0,0.0,1.0,0.0,7.869409760093969e-05,0.0,0.17448802128811458,-0.1875802444691433,0.451,-8.459869025558361e-05,-8.459869025558361e-05,-0.1875802444691433,-0.1875802444691433,0.0,0.0,0.0
RGI60-19.01035,0.048953125,0.02256210937500001,54.71767288661761,3.0597160670730666e-05,,0.0,0.0,0.0,0.0,1.0,1.0,5.172720373435777e-05,0.0,0.08044666210631067,0.03286165328713392,0.643,2.113004306362711e-05,2.113004306362711e-05,0.03286165328713392,0.03286165328713392,0.0,0.0,0.0
RGI60-19.01036,0.0010000000000000087,8.673617379884035e-18,201.70058924496436,2.1004584258132594e-05,,0.0,0.0,3.0254945009650433e-05,8.99374226579473e-05,1.0,0.0,7.700235965891911e-05,5.59977754007865e-05,0.4230898882358193,0.3076800846197061,0.182,5.59977754007865e-05,5.59977754007865e-05,0.3076800846197061,0.3076800846197061,0.0,0.0,0.0
RGI60-19.01037,0.00579531250000001,0.00479531250000001,218.5766910428408,0.0002752415539022925,,0.0,0.0,1.4162516670380285e-05,0.0009267380103584053,1.0,0.0,0.0002693028041248533,-5.938749777439186e-06,0.7920670709554509,-0.017466911110115252,0.34,-5.938749777439186e-06,-5.938749777439186e-06,-0.017466911110115252,-0.017466911110115252,0.0,0.0,0.0
RGI60-19.01038,0.048953125,0.02256210937500001,0.24376821156108355,3.7416477807612536e-05,,0.0,0.0,0.0,0.0,1.0,1.0,4.81963560621838e-05,0.0,0.31296335105314155,0.06999920944526797,0.154,1.0779878254571266e-05,1.0779878254571266e-05,0.06999920944526797,0.06999920944526797,0.0,0.0,0.0
RGI60-19.01039,0.048953125,0.02256210937500001,65.06536916765526,4.108176855911231e-05,,0.0,0.0,0.0,0.0,1.0,1.0,0.0003458470355757804,0.0,0.5232179055609387,0.4610669697680305,0.6609999999999999,0.00030476526701666814,0.00030476526701666814,0.4610669697680305,0.4610669697680305,0.0,0.0,0.0
RGI60-19.01040,0.02497656250000001,0.02256210937500001,89.79021567030952,2.2513515720999698e-05,,0.0,0.0,6.140120391608461e-08,2.579992730799827e-05,1.0,0.0,2.590416442005245e-05,3.3906486990527493e-06,0.9963140161558636,0.13040956534818265,0.026,3.3906486990527493e-06,3.3906486990527493e-06,0.13040956534818265,0.13040956534818265,0.0,0.0,0.0
RGI60-19.01041,0.01778359375000001,0.01678359375000001,76.956797880525,1.5110636036804694e-05,,0.0,0.0,8.792750751684672e-08,3.361658603181451e-05,1.0,0.0,2.643321178938841e-05,1.1322575752583714e-05,0.9790078440514224,0.4193546575031006,0.027000000000000003,1.1322575752583714e-05,1.1322575752583714e-05,0.4193546575031006,0.4193546575031006,0.0,0.0,0.0
RGI60-19.01043,0.003397656250000009,0.002397656250000009,174.0221952600773,1.1255871618159995e-05,,0.0,0.0,1.3422785082999642e-06,9.852136625188773e-06,1.0,0.0,2.0868440745649694e-05,9.612569127489702e-06,0.9485654884386224,0.436934960340441,0.022,9.612569127489702e-06,9.612569127489702e-06,0.436934960340441,0.436934960340441,0.0,0.0,0.0
RGI60-19.01044,0.048953125,0.02256210937500001,54.22558007804294,4.915526747779435e-05,,0.0,0.0,0.0,0.0,1.0,1.0,0.0007236956999535229,0.0,0.4883236841791653,0.4551554875004916,1.482,0.0006745404324757287,0.0006745404324757287,0.4551554875004916,0.4551554875004916,0.0,0.0,0.0
RGI60-19.01045,0.048953125,0.02256210937500001,61.99229938047222,7.220270700083443e-05,,0.0,0.0,0.0,0.0,1.0,1.0,0.0002396388303594159,0.0,0.8068647486849021,0.563757991106335,0.297,0.0001674361233585815,0.0001674361233585815,0.563757991106335,0.563757991106335,0.0,0.0,0.0
RGI60-19.01047,0.048953125,0.02256210937500001,41.91306848591592,2.546139209925278e-05,,0.0,0.0,0.0,0.0,1.0,1.0,0.0006001547034399367,0.0,0.276314320184133,0.2645917639690074,2.172,0.000574693311340684,0.000574693311340684,0.2645917639690074,0.2645917639690074,0.0,0.0,0.0
RGI60-19.01049,0.01778359375000001,0.01678359375000001,566.8198650350096,0.006218987526819353,,0.0,0.0,4.308162022989418e-05,0.0373969034972994,1.0,1.0,0.007106000197868764,0.0008870126710494123,0.952802386413082,0.11893438871673535,7.457999999999998,0.0008870126710494123,0.0008870126710494123,0.11893438871673535,0.11893438871673535,0.0,0.0,0.0
RGI60-19.01050,0.048953125,0.02256210937500001,73.51803139540752,2.4746819499808108e-05,,0.0,0.0,0.0,0.0,1.0,1.0,2.5905070255442733e-05,0.0,0.056934220341632376,0.0025456060563398396,0.455,1.1582507556346271e-06,1.1582507556346271e-06,0.0025456060563398396,0.0025456060563398396,0.0,0.0,0.0
RGI60-19.01051,0.048953125,0.02256210937500001,128.75771957457184,0.0005914188069071733,,0.0,0.0,0.0,0.0,1.0,1.0,0.0006577115735112068,0.0,0.3773445631160108,0.03803371577970952,1.743,6.62927666040337e-05,6.62927666040337e-05,0.03803371577970952,0.03803371577970952,0.0,0.0,0.0
RGI60-19.01052,0.04655546875,0.02256210937500001,119.7698411808072,0.0008466864821490144,,0.0,0.0,2.426694454929154e-07,0.0016925184466179018,1.0,1.0,0.0007335845912816879,-0.0001131018908673269,1.096539000421058,-0.16906112237268595,0.669,-0.0001131018908673269,-0.0001131018908673269,-0.16906112237268595,-0.16906112237268595,0.0,0.0,0.0
RGI60-19.01053,0.048953125,0.02256210937500001,131.9688374849627,0.001209532948936777,,0.0,0.0,0.0,0.0,1.0,1.0,0.0008804290354895914,0.0,0.4294775782876056,-0.16053849436448073,2.05,-0.0003291039134471855,-0.0003291039134471855,-0.16053849436448073,-0.16053849436448073,0.0,0.0,0.0
RGI60-19.01054,0.048953125,0.02256210937500001,120.44831875333763,0.0005829456838861724,,0.0,0.0,0.0,0.0,1.0,0.0,0.00048744068513528906,0.0,0.9633215121250772,-0.1887450568199275,0.506,-9.55049987508833e-05,-9.55049987508833e-05,-0.1887450568199275,-0.1887450568199275,0.0,0.0,0.0
RGI60-19.01055,0.048953125,0.02256210937500001,103.00493247311266,0.00023926416592148208,,0.0,0.0,0.0,0.0,1.0,1.0,0.00035149847592643563,0.0,0.4861666333698972,0.15523417704696202,0.723,0.00011223431000495356,0.00011223431000495356,0.15523417704696202,0.15523417704696202,0.0,0.0,0.0
RGI60-19.01056,0.02737421875000001,0.02256210937500001,167.93405811058557,0.0003750878543787088,,0.0,0.0,1.6951493562192369e-06,0.0007758938792723365,1.0,0.0,0.0002852650990816181,-8.982275529709059e-05,0.905603489147994,-0.2851516041177479,0.315,-8.982275529709059e-05,-8.982275529709059e-05,-0.2851516041177479,-0.2851516041177479,0.0,0.0,0.0
RGI60-19.01057,0.012988281250000008,0.011988281250000007,195.67249179469482,0.00035165829098956846,,0.0,0.0,6.221608243752403e-06,0.001198729648057384,1.0,0.0,0.0004526710498285303,0.00010101275883896176,1.0803605007840815,0.24108057002138844,0.419,0.00010101275883896176,0.00010101275883896176,0.24108057002138844,0.24108057002138844,0.0,0.0,0.0
RGI60-19.01058,0.048953125,0.02256210937500001,102.53183097574276,0.0005268872829314358,,0.0,0.0,0.0,0.0,1.0,1.0,-0.0008161422038391644,0.0,-0.1683461641582435,-0.2770275343998763,4.848,-0.0013430294867706005,-0.0013430294867706005,-0.2770275343998763,-0.2770275343998763,0.0,0.0,0.0
RGI60-19.01059,0.048953125,0.02256210937500001,55.199793329643576,2.738029785215781e-05,,0.0,0.0,0.0,0.0,1.0,0.0,9.703481236568829e-06,0.0,0.030228913509560223,-0.0550679645345451,0.321,-1.7676816615588974e-05,-1.7676816615588974e-05,-0.0550679645345451,-0.0550679645345451,0.0,0.0,0.0
RGI60-19.01060,0.048953125,0.02256210937500001,63.462764819603045,0.0001860112523582604,,0.0,0.0,0.0,0.0,1.0,1.0,-0.002960795947655072,0.0,-0.4804926886814462,-0.5106795196386452,6.162000000000001,-0.0031468072000133324,-0.0031468072000133324,-0.5106795196386452,-0.5106795196386452,0.0,0.0,0.0
RGI60-19.01061,0.048953125,0.02256210937500001,91.50256294208782,0.00019953990053921415,,0.0,0.0,0.0,0.0,1.0,0.0,8.474596832723588e-05,0.0,0.13098294950113734,-0.17742493386704528,0.647,-0.00011479393221197828,-0.00011479393221197828,-0.17742493386704528,-0.17742493386704528,0.0,0.0,0.0
RGI60-19.01062,0.048953125,0.02256210937500001,117.47844257417142,6.74092366971622e-05,,0.0,0.0,0.0,0.0,1.0,1.0,0.00023898369695317983,0.0,0.6847670399804581,0.4916173646304231,0.349,0.00017157446025601765,0.00017157446025601765,0.4916173646304231,0.4916173646304231,0.0,0.0,0.0
RGI60-19.01063,0.048953125,0.02256210937500001,94.94067154264047,0.0003834941922724058,,0.0,0.0,0.0,0.0,1.0,1.0,0.0004607273417639701,0.0,0.1445645879397459,0.02423380906544221,3.187,7.723314949156432e-05,7.723314949156432e-05,0.02423380906544221,0.02423380906544221,0.0,0.0,0.0
RGI60-19.01064,0.048953125,0.02256210937500001,70.32409720138584,8.244375742781205e-05,,0.0,0.0,0.0,0.0,1.0,1.0,-0.0005437814422518018,0.0,-0.25832847612912196,-0.2974941566173938,2.105,-0.000626225199679614,-0.000626225199679614,-0.2974941566173938,-0.2974941566173938,0.0,0.0,0.0
RGI60-19.01065,0.048953125,0.02256210937500001,124.61160372593685,0.0001917805421136344,,0.0,0.0,0.0,0.0,1.0,0.0,-7.673021444916455e-05,0.0,-0.06519134617601066,-0.2281314839106193,1.177,-0.0002685107565627989,-0.0002685107565627989,-0.2281314839106193,-0.2281314839106193,0.0,0.0,0.0
RGI60-19.01066,0.048953125,0.02256210937500001,22.58362642079577,0.0,,0.0,0.0,0.0,0.0,1.0,1.0,-1.8360614070222247e-05,0.0,-0.11922476668975485,-0.11922476668975485,0.154,-1.8360614070222247e-05,-1.8360614070222247e-05,-0.11922476668975485,-0.11922476668975485,0.0,0.0,0.0
RGI60-19.01067,0.048953125,0.02256210937500001,76.60099882185831,0.0001778555376362279,,0.0,0.0,0.0,0.0,1.0,1.0,-0.0018739112733921288,0.0,-0.4474477730162677,-0.4899156664346602,4.188,-0.002051766811028357,-0.002051766811028357,-0.4899156664346602,-0.4899156664346602,0.0,0.0,0.0
RGI60-19.01068,0.048953125,0.02256210937500001,84.31538285740427,0.0002178528772406517,,0.0,0.0,0.0,0.0,1.0,1.0,0.00010032203908934979,0.0,0.18441551303189305,-0.216049334836952,0.544,-0.00011753083815130188,-0.00011753083815130188,-0.216049334836952,-0.216049334836952,0.0,0.0,0.0
RGI60-19.01069,0.048953125,0.02256210937500001,,,,0.0,0.0,0.0,0.0,0.0,0.0,,-5.401103731161671e-06,,-0.13848983926055566,0.039,-5.401103731161671e-06,-5.401103731161671e-06,-0.13848983926055566,-0.13848983926055566,0.0,0.0,0.0
RGI60-19.01070,0.048953125,0.02256210937500001,109.69784780713171,0.0005939031013686808,,0.0,0.0,0.0,0.0,1.0,1.0,0.00026397344882000083,0.0,0.2962664969921446,-0.3702914170018857,0.8909999999999999,-0.00032992965254868015,-0.00032992965254868015,-0.3702914170018857,-0.3702914170018857,0.0,0.0,0.0
RGI60-19.01071,0.048953125,0.02256210937500001,79.23506278713838,0.00018829967191965976,,0.0,0.0,0.0,0.0,1.0,1.0,7.949270065843557e-05,0.0,0.037303003593822416,-0.05105911368429104,2.131,-0.00010880697126122421,-0.00010880697126122421,-0.05105911368429104,-0.05105911368429104,0.0,0.0,0.0
RGI60-19.01072,0.048953125,0.02256210937500001,80.65415038773327,0.00010698306525035512,,0.0,0.0,0.0,0.0,1.0,1.0,0.00013698234179765844,0.0,0.17859496974922873,0.03911248572008254,0.767,2.999927654730331e-05,2.999927654730331e-05,0.03911248572008254,0.03911248572008254,0.0,0.0,0.0
RGI60-19.01073,0.048953125,0.02256210937500001,67.62264163797072,0.00010888455552984929,,0.0,0.0,0.0,0.0,1.0,1.0,-0.00046347842071423436,0.0,-0.3322425954940749,-0.4102960403183396,1.395,-0.0005723629762440838,-0.0005723629762440838,-0.4102960403183396,-0.4102960403183396,0.0,0.0,0.0
RGI60-19.01074,0.048953125,0.02256210937500001,163.21474914878848,0.0001758980221947689,,0.0,0.0,0.0,0.0,1.0,0.0,0.00012341175754689425,0.0,0.9279079514804078,-0.3946335687810126,0.133,-5.248626464787466e-05,-5.248626464787466e-05,-0.3946335687810126,-0.3946335687810126,0.0,0.0,0.0
RGI60-19.01075,0.048953125,0.02256210937500001,64.88249982507321,0.0002174400685662693,,0.0,0.0,0.0,0.0,1.0,1.0,-0.00046677163451274453,0.0,-0.2679515697547328,-0.3927736527434063,1.742,-0.0006842117030790137,-0.0006842117030790137,-0.3927736527434063,-0.3927736527434063,0.0,0.0,0.0
RGI60-19.01077,0.048953125,0.02256210937500001,127.56679259339417,0.0004103509675924858,,0.0,0.0,0.0,0.0,1.0,1.0,0.0006371040484338503,0.0,0.5024479877238567,0.17882735082126533,1.268,0.00022675308084136445,0.00022675308084136445,0.17882735082126533,0.17882735082126533,0.0,0.0,0.0
RGI60-19.01078,0.048953125,0.02256210937500001,131.83506714034542,0.031663793677203345,,0.0,0.0,0.0,0.0,1.0,1.0,-0.14046987927491858,0.0,-0.2847860793373677,-0.3489806789541993,493.247,-0.17213367295212195,-0.17213367295212195,-0.3489806789541993,-0.3489806789541993,0.0,0.0,0.0
RGI60-19.01080,0.048953125,0.02256210937500001,63.168362304098146,0.0001092096577494494,,0.0,0.0,0.0,0.0,1.0,1.0,0.00017310488812567051,0.0,0.17663764094456175,0.06519921466961337,0.98,6.389523037622111e-05,6.389523037622111e-05,0.06519921466961337,0.06519921466961337,0.0,0.0,0.0
RGI60-19.01088,0.048953125,0.02256210937500001,82.79932651378338,0.00017215040433015007,,0.0,0.0,0.0,0.0,1.0,1.0,0.00014032836076506564,0.0,0.25058635850904576,-0.05682507779479369,0.56,-3.182204356508447e-05,-3.182204356508447e-05,-0.05682507779479369,-0.05682507779479369,0.0,0.0,0.0
RGI60-19.01090,0.048953125,0.02256210937500001,52.54214532048022,2.9203364195179848e-05,,0.0,0.0,0.0,0.0,1.0,1.0,-0.0005679966839076516,0.0,-0.5121701387805696,-0.5385031993713539,1.109,-0.0005972000481028315,-0.0005972000481028315,-0.5385031993713539,-0.5385031993713539,0.0,0.0,0.0
RGI60-19.01092,0.01778359375000001,0.01678359375000001,123.00719889705799,5.612784281760914e-05,,0.0,0.0,5.13856978285814e-07,0.00010722454744166221,1.0,0.0,6.967754270315491e-05,1.3549699885545767e-05,0.9953934671879272,0.1935671412220824,0.07,1.3549699885545767e-05,1.3549699885545767e-05,0.1935671412220824,0.1935671412220824,0.0,0.0,0.0
RGI60-19.01096,0.003397656250000009,0.002397656250000009,223.74400969407597,9.552765213300251e-05,,0.0,0.0,1.4050846980954144e-05,0.0007776315789655504,1.0,0.0,0.0001151597532716612,1.963210113865869e-05,0.5006945794420052,0.0853569614724291,0.23,1.963210113865869e-05,1.963210113865869e-05,0.0853569614724291,0.0853569614724291,0.0,0.0,0.0
RGI60-19.01097,0.048953125,0.02256210937500001,102.63012936662926,9.560257872487206e-05,,0.0,0.0,0.0,0.0,1.0,0.0,7.156427360942453e-05,0.0,0.929406150771747,-0.3121857807200978,0.077,-2.403830511544753e-05,-2.403830511544753e-05,-0.3121857807200978,-0.3121857807200978,0.0,0.0,0.0
RGI60-19.01098,0.01778359375000001,0.01678359375000001,110.75130326703585,2.9193722315082875e-05,,0.0,0.0,2.439816085033285e-07,3.205668335439632e-05,1.0,0.0,2.6479486888506477e-05,-2.7142354265764e-06,0.9130857547760854,-0.09359432505435863,0.029,-2.7142354265764e-06,-2.7142354265764e-06,-0.09359432505435863,-0.09359432505435863,0.0,0.0,0.0
RGI60-19.01099,0.048953125,0.02256210937500001,71.46515619607364,5.670669138620223e-05,,0.0,0.0,0.0,0.0,1.0,0.0,2.79984722593977e-05,0.0,0.6828895673023829,-0.7002004665074278,0.041,-2.8708219126804528e-05,-2.8708219126804528e-05,-0.7002004665074278,-0.7002004665074278,0.0,0.0,0.0
RGI60-19.01100,0.048953125,0.02256210937500001,90.76012485082632,9.813991745695428e-05,,0.0,0.0,0.0,0.0,1.0,1.0,0.00010113082273477441,0.0,0.3523722046507819,0.010421272745017888,0.287,2.9909052778201337e-06,2.9909052778201337e-06,0.010421272745017888,0.010421272745017888,0.0,0.0,0.0
RGI60-19.01103,0.048953125,0.02256210937500001,58.199624428546855,6.208221441061484e-05,,0.0,0.0,0.0,0.0,1.0,1.0,-4.674383162150244e-05,0.0,-0.014872361317690878,-0.03462489533315853,3.143,-0.00010882604603211729,-0.00010882604603211729,-0.03462489533315853,-0.03462489533315853,0.0,0.0,0.0
RGI60-19.01106,0.02257890625000001,0.02256210937500001,50.90683684850659,1.7875045118331314e-06,,0.0,0.0,2.1759104059967782e-08,1.6542202041179667e-05,1.0,1.0,9.924518568400335e-06,8.137014056567205e-06,0.7634245052615642,0.6259241581974773,0.013,8.137014056567205e-06,8.137014056567205e-06,0.6259241581974773,0.6259241581974773,0.0,0.0,0.0
RGI60-19.01107,0.041760156250000006,0.02256210937500001,73.11630377781292,2.157134292129036e-05,,0.0,0.0,2.4315925058808952e-08,1.0521339670923958e-05,1.0,0.0,2.0468427325216805e-05,-1.10291559607355e-06,1.0234213662608405,-0.05514577980367751,0.02,-1.10291559607355e-06,-1.10291559607355e-06,-0.05514577980367751,-0.05514577980367751,0.0,0.0,0.0
RGI60-19.01108,0.048953125,0.02256210937500001,47.46100379559306,1.8950615968457248e-06,,0.0,0.0,0.0,0.0,1.0,1.0,9.741350674403473e-06,0.0,0.22139433350916976,0.17832475176267604,0.044,7.846289077557746e-06,7.846289077557746e-06,0.17832475176267604,0.17832475176267604,0.0,0.0,0.0
RGI60-19.01109,0.048953125,0.02256210937500001,18.449061001462702,0.0,,0.0,0.0,0.0,0.0,1.0,1.0,-1.872250303192944e-06,0.0,-0.156020858599412,-0.156020858599412,0.012,-1.872250303192944e-06,-1.872250303192944e-06,-0.156020858599412,-0.156020858599412,0.0,0.0,0.0
RGI60-19.01110,0.048953125,0.02256210937500001,77.39337458520166,9.8454052702692e-05,,0.0,0.0,0.0,0.0,1.0,1.0,0.000180958195839,0.0,0.34402698828707223,0.15685198314887447,0.526,8.250414313630796e-05,8.250414313630796e-05,0.15685198314887447,0.15685198314887447,0.0,0.0,0.0
RGI60-19.01111,0.048953125,0.02256210937500001,107.0487505757073,0.00013938863139373092,,0.0,0.0,0.0,0.0,1.0,1.0,0.00012245108018674148,0.0,0.8387060286763116,-0.11601062470540667,0.146,-1.6937551206989375e-05,-1.6937551206989375e-05,-0.11601062470540667,-0.11601062470540667,0.0,0.0,0.0
RGI60-19.01113,0.048953125,0.02256210937500001,52.736924457582425,5.262245838532832e-05,,0.0,0.0,0.0,0.0,1.0,1.0,0.0010774986408730802,0.0,0.34983722106268833,0.3327520073012181,3.08,0.0010248761824877518,0.0010248761824877518,0.3327520073012181,0.3327520073012181,0.0,0.0,0.0
RGI60-19.01114,0.048953125,0.02256210937500001,43.73202730374664,1.7234294256835412e-06,,0.0,0.0,0.0,0.0,1.0,1.0,3.837294888304591e-05,0.0,0.4796618610380738,0.4581189932170296,0.08,3.664951945736237e-05,3.664951945736237e-05,0.4581189932170296,0.4581189932170296,0.0,0.0,0.0
RGI60-19.01115,0.048953125,0.02256210937500001,76.52426058539777,0.000112772252771126,,0.0,0.0,0.0,0.0,1.0,1.0,3.5302538616535686e-05,0.0,0.03613361168529754,-0.07929346382250797,0.977,-7.74697141545903e-05,-7.74697141545903e-05,-0.07929346382250797,-0.07929346382250797,0.0,0.0,0.0
RGI60-19.01116,0.03696484375000001,0.02256210937500001,107.68698800561556,0.0001304547567550787,,0.0,0.0,1.402248656513827e-07,0.00014974985823471034,1.0,0.0,0.0001036297922212554,-2.682496453382328e-05,0.9869504021071942,-0.2554758527030789,0.105,-2.682496453382328e-05,-2.682496453382328e-05,-0.2554758527030789,-0.2554758527030789,0.0,0.0,0.0
RGI60-19.01118,0.048953125,0.02256210937500001,200.67366153929802,0.00965428399520475,,0.0,0.0,0.0,0.0,1.0,1.0,-0.0023042253790232173,0.0,-0.12150524040409286,-0.6305900323891566,18.964,-0.011958509374227969,-0.011958509374227969,-0.6305900323891566,-0.6305900323891566,0.0,0.0,0.0
RGI60-19.01119,0.048953125,0.02256210937500001,63.096064909735354,1.827779126219725e-05,,0.0,0.0,0.0,0.0,1.0,1.0,0.0001904824804379745,0.0,0.4909342279329239,0.4438265184942712,0.388,0.0001722046891757772,0.0001722046891757772,0.4438265184942712,0.4438265184942712,0.0,0.0,0.0
RGI60-19.01120,0.048953125,0.02256210937500001,46.56562507450326,3.5564788336717093e-06,,0.0,0.0,0.0,0.0,1.0,1.0,3.353149104407852e-05,0.0,0.33199496083246066,0.2967822991129388,0.101,2.9975012210406812e-05,2.9975012210406812e-05,0.2967822991129388,0.2967822991129388,0.0,0.0,0.0
RGI60-19.01121,0.0441578125,0.02256210937500001,202.72484673189288,0.002065081564351476,,0.0,0.0,4.342130111912191e-06,0.004360144483485738,1.0,0.0,0.0010434556024905178,-0.0010216259618609582,0.9316567879379622,-0.9121660373758556,1.12,-0.0010216259618609582,-0.0010216259618609582,-0.9121660373758556,-0.9121660373758556,0.0,0.0,0.0
RGI60-19.01122,0.048953125,0.02256210937500001,63.99911662487722,9.244704274057266e-05,,0.0,0.0,0.0,0.0,1.0,1.0,0.00027996861137091766,0.0,0.08590629376217174,0.057539603752790734,3.259,0.000187521568630345,0.000187521568630345,0.057539603752790734,0.057539603752790734,0.0,0.0,0.0
RGI60-19.01123,0.048953125,0.02256210937500001,102.5043794587706,0.00010708444533237046,,0.0,0.0,0.0,0.0,1.0,1.0,0.0001381219066251565,0.0,0.5251783521869069,0.1180131608090724,0.263,3.103746129278604e-05,3.103746129278604e-05,0.1180131608090724,0.1180131608090724,0.0,0.0,0.0
RGI60-19.01124,0.048953125,0.02256210937500001,358.9055326125758,0.1253459752582336,,0.0,0.0,0.0,0.0,1.0,1.0,-0.0428078698127476,0.0,-0.22974716256854974,-0.9024711799264794,186.326,-0.1681538450709812,-0.1681538450709812,-0.9024711799264794,-0.9024711799264794,0.0,0.0,0.0
RGI60-19.01125,0.039362500000000016,0.02256210937500001,90.25506104555744,9.442176960221508e-05,,0.0,0.0,1.919426353610161e-07,8.093413236567309e-05,1.0,1.0,0.00018943746281987404,9.501569321765896e-05,1.1078214199992635,0.5556473287582396,0.171,9.501569321765896e-05,9.501569321765896e-05,0.5556473287582396,0.5556473287582396,0.0,0.0,0.0
RGI60-19.01126,0.048953125,0.02256210937500001,83.52499670381968,3.7647233035252926e-05,,0.0,0.0,0.0,0.0,1.0,1.0,9.90916204658856e-05,0.0,0.2309827982887776,0.14322701032781504,0.429,6.144438743063265e-05,6.144438743063265e-05,0.14322701032781504,0.14322701032781504,0.0,0.0,0.0
RGI60-19.01127,0.048953125,0.02256210937500001,196.4653913171588,0.01103007593302882,,0.0,0.0,0.0,0.0,1.0,1.0,-0.0027127683612932795,0.0,-0.08586068559244436,-0.43496896009881625,31.595,-0.0137428442943221,-0.0137428442943221,-0.43496896009881625,-0.43496896009881625,0.0,0.0,0.0
RGI60-19.01128,0.03696484375000001,0.02256210937500001,693.1753131035982,0.0022975673682210282,,0.0,0.0,3.4276916871024984e-06,1.5670695403401933e-05,1.0,0.0,0.00328291430237361,0.0009853469341525817,1.0617445997327328,0.318676240023474,3.092,0.0009853469341525817,0.0009853469341525817,0.318676240023474,0.318676240023474,0.0,0.0,0.0
RGI60-19.01129,0.048953125,0.02256210937500001,228.28512101772392,0.01626437164902936,,0.0,0.0,0.0,0.0,1.0,1.0,-0.01953010419968993,0.0,-0.5887171941788729,-1.0789918565358199,33.174,-0.03579447584871929,-0.03579447584871929,-1.0789918565358199,-1.0789918565358199,0.0,0.0,0.0
RGI60-19.01130,0.048953125,0.02256210937500001,65.22759659457385,0.00010295501281464742,,0.0,0.0,0.0,0.0,1.0,1.0,0.0048860749540994034,0.0,0.7597690800963152,0.7437599037917517,6.431,0.0047831199412847565,0.0047831199412847565,0.7437599037917517,0.7437599037917517,0.0,0.0,0.0
RGI60-19.01131,0.048953125,0.02256210937500001,73.12776299953381,9.764772937610118e-05,,0.0,0.0,0.0,0.0,1.0,1.0,-0.0008684573902551828,0.0,-0.4090708385563743,-0.4550660007683861,2.123,-0.0009661051196312838,-0.0009661051196312838,-0.4550660007683861,-0.4550660007683861,0.0,0.0,0.0
RGI60-19.01132,0.020181250000000008,0.019181250000000007,570.1529963262993,0.0006725542499604728,,0.0,0.0,5.270331131965772e-06,0.0027367670839358892,1.0,0.0,0.0003764516445207412,-0.00029610260543973146,0.8328576206211089,-0.6550942598224148,0.452,-0.00029610260543973146,-0.00029610260543973146,-0.6550942598224148,-0.6550942598224148,0.0,0.0,0.0
RGI60-19.01133,0.048953125,0.02256210937500001,114.11693935904242,0.0011558440565845604,,0.0,0.0,0.0,0.0,1.0,1.0,0.0035106562099834976,0.0,0.5700968187696489,0.3823988556997301,6.158,0.002354812153398937,0.002354812153398937,0.3823988556997301,0.3823988556997301,0.0,0.0,0.0
RGI60-19.01134,0.048953125,0.02256210937500001,205.38518574269847,0.008108953717925116,,0.0,0.0,0.0,0.0,1.0,1.0,0.006362750300961453,0.0,0.6864548819680066,-0.1883917808785912,9.269,-0.001746203416963662,-0.001746203416963662,-0.1883917808785912,-0.1883917808785912,0.0,0.0,0.0
RGI60-19.01135,0.048953125,0.02256210937500001,,,,0.0,0.0,0.0,0.0,0.0,0.0,,6.972113372609111e-06,,0.07833835250122595,0.08900000000000001,6.972113372609111e-06,6.972113372609111e-06,0.07833835250122595,0.07833835250122595,0.0,0.0,0.0
RGI60-19.01136,0.048953125,0.02256210937500001,281.7505783817415,0.03822484344588925,,0.0,0.0,0.0,0.0,1.0,1.0,0.033908313515008816,0.0,0.904583527144426,-0.1151535262339721,37.485,-0.004316529930880443,-0.004316529930880443,-0.1151535262339721,-0.1151535262339721,0.0,0.0,0.0
RGI60-19.01137,0.04655546875,0.02256210937500001,325.38545380915735,0.009813292734374032,,0.0,0.0,1.70750771011567e-05,0.0198088594568821,1.0,1.0,0.007074768040440105,-0.0027385246939339264,0.9923927676308184,-0.3841386862019815,7.129,-0.0027385246939339264,-0.0027385246939339264,-0.3841386862019815,-0.3841386862019815,0.0,0.0,0.0
RGI60-19.01138,0.048953125,0.02256210937500001,162.8438805715819,0.00024453615414316736,,0.0,0.0,0.0,0.0,1.0,1.0,8.809307267841042e-05,0.0,0.33881951030157864,-0.6017041594798345,0.26,-0.00015644308146475696,-0.00015644308146475696,-0.6017041594798345,-0.6017041594798345,0.0,0.0,0.0
RGI60-19.01139,0.048953125,0.02256210937500001,33.25248052811676,8.053101914804153e-07,,0.0,0.0,0.0,0.0,1.0,1.0,-1.7999050530063594e-05,0.0,-0.06716063630620744,-0.07016552508038809,0.268,-1.880436072154401e-05,-1.880436072154401e-05,-0.07016552508038809,-0.07016552508038809,0.0,0.0,0.0
RGI60-19.01140,0.048953125,0.02256210937500001,48.00845423549226,3.528252907002498e-06,,0.0,0.0,0.0,0.0,1.0,1.0,3.026875307252251e-05,0.0,0.3439631030968467,0.3038693200627274,0.08800000000000001,2.6740500165520012e-05,2.6740500165520012e-05,0.3038693200627274,0.3038693200627274,0.0,0.0,0.0
RGI60-19.01141,0.048953125,0.02256210937500001,42.365509288135726,0.0,,0.0,0.0,0.0,0.0,1.0,1.0,0.00010942407861462936,0.0,0.3430221900145121,0.3430221900145121,0.319,0.00010942407861462936,0.00010942407861462936,0.3430221900145121,0.3430221900145121,0.0,0.0,0.0
RGI60-19.01142,0.048953125,0.02256210937500001,30.634623430476648,0.0,,0.0,0.0,0.0,0.0,1.0,1.0,1.6901453251319723e-05,0.0,0.1536495750119975,0.1536495750119975,0.11,1.6901453251319723e-05,1.6901453251319723e-05,0.1536495750119975,0.1536495750119975,0.0,0.0,0.0
RGI60-19.01143,0.048953125,0.02256210937500001,31.116140629584546,0.0,,0.0,0.0,0.0,0.0,1.0,1.0,-1.7961473104287612e-06,0.0,-0.00911749903770945,-0.00911749903770945,0.197,-1.7961473104287612e-06,-1.7961473104287612e-06,-0.00911749903770945,-0.00911749903770945,0.0,0.0,0.0
RGI60-19.01144,0.048953125,0.02256210937500001,61.30754251700161,8.041004032254679e-05,,0.0,0.0,0.0,0.0,1.0,1.0,0.0003072997826732044,0.0,0.19182258593832985,0.14162905265334433,1.602,0.00022688974235065762,0.00022688974235065762,0.14162905265334433,0.14162905265334433,0.0,0.0,0.0
RGI60-19.01145,0.048953125,0.02256210937500001,39.82713975998057,0.0,,0.0,0.0,0.0,0.0,1.0,1.0,2.102893360397384e-05,0.0,0.23108718246125096,0.23108718246125096,0.091,2.102893360397384e-05,2.102893360397384e-05,0.23108718246125096,0.23108718246125096,0.0,0.0,0.0
RGI60-19.01146,0.008192968750000008,0.007192968750000008,102.23105468049349,1.3306488235113525e-05,,0.0,0.0,3.3661402926998323e-07,1.1500169379598453e-05,1.0,0.0,1.0966175356122343e-05,-2.34031287899118e-06,0.7310783570748229,-0.156020858599412,0.015,-2.34031287899118e-06,-2.34031287899118e-06,-0.156020858599412,-0.156020858599412,0.0,0.0,0.0
RGI60-19.01147,0.04655546875,0.02256210937500001,82.73416930267666,0.0001825600802196858,,0.0,0.0,2.6206829526227666e-05,0.00048382171230387225,1.0,0.0,0.00017405671820907833,-8.503362010607492e-06,1.0678326270495602,-0.05216786509575149,0.163,-8.503362010607492e-06,-8.503362010607492e-06,-0.05216786509575149,-0.05216786509575149,0.0,0.0,0.0
RGI60-19.01148,0.048953125,0.02256210937500001,56.69644559418202,0.00010319085180681031,,0.0,0.0,0.0,0.0,1.0,1.0,0.00019408407482202831,0.0,0.5863567215167018,0.2746018822212023,0.331,9.089322301521796e-05,9.089322301521796e-05,0.2746018822212023,0.2746018822212023,0.0,0.0,0.0
RGI60-19.01149,0.008192968750000008,0.007192968750000008,105.64043683014243,1.6480061277962632e-05,,0.0,0.0,4.373593415226412e-07,3.0825299805424014e-05,1.0,1.0,2.319285906854225e-05,6.712797790579622e-06,1.0542208667519204,0.3051271722990737,0.022,6.712797790579622e-06,6.712797790579622e-06,0.3051271722990737,0.3051271722990737,0.0,0.0,0.0
RGI60-19.01150,0.048953125,0.02256210937500001,,,,0.0,0.0,0.0,0.0,0.0,0.0,,-1.6156510489524588e-06,,-0.055712105136291684,0.029,-1.6156510489524588e-06,-1.6156510489524588e-06,-0.055712105136291684,-0.055712105136291684,0.0,0.0,0.0
RGI60-19.01151,0.048953125,0.02256210937500001,,,,0.0,0.0,0.0,0.0,0.0,0.0,,-5.788996093109038e-07,,-0.010337493023408998,0.056,-5.788996093109038e-07,-5.788996093109038e-07,-0.010337493023408998,-0.010337493023408998,0.0,0.0,0.0
RGI60-19.01152,0.048953125,0.02256210937500001,,,,0.0,0.0,0.0,0.0,0.0,0.0,,-1.4559870340578193e-05,,-0.23868639902587196,0.061,-1.4559870340578193e-05,-1.4559870340578193e-05,-0.23868639902587196,-0.23868639902587196,0.0,0.0,0.0
RGI60-19.01153,0.048953125,0.02256210937500001,,,,0.0,0.0,0.0,0.0,0.0,0.0,,1.2807467683047916e-05,,0.1883451129859988,0.068,1.2807467683047916e-05,1.2807467683047916e-05,0.1883451129859988,0.1883451129859988,0.0,0.0,0.0
RGI60-19.01156,0.048953125,0.02256210937500001,155.34946537651442,0.0009197222011594012,,0.0,0.0,0.0,0.0,1.0,1.0,0.0011521502457790445,0.0,0.6275328136051439,0.1265947955444678,1.836,0.00023242804461964282,0.00023242804461964282,0.1265947955444678,0.1265947955444678,0.0,0.0,0.0
RGI60-19.01157,0.048953125,0.02256210937500001,,,,0.0,0.0,0.0,0.0,0.0,0.0,,3.748310251988922e-06,,0.04119022254932881,0.091,3.748310251988922e-06,3.748310251988922e-06,0.04119022254932881,0.04119022254932881,0.0,0.0,0.0
RGI60-19.01158,0.048953125,0.02256210937500001,,,,0.0,0.0,0.0,0.0,0.0,0.0,,1.4086746066736666e-05,,0.12466146961713867,0.113,1.4086746066736666e-05,1.4086746066736666e-05,0.12466146961713867,0.12466146961713867,0.0,0.0,0.0
RGI60-19.01159,0.048953125,0.02256210937500001,,,,0.0,0.0,0.0,0.0,0.0,0.0,,4.246918922609538e-06,,0.06245469003837555,0.068,4.246918922609538e-06,4.246918922609538e-06,0.06245469003837555,0.06245469003837555,0.0,0.0,0.0
RGI60-19.01160,0.048953125,0.02256210937500001,,,,0.0,0.0,0.0,0.0,0.0,0.0,,-5.340482297731404e-06,,-0.11126004786940424,0.048,-5.340482297731404e-06,-5.340482297731404e-06,-0.11126004786940424,-0.11126004786940424,0.0,0.0,0.0
RGI60-19.01161,0.048953125,0.02256210937500001,,,,0.0,0.0,0.0,0.0,0.0,0.0,,-6.211179641404042e-06,,-0.2003606335936788,0.031,-6.211179641404042e-06,-6.211179641404042e-06,-0.2003606335936788,-0.2003606335936788,0.0,0.0,0.0
RGI60-19.01162,0.048953125,0.02256210937500001,,,,0.0,0.0,0.0,0.0,0.0,0.0,,-1.9429291312660357e-06,,-0.08095538046941816,0.024,-1.9429291312660357e-06,-1.9429291312660357e-06,-0.08095538046941816,-0.08095538046941816,0.0,0.0,0.0
RGI60-19.01163,0.048953125,0.02256210937500001,,,,0.0,0.0,0.0,0.0,0.0,0.0,,4.91625735382924e-06,,0.10033178273120896,0.049,4.91625735382924e-06,4.91625735382924e-06,0.10033178273120896,0.10033178273120896,0.0,0.0,0.0
RGI60-19.01164,0.048953125,0.02256210937500001,,,,0.0,0.0,0.0,0.0,0.0,0.0,,-2.4963337375905925e-06,,-0.156020858599412,0.016,-2.4963337375905925e-06,-2.4963337375905925e-06,-0.156020858599412,-0.156020858599412,0.0,0.0,0.0
RGI60-19.01166,0.048953125,0.02256210937500001,55.89222888216975,1.7432665512854512e-06,,0.0,0.0,0.0,0.0,1.0,1.0,-1.4651811012750491e-05,0.0,-0.15587032992287755,-0.1744157187663398,0.094,-1.639507756403594e-05,-1.639507756403594e-05,-0.1744157187663398,-0.1744157187663398,0.0,0.0,0.0
RGI60-19.01167,0.039362500000000016,0.02256210937500001,84.32048367787483,2.4317815814800346e-05,,0.0,0.0,1.2006037109543732e-08,1.2951912410121876e-05,1.0,1.0,2.7271260151265053e-05,2.9534443364647097e-06,1.010046672269076,0.10938682727647073,0.027000000000000003,2.9534443364647097e-06,2.9534443364647097e-06,0.10938682727647073,0.10938682727647073,0.0,0.0,0.0
RGI60-19.01168,0.0441578125,0.02256210937500001,90.15440267381344,0.00033577651936425135,,0.0,0.0,3.2056189723836413e-07,0.0002437641904600889,1.0,1.0,0.0003823079312414852,4.653141187723392e-05,1.0678992492778916,0.12997601083026233,0.358,4.653141187723392e-05,4.653141187723392e-05,0.12997601083026233,0.12997601083026233,0.0,0.0,0.0
RGI60-19.01169,0.048953125,0.02256210937500001,,,,0.0,0.0,0.0,0.0,0.0,0.0,,-7.870660886726869e-06,,-0.17490357526059708,0.045,-7.870660886726869e-06,-7.870660886726869e-06,-0.17490357526059708,-0.17490357526059708,0.0,0.0,0.0
RGI60-19.01170,0.048953125,0.02256210937500001,,,,0.0,0.0,0.0,0.0,0.0,0.0,,3.693442619087737e-06,,0.16788375541307896,0.022,3.693442619087737e-06,3.693442619087737e-06,0.16788375541307896,0.16788375541307896,0.0,0.0,0.0
RGI60-19.01171,0.048953125,0.02256210937500001,,,,0.0,0.0,0.0,0.0,0.0,0.0,,-1.7246781091698056e-05,,-0.2463825870242579,0.07,-1.7246781091698056e-05,-1.7246781091698056e-05,-0.2463825870242579,-0.2463825870242579,0.0,0.0,0.0
RGI60-19.01172,0.03456718750000001,0.02256210937500001,720.0492133444202,0.02164684152073204,,0.0,0.0,5.050242805803682e-05,0.08765699410689695,1.0,1.0,0.023218834931217038,0.0015719934104849946,1.056938953533186,0.07155833077590104,21.968000000000004,0.0015719934104849946,0.0015719934104849946,0.07155833077590104,0.07155833077590104,0.0,0.0,0.0
RGI60-19.01173,0.048953125,0.02256210937500001,,,,0.0,0.0,0.0,0.0,0.0,0.0,,7.423560341068152e-06,,0.2651271550381483,0.028,7.423560341068152e-06,7.423560341068152e-06,0.2651271550381483,0.2651271550381483,0.0,0.0,0.0
RGI60-19.01174,0.048953125,0.02256210937500001,,,,0.0,0.0,0.0,0.0,0.0,0.0,,-2.672910507969701e-06,,-0.05241000996019022,0.051,-2.672910507969701e-06,-2.672910507969701e-06,-0.05241000996019022,-0.05241000996019022,0.0,0.0,0.0
RGI60-19.01175,0.048953125,0.02256210937500001,,,,0.0,0.0,0.0,0.0,0.0,0.0,,6.4408772444984396e-06,,0.20127741389057624,0.032,6.4408772444984396e-06,6.4408772444984396e-06,0.20127741389057624,0.20127741389057624,0.0,0.0,0.0
RGI60-19.01176,0.048953125,0.02256210937500001,,,,0.0,0.0,0.0,0.0,0.0,0.0,,-3.12041717198824e-06,,-0.156020858599412,0.02,-3.12041717198824e-06,-3.12041717198824e-06,-0.156020858599412,-0.156020858599412,0.0,0.0,0.0
RGI60-19.01177,0.048953125,0.02256210937500001,,,,0.0,0.0,0.0,0.0,0.0,0.0,,1.1053236308429097e-05,,0.15141419600587805,0.073,1.1053236308429097e-05,1.1053236308429097e-05,0.15141419600587805,0.15141419600587805,0.0,0.0,0.0
RGI60-19.01178,0.01778359375000001,0.01678359375000001,178.35452723045293,9.0291630557882e-05,,0.0,0.0,6.363541513018736e-07,0.00020143272621782115,1.0,0.0,9.7166198115773e-05,6.874567557890965e-06,1.091755035008685,0.07724233211113443,0.08900000000000001,6.874567557890965e-06,6.874567557890965e-06,0.07724233211113443,0.07724233211113443,0.0,0.0,0.0
RGI60-19.01179,0.015385937500000009,0.014385937500000008,114.7054336828068,1.950331915706156e-05,,0.0,0.0,1.3757399164483962e-07,2.5417064906762406e-05,1.0,0.0,2.198022623053047e-05,2.476907073468909e-06,1.04667743954907,0.11794795587947188,0.021,2.476907073468909e-06,2.476907073468909e-06,0.11794795587947188,0.11794795587947188,0.0,0.0,0.0
RGI60-19.01180,0.048953125,0.02256210937500001,,,,0.0,0.0,0.0,0.0,0.0,0.0,,9.978606519620543e-06,,0.2375858695147748,0.042,9.978606519620543e-06,9.978606519620543e-06,0.2375858695147748,0.2375858695147748,0.0,0.0,0.0
RGI60-19.01181,0.048953125,0.02256210937500001,,,,0.0,0.0,0.0,0.0,0.0,0.0,,2.3202110147111297e-06,,0.04377756631530433,0.053,2.3202110147111297e-06,2.3202110147111297e-06,0.04377756631530433,0.04377756631530433,0.0,0.0,0.0
RGI60-19.01182,0.048953125,0.02256210937500001,,,,0.0,0.0,0.0,0.0,0.0,0.0,,-5.1926129598702914e-05,,-0.8654354933117152,0.06,-5.1926129598702914e-05,-5.1926129598702914e-05,-0.8654354933117152,-0.8654354933117152,0.0,0.0,0.0
RGI60-19.01183,0.048953125,0.02256210937500001,,,,0.0,0.0,0.0,0.0,0.0,0.0,,9.122973085278328e-06,,0.20273273522840726,0.045,9.122973085278328e-06,9.122973085278328e-06,0.20273273522840726,0.20273273522840726,0.0,0.0,0.0
RGI60-19.01184,0.048953125,0.02256210937500001,,,,0.0,0.0,0.0,0.0,0.0,0.0,,1.3704702065132366e-05,,0.6526048602443986,0.021,1.3704702065132366e-05,1.3704702065132366e-05,0.6526048602443986,0.6526048602443986,0.0,0.0,0.0
RGI60-19.01185,0.048953125,0.02256210937500001,,,,0.0,0.0,0.0,0.0,0.0,0.0,,3.5170026799054787e-06,,0.059610214913652176,0.059,3.5170026799054787e-06,3.5170026799054787e-06,0.059610214913652176,0.059610214913652176,0.0,0.0,0.0
RGI60-19.01186,0.048953125,0.02256210937500001,,,,0.0,0.0,0.0,0.0,0.0,0.0,,1.7665511484196825e-05,,0.19201642917605247,0.092,1.7665511484196825e-05,1.7665511484196825e-05,0.19201642917605247,0.19201642917605247,0.0,0.0,0.0
RGI60-19.01187,0.048953125,0.02256210937500001,,,,0.0,0.0,0.0,0.0,0.0,0.0,,6.658296726417279e-07,,0.01799539655788454,0.037000000000000005,6.658296726417279e-07,6.658296726417279e-07,0.01799539655788454,0.01799539655788454,0.0,0.0,0.0
RGI60-19.01188,0.048953125,0.02256210937500001,,,,0.0,0.0,0.0,0.0,0.0,0.0,,1.1778364229407836e-05,,0.21811785610014506,0.054000000000000006,1.1778364229407836e-05,1.1778364229407836e-05,0.21811785610014506,0.21811785610014506,0.0,0.0,0.0
RGI60-19.01189,0.048953125,0.02256210937500001,,,,0.0,0.0,0.0,0.0,0.0,0.0,,-4.824354521658422e-06,,-0.02254371271803001,0.214,-4.824354521658422e-06,-4.824354521658422e-06,-0.02254371271803001,-0.02254371271803001,0.0,0.0,0.0
RGI60-19.01190,0.048953125,0.02256210937500001,,,,0.0,0.0,0.0,0.0,0.0,0.0,,-1.56020858599412e-06,,-0.156020858599412,0.01,-1.56020858599412e-06,-1.56020858599412e-06,-0.156020858599412,-0.156020858599412,0.0,0.0,0.0
RGI60-19.01191,0.048953125,0.02256210937500001,,,,0.0,0.0,0.0,0.0,0.0,0.0,,-3.3763669550246983e-06,,-0.1164264467249896,0.029,-3.3763669550246983e-06,-3.3763669550246983e-06,-0.1164264467249896,-0.1164264467249896,0.0,0.0,0.0
RGI60-19.01192,0.003397656250000009,0.002397656250000009,313.28083810309295,5.5296544592257595e-05,,0.0,0.0,1.0083611123673042e-05,0.00042570290665697326,1.0,0.0,4.4254750112517104e-05,-1.104179447974048e-05,0.3782457274574112,-0.09437431179265368,0.117,-1.104179447974048e-05,-1.104179447974048e-05,-0.09437431179265368,-0.09437431179265368,0.0,0.0,0.0
RGI60-19.01193,0.048953125,0.02256210937500001,,,,0.0,0.0,0.0,0.0,0.0,0.0,,-3.4098660864023056e-05,,-0.9742474532578016,0.035,-3.4098660864023056e-05,-3.4098660864023056e-05,-0.9742474532578016,-0.9742474532578016,0.0,0.0,0.0
RGI60-19.01194,0.048953125,0.02256210937500001,,,,0.0,0.0,0.0,0.0,0.0,0.0,,1.232211616256856e-06,,0.045637467268772436,0.027000000000000003,1.232211616256856e-06,1.232211616256856e-06,0.045637467268772436,0.045637467268772436,0.0,0.0,0.0
RGI60-19.01195,0.048953125,0.02256210937500001,,,,0.0,0.0,0.0,0.0,0.0,0.0,,1.033074478437316e-05,,0.07275172383361381,0.142,1.033074478437316e-05,1.033074478437316e-05,0.07275172383361381,0.07275172383361381,0.0,0.0,0.0
RGI60-19.01196,0.048953125,0.02256210937500001,0.15658477095545464,9.956108058324395e-05,,0.0,0.0,0.0,0.0,1.0,1.0,0.00012031584524141027,0.0,0.925506501857002,0.15965203583204865,0.13,2.0754764658166326e-05,2.0754764658166326e-05,0.15965203583204865,0.15965203583204865,0.0,0.0,0.0
RGI60-19.01197,0.048953125,0.02256210937500001,,,,0.0,0.0,0.0,0.0,0.0,0.0,,-1.1335767069558297e-06,,-0.05667883534779147,0.02,-1.1335767069558297e-06,-1.1335767069558297e-06,-0.05667883534779147,-0.05667883534779147,0.0,0.0,0.0
RGI60-19.01198,0.048953125,0.02256210937500001,,,,0.0,0.0,0.0,0.0,0.0,0.0,,1.5929706262718902e-06,,0.041920279638733945,0.038,1.5929706262718902e-06,1.5929706262718902e-06,0.041920279638733945,0.041920279638733945,0.0,0.0,0.0
RGI60-19.01199,0.048953125,0.02256210937500001,,,,0.0,0.0,0.0,0.0,0.0,0.0,,2.5470196290435496e-06,,0.13405366468650262,0.019,2.5470196290435496e-06,2.5470196290435496e-06,0.13405366468650262,0.13405366468650262,0.0,0.0,0.0
RGI60-19.01200,0.048953125,0.02256210937500001,,,,0.0,0.0,0.0,0.0,0.0,0.0,,-5.4537133178574336e-06,,-0.1704285411830448,0.032,-5.4537133178574336e-06,-5.4537133178574336e-06,-0.1704285411830448,-0.1704285411830448,0.0,0.0,0.0
RGI60-19.01201,0.048953125,0.02256210937500001,,,,0.0,0.0,0.0,0.0,0.0,0.0,,1.0813304642174271e-06,,0.024575692368577883,0.044,1.0813304642174271e-06,1.0813304642174271e-06,0.024575692368577883,0.024575692368577883,0.0,0.0,0.0
RGI60-19.01202,0.048953125,0.02256210937500001,,,,0.0,0.0,0.0,0.0,0.0,0.0,,-6.1913015918307156e-06,,-0.1997194061880876,0.031,-6.1913015918307156e-06,-6.1913015918307156e-06,-0.1997194061880876,-0.1997194061880876,0.0,0.0,0.0
RGI60-19.01203,0.048953125,0.02256210937500001,38.14671770640143,5.716532489879945e-06,,0.0,0.0,0.0,0.0,1.0,1.0,0.00016010560381803752,0.0,0.10680827472851068,0.10299471069256676,1.499,0.00015438907132815758,0.00015438907132815758,0.10299471069256676,0.10299471069256676,0.0,0.0,0.0
RGI60-19.01204,0.048953125,0.02256210937500001,74.54102460963006,0.00010859166671647718,,0.0,0.0,0.0,0.0,1.0,1.0,0.0001584664621189413,0.0,0.7655384643427114,0.24094104059161395,0.207,4.987479540246409e-05,4.987479540246409e-05,0.24094104059161395,0.24094104059161395,0.0,0.0,0.0
RGI60-19.01205,0.048953125,0.02256210937500001,,,,0.0,0.0,0.0,0.0,0.0,0.0,,-2.34031287899118e-06,,-0.156020858599412,0.015,-2.34031287899118e-06,-2.34031287899118e-06,-0.156020858599412,-0.156020858599412,0.0,0.0,0.0
RGI60-19.01206,0.03456718750000001,0.02256210937500001,234.24753215846454,0.0014392089664754025,,0.0,0.0,3.3066075510938036e-06,0.0023290495039308954,1.0,0.0,0.0011606839292076492,-0.00027852503726775307,1.0532522043626582,-0.2527450428926979,1.102,-0.00027852503726775307,-0.00027852503726775307,-0.2527450428926979,-0.2527450428926979,0.0,0.0,0.0
RGI60-19.01207,0.048953125,0.02256210937500001,54.33270164094525,9.840184627477522e-06,,0.0,0.0,0.0,0.0,1.0,1.0,8.929612456715616e-06,0.0,0.06244484235465465,-0.006367637557775579,0.14300000000000002,-9.10572170761908e-07,-9.10572170761908e-07,-0.006367637557775579,-0.006367637557775579,0.0,0.0,0.0
RGI60-19.01208,0.02257890625000001,0.02256210937500001,282.40029612084874,0.00012744450734831868,,0.0,0.0,4.999512186520727e-07,0.0003220418202412488,1.0,0.0,0.0001393392569965168,1.1894749648198098e-05,1.1058671190199745,0.0944027749856992,0.126,1.1894749648198098e-05,1.1894749648198098e-05,0.0944027749856992,0.0944027749856992,0.0,0.0,0.0
RGI60-19.01209,0.048953125,0.02256210937500001,,,,0.0,0.0,0.0,0.0,0.0,0.0,,2.0905265843297812e-05,,0.2613158230412227,0.08,2.0905265843297812e-05,2.0905265843297812e-05,0.2613158230412227,0.2613158230412227,0.0,0.0,0.0
RGI60-19.01210,0.048953125,0.02256210937500001,,,,0.0,0.0,0.0,0.0,0.0,0.0,,9.121773861747914e-06,,0.10135304290831017,0.09,9.121773861747914e-06,9.121773861747914e-06,0.10135304290831017,0.10135304290831017,0.0,0.0,0.0
RGI60-19.01211,0.015385937500000009,0.014385937500000008,519.8898040871621,0.0012087642783340626,,0.0,0.0,1.4337439540550412e-05,0.0048121477874445,1.0,0.0,0.0008090597400556298,-0.000399704538278433,1.0385875995579328,-0.5130995356590925,0.779,-0.000399704538278433,-0.000399704538278433,-0.5130995356590925,-0.5130995356590925,0.0,0.0,0.0
RGI60-19.01212,0.048953125,0.02256210937500001,,,,0.0,0.0,0.0,0.0,0.0,0.0,,-1.0378176775407253e-05,,-0.1995803226039856,0.052000000000000005,-1.0378176775407253e-05,-1.0378176775407253e-05,-0.1995803226039856,-0.1995803226039856,0.0,0.0,0.0
RGI60-19.01213,0.048953125,0.02256210937500001,,,,0.0,0.0,0.0,0.0,0.0,0.0,,6.014062656671943e-06,,0.1366832421970896,0.044,6.014062656671943e-06,6.014062656671943e-06,0.1366832421970896,0.1366832421970896,0.0,0.0,0.0
RGI60-19.01214,0.00579531250000001,0.00479531250000001,374.9870947176838,0.00019453952435563744,,0.0,0.0,1.0929382586980929e-05,0.0008653657999303468,1.0,0.0,0.00019594073767266503,1.401213317027613e-06,0.7683950496967257,0.005494954184422013,0.255,1.401213317027613e-06,1.401213317027613e-06,0.005494954184422013,0.005494954184422013,0.0,0.0,0.0
RGI60-19.01215,0.048953125,0.02256210937500001,,,,0.0,0.0,0.0,0.0,0.0,0.0,,-2.2349391717639342e-06,,-0.02455977111828499,0.091,-2.2349391717639342e-06,-2.2349391717639342e-06,-0.02455977111828499,-0.02455977111828499,0.0,0.0,0.0
RGI60-19.01216,0.048953125,0.02256210937500001,,,,0.0,0.0,0.0,0.0,0.0,0.0,,7.891135052230014e-06,,0.2721081052493109,0.029,7.891135052230014e-06,7.891135052230014e-06,0.2721081052493109,0.2721081052493109,0.0,0.0,0.0
RGI60-19.01217,0.048953125,0.02256210937500001,,,,0.0,0.0,0.0,0.0,0.0,0.0,,-1.2924369411392623e-06,,-0.07180205228551456,0.018000000000000002,-1.2924369411392623e-06,-1.2924369411392623e-06,-0.07180205228551456,-0.07180205228551456,0.0,0.0,0.0
RGI60-19.01218,0.003397656250000009,0.002397656250000009,319.5464644481403,0.0004633296292024668,,0.0,0.0,5.5665907853404543e-05,0.002742880669688309,1.0,0.0,0.00044758765367739715,-1.5741975525069582e-05,0.5622960473334137,-0.01977635116214772,0.7959999999999999,-1.5741975525069582e-05,-1.5741975525069582e-05,-0.01977635116214772,-0.01977635116214772,0.0,0.0,0.0
RGI60-19.01219,0.048953125,0.02256210937500001,,,,0.0,0.0,0.0,0.0,0.0,0.0,,-5.7260632234540726e-06,,-0.09705191904159444,0.059,-5.7260632234540726e-06,-5.7260632234540726e-06,-0.09705191904159444,-0.09705191904159444,0.0,0.0,0.0
RGI60-19.01220,0.00579531250000001,0.00479531250000001,374.9870947176838,2.9876099727632683e-05,,0.0,0.0,1.2376676495883365e-06,0.00014091685440398999,1.0,0.0,2.7106018918462484e-05,-2.770080809170195e-06,0.6611224126454266,-0.06756294656512672,0.041,-2.770080809170195e-06,-2.770080809170195e-06,-0.06756294656512672,-0.06756294656512672,0.0,0.0,0.0
RGI60-19.01221,0.00579531250000001,0.00479531250000001,374.9870947176838,2.9648781945477174e-05,,0.0,0.0,8.768900809296944e-07,0.00011756713928359702,1.0,0.0,2.787199917996855e-05,-1.7767827655086273e-06,0.7532972751342851,-0.04802115582455748,0.037000000000000005,-1.7767827655086273e-06,-1.7767827655086273e-06,-0.04802115582455748,-0.04802115582455748,0.0,0.0,0.0
RGI60-19.01222,0.00579531250000001,0.00479531250000001,374.9870947176838,9.498152595735248e-05,,0.0,0.0,5.074770654769314e-06,0.000251710206810683,1.0,0.0,9.456209593166502e-05,-4.194300256874627e-07,1.0506899547962778,-0.004660333618749585,0.09,-4.194300256874627e-07,-4.194300256874627e-07,-0.004660333618749585,-0.004660333618749585,0.0,0.0,0.0
RGI60-19.01223,0.01778359375000001,0.01678359375000001,334.22907152722064,0.0001817968333483689,,0.0,0.0,6.813391662968361e-07,0.00035648053515576026,1.0,0.0,0.0001446473229366755,-3.714951041169337e-05,0.9272264290812534,-0.2381378872544447,0.156,-3.714951041169337e-05,-3.714951041169337e-05,-0.2381378872544447,-0.2381378872544447,0.0,0.0,0.0
RGI60-19.01224,0.048953125,0.02256210937500001,,,,0.0,0.0,0.0,0.0,0.0,0.0,,-1.5850187052489115e-06,,-0.07204630478404142,0.022,-1.5850187052489115e-06,-1.5850187052489115e-06,-0.07204630478404142,-0.07204630478404142,0.0,0.0,0.0
RGI60-19.01225,0.003397656250000009,0.002397656250000009,297.23719469835686,4.4119660580220457e-05,,0.0,0.0,5.808820439029048e-06,0.00020134388647147043,1.0,0.0,3.43774521263132e-05,-9.742208453907253e-06,0.5826686801070035,-0.16512217718486866,0.059,-9.742208453907253e-06,-9.742208453907253e-06,-0.16512217718486866,-0.16512217718486866,0.0,0.0,0.0
RGI60-19.01226,0.010590625000000008,0.009590625000000009,459.2229882917943,0.00011038591333871699,,0.0,0.0,1.0949293625585484e-06,0.0004043833997549793,1.0,0.0,9.933874071382504e-05,-1.1047172624891928e-05,0.9283994459235986,-0.1032446039709526,0.107,-1.1047172624891928e-05,-1.1047172624891928e-05,-0.1032446039709526,-0.1032446039709526,0.0,0.0,0.0
RGI60-19.01227,0.00579531250000001,0.00479531250000001,374.9870947176838,6.635243932131975e-05,,0.0,0.0,2.998948129218588e-06,0.00013258126792536844,1.0,0.0,5.6907520407173595e-05,-9.444918914146157e-06,1.0538429705032146,-0.17490590581752138,0.054000000000000006,-9.444918914146157e-06,-9.444918914146157e-06,-0.17490590581752138,-0.17490590581752138,0.0,0.0,0.0
RGI60-19.01228,0.020181250000000008,0.019181250000000007,570.1529963262998,0.0005062547055739811,,0.0,0.0,1.358748018713745e-06,0.002977784149388409,1.0,0.0,0.0005825728363016749,7.631813072769363e-05,1.0184839795483824,0.13342330546799586,0.5720000000000001,7.631813072769363e-05,7.631813072769363e-05,0.13342330546799586,0.13342330546799586,0.0,0.0,0.0
RGI60-19.01229,0.048953125,0.02256210937500001,,,,0.0,0.0,0.0,0.0,0.0,0.0,,-4.802822632895164e-06,,-0.2287058396616745,0.021,-4.802822632895164e-06,-4.802822632895164e-06,-0.2287058396616745,-0.2287058396616745,0.0,0.0,0.0
RGI60-19.01230,0.048953125,0.02256210937500001,,,,0.0,0.0,0.0,0.0,0.0,0.0,,-1.1516698579639415e-05,,-0.4798624408183089,0.024,-1.1516698579639415e-05,-1.1516698579639415e-05,-0.4798624408183089,-0.4798624408183089,0.0,0.0,0.0
RGI60-19.01231,0.048953125,0.02256210937500001,,,,0.0,0.0,0.0,0.0,0.0,0.0,,-3.0211601331123614e-05,,-0.2697464404564609,0.112,-3.0211601331123614e-05,-3.0211601331123614e-05,-0.2697464404564609,-0.2697464404564609,0.0,0.0,0.0
RGI60-19.01232,0.008192968750000008,0.007192968750000008,95.75769774563163,1.5218739819125946e-05,,0.0,0.0,2.4426449280839123e-07,9.689096631157887e-06,1.0,0.0,1.256638522293594e-05,-2.652354596190004e-06,0.7391991307609376,-0.156020858599412,0.017,-2.652354596190004e-06,-2.652354596190004e-06,-0.156020858599412,-0.156020858599412,0.0,0.0,0.0
RGI60-19.01233,0.048953125,0.02256210937500001,,,,0.0,0.0,0.0,0.0,0.0,0.0,,-2.954681527807279e-06,,-0.09233379774397747,0.032,-2.954681527807279e-06,-2.954681527807279e-06,-0.09233379774397747,-0.09233379774397747,0.0,0.0,0.0
RGI60-19.01234,0.048953125,0.02256210937500001,,,,0.0,0.0,0.0,0.0,0.0,0.0,,1.3765425475627362e-05,,0.1742458920965489,0.079,1.3765425475627362e-05,1.3765425475627362e-05,0.1742458920965489,0.1742458920965489,0.0,0.0,0.0
RGI60-19.01235,0.048953125,0.02256210937500001,,,,0.0,0.0,0.0,0.0,0.0,0.0,,3.928938564847128e-08,,0.0018709231261176801,0.021,3.928938564847128e-08,3.928938564847128e-08,0.0018709231261176801,0.0018709231261176801,0.0,0.0,0.0
RGI60-19.01236,0.003397656250000009,0.002397656250000009,313.280838103093,1.1631425957507706e-05,,0.0,0.0,1.8603103196267445e-06,3.4375461045065482e-06,1.0,0.0,1.7175892681927294e-05,5.544466724419593e-06,0.6361441734047146,0.20535061942294786,0.027000000000000003,5.544466724419593e-06,5.544466724419593e-06,0.20535061942294786,0.20535061942294786,0.0,0.0,0.0
RGI60-19.01237,0.048953125,0.02256210937500001,90.202723487938,0.0012947134637939974,,0.0,0.0,0.0,0.0,1.0,1.0,0.0007325576591338995,0.0,0.10450180586788864,-0.08019341007989986,7.01,-0.000562155804660098,-0.000562155804660098,-0.08019341007989986,-0.08019341007989986,0.0,0.0,0.0
RGI60-19.01238,0.048953125,0.02256210937500001,131.17986530461084,0.0028465403017646873,,0.0,0.0,0.0,0.0,1.0,1.0,-0.00015376608263751115,0.0,-0.03226313106116474,-0.6295229509866132,4.766,-0.0030003063844021983,-0.0030003063844021983,-0.6295229509866132,-0.6295229509866132,0.0,0.0,0.0
RGI60-19.01239,0.048953125,0.02256210937500001,107.74472700364458,0.0029947890914070303,,0.0,0.0,0.0,0.0,1.0,1.0,-0.0038810875891534093,0.0,-0.4556336686021848,-0.8072172670298708,8.517999999999999,-0.006875876680560438,-0.006875876680560438,-0.8072172670298708,-0.8072172670298708,0.0,0.0,0.0
RGI60-19.01240,0.048953125,0.02256210937500001,,,,0.0,0.0,0.0,0.0,0.0,0.0,,3.742139576256518e-07,,0.005126218597611669,0.073,3.742139576256518e-07,3.742139576256518e-07,0.005126218597611669,0.005126218597611669,0.0,0.0,0.0
RGI60-19.01241,0.003397656250000009,0.002397656250000009,313.2808381030928,8.163664357564548e-05,,0.0,0.0,1.2404348884622173e-05,0.00040020921024057295,1.0,0.0,8.942922201515424e-05,7.79257843950879e-06,0.6624386815937352,0.057722803255620674,0.135,7.79257843950879e-06,7.79257843950879e-06,0.057722803255620674,0.057722803255620674,0.0,0.0,0.0
RGI60-19.01242,0.039362500000000016,0.02256210937500001,256.90552454300996,0.0023601516666190373,,0.0,0.0,3.4785860107466057e-06,0.004451870542362629,1.0,1.0,0.001655414120463444,-0.0007047375461555933,1.0550759212641454,-0.44916350934072224,1.569,-0.0007047375461555933,-0.0007047375461555933,-0.44916350934072224,-0.44916350934072224,0.0,0.0,0.0
RGI60-19.01243,0.048953125,0.02256210937500001,121.10370602675356,0.0010642363470018182,,0.0,0.0,0.0,0.0,1.0,1.0,-0.000328046225603068,0.0,-0.1608858389421618,-0.682826175872921,2.039,-0.001392282572604886,-0.001392282572604886,-0.682826175872921,-0.682826175872921,0.0,0.0,0.0
RGI60-19.01244,0.04655546875,0.02256210937500001,159.1255064984444,0.00011075123900700577,,0.0,0.0,1.6031697439161483e-07,9.759782413164004e-05,1.0,1.0,4.929768796840658e-05,-6.145355103859916e-05,0.880315856578689,-1.0973848399749853,0.056,-6.145355103859916e-05,-6.145355103859916e-05,-1.0973848399749853,-1.0973848399749853,0.0,0.0,0.0
RGI60-19.01245,0.048953125,0.02256210937500001,67.40669792716108,9.57465808743436e-05,,0.0,0.0,0.0,0.0,1.0,1.0,-0.0005506756577449643,0.0,-0.4134201634721957,-0.4853019809454266,1.332,-0.0006464222386193081,-0.0006464222386193081,-0.4853019809454266,-0.4853019809454266,0.0,0.0,0.0
RGI60-19.01246,0.048953125,0.02256210937500001,,,,0.0,0.0,0.0,0.0,0.0,0.0,,-1.7552106908509935e-05,,-0.2742516704454677,0.064,-1.7552106908509935e-05,-1.7552106908509935e-05,-0.2742516704454677,-0.2742516704454677,0.0,0.0,0.0
RGI60-19.01247,0.0441578125,0.02256210937500001,480.7437803995367,0.2484980491918605,,0.0,0.0,0.0003263675327391453,1.1282590832966866,1.0,1.0,0.2598675533259149,0.01136950413405446,1.0640105526909234,0.04655168458959219,244.234,0.01136950413405446,0.01136950413405446,0.04655168458959219,0.04655168458959219,0.0,0.0,0.0
RGI60-19.01248,0.048953125,0.02256210937500001,15.363283379138878,0.0,,0.0,0.0,0.0,0.0,1.0,1.0,9.851948289627764e-06,0.0,0.2462987072406941,0.2462987072406941,0.04,9.851948289627764e-06,9.851948289627764e-06,0.2462987072406941,0.2462987072406941,0.0,0.0,0.0
RGI60-19.01249,0.048953125,0.02256210937500001,396.29267535303177,0.2887506631573524,,0.0,0.0,0.0,0.0,1.0,1.0,0.43436925612144606,0.0,0.6305395764480951,0.21138302178751708,688.885,0.1456185929640937,0.1456185929640937,0.21138302178751708,0.21138302178751708,0.0,0.0,0.0
RGI60-19.01250,0.010590625000000008,0.009590625000000009,459.2229882917943,0.0009658891699549123,,0.0,0.0,1.887970530214419e-05,0.004804329617809554,1.0,0.0,0.0005769618966033887,-0.00038892727335152367,0.7713394339617495,-0.5199562477961547,0.748,-0.00038892727335152367,-0.00038892727335152367,-0.5199562477961547,-0.5199562477961547,0.0,0.0,0.0
RGI60-19.01251,0.048953125,0.02256210937500001,783.1513945911618,0.07992191781719142,,0.0,0.0,0.0,0.0,1.0,1.0,0.12768898530508616,0.0,0.23042688648752965,0.08620020443875248,554.141,0.047767067487894735,0.047767067487894735,0.08620020443875248,0.08620020443875248,0.0,0.0,0.0
RGI60-19.01252,0.02497656250000001,0.02256210937500001,449.0682573700597,0.010650949218552823,,0.0,0.0,4.1114170214431234e-05,0.03364785871561276,1.0,0.0,0.004291489418195564,-0.006359459800357261,0.8100206527360447,-1.2003510381950286,5.297999999999999,-0.006359459800357261,-0.006359459800357261,-1.2003510381950286,-1.2003510381950286,0.0,0.0,0.0
RGI60-19.01253,0.015385937500000009,0.014385937500000008,251.82150469941254,0.0014986944688582873,,0.0,0.0,1.3661091054220098e-05,0.0034592420189284248,1.0,0.0,0.0010802445737960562,-0.0004184498950622315,1.083495058972975,-0.4197090221286174,0.997,-0.0004184498950622315,-0.0004184498950622315,-0.4197090221286174,-0.4197090221286174,0.0,0.0,0.0
RGI60-19.01254,0.048953125,0.02256210937500001,,,,0.0,0.0,0.0,0.0,0.0,0.0,,-0.00017792399567899484,,-1.2708856834213915,0.14,-0.00017792399567899484,-0.00017792399567899484,-1.2708856834213915,-1.2708856834213915,0.0,0.0,0.0
RGI60-19.01255,0.008192968750000008,0.007192968750000008,354.3218202986234,0.0007782482195062482,,0.0,0.0,1.6845145936427983e-05,0.00452614646287865,1.0,0.0,0.0007797996141589434,1.551394652695315e-06,0.7868815480917694,0.0015654840087742836,0.991,1.551394652695315e-06,1.551394652695315e-06,0.0015654840087742836,0.0015654840087742836,0.0,0.0,0.0
RGI60-19.01256,0.020181250000000008,0.019181250000000007,260.2847894067815,0.00023338929593698067,,0.0,0.0,9.697330111579238e-07,0.0003064658550817378,1.0,0.0,7.508861339339128e-05,-0.00015830068254358933,0.8074044450902289,-1.7021578768127879,0.093,-0.00015830068254358933,-0.00015830068254358933,-1.7021578768127879,-1.7021578768127879,0.0,0.0,0.0
RGI60-19.01257,0.00579531250000001,0.00479531250000001,398.2252642008928,0.00043996404830409406,,0.0,0.0,1.6399699579816718e-05,0.0021530973060904755,1.0,0.0,0.00031057979197915864,-0.00012938425632493536,0.6416937850809064,-0.2673228436465606,0.484,-0.00012938425632493536,-0.00012938425632493536,-0.2673228436465606,-0.2673228436465606,0.0,0.0,0.0
RGI60-19.01258,0.015385937500000009,0.014385937500000008,100.38439895106492,0.0002726301357089912,,0.0,0.0,3.5513004986282614e-07,0.0006194938698718872,1.0,0.0,0.0001915732480151248,-8.10568876938663e-05,1.0823347345487278,-0.4579485180444423,0.177,-8.10568876938663e-05,-8.10568876938663e-05,-0.4579485180444423,-0.4579485180444423,0.0,0.0,0.0
RGI60-19.01259,0.029771875000000014,0.02256210937500001,214.03835611360142,0.0077729466614880355,,0.0,0.0,8.354612500280794e-05,0.06742003373416999,1.0,1.0,0.09040645267485377,0.08263350601336572,1.9147013294968709,1.7500795479036306,47.217,0.08263350601336572,0.08263350601336572,1.7500795479036306,1.7500795479036306,0.0,0.0,0.0
RGI60-19.01293,0.048953125,0.02256210937500001,425.2506295306113,0.23729070592900636,,0.0,0.0,0.0,0.0,1.0,1.0,0.16269517957241214,0.0,0.4128962972038254,-0.18931241049400355,394.034,-0.0745955263565942,-0.0745955263565942,-0.18931241049400355,-0.18931241049400355,0.0,0.0,0.0
RGI60-19.01294,0.048953125,0.02256210937500001,768.8958836261177,0.8428050482386805,,0.0,0.0,0.0,0.0,1.0,1.0,0.40120865371016895,0.0,0.249721250440469,-0.2748594847391438,1606.626,-0.4415963945285117,-0.4415963945285117,-0.2748594847391438,-0.2748594847391438,0.0,0.0,0.0
RGI60-19.01295,0.048953125,0.02256210937500001,174.1618325187031,0.0371012204188456,,0.0,0.0,0.0,0.0,1.0,1.0,0.10122459283299186,0.0,0.4582330301807672,0.29027972772607874,220.902,0.06412337241414626,0.06412337241414626,0.29027972772607874,0.29027972772607874,0.0,0.0,0.0
RGI60-19.01296,0.048953125,0.02256210937500001,22.236619512093338,0.0,,0.0,0.0,0.0,0.0,1.0,1.0,-1.4820194562312393e-05,0.0,-0.17232784374781848,-0.17232784374781848,0.086,-1.4820194562312393e-05,-1.4820194562312393e-05,-0.17232784374781848,-0.17232784374781848,0.0,0.0,0.0
RGI60-19.01297,0.029771875000000014,0.02256210937500001,648.9997507966877,0.1630510312098756,,0.0,0.0,0.00048699271332398484,1.157776109759708,1.0,1.0,0.12598586759754007,-0.03706516361233555,1.0310737267474164,-0.3033428836665784,122.189,-0.03706516361233555,-0.03706516361233555,-0.3033428836665784,-0.3033428836665784,0.0,0.0,0.0
RGI60-19.01298,0.048953125,0.02256210937500001,769.0460186974678,0.29495883601990425,,0.0,0.0,0.0,0.0,1.0,1.0,0.3167716664549484,0.0,0.5096938449203828,0.03509741113356556,621.494,0.0218128304350442,0.0218128304350442,0.03509741113356556,0.03509741113356556,0.0,0.0,0.0
RGI60-19.01299,0.048953125,0.02256210937500001,783.6436377741073,0.07223459969285892,,0.0,0.0,0.0,0.0,1.0,1.0,0.1147166608819292,0.0,0.8786912762682813,0.3253983883226119,130.554,0.04248206118907028,0.04248206118907028,0.3253983883226119,0.3253983883226119,0.0,0.0,0.0
RGI60-19.01300,0.0010000000000000087,8.673617379884035e-18,207.5605573400964,0.00040575404550254014,,0.0,0.0,0.0003535885303904558,0.015480685570485084,1.0,1.0,0.00666752163849489,0.006261767592992349,1.0724660830778332,1.0072008352891022,6.2170000000000005,0.006261767592992349,0.006261767592992349,1.0072008352891022,1.0072008352891022,0.0,0.0,0.0
RGI60-19.01301,0.048953125,0.02256210937500001,,,,0.0,0.0,0.0,0.0,0.0,0.0,,0.000209629466255988,,0.14920246708611248,1.405,0.000209629466255988,0.000209629466255988,0.14920246708611248,0.14920246708611248,0.0,0.0,0.0
RGI60-19.01302,0.048953125,0.02256210937500001,,,,0.0,0.0,0.0,0.0,0.0,0.0,,-9.67371949196009e-05,,-0.3257144610087573,0.297,-9.67371949196009e-05,-9.67371949196009e-05,-0.3257144610087573,-0.3257144610087573,0.0,0.0,0.0
RGI60-19.01303,0.048953125,0.02256210937500001,,,,0.0,0.0,0.0,0.0,0.0,0.0,,-2.420456272983309e-05,,-0.09454907316341048,0.256,-2.420456272983309e-05,-2.420456272983309e-05,-0.09454907316341048,-0.09454907316341048,0.0,0.0,0.0
RGI60-19.01304,0.048953125,0.02256210937500001,,,,0.0,0.0,0.0,0.0,0.0,0.0,,-4.8636143428940396e-05,,-0.16431129536804184,0.29600000000000004,-4.8636143428940396e-05,-4.8636143428940396e-05,-0.16431129536804184,-0.16431129536804184,0.0,0.0,0.0
RGI60-19.01305,0.048953125,0.02256210937500001,,,,0.0,0.0,0.0,0.0,0.0,0.0,,0.0005115729864869906,,0.1061354743748943,4.82,0.0005115729864869906,0.0005115729864869906,0.1061354743748943,0.1061354743748943,0.0,0.0,0.0
RGI60-19.01306,0.048953125,0.02256210937500001,,,,0.0,0.0,0.0,0.0,0.0,0.0,,3.609141211430908e-05,,0.14671305737524015,0.246,3.609141211430908e-05,3.609141211430908e-05,0.14671305737524015,0.14671305737524015,0.0,0.0,0.0
RGI60-19.01307,0.008192968750000008,0.007192968750000008,414.7811531858334,0.00042405258192838396,,0.0,0.0,1.0184410922148684e-05,2.632783174050769e-05,1.0,0.0,0.0005097821666225607,8.572958469417664e-05,0.9103252975402868,0.15308854409674402,0.56,8.572958469417664e-05,8.572958469417664e-05,0.15308854409674402,0.15308854409674402,0.0,0.0,0.0
RGI60-19.01308,0.048953125,0.02256210937500001,174.8098002438954,0.0007649247871917669,,0.0,0.0,0.0,0.0,1.0,1.0,0.0008506872169313211,0.0,0.8422645712191298,0.0849132967718358,1.01,8.576242973955417e-05,8.576242973955417e-05,0.0849132967718358,0.0849132967718358,0.0,0.0,0.0
RGI60-19.01309,0.02497656250000001,0.02256210937500001,654.6115533686798,0.009996500479965002,,0.0,0.0,3.95118598824563e-05,0.051042203398020417,1.0,1.0,0.00991482378761474,-8.167669235026255e-05,0.9662629166372422,-0.007959915441990309,10.261,-8.167669235026255e-05,-8.167669235026255e-05,-0.007959915441990309,-0.007959915441990309,0.0,0.0,0.0
RGI60-19.01310,0.048953125,0.02256210937500001,,,,0.0,0.0,0.0,0.0,0.0,0.0,,7.910539601539739e-05,,0.20927353443226826,0.378,7.910539601539739e-05,7.910539601539739e-05,0.20927353443226826,0.20927353443226826,0.0,0.0,0.0
RGI60-19.01311,0.048953125,0.02256210937500001,,,,0.0,0.0,0.0,0.0,0.0,0.0,,3.1231377673029663e-05,,0.16701271482903562,0.187,3.1231377673029663e-05,3.1231377673029663e-05,0.16701271482903562,0.16701271482903562,0.0,0.0,0.0
RGI60-19.01312,0.02497656250000001,0.02256210937500001,612.3942431512189,0.00020051856829265402,,0.0,0.0,6.298950691304505e-07,0.0012058803439550679,1.0,0.0,0.00017977893549475174,-2.073963279790227e-05,0.9562709334827222,-0.11031719573352272,0.188,-2.073963279790227e-05,-2.073963279790227e-05,-0.11031719573352272,-0.11031719573352272,0.0,0.0,0.0
RGI60-19.01313,0.048953125,0.02256210937500001,,,,0.0,0.0,0.0,0.0,0.0,0.0,,-7.796911063448268e-05,,-0.03846527411666635,2.027,-7.796911063448268e-05,-7.796911063448268e-05,-0.03846527411666635,-0.03846527411666635,0.0,0.0,0.0
RGI60-19.01314,0.048953125,0.02256210937500001,49.52797858028782,2.5495141271880332e-05,,0.0,0.0,0.0,0.0,1.0,1.0,-1.108893153200773e-06,0.0,-0.009240776276673107,-0.22170028687567586,0.12,-2.6604034425081104e-05,-2.6604034425081104e-05,-0.22170028687567586,-0.22170028687567586,0.0,0.0,0.0
RGI60-19.01315,0.048953125,0.02256210937500001,105.26109141872796,0.0001224024195407379,,0.0,0.0,0.0,0.0,1.0,1.0,7.60429922466154e-05,0.0,0.4023438743207164,-0.2452879751011772,0.189,-4.635942729412249e-05,-4.635942729412249e-05,-0.2452879751011772,-0.2452879751011772,0.0,0.0,0.0
RGI60-19.01316,0.048953125,0.02256210937500001,,,,0.0,0.0,0.0,0.0,0.0,0.0,,-1.5047905498239605e-05,,-0.017599889471625267,0.855,-1.5047905498239605e-05,-1.5047905498239605e-05,-0.017599889471625267,-0.017599889471625267,0.0,0.0,0.0
RGI60-19.01317,0.048953125,0.02256210937500001,,,,0.0,0.0,0.0,0.0,0.0,0.0,,-0.00020550947204735624,,-0.9215671392258128,0.223,-0.00020550947204735624,-0.00020550947204735624,-0.9215671392258128,-0.9215671392258128,0.0,0.0,0.0
RGI60-19.01318,0.048953125,0.02256210937500001,,,,0.0,0.0,0.0,0.0,0.0,0.0,,-6.229513058645052e-05,,-0.3600874600372863,0.173,-6.229513058645052e-05,-6.229513058645052e-05,-0.3600874600372863,-0.3600874600372863,0.0,0.0,0.0
RGI60-19.01319,0.048953125,0.02256210937500001,,,,0.0,0.0,0.0,0.0,0.0,0.0,,9.022572632180702e-05,,0.2278427432368864,0.396,9.022572632180702e-05,9.022572632180702e-05,0.2278427432368864,0.2278427432368864,0.0,0.0,0.0
RGI60-19.01320,0.048953125,0.02256210937500001,,,,0.0,0.0,0.0,0.0,0.0,0.0,,0.00011165107239852937,,0.2805303326596215,0.398,0.00011165107239852937,0.00011165107239852937,0.2805303326596215,0.2805303326596215,0.0,0.0,0.0
RGI60-19.01321,0.01778359375000001,0.01678359375000001,546.4744684098368,0.0005839188812791933,,0.0,0.0,3.7731410101936692e-06,0.0031973737036542532,1.0,0.0,0.0005354197479557252,-4.849913332346812e-05,0.9344149178982988,-0.08464072133240509,0.573,-4.849913332346812e-05,-4.849913332346812e-05,-0.08464072133240509,-0.08464072133240509,0.0,0.0,0.0
RGI60-19.01322,0.048953125,0.02256210937500001,,,,0.0,0.0,0.0,0.0,0.0,0.0,,-1.998028421525501e-05,,-0.14170414337060291,0.141,-1.998028421525501e-05,-1.998028421525501e-05,-0.14170414337060291,-0.14170414337060291,0.0,0.0,0.0
RGI60-19.01323,0.048953125,0.02256210937500001,,,,0.0,0.0,0.0,0.0,0.0,0.0,,0.0006951407393273534,,0.2279897472375708,3.049,0.0006951407393273534,0.0006951407393273534,0.2279897472375708,0.2279897472375708,0.0,0.0,0.0
RGI60-19.01324,0.048953125,0.02256210937500001,,,,0.0,0.0,0.0,0.0,0.0,0.0,,-1.4091301049049585e-05,,-0.06554093511185853,0.215,-1.4091301049049585e-05,-1.4091301049049585e-05,-0.06554093511185853,-0.06554093511185853,0.0,0.0,0.0
RGI60-19.01325,0.048953125,0.02256210937500001,,,,0.0,0.0,0.0,0.0,0.0,0.0,,0.00016518433058456102,,0.4009328412246626,0.412,0.00016518433058456102,0.00016518433058456102,0.4009328412246626,0.4009328412246626,0.0,0.0,0.0
RGI60-19.01326,0.048953125,0.02256210937500001,,,,0.0,0.0,0.0,0.0,0.0,0.0,,-5.8061479868928345e-05,,-0.15360179859504858,0.378,-5.8061479868928345e-05,-5.8061479868928345e-05,-0.15360179859504858,-0.15360179859504858,0.0,0.0,0.0
RGI60-19.01327,0.048953125,0.02256210937500001,,,,0.0,0.0,0.0,0.0,0.0,0.0,,1.1273471657886411e-05,,0.03732937635061726,0.302,1.1273471657886411e-05,1.1273471657886411e-05,0.03732937635061726,0.03732937635061726,0.0,0.0,0.0
RGI60-19.01328,0.048953125,0.02256210937500001,,,,0.0,0.0,0.0,0.0,0.0,0.0,,-2.1562006834111545e-05,,-0.04627040093156984,0.466,-2.1562006834111545e-05,-2.1562006834111545e-05,-0.04627040093156984,-0.04627040093156984,0.0,0.0,0.0
RGI60-19.01329,0.048953125,0.02256210937500001,,,,0.0,0.0,0.0,0.0,0.0,0.0,,0.0006447688355880383,,0.41437585834706825,1.556,0.0006447688355880383,0.0006447688355880383,0.41437585834706825,0.41437585834706825,0.0,0.0,0.0
RGI60-19.01330,0.048953125,0.02256210937500001,,,,0.0,0.0,0.0,0.0,0.0,0.0,,1.4230675547452899e-05,,0.05473336749020346,0.26,1.4230675547452899e-05,1.4230675547452899e-05,0.05473336749020346,0.05473336749020346,0.0,0.0,0.0
RGI60-19.01331,0.048953125,0.02256210937500001,,,,0.0,0.0,0.0,0.0,0.0,0.0,,1.4131635954674466e-05,,0.015211664106215788,0.929,1.4131635954674466e-05,1.4131635954674466e-05,0.015211664106215788,0.015211664106215788,0.0,0.0,0.0
RGI60-19.01332,0.048953125,0.02256210937500001,,,,0.0,0.0,0.0,0.0,0.0,0.0,,6.149985053096085e-05,,0.2277772241887439,0.27,6.149985053096085e-05,6.149985053096085e-05,0.2277772241887439,0.2277772241887439,0.0,0.0,0.0
RGI60-19.01333,0.048953125,0.02256210937500001,,,,0.0,0.0,0.0,0.0,0.0,0.0,,-5.8470580408607034e-05,,-0.0900933442351418,0.649,-5.8470580408607034e-05,-5.8470580408607034e-05,-0.0900933442351418,-0.0900933442351418,0.0,0.0,0.0
RGI60-19.01334,0.048953125,0.02256210937500001,,,,0.0,0.0,0.0,0.0,0.0,0.0,,0.00014089456747628222,,0.5049984497357787,0.279,0.00014089456747628222,0.00014089456747628222,0.5049984497357787,0.5049984497357787,0.0,0.0,0.0
RGI60-19.01335,0.048953125,0.02256210937500001,,,,0.0,0.0,0.0,0.0,0.0,0.0,,0.0002350273713558375,,0.2560211016948121,0.918,0.0002350273713558375,0.0002350273713558375,0.2560211016948121,0.2560211016948121,0.0,0.0,0.0
RGI60-19.01336,0.048953125,0.02256210937500001,,,,0.0,0.0,0.0,0.0,0.0,0.0,,1.3874818109030424e-05,,0.06972270406547952,0.199,1.3874818109030424e-05,1.3874818109030424e-05,0.06972270406547952,0.06972270406547952,0.0,0.0,0.0
RGI60-19.01337,0.048953125,0.02256210937500001,,,,0.0,0.0,0.0,0.0,0.0,0.0,,6.24430717054649e-05,,0.3673121865027348,0.17,6.24430717054649e-05,6.24430717054649e-05,0.3673121865027348,0.3673121865027348,0.0,0.0,0.0
RGI60-19.01338,0.048953125,0.02256210937500001,,,,0.0,0.0,0.0,0.0,0.0,0.0,,5.902457230399207e-05,,0.3392216799080004,0.174,5.902457230399207e-05,5.902457230399207e-05,0.3392216799080004,0.3392216799080004,0.0,0.0,0.0
RGI60-19.01339,0.048953125,0.02256210937500001,,,,0.0,0.0,0.0,0.0,0.0,0.0,,4.9674321057958206e-05,,0.218829608184838,0.227,4.9674321057958206e-05,4.9674321057958206e-05,0.218829608184838,0.218829608184838,0.0,0.0,0.0
RGI60-19.01340,0.048953125,0.02256210937500001,,,,0.0,0.0,0.0,0.0,0.0,0.0,,3.5461669348723933e-05,,0.04546367865221016,0.78,3.5461669348723933e-05,3.5461669348723933e-05,0.04546367865221016,0.04546367865221016,0.0,0.0,0.0
RGI60-19.01341,0.048953125,0.02256210937500001,773.3362553791491,0.1252240044756732,,0.0,0.0,0.0,0.0,1.0,1.0,0.10512638572772272,0.0,0.7779820889069005,-0.14873133236104155,135.127,-0.020097618747950463,-0.020097618747950463,-0.14873133236104155,-0.14873133236104155,0.0,0.0,0.0
RGI60-19.01342,0.048953125,0.02256210937500001,,,,0.0,0.0,0.0,0.0,0.0,0.0,,-0.00012381684494334428,,-0.26570138399859283,0.466,-0.00012381684494334428,-0.00012381684494334428,-0.26570138399859283,-0.26570138399859283,0.0,0.0,0.0
RGI60-19.01343,0.048953125,0.02256210937500001,,,,0.0,0.0,0.0,0.0,0.0,0.0,,-0.00012306369888462964,,-0.34862237644371,0.353,-0.00012306369888462964,-0.00012306369888462964,-0.34862237644371,-0.34862237644371,0.0,0.0,0.0
RGI60-19.01344,0.048953125,0.02256210937500001,,,,0.0,0.0,0.0,0.0,0.0,0.0,,-0.00017063705530043682,,-0.4974841262403406,0.343,-0.00017063705530043682,-0.00017063705530043682,-0.4974841262403406,-0.4974841262403406,0.0,0.0,0.0
RGI60-19.01345,0.048953125,0.02256210937500001,,,,0.0,0.0,0.0,0.0,0.0,0.0,,-2.053750851028968e-05,,-0.1098262487181266,0.187,-2.053750851028968e-05,-2.053750851028968e-05,-0.1098262487181266,-0.1098262487181266,0.0,0.0,0.0
RGI60-19.01346,0.048953125,0.02256210937500001,,,,0.0,0.0,0.0,0.0,0.0,0.0,,-1.1606224983445904e-05,,-0.053982441783469316,0.215,-1.1606224983445904e-05,-1.1606224983445904e-05,-0.053982441783469316,-0.053982441783469316,0.0,0.0,0.0
RGI60-19.01347,0.048953125,0.02256210937500001,,,,0.0,0.0,0.0,0.0,0.0,0.0,,-0.00012102924679690508,,-0.3782163962403284,0.32,-0.00012102924679690508,-0.00012102924679690508,-0.3782163962403284,-0.3782163962403284,0.0,0.0,0.0
RGI60-19.01348,0.048953125,0.02256210937500001,,,,0.0,0.0,0.0,0.0,0.0,0.0,,-8.164898063659016e-05,,-0.4639146627078986,0.17600000000000002,-8.164898063659016e-05,-8.164898063659016e-05,-0.4639146627078986,-0.4639146627078986,0.0,0.0,0.0
RGI60-19.01349,0.048953125,0.02256210937500001,,,,0.0,0.0,0.0,0.0,0.0,0.0,,7.50765541109443e-07,,0.0035750740052830623,0.21,7.50765541109443e-07,7.50765541109443e-07,0.0035750740052830623,0.0035750740052830623,0.0,0.0,0.0
RGI60-19.01350,0.048953125,0.02256210937500001,,,,0.0,0.0,0.0,0.0,0.0,0.0,,-8.84709293108898e-05,,-0.4153564756379803,0.213,-8.84709293108898e-05,-8.84709293108898e-05,-0.4153564756379803,-0.4153564756379803,0.0,0.0,0.0
RGI60-19.01351,0.048953125,0.02256210937500001,,,,0.0,0.0,0.0,0.0,0.0,0.0,,-8.67842837020283e-05,,-0.5016432583932271,0.173,-8.67842837020283e-05,-8.67842837020283e-05,-0.5016432583932271,-0.5016432583932271,0.0,0.0,0.0
RGI60-19.01352,0.048953125,0.02256210937500001,,,,0.0,0.0,0.0,0.0,0.0,0.0,,-0.00017075008508203888,,-1.138333900546926,0.15,-0.00017075008508203888,-0.00017075008508203888,-1.138333900546926,-1.138333900546926,0.0,0.0,0.0
RGI60-19.01353,0.048953125,0.02256210937500001,,,,0.0,0.0,0.0,0.0,0.0,0.0,,-8.371752137513282e-06,,-0.028475347406507763,0.294,-8.371752137513282e-06,-8.371752137513282e-06,-0.028475347406507763,-0.028475347406507763,0.0,0.0,0.0
RGI60-19.01354,0.048953125,0.02256210937500001,,,,0.0,0.0,0.0,0.0,0.0,0.0,,-0.00013548827811410392,,-0.4234008691065747,0.32,-0.00013548827811410392,-0.00013548827811410392,-0.4234008691065747,-0.4234008691065747,0.0,0.0,0.0
RGI60-19.01355,0.003397656250000009,0.002397656250000009,314.3284718614257,0.0024100912881328085,,0.0,0.0,0.0003107027798165977,0.00045661770554677187,1.0,0.0,0.0025069900186443475,9.689873051153922e-05,0.7652594684506555,0.029578367067014413,3.276,9.689873051153922e-05,9.689873051153922e-05,0.029578367067014413,0.029578367067014413,0.0,0.0,0.0
RGI60-19.01356,0.048953125,0.02256210937500001,,,,0.0,0.0,0.0,0.0,0.0,0.0,,-5.4552331125326474e-05,,-0.3190194802650671,0.171,-5.4552331125326474e-05,-5.4552331125326474e-05,-0.3190194802650671,-0.3190194802650671,0.0,0.0,0.0
RGI60-19.01357,0.048953125,0.02256210937500001,,,,0.0,0.0,0.0,0.0,0.0,0.0,,-2.6681427721550236e-05,,-0.2261137942504257,0.118,-2.6681427721550236e-05,-2.6681427721550236e-05,-0.2261137942504257,-0.2261137942504257,0.0,0.0,0.0
RGI60-19.01358,0.048953125,0.02256210937500001,,,,0.0,0.0,0.0,0.0,0.0,0.0,,-1.839593149197937e-05,,-0.15078632370474895,0.122,-1.839593149197937e-05,-1.839593149197937e-05,-0.15078632370474895,-0.15078632370474895,0.0,0.0,0.0
RGI60-19.01359,0.048953125,0.02256210937500001,,,,0.0,0.0,0.0,0.0,0.0,0.0,,-0.00019245266403709286,,-0.6090274178389014,0.316,-0.00019245266403709286,-0.00019245266403709286,-0.6090274178389014,-0.6090274178389014,0.0,0.0,0.0
RGI60-19.01360,0.048953125,0.02256210937500001,,,,0.0,0.0,0.0,0.0,0.0,0.0,,-4.452266096861381e-05,,-0.2283213383005836,0.195,-4.452266096861381e-05,-4.452266096861381e-05,-0.2283213383005836,-0.2283213383005836,0.0,0.0,0.0
RGI60-19.01361,0.048953125,0.02256210937500001,,,,0.0,0.0,0.0,0.0,0.0,0.0,,-4.225100163567891e-05,,-0.049883118814260816,0.847,-4.225100163567891e-05,-4.225100163567891e-05,-0.049883118814260816,-0.049883118814260816,0.0,0.0,0.0
RGI60-19.01362,0.048953125,0.02256210937500001,,,,0.0,0.0,0.0,0.0,0.0,0.0,,2.661379272024473e-05,,0.09404167038955732,0.28300000000000003,2.661379272024473e-05,2.661379272024473e-05,0.09404167038955732,0.09404167038955732,0.0,0.0,0.0
RGI60-19.01363,0.048953125,0.02256210937500001,,,,0.0,0.0,0.0,0.0,0.0,0.0,,-1.95889699269742e-06,,-0.0074482775387734595,0.263,-1.95889699269742e-06,-1.95889699269742e-06,-0.0074482775387734595,-0.0074482775387734595,0.0,0.0,0.0
RGI60-19.01364,0.015385937500000009,0.014385937500000008,573.8740414430492,0.002965553895810678,,0.0,0.0,2.594152291526008e-05,0.00014506607544507888,1.0,1.0,0.003688598995746194,0.0007230450999355158,0.8746974142153651,0.17145959211181305,4.217,0.0007230450999355158,0.0007230450999355158,0.17145959211181305,0.17145959211181305,0.0,0.0,0.0
RGI60-19.01365,0.008192968750000008,0.007192968750000008,425.42378812641977,0.005471818532875996,,0.0,0.0,0.0001461097861103254,0.030229203629428037,1.0,0.0,0.0045641896756992975,-0.0009076288571766967,0.9432092737547632,-0.1875653765605904,4.839,-0.0009076288571766967,-0.0009076288571766967,-0.1875653765605904,-0.1875653765605904,0.0,0.0,0.0
RGI60-19.01366,0.048953125,0.02256210937500001,265.4570063053635,0.0003092559007108438,,0.0,0.0,0.0,0.0,1.0,1.0,0.0003921052131285964,0.0,1.0922150783526359,0.2307780290188094,0.359,8.284931241775258e-05,8.284931241775258e-05,0.2307780290188094,0.2307780290188094,0.0,0.0,0.0
RGI60-19.01367,0.048953125,0.02256210937500001,,,,0.0,0.0,0.0,0.0,0.0,0.0,,0.000341842261012881,,0.04701447682751767,7.271,0.000341842261012881,0.000341842261012881,0.04701447682751767,0.04701447682751767,0.0,0.0,0.0
RGI60-19.01368,0.048953125,0.02256210937500001,42.79376942395647,1.2861474686747826e-05,,0.0,0.0,0.0,0.0,1.0,1.0,2.0990736675147957e-05,0.0,0.10655196281800994,0.04126528928121894,0.197,8.129261988400129e-06,8.129261988400129e-06,0.04126528928121894,0.04126528928121894,0.0,0.0,0.0
RGI60-19.01369,0.02497656250000001,0.02256210937500001,612.3942431512189,0.00026215480015388235,,0.0,0.0,8.156007546151722e-07,0.00011714647511690584,1.0,0.0,0.00026533019083590283,3.175390682020528e-06,1.0127106520454303,0.012119811763437129,0.262,3.175390682020528e-06,3.175390682020528e-06,0.012119811763437129,0.012119811763437129,0.0,0.0,0.0
RGI60-19.01370,0.048953125,0.02256210937500001,,,,0.0,0.0,0.0,0.0,0.0,0.0,,2.1381532863018952e-05,,0.08287415838379439,0.258,2.1381532863018952e-05,2.1381532863018952e-05,0.08287415838379439,0.08287415838379439,0.0,0.0,0.0
RGI60-19.01371,0.048953125,0.02256210937500001,,,,0.0,0.0,0.0,0.0,0.0,0.0,,-1.5238411269666476e-05,,-0.050458315462471766,0.302,-1.5238411269666476e-05,-1.5238411269666476e-05,-0.050458315462471766,-0.050458315462471766,0.0,0.0,0.0
RGI60-19.01372,0.048953125,0.02256210937500001,,,,0.0,0.0,0.0,0.0,0.0,0.0,,0.00029037349697887284,,0.7369885710123677,0.394,0.00029037349697887284,0.00029037349697887284,0.7369885710123677,0.7369885710123677,0.0,0.0,0.0
RGI60-19.01373,0.048953125,0.02256210937500001,,,,0.0,0.0,0.0,0.0,0.0,0.0,,-0.00011453948216910471,,-0.3767746123983708,0.304,-0.00011453948216910471,-0.00011453948216910471,-0.3767746123983708,-0.3767746123983708,0.0,0.0,0.0
RGI60-19.01374,0.048953125,0.02256210937500001,,,,0.0,0.0,0.0,0.0,0.0,0.0,,-2.7082531808044554e-05,,-0.18176195844325205,0.149,-2.7082531808044554e-05,-2.7082531808044554e-05,-0.18176195844325205,-0.18176195844325205,0.0,0.0,0.0
RGI60-19.01375,0.048953125,0.02256210937500001,,,,0.0,0.0,0.0,0.0,0.0,0.0,,-3.694286272588062e-05,,-0.214784085615585,0.172,-3.694286272588062e-05,-3.694286272588062e-05,-0.214784085615585,-0.214784085615585,0.0,0.0,0.0
RGI60-19.01376,0.048953125,0.02256210937500001,,,,0.0,0.0,0.0,0.0,0.0,0.0,,-0.0008915793882520551,,-0.34423914604326444,2.59,-0.0008915793882520551,-0.0008915793882520551,-0.34423914604326444,-0.34423914604326444,0.0,0.0,0.0
RGI60-19.01377,0.048953125,0.02256210937500001,,,,0.0,0.0,0.0,0.0,0.0,0.0,,-2.837643058534322e-05,,-0.02182802352718709,1.3,-2.837643058534322e-05,-2.837643058534322e-05,-0.02182802352718709,-0.02182802352718709,0.0,0.0,0.0
RGI60-19.01378,0.048953125,0.02256210937500001,,,,0.0,0.0,0.0,0.0,0.0,0.0,,4.271050821209012e-05,,0.049092538174816236,0.87,4.271050821209012e-05,4.271050821209012e-05,0.049092538174816236,0.049092538174816236,0.0,0.0,0.0
RGI60-19.01379,0.048953125,0.02256210937500001,,,,0.0,0.0,0.0,0.0,0.0,0.0,,-8.553130172168246e-05,,-0.35490166689494795,0.241,-8.553130172168246e-05,-8.553130172168246e-05,-0.35490166689494795,-0.35490166689494795,0.0,0.0,0.0
RGI60-19.01380,0.048953125,0.02256210937500001,,,,0.0,0.0,0.0,0.0,0.0,0.0,,1.1115376271954124e-05,,0.08357425768386559,0.133,1.1115376271954124e-05,1.1115376271954124e-05,0.08357425768386559,0.08357425768386559,0.0,0.0,0.0
RGI60-19.01381,0.048953125,0.02256210937500001,,,,0.0,0.0,0.0,0.0,0.0,0.0,,4.485873064121162e-05,,0.1780108358778239,0.252,4.485873064121162e-05,4.485873064121162e-05,0.1780108358778239,0.1780108358778239,0.0,0.0,0.0
RGI60-19.01382,0.048953125,0.02256210937500001,,,,0.0,0.0,0.0,0.0,0.0,0.0,,-0.00019439680667921654,,-1.117223026892049,0.174,-0.00019439680667921654,-0.00019439680667921654,-1.117223026892049,-1.117223026892049,0.0,0.0,0.0
RGI60-19.01383,0.048953125,0.02256210937500001,,,,0.0,0.0,0.0,0.0,0.0,0.0,,-4.553871315148472e-05,,-0.1502927826781674,0.303,-4.553871315148472e-05,-4.553871315148472e-05,-0.1502927826781674,-0.1502927826781674,0.0,0.0,0.0
RGI60-19.01384,0.048953125,0.02256210937500001,,,,0.0,0.0,0.0,0.0,0.0,0.0,,-7.398630059529964e-06,,-0.03135012737088967,0.236,-7.398630059529964e-06,-7.398630059529964e-06,-0.03135012737088967,-0.03135012737088967,0.0,0.0,0.0
RGI60-19.01385,0.048953125,0.02256210937500001,,,,0.0,0.0,0.0,0.0,0.0,0.0,,-9.342179814051809e-05,,-0.3312829721294968,0.282,-9.342179814051809e-05,-9.342179814051809e-05,-0.3312829721294968,-0.3312829721294968,0.0,0.0,0.0
RGI60-19.01386,0.048953125,0.02256210937500001,,,,0.0,0.0,0.0,0.0,0.0,0.0,,-1.240079553127852e-05,,-0.06294820066638844,0.197,-1.240079553127852e-05,-1.240079553127852e-05,-0.06294820066638844,-0.06294820066638844,0.0,0.0,0.0
RGI60-19.01387,0.048953125,0.02256210937500001,,,,0.0,0.0,0.0,0.0,0.0,0.0,,5.131353764471253e-06,,0.013328191596029227,0.385,5.131353764471253e-06,5.131353764471253e-06,0.013328191596029227,0.013328191596029227,0.0,0.0,0.0
RGI60-19.01388,0.048953125,0.02256210937500001,,,,0.0,0.0,0.0,0.0,0.0,0.0,,-2.871115308518231e-05,,-0.13737393820661392,0.209,-2.871115308518231e-05,-2.871115308518231e-05,-0.13737393820661392,-0.13737393820661392,0.0,0.0,0.0
RGI60-19.01389,0.048953125,0.02256210937500001,,,,0.0,0.0,0.0,0.0,0.0,0.0,,-3.515396807630193e-05,,-0.14232375739393496,0.247,-3.515396807630193e-05,-3.515396807630193e-05,-0.14232375739393496,-0.14232375739393496,0.0,0.0,0.0
RGI60-19.01390,0.048953125,0.02256210937500001,,,,0.0,0.0,0.0,0.0,0.0,0.0,,0.00011387592413716164,,0.4951127136398332,0.23,0.00011387592413716164,0.00011387592413716164,0.4951127136398332,0.4951127136398332,0.0,0.0,0.0
RGI60-19.01391,0.048953125,0.02256210937500001,,,,0.0,0.0,0.0,0.0,0.0,0.0,,-5.284439788526665e-05,,-0.21746665796406026,0.243,-5.284439788526665e-05,-5.284439788526665e-05,-0.21746665796406026,-0.21746665796406026,0.0,0.0,0.0
RGI60-19.01392,0.048953125,0.02256210937500001,,,,0.0,0.0,0.0,0.0,0.0,0.0,,2.1384440506369185e-05,,0.17107552405095344,0.125,2.1384440506369185e-05,2.1384440506369185e-05,0.17107552405095344,0.17107552405095344,0.0,0.0,0.0
RGI60-19.01393,0.048953125,0.02256210937500001,,,,0.0,0.0,0.0,0.0,0.0,0.0,,-1.3226729503322575e-05,,-0.06268592181669468,0.211,-1.3226729503322575e-05,-1.3226729503322575e-05,-0.06268592181669468,-0.06268592181669468,0.0,0.0,0.0
RGI60-19.01394,0.048953125,0.02256210937500001,,,,0.0,0.0,0.0,0.0,0.0,0.0,,-3.147428913363724e-06,,-0.024026174911173464,0.131,-3.147428913363724e-06,-3.147428913363724e-06,-0.024026174911173464,-0.024026174911173464,0.0,0.0,0.0
RGI60-19.01395,0.048953125,0.02256210937500001,,,,0.0,0.0,0.0,0.0,0.0,0.0,,-3.1192351808297394e-05,,-0.1834844224017494,0.17,-3.1192351808297394e-05,-3.1192351808297394e-05,-0.1834844224017494,-0.1834844224017494,0.0,0.0,0.0
RGI60-19.01396,0.048953125,0.02256210937500001,,,,0.0,0.0,0.0,0.0,0.0,0.0,,-0.000179480847992689,,-0.33175757484785395,0.541,-0.000179480847992689,-0.000179480847992689,-0.33175757484785395,-0.33175757484785395,0.0,0.0,0.0
RGI60-19.01397,0.048953125,0.02256210937500001,,,,0.0,0.0,0.0,0.0,0.0,0.0,,-0.00019658270557047831,,-0.4417588889224231,0.445,-0.00019658270557047831,-0.00019658270557047831,-0.4417588889224231,-0.4417588889224231,0.0,0.0,0.0
RGI60-19.01398,0.048953125,0.02256210937500001,,,,0.0,0.0,0.0,0.0,0.0,0.0,,-0.0002726745511426481,,-0.14033687655308702,1.943,-0.0002726745511426481,-0.0002726745511426481,-0.14033687655308702,-0.14033687655308702,0.0,0.0,0.0
RGI60-19.01399,0.048953125,0.02256210937500001,,,,0.0,0.0,0.0,0.0,0.0,0.0,,-3.989069719397203e-05,,-0.07010667345162044,0.569,-3.989069719397203e-05,-3.989069719397203e-05,-0.07010667345162044,-0.07010667345162044,0.0,0.0,0.0
RGI60-19.01400,0.048953125,0.02256210937500001,,,,0.0,0.0,0.0,0.0,0.0,0.0,,-5.493737461448952e-05,,-0.09775333561297067,0.562,-5.493737461448952e-05,-5.493737461448952e-05,-0.09775333561297067,-0.09775333561297067,0.0,0.0,0.0
RGI60-19.01401,0.048953125,0.02256210937500001,,,,0.0,0.0,0.0,0.0,0.0,0.0,,0.000368590900146051,,0.5493157975350984,0.6709999999999999,0.000368590900146051,0.000368590900146051,0.5493157975350984,0.5493157975350984,0.0,0.0,0.0
RGI60-19.01402,0.048953125,0.02256210937500001,,,,0.0,0.0,0.0,0.0,0.0,0.0,,0.002039390652096195,,0.2725729286415658,7.482,0.002039390652096195,0.002039390652096195,0.2725729286415658,0.2725729286415658,0.0,0.0,0.0
RGI60-19.01403,0.048953125,0.02256210937500001,,,,0.0,0.0,0.0,0.0,0.0,0.0,,0.00013765656300096033,,0.22419635667908847,0.614,0.00013765656300096033,0.00013765656300096033,0.22419635667908847,0.22419635667908847,0.0,0.0,0.0
RGI60-19.01404,0.048953125,0.02256210937500001,72.93923348010324,5.050721180117692e-05,,0.0,0.0,0.0,0.0,1.0,1.0,-5.016672526117938e-05,0.0,-0.20476214392318115,-0.4109140288259441,0.245,-0.00010067393706235627,-0.00010067393706235627,-0.4109140288259441,-0.4109140288259441,0.0,0.0,0.0
RGI60-19.01405,0.015385937500000009,0.014385937500000008,520.80426788355,0.3699033971119547,,0.0,0.0,0.0036177888167491725,1.9573542085139728,1.0,1.0,0.30197149177429594,-0.06793190533765876,0.956744391346336,-0.2152304810079676,315.624,-0.06793190533765876,-0.06793190533765876,-0.2152304810079676,-0.2152304810079676,0.0,0.0,0.0
RGI60-19.01406,0.048953125,0.02256210937500001,621.2727282496487,0.18200657289793756,,0.0,0.0,0.0,0.0,1.0,1.0,0.1315988771426478,0.0,0.10734178138521656,-0.0411162463949573,1225.98,-0.05040769575528975,-0.05040769575528975,-0.0411162463949573,-0.0411162463949573,0.0,0.0,0.0
RGI60-19.01407,0.029771875000000014,0.02256210937500001,639.1657396880723,0.0911835151483635,,0.0,0.0,0.00022130289747087452,0.14391512919776894,1.0,1.0,0.09094615012292444,-0.0002373650254390481,1.0883022021004038,-0.002840415779423075,83.56700000000002,-0.0002373650254390481,-0.0002373650254390481,-0.002840415779423075,-0.002840415779423075,0.0,0.0,0.0
RGI60-19.01408,0.048953125,0.02256210937500001,,,,0.0,0.0,0.0,0.0,0.0,0.0,,6.098043647203387e-05,,0.3811277279502117,0.16,6.098043647203387e-05,6.098043647203387e-05,0.3811277279502117,0.3811277279502117,0.0,0.0,0.0
RGI60-19.01409,0.048953125,0.02256210937500001,,,,0.0,0.0,0.0,0.0,0.0,0.0,,-3.38708482407012e-07,,-0.006774169648140239,0.05,-3.38708482407012e-07,-3.38708482407012e-07,-0.006774169648140239,-0.006774169648140239,0.0,0.0,0.0
RGI60-19.01410,0.003397656250000009,0.002397656250000009,316.4207430729391,0.0008756464246932644,,0.0,0.0,0.00010579561520189092,0.0036912791983329963,1.0,0.0,0.0007214695763277818,-0.00015417684836548242,0.6832098260679753,-0.1460008033764038,1.056,-0.00015417684836548242,-0.00015417684836548242,-0.1460008033764038,-0.1460008033764038,0.0,0.0,0.0
RGI60-19.01411,0.00579531250000001,0.00479531250000001,131.769774773029,2.7200430956968266e-05,,0.0,0.0,1.3807292783783369e-06,2.282583682958304e-05,1.0,0.0,2.8530140859781294e-05,1.3297099028130268e-06,1.0973131099915878,0.05114268856973179,0.026,1.3297099028130268e-06,1.3297099028130268e-06,0.05114268856973179,0.05114268856973179,0.0,0.0,0.0
RGI60-19.01412,0.048953125,0.02256210937500001,,,,0.0,0.0,0.0,0.0,0.0,0.0,,0.0004533223372174905,,0.3612130177031797,1.255,0.0004533223372174905,0.0004533223372174905,0.3612130177031797,0.3612130177031797,0.0,0.0,0.0
RGI60-19.01413,0.048953125,0.02256210937500001,,,,0.0,0.0,0.0,0.0,0.0,0.0,,-0.000795137492085083,,-0.3936324218242985,2.02,-0.000795137492085083,-0.000795137492085083,-0.3936324218242985,-0.3936324218242985,0.0,0.0,0.0
RGI60-19.01414,0.048953125,0.02256210937500001,,,,0.0,0.0,0.0,0.0,0.0,0.0,,-8.445685628804417e-05,,-0.038337202128027305,2.2030000000000003,-8.445685628804417e-05,-8.445685628804417e-05,-0.038337202128027305,-0.038337202128027305,0.0,0.0,0.0
RGI60-19.01415,0.048953125,0.02256210937500001,601.9205662212319,0.20621639682042028,,0.0,0.0,0.0,0.0,1.0,1.0,-0.09875922459170494,0.0,-0.13938215311792385,-0.4304221599211421,708.55,-0.3049756214121252,-0.3049756214121252,-0.4304221599211421,-0.4304221599211421,0.0,0.0,0.0
RGI60-19.01416,0.012988281250000008,0.011988281250000007,131.5693628867868,2.0524241092088065e-05,,0.0,0.0,2.3167919327181587e-07,1.3586396268475768e-05,1.0,1.0,2.966491595288377e-05,9.140674860795707e-06,1.0229281363063372,0.3151956848550244,0.029,9.140674860795707e-06,9.140674860795707e-06,0.3151956848550244,0.3151956848550244,0.0,0.0,0.0
RGI60-19.01417,0.048953125,0.02256210937500001,780.7909564913153,0.08256954052314758,,0.0,0.0,0.0,0.0,1.0,1.0,-0.003438423211547336,0.0,-0.02985053314188402,-0.7466746860323552,115.188,-0.08600796373469491,-0.08600796373469491,-0.7466746860323552,-0.7466746860323552,0.0,0.0,0.0
RGI60-19.01418,0.008192968750000008,0.007192968750000008,211.0135319655212,0.0025086858281915024,,0.0,0.0,0.00010152935189506209,0.035608058097529045,1.0,1.0,0.029630178235402743,0.027121492407211248,1.4505398852206761,1.3277276353459266,20.427,0.027121492407211248,0.027121492407211248,1.3277276353459266,1.3277276353459266,0.0,0.0,0.0
RGI60-19.01419,0.02497656250000001,0.02256210937500001,604.9836323334424,0.04188780275704384,,0.0,0.0,0.0001605090007244285,0.01405043977050678,1.0,1.0,0.06978436131625221,0.027896558559208362,1.0985511195178548,0.4391499049053644,63.524,0.027896558559208362,0.027896558559208362,0.4391499049053644,0.4391499049053644,0.0,0.0,0.0
RGI60-19.01420,0.048953125,0.02256210937500001,765.4630500778334,0.36664576352372175,,0.0,0.0,0.0,0.0,1.0,1.0,0.4719764117660326,0.0,0.7253041001185325,0.16186561263184948,650.729,0.10533064824231078,0.10533064824231078,0.16186561263184948,0.16186561263184948,0.0,0.0,0.0
RGI60-19.01421,0.048953125,0.02256210937500001,846.6370111203153,0.027249518789482667,,0.0,0.0,0.0,0.0,1.0,1.0,0.0024824720678575693,0.0,0.012464336623005778,-0.1243537889078713,199.166,-0.02476704672162509,-0.02476704672162509,-0.1243537889078713,-0.1243537889078713,0.0,0.0,0.0
RGI60-19.01422,0.048953125,0.02256210937500001,758.3879155580646,0.2666708260981058,,0.0,0.0,0.0,0.0,1.0,1.0,0.23901230430302156,0.0,1.0815427902504229,-0.12515621287234052,220.992,-0.02765852179508428,-0.02765852179508428,-0.12515621287234052,-0.12515621287234052,0.0,0.0,0.0
RGI60-19.01423,0.02497656250000001,0.02256210937500001,599.213453932515,0.20852921226439636,,0.0,0.0,0.00075556591866732,0.0,1.0,1.0,0.3830976094781913,0.17456839721379505,1.0470323225846947,0.47710753046359705,365.889,0.17456839721379505,0.17456839721379505,0.47710753046359705,0.47710753046359705,0.0,0.0,0.0
RGI60-19.01424,0.048953125,0.02256210937500001,764.3003715793724,0.12708213204930094,,0.0,0.0,0.0,0.0,1.0,1.0,0.08499785363775586,0.0,1.0817003949929478,-0.535573295471316,78.578,-0.04208427841154507,-0.04208427841154507,-0.535573295471316,-0.535573295471316,0.0,0.0,0.0
RGI60-19.01425,0.048953125,0.02256210937500001,,,,0.0,0.0,0.0,0.0,0.0,0.0,,-0.003102105835345053,,-0.16483903689595902,18.819000000000006,-0.003102105835345053,-0.003102105835345053,-0.16483903689595902,-0.16483903689595902,0.0,0.0,0.0
RGI60-19.01426,0.02497656250000001,0.02256210937500001,628.186844071275,0.018369523899197212,,0.0,0.0,6.18338877761973e-05,0.000378536760889704,1.0,0.0,0.02257761755108332,0.004208093651886102,0.9881227866026224,0.1841697077283952,22.849,0.004208093651886102,0.004208093651886102,0.1841697077283952,0.1841697077283952,0.0,0.0,0.0
RGI60-19.01427,0.039362500000000016,0.02256210937500001,197.00779420712917,0.0016750759808730306,,0.0,0.0,9.204544030243805e-07,0.00030978082933166433,1.0,1.0,0.002151607401792885,0.0004765314209198545,1.0699191455956665,0.2369624171655169,2.011,0.0004765314209198545,0.0004765314209198545,0.2369624171655169,0.2369624171655169,0.0,0.0,0.0
RGI60-19.01428,0.048953125,0.02256210937500001,,,,0.0,0.0,0.0,0.0,0.0,0.0,,0.004598665106424356,,0.11466563038085913,40.105,0.004598665106424356,0.004598665106424356,0.11466563038085913,0.11466563038085913,0.0,0.0,0.0
RGI60-19.01429,0.048953125,0.02256210937500001,,,,0.0,0.0,0.0,0.0,0.0,0.0,,-0.003796462427813292,,-0.04085644333756582,92.922,-0.003796462427813292,-0.003796462427813292,-0.04085644333756582,-0.04085644333756582,0.0,0.0,0.0
RGI60-19.01430,0.041760156250000006,0.02256210937500001,481.74908037054365,0.026250591013137595,,0.0,0.0,4.318933579758495e-05,0.1456663717262828,1.0,1.0,0.020109398261984532,-0.0061411927511530705,0.9938419621421629,-0.3035085870887155,20.234,-0.0061411927511530705,-0.0061411927511530705,-0.3035085870887155,-0.3035085870887155,0.0,0.0,0.0
RGI60-19.01431,0.02497656250000001,0.02256210937500001,651.0372055330376,0.010506111871530107,,0.0,0.0,4.1995769824870754e-05,0.05817243475815336,1.0,1.0,0.010242004889281602,-0.00026410698224850644,0.9810349510806132,-0.025297603663650043,10.44,-0.00026410698224850644,-0.00026410698224850644,-0.025297603663650043,-0.025297603663650043,0.0,0.0,0.0
RGI60-19.01432,0.048953125,0.02256210937500001,,,,0.0,0.0,0.0,0.0,0.0,0.0,,-0.0011202049449350283,,-0.057963621284022986,19.326,-0.0011202049449350283,-0.0011202049449350283,-0.057963621284022986,-0.057963621284022986,0.0,0.0,0.0
RGI60-19.01433,0.02257890625000001,0.02256210937500001,592.0228393532362,0.005190982629437431,,0.0,0.0,2.0700265109928447e-05,0.00022925454455397027,1.0,0.0,0.007325757403596866,0.002134774774159436,1.1044410377803209,0.3218415157785974,6.632999999999999,0.002134774774159436,0.002134774774159436,0.3218415157785974,0.3218415157785974,0.0,0.0,0.0
RGI60-19.01434,0.03696484375000001,0.02256210937500001,385.3771586432248,0.0014935301154321912,,0.0,0.0,2.113568477952677e-06,0.0024943366716197245,1.0,0.0,0.0011211736954826498,-0.00037235641994954124,1.091697853439776,-0.3625671080326594,1.027,-0.00037235641994954124,-0.00037235641994954124,-0.3625671080326594,-0.3625671080326594,0.0,0.0,0.0
RGI60-19.01435,0.048953125,0.02256210937500001,,,,0.0,0.0,0.0,0.0,0.0,0.0,,-7.579800147710137e-05,,-0.3044096444863509,0.249,-7.579800147710137e-05,-7.579800147710137e-05,-0.3044096444863509,-0.3044096444863509,0.0,0.0,0.0
RGI60-19.01436,0.03456718750000001,0.02256210937500001,302.4475923310372,0.003393593135446861,,0.0,0.0,6.8292457396077984e-06,0.0003039572996012802,1.0,1.0,0.004580674439774932,0.0011870813043280692,1.0642830947432462,0.2758088532360756,4.3039999999999985,0.0011870813043280692,0.0011870813043280692,0.2758088532360756,0.2758088532360756,0.0,0.0,0.0
RGI60-19.01439,0.010590625000000008,0.009590625000000009,143.3862482344069,5.276931105050843e-05,,0.0,0.0,8.461999618887771e-07,0.00019233251364257536,1.0,1.0,0.0006829339217060245,0.0006301646106555161,2.1818975134377783,2.013305465353086,0.313,0.0006301646106555161,0.0006301646106555161,2.013305465353086,2.013305465353086,0.0,0.0,0.0
RGI60-19.01440,0.01778359375000001,0.01678359375000001,546.4744684098366,0.000696682828312538,,0.0,0.0,4.364929977949679e-06,0.004214467981345889,1.0,0.0,0.0007109121898818642,1.4229361569326107e-05,1.0126954271821424,0.020269745825250863,0.7020000000000001,1.4229361569326107e-05,1.4229361569326107e-05,0.020269745825250863,0.020269745825250863,0.0,0.0,0.0
RGI60-19.01441,0.048953125,0.02256210937500001,,,,0.0,0.0,0.0,0.0,0.0,0.0,,3.2985705634033686e-06,,0.21990470422689126,0.015,3.2985705634033686e-06,3.2985705634033686e-06,0.21990470422689126,0.21990470422689126,0.0,0.0,0.0
RGI60-19.01442,0.048953125,0.02256210937500001,,,,0.0,0.0,0.0,0.0,0.0,0.0,,-1.7162294445935326e-06,,-0.156020858599412,0.011,-1.7162294445935326e-06,-1.7162294445935326e-06,-0.156020858599412,-0.156020858599412,0.0,0.0,0.0
RGI60-19.01443,0.048953125,0.02256210937500001,,,,0.0,0.0,0.0,0.0,0.0,0.0,,-1.3504568549377392e-06,,-0.024115300981031058,0.056,-1.3504568549377392e-06,-1.3504568549377392e-06,-0.024115300981031058,-0.024115300981031058,0.0,0.0,0.0
RGI60-19.01444,0.010590625000000008,0.009590625000000009,164.19728723563367,6.394293372653079e-05,,0.0,0.0,1.0129311872750469e-06,2.070551324753959e-05,1.0,1.0,7.587704097904006e-05,1.193410725250926e-05,0.936753592333828,0.1473346574383859,0.081,1.193410725250926e-05,1.193410725250926e-05,0.1473346574383859,0.1473346574383859,0.0,0.0,0.0
RGI60-19.01445,0.008192968750000008,0.007192968750000008,158.60171635919204,7.31170180709655e-05,,0.0,0.0,1.5672440749345918e-06,0.00011808251963346473,1.0,1.0,6.157147453460899e-05,-1.154554353635649e-05,0.8320469531703918,-0.156020858599412,0.07400000000000001,-1.154554353635649e-05,-1.154554353635649e-05,-0.156020858599412,-0.156020858599412,0.0,0.0,0.0
RGI60-19.01446,0.048953125,0.02256210937500001,,,,0.0,0.0,0.0,0.0,0.0,0.0,,-1.7162294445935326e-06,,-0.156020858599412,0.011,-1.7162294445935326e-06,-1.7162294445935326e-06,-0.156020858599412,-0.156020858599412,0.0,0.0,0.0
RGI60-19.01447,0.048953125,0.02256210937500001,,,,0.0,0.0,0.0,0.0,0.0,0.0,,2.3365817179733143e-07,,0.012981009544296186,0.018000000000000002,2.3365817179733143e-07,2.3365817179733143e-07,0.012981009544296186,0.012981009544296186,0.0,0.0,0.0
RGI60-19.01448,0.048953125,0.02256210937500001,,,,0.0,0.0,0.0,0.0,0.0,0.0,,-1.7162294445935326e-06,,-0.156020858599412,0.011,-1.7162294445935326e-06,-1.7162294445935326e-06,-0.156020858599412,-0.156020858599412,0.0,0.0,0.0
RGI60-19.01449,0.003397656250000009,0.002397656250000009,151.25057116459718,2.1539134015995755e-05,,0.0,0.0,2.5035484116129632e-06,6.236481228544347e-05,1.0,0.0,2.3803933724473105e-05,2.264799708477348e-06,0.5535798540575141,0.05266976066226391,0.043,2.264799708477348e-06,2.264799708477348e-06,0.05266976066226391,0.05266976066226391,0.0,0.0,0.0
RGI60-19.01450,0.048953125,0.02256210937500001,,,,0.0,0.0,0.0,0.0,0.0,0.0,,-2.234398915737089e-06,,-0.15959992255264924,0.014,-2.234398915737089e-06,-2.234398915737089e-06,-0.15959992255264924,-0.15959992255264924,0.0,0.0,0.0
RGI60-19.01451,0.048953125,0.02256210937500001,,,,0.0,0.0,0.0,0.0,0.0,0.0,,-1.7162294445935326e-06,,-0.156020858599412,0.011,-1.7162294445935326e-06,-1.7162294445935326e-06,-0.156020858599412,-0.156020858599412,0.0,0.0,0.0
RGI60-19.01452,0.048953125,0.02256210937500001,,,,0.0,0.0,0.0,0.0,0.0,0.0,,-2.1842920203917683e-06,,-0.156020858599412,0.014,-2.1842920203917683e-06,-2.1842920203917683e-06,-0.156020858599412,-0.156020858599412,0.0,0.0,0.0
RGI60-19.01453,0.048953125,0.02256210937500001,,,,0.0,0.0,0.0,0.0,0.0,0.0,,-1.7162294445935326e-06,,-0.156020858599412,0.011,-1.7162294445935326e-06,-1.7162294445935326e-06,-0.156020858599412,-0.156020858599412,0.0,0.0,0.0
RGI60-19.01454,0.048953125,0.02256210937500001,,,,0.0,0.0,0.0,0.0,0.0,0.0,,-2.748651297719482e-06,,-0.1963322355513916,0.014,-2.748651297719482e-06,-2.748651297719482e-06,-0.1963322355513916,-0.1963322355513916,0.0,0.0,0.0
RGI60-19.01455,0.048953125,0.02256210937500001,,,,0.0,0.0,0.0,0.0,0.0,0.0,,-1.0544336283479142e-06,,-0.07029557522319428,0.015,-1.0544336283479142e-06,-1.0544336283479142e-06,-0.07029557522319428,-0.07029557522319428,0.0,0.0,0.0
RGI60-19.01456,0.048953125,0.02256210937500001,,,,0.0,0.0,0.0,0.0,0.0,0.0,,-2.2390553887376296e-06,,-0.0621959830204897,0.036000000000000004,-2.2390553887376296e-06,-2.2390553887376296e-06,-0.0621959830204897,-0.0621959830204897,0.0,0.0,0.0
RGI60-19.01457,0.048953125,0.02256210937500001,,,,0.0,0.0,0.0,0.0,0.0,0.0,,-1.1781353340921852e-05,,-0.23562706681843704,0.05,-1.1781353340921852e-05,-1.1781353340921852e-05,-0.23562706681843704,-0.23562706681843704,0.0,0.0,0.0
RGI60-19.01458,0.048953125,0.02256210937500001,,,,0.0,0.0,0.0,0.0,0.0,0.0,,-2.1842920203917683e-06,,-0.156020858599412,0.014,-2.1842920203917683e-06,-2.1842920203917683e-06,-0.156020858599412,-0.156020858599412,0.0,0.0,0.0
RGI60-19.01459,0.048953125,0.02256210937500001,,,,0.0,0.0,0.0,0.0,0.0,0.0,,-7.717078056838615e-06,,-0.406162002991506,0.019,-7.717078056838615e-06,-7.717078056838615e-06,-0.406162002991506,-0.406162002991506,0.0,0.0,0.0
RGI60-19.01460,0.048953125,0.02256210937500001,,,,0.0,0.0,0.0,0.0,0.0,0.0,,-2.428305872424453e-05,,-0.3735855188345312,0.065,-2.428305872424453e-05,-2.428305872424453e-05,-0.3735855188345312,-0.3735855188345312,0.0,0.0,0.0
RGI60-19.01461,0.048953125,0.02256210937500001,,,,0.0,0.0,0.0,0.0,0.0,0.0,,-2.8083754547894167e-06,,-0.156020858599412,0.018000000000000002,-2.8083754547894167e-06,-2.8083754547894167e-06,-0.156020858599412,-0.156020858599412,0.0,0.0,0.0
RGI60-19.01462,0.048953125,0.02256210937500001,,,,0.0,0.0,0.0,0.0,0.0,0.0,,-1.3491711303805245e-06,,-0.010623394727405705,0.127,-1.3491711303805245e-06,-1.3491711303805245e-06,-0.010623394727405705,-0.010623394727405705,0.0,0.0,0.0
RGI60-19.01463,0.048953125,0.02256210937500001,,,,0.0,0.0,0.0,0.0,0.0,0.0,,-2.34031287899118e-06,,-0.156020858599412,0.015,-2.34031287899118e-06,-2.34031287899118e-06,-0.156020858599412,-0.156020858599412,0.0,0.0,0.0
RGI60-19.01464,0.048953125,0.02256210937500001,,,,0.0,0.0,0.0,0.0,0.0,0.0,,-1.040937448182207e-05,,-0.3154355903582446,0.033,-1.040937448182207e-05,-1.040937448182207e-05,-0.3154355903582446,-0.3154355903582446,0.0,0.0,0.0
RGI60-19.01465,0.048953125,0.02256210937500001,,,,0.0,0.0,0.0,0.0,0.0,0.0,,-7.090237361532788e-06,,-0.22156991754789965,0.032,-7.090237361532788e-06,-7.090237361532788e-06,-0.22156991754789965,-0.22156991754789965,0.0,0.0,0.0
RGI60-19.01466,0.048953125,0.02256210937500001,,,,0.0,0.0,0.0,0.0,0.0,0.0,,-2.4963337375905925e-06,,-0.156020858599412,0.016,-2.4963337375905925e-06,-2.4963337375905925e-06,-0.156020858599412,-0.156020858599412,0.0,0.0,0.0
RGI60-19.01467,0.048953125,0.02256210937500001,,,,0.0,0.0,0.0,0.0,0.0,0.0,,-1.4101328685663647e-05,,-1.0072377632616891,0.014,-1.4101328685663647e-05,-1.4101328685663647e-05,-1.0072377632616891,-1.0072377632616891,0.0,0.0,0.0
RGI60-19.01468,0.048953125,0.02256210937500001,,,,0.0,0.0,0.0,0.0,0.0,0.0,,-1.158726022340052e-05,,-0.4828025093083549,0.024,-1.158726022340052e-05,-1.158726022340052e-05,-0.4828025093083549,-0.4828025093083549,0.0,0.0,0.0
RGI60-19.01469,0.048953125,0.02256210937500001,,,,0.0,0.0,0.0,0.0,0.0,0.0,,-1.601379747846001e-05,,-0.3905804263039027,0.041,-1.601379747846001e-05,-1.601379747846001e-05,-0.3905804263039027,-0.3905804263039027,0.0,0.0,0.0
RGI60-19.01470,0.048953125,0.02256210937500001,,,,0.0,0.0,0.0,0.0,0.0,0.0,,-2.750528145874933e-06,,-0.057302669705727775,0.048,-2.750528145874933e-06,-2.750528145874933e-06,-0.057302669705727775,-0.057302669705727775,0.0,0.0,0.0
RGI60-19.01471,0.048953125,0.02256210937500001,,,,0.0,0.0,0.0,0.0,0.0,0.0,,-4.067393224730894e-06,,-0.1936853916538521,0.021,-4.067393224730894e-06,-4.067393224730894e-06,-0.1936853916538521,-0.1936853916538521,0.0,0.0,0.0
RGI60-19.01472,0.048953125,0.02256210937500001,,,,0.0,0.0,0.0,0.0,0.0,0.0,,-1.7162294445935326e-06,,-0.156020858599412,0.011,-1.7162294445935326e-06,-1.7162294445935326e-06,-0.156020858599412,-0.156020858599412,0.0,0.0,0.0
RGI60-19.01473,0.048953125,0.02256210937500001,0.14289073735879576,2.1452291828099454e-07,,0.0,0.0,0.0,0.0,1.0,1.0,-9.912931246200353e-06,0.0,-0.30977910144376103,-0.3164829426400421,0.032,-1.0127454164481347e-05,-1.0127454164481347e-05,-0.3164829426400421,-0.3164829426400421,0.0,0.0,0.0
RGI60-19.01474,0.048953125,0.02256210937500001,,,,0.0,0.0,0.0,0.0,0.0,0.0,,-1.7361704704122525e-05,,-0.4960487058320721,0.035,-1.7361704704122525e-05,-1.7361704704122525e-05,-0.4960487058320721,-0.4960487058320721,0.0,0.0,0.0
RGI60-19.01475,0.048953125,0.02256210937500001,,,,0.0,0.0,0.0,0.0,0.0,0.0,,-2.34031287899118e-06,,-0.156020858599412,0.015,-2.34031287899118e-06,-2.34031287899118e-06,-0.156020858599412,-0.156020858599412,0.0,0.0,0.0
RGI60-19.01476,0.048953125,0.02256210937500001,,,,0.0,0.0,0.0,0.0,0.0,0.0,,-2.1842920203917683e-06,,-0.156020858599412,0.014,-2.1842920203917683e-06,-2.1842920203917683e-06,-0.156020858599412,-0.156020858599412,0.0,0.0,0.0
RGI60-19.01477,0.048953125,0.02256210937500001,,,,0.0,0.0,0.0,0.0,0.0,0.0,,-3.432458889187065e-06,,-0.156020858599412,0.022,-3.432458889187065e-06,-3.432458889187065e-06,-0.156020858599412,-0.156020858599412,0.0,0.0,0.0
RGI60-19.01478,0.00579531250000001,0.00479531250000001,135.74685868647458,4.5698924855533786e-05,,0.0,0.0,2.122112513311724e-06,6.698172838405389e-05,1.0,1.0,3.164281432435036e-05,-1.4056110531183414e-05,0.5650502557919708,-0.2510019737711325,0.056,-1.4056110531183414e-05,-1.4056110531183414e-05,-0.2510019737711325,-0.2510019737711325,0.0,0.0,0.0
RGI60-19.01479,0.048953125,0.02256210937500001,,,,0.0,0.0,0.0,0.0,0.0,0.0,,-1.7162294445935326e-06,,-0.156020858599412,0.011,-1.7162294445935326e-06,-1.7162294445935326e-06,-0.156020858599412,-0.156020858599412,0.0,0.0,0.0
RGI60-19.01480,0.00579531250000001,0.00479531250000001,184.2560575435757,3.735090127309857e-05,,0.0,0.0,1.5086332913771175e-06,2.700366165336217e-05,1.0,0.0,2.3241049396245503e-05,-1.4109851876853064e-05,1.0564113361929772,-0.641356903493321,0.022,-1.4109851876853064e-05,-1.4109851876853064e-05,-0.641356903493321,-0.641356903493321,0.0,0.0,0.0
RGI60-19.01481,0.048953125,0.02256210937500001,,,,0.0,0.0,0.0,0.0,0.0,0.0,,-8.218041927489829e-06,,-0.456557884860546,0.018000000000000002,-8.218041927489829e-06,-8.218041927489829e-06,-0.456557884860546,-0.456557884860546,0.0,0.0,0.0
RGI60-19.01482,0.048953125,0.02256210937500001,,,,0.0,0.0,0.0,0.0,0.0,0.0,,-5.9635772408855835e-06,,-0.1863617887776745,0.032,-5.9635772408855835e-06,-5.9635772408855835e-06,-0.1863617887776745,-0.1863617887776745,0.0,0.0,0.0
RGI60-19.01483,0.048953125,0.02256210937500001,54.55518786495856,1.2414714571473785e-05,,0.0,0.0,0.0,0.0,1.0,1.0,1.5372391878214457e-05,0.0,0.7320186608673551,0.14084177651146065,0.021,2.9576773067406737e-06,2.9576773067406737e-06,0.14084177651146065,0.14084177651146065,0.0,0.0,0.0
RGI60-19.01484,0.048953125,0.02256210937500001,,,,0.0,0.0,0.0,0.0,0.0,0.0,,-1.7162294445935326e-06,,-0.156020858599412,0.011,-1.7162294445935326e-06,-1.7162294445935326e-06,-0.156020858599412,-0.156020858599412,0.0,0.0,0.0
RGI60-19.01485,0.015385937500000009,0.014385937500000008,153.78665386568227,2.4848288922381283e-05,,0.0,0.0,2.489343360043045e-07,4.497298087343114e-05,1.0,1.0,2.550955322019946e-05,6.61264297818182e-07,0.911055472149981,0.02361658206493507,0.028,6.61264297818182e-07,6.61264297818182e-07,0.02361658206493507,0.02361658206493507,0.0,0.0,0.0
RGI60-19.01487,0.048953125,0.02256210937500001,120.923719858113,0.008395586767456805,,0.0,0.0,0.0,0.0,1.0,1.0,0.012165391686148668,0.0,0.3738021719511036,0.11583361249629325,32.545,0.0037698049186918633,0.0037698049186918633,0.11583361249629325,0.11583361249629325,0.0,0.0,0.0
RGI60-19.01488,0.048953125,0.02256210937500001,203.4448097028748,0.034795989889135244,,0.0,0.0,0.0,0.0,1.0,1.0,0.015465410267406334,0.0,0.06601194401365164,-0.08250987963961771,234.282,-0.019330579621728915,-0.019330579621728915,-0.08250987963961771,-0.08250987963961771,0.0,0.0,0.0
RGI60-19.01489,0.048953125,0.02256210937500001,,,,0.0,0.0,0.0,0.0,0.0,0.0,,0.00012453781229330448,,2.4907562458660903,0.05,0.00012453781229330448,0.00012453781229330448,2.4907562458660903,2.4907562458660903,0.0,0.0,0.0
RGI60-19.01490,0.048953125,0.02256210937500001,,,,0.0,0.0,0.0,0.0,0.0,0.0,,-7.898528105702535e-05,,-0.2415452020092519,0.327,-7.898528105702535e-05,-7.898528105702535e-05,-0.2415452020092519,-0.2415452020092519,0.0,0.0,0.0
RGI60-19.01491,0.048953125,0.02256210937500001,,,,0.0,0.0,0.0,0.0,0.0,0.0,,-4.992667475181185e-06,,-0.156020858599412,0.032,-4.992667475181185e-06,-4.992667475181185e-06,-0.156020858599412,-0.156020858599412,0.0,0.0,0.0
RGI60-19.01492,0.048953125,0.02256210937500001,,,,0.0,0.0,0.0,0.0,0.0,0.0,,-5.2466605569323685e-05,,-0.26365128426795825,0.199,-5.2466605569323685e-05,-5.2466605569323685e-05,-0.26365128426795825,-0.26365128426795825,0.0,0.0,0.0
RGI60-19.01493,0.048953125,0.02256210937500001,,,,0.0,0.0,0.0,0.0,0.0,0.0,,2.7476859324037108e-05,,0.2270814820168356,0.121,2.7476859324037108e-05,2.7476859324037108e-05,0.2270814820168356,0.2270814820168356,0.0,0.0,0.0
RGI60-19.01494,0.00579531250000001,0.00479531250000001,334.5312372729684,4.746554680942549e-05,,0.0,0.0,1.5225899940955588e-06,0.00011218955744202869,1.0,0.0,4.091267074825018e-05,-6.5528760611753035e-06,0.9741112082916709,-0.156020858599412,0.042,-6.5528760611753035e-06,-6.5528760611753035e-06,-0.156020858599412,-0.156020858599412,0.0,0.0,0.0
RGI60-19.01495,0.012988281250000008,0.011988281250000007,199.94162352097112,7.217462330641411e-05,,0.0,0.0,0.0,0.00011949343446023591,1.0,0.0,6.125316320445526e-05,-1.0921460101958839e-05,0.8750451886350752,-0.156020858599412,0.07,-1.0921460101958839e-05,-1.0921460101958839e-05,-0.156020858599412,-0.156020858599412,0.0,0.0,0.0
RGI60-19.01496,0.003397656250000009,0.002397656250000009,172.41064606447074,3.5957064373456323e-06,,0.0,0.0,4.249634611583604e-07,1.979878163495082e-05,1.0,0.0,6.661447042279406e-05,6.301876398544843e-05,1.2111721895053464,1.1457957088263349,0.055,6.301876398544843e-05,6.301876398544843e-05,1.1457957088263349,1.1457957088263349,0.0,0.0,0.0
RGI60-19.01497,0.048953125,0.02256210937500001,,,,0.0,0.0,0.0,0.0,0.0,0.0,,-1.1077480960558251e-05,,-0.156020858599412,0.071,-1.1077480960558251e-05,-1.1077480960558251e-05,-0.156020858599412,-0.156020858599412,0.0,0.0,0.0
RGI60-19.01498,0.048953125,0.02256210937500001,99.93324500871904,2.3459967334312038e-05,,0.0,0.0,0.0,0.0,1.0,1.0,1.561867827411119e-05,0.0,0.06349056208988288,-0.031875158781304265,0.246,-7.84128906020085e-06,-7.84128906020085e-06,-0.031875158781304265,-0.031875158781304265,0.0,0.0,0.0
RGI60-19.01499,0.048953125,0.02256210937500001,29.706975746992892,0.0,,0.0,0.0,0.0,0.0,1.0,1.0,-1.2143585977279429e-05,0.0,-0.09714868781823544,-0.09714868781823544,0.125,-1.2143585977279429e-05,-1.2143585977279429e-05,-0.09714868781823544,-0.09714868781823544,0.0,0.0,0.0
RGI60-19.01500,0.048953125,0.02256210937500001,,,,0.0,0.0,0.0,0.0,0.0,0.0,,0.00012471228143248874,,0.8721138561712497,0.14300000000000002,0.00012471228143248874,0.00012471228143248874,0.8721138561712497,0.8721138561712497,0.0,0.0,0.0
RGI60-19.01520,0.029771875000000014,0.02256210937500001,644.4545520208521,0.09403944366821132,,0.0,0.0,0.0007244760700010268,0.3920240301007168,1.0,0.0,0.10456138084414952,0.01052193717593816,0.9919964028665575,0.09982389047899208,105.405,0.01052193717593816,0.01052193717593816,0.09982389047899208,0.09982389047899208,0.0,0.0,0.0
RGI60-19.01521,0.020181250000000008,0.019181250000000007,571.4500638515561,0.054999460241874944,,0.0,0.0,0.000856619927909479,0.3682263655749364,1.0,0.0,0.1032369051543116,0.048237444912436665,1.0871276724020051,0.5079604152400057,94.963,0.048237444912436665,0.048237444912436665,0.5079604152400057,0.5079604152400057,0.0,0.0,0.0
RGI60-19.01522,0.048953125,0.02256210937500001,,,,0.0,0.0,0.0,0.0,0.0,0.0,,0.00010036517146511835,,1.4979876338077365,0.067,0.00010036517146511835,0.00010036517146511835,1.4979876338077365,1.4979876338077365,0.0,0.0,0.0
RGI60-19.01523,0.048953125,0.02256210937500001,,,,0.0,0.0,0.0,0.0,0.0,0.0,,6.492530557077007e-05,,2.4971271373373103,0.026,6.492530557077007e-05,6.492530557077007e-05,2.4971271373373103,2.4971271373373103,0.0,0.0,0.0
RGI60-19.01524,0.048953125,0.02256210937500001,55.466178565813635,7.119050230857644e-07,,0.0,0.0,0.0,0.0,1.0,1.0,-0.0051911532277857135,0.0,-1.912026971560115,-1.91228918335499,2.715,-0.005191865132808797,-0.005191865132808797,-1.91228918335499,-1.91228918335499,0.0,0.0,0.0
RGI60-19.01525,0.01778359375000001,0.01678359375000001,432.37201489506464,0.0021004242109204877,,0.0,0.0,2.814656677169784e-05,0.0006549079323778046,1.0,0.0,0.004533312668666432,0.002432888457745946,1.0564699763846266,0.5669747046716257,4.291,0.002432888457745946,0.002432888457745946,0.5669747046716257,0.5669747046716257,0.0,0.0,0.0
RGI60-19.01526,0.003397656250000009,0.002397656250000009,309.78770520758786,7.958827843913767e-05,,0.0,0.0,6.229919875042037e-06,0.00019438544090203584,1.0,0.0,0.00113064087244594,0.0010510525940068023,1.4955567095845768,1.390281209003707,0.7559999999999999,0.0010510525940068023,0.0010510525940068023,1.390281209003707,1.390281209003707,0.0,0.0,0.0
RGI60-19.01527,0.00579531250000001,0.00479531250000001,381.17051717588623,0.0008252554108890151,,0.0,0.0,8.246709951597376e-05,0.005859550586598246,1.0,0.0,0.013776928481239565,0.01295167307035055,2.6082787734266497,2.452039581664246,5.282,0.01295167307035055,0.01295167307035055,2.452039581664246,2.452039581664246,0.0,0.0,0.0
RGI60-19.01528,0.029771875000000014,0.02256210937500001,721.9323436982954,0.007580707149507381,,0.0,0.0,3.0290474847861748e-05,0.04728524001122009,1.0,0.0,0.007803719566265241,0.0002230124167578587,1.1056559317462795,0.03159711203710098,7.058,0.0002230124167578587,0.0002230124167578587,0.03159711203710098,0.03159711203710098,0.0,0.0,0.0
RGI60-19.01529,0.048953125,0.02256210937500001,836.0365833791858,0.02514539753019809,,0.0,0.0,0.0,0.0,1.0,0.0,0.0035542135792901025,0.0,0.2349893275563704,-1.4275162942749084,15.125,-0.02159118395090799,-0.02159118395090799,-1.4275162942749084,-1.4275162942749084,0.0,0.0,0.0
RGI60-19.01532,0.048953125,0.02256210937500001,65.97405028990221,1.6763578792863598e-05,,0.0,0.0,0.0,0.0,1.0,1.0,-0.0004461503086715918,0.0,-0.15037084889504276,-0.156020858599412,2.967,-0.00046291388746445535,-0.00046291388746445535,-0.156020858599412,-0.156020858599412,0.0,0.0,0.0
RGI60-19.01543,0.048953125,0.02256210937500001,38.74539741569839,0.0,,0.0,0.0,0.0,0.0,1.0,1.0,-0.0011843543376281367,0.0,-0.156020858599412,-0.156020858599412,7.591,-0.0011843543376281367,-0.0011843543376281367,-0.156020858599412,-0.156020858599412,0.0,0.0,0.0
RGI60-19.01545,0.048953125,0.02256210937500001,35.95076881207994,0.0,,0.0,0.0,0.0,0.0,1.0,1.0,-0.0001234124991521349,0.0,-0.156020858599412,-0.156020858599412,0.7909999999999999,-0.0001234124991521349,-0.0001234124991521349,-0.156020858599412,-0.156020858599412,0.0,0.0,0.0
RGI60-19.01695,0.048953125,0.02256210937500001,114.28084209136142,0.0004207736139740351,,0.0,0.0,0.0,0.0,1.0,1.0,0.004142991143871218,0.0,0.4292810220569079,0.3856820567710272,9.651,0.003722217529897183,0.003722217529897183,0.3856820567710272,0.3856820567710272,0.0,0.0,0.0
RGI60-19.01697,0.048953125,0.02256210937500001,83.68494537825252,0.0002143472818231991,,0.0,0.0,0.0,0.0,1.0,1.0,-0.002187200641615841,0.0,-0.3013503226254948,-0.33088287729939936,7.257999999999999,-0.00240154792343904,-0.00240154792343904,-0.33088287729939936,-0.33088287729939936,0.0,0.0,0.0
RGI60-19.01699,0.048953125,0.02256210937500001,115.46225209332209,0.0011107911231922657,,0.0,0.0,7.794029723832733e-06,0.1913553741358313,1.0,1.0,0.020925813669845004,0.019815022546652745,1.1969919728775316,1.133452839872597,17.482,0.019815022546652745,0.019815022546652745,1.133452839872597,1.133452839872597,0.0,0.0,0.0
RGI60-19.01700,0.048953125,0.02256210937500001,82.16319325068231,0.0008263822299633251,,0.0,0.0,0.0,0.0,1.0,1.0,0.0007487987709492165,0.0,0.08309829885131688,-0.008609861171247221,9.011,-7.758345901410874e-05,-7.758345901410874e-05,-0.008609861171247221,-0.008609861171247221,0.0,0.0,0.0
RGI60-19.01701,0.048953125,0.02256210937500001,93.51187865371399,0.0006043044693426383,,0.0,0.0,0.0,0.0,1.0,1.0,-0.002358556240248845,0.0,-0.21253998740640215,-0.26699654948107443,11.097,-0.0029628607095914835,-0.0029628607095914835,-0.26699654948107443,-0.26699654948107443,0.0,0.0,0.0
RGI60-19.01710,0.048953125,0.02256210937500001,160.5358895111473,0.0025667126240034,,0.0,0.0,0.0,0.0,1.0,1.0,-0.00303414500500415,0.0,-0.12959232071943574,-0.23921999013400885,23.413,-0.005600857629007549,-0.005600857629007549,-0.23921999013400885,-0.23921999013400885,0.0,0.0,0.0
RGI60-19.01713,0.048953125,0.02256210937500001,94.5711625257346,0.0003600552923673161,,0.0,0.0,0.0,0.0,1.0,1.0,0.002682374231446539,0.0,0.09448639372456018,0.08180347807528349,28.389,0.002322318939079223,0.002322318939079223,0.08180347807528349,0.08180347807528349,0.0,0.0,0.0
RGI60-19.01714,0.048953125,0.02256210937500001,88.52196484575737,0.00016789713651711925,,0.0,0.0,0.0,0.0,1.0,1.0,-0.01744641778103964,0.0,-0.8065096977181788,-0.8142712147539184,21.632,-0.01761431491755676,-0.01761431491755676,-0.8142712147539184,-0.8142712147539184,0.0,0.0,0.0
RGI60-19.01715,0.048953125,0.02256210937500001,83.83564939530817,6.0445532480935865e-05,,0.0,0.0,0.0,0.0,1.0,1.0,0.0032452645275546674,0.0,0.14923501000435332,0.14645539386892906,21.746,0.003184818995073732,0.003184818995073732,0.14645539386892906,0.14645539386892906,0.0,0.0,0.0
RGI60-19.01716,0.048953125,0.02256210937500001,165.73138151219706,0.0004606416899465032,,0.0,0.0,0.0,0.0,1.0,1.0,-0.016868326165652318,0.0,-1.8169244038832748,-1.8665411305039667,9.284,-0.017328967855598825,-0.017328967855598825,-1.8665411305039667,-1.8665411305039667,0.0,0.0,0.0
RGI60-19.01717,0.048953125,0.02256210937500001,164.89160271653276,0.0028395708127725303,,0.0,0.0,0.0,0.0,1.0,1.0,-0.02331688498839916,0.0,-2.143096046727864,-2.404086011137104,10.88,-0.02615645580117169,-0.02615645580117169,-2.404086011137104,-2.404086011137104,0.0,0.0,0.0
RGI60-19.01721,0.048953125,0.02256210937500001,775.5782138484973,0.1753430673598721,,0.0,0.0,0.0,0.0,1.0,1.0,-3.990587552912397,0.0,-0.6645612922419141,-0.6937615575876261,6004.845,-4.1659306202722695,-4.1659306202722695,-0.6937615575876261,-0.6937615575876261,0.0,0.0,0.0
RGI60-19.01722,0.008192968750000008,0.007192968750000008,421.2820995049317,0.0002949426513135038,,0.0,0.0,7.501147155656418e-06,0.0011669960973000164,1.0,0.0,0.0002539091655018584,-4.103348581164536e-05,0.9654340893606784,-0.156020858599412,0.263,-4.103348581164536e-05,-4.103348581164536e-05,-0.156020858599412,-0.156020858599412,0.0,0.0,0.0
RGI60-19.01723,0.0441578125,0.02256210937500001,741.2074349290034,0.0022349747647428366,,0.0,0.0,5.981216135750265e-06,0.010245029798665236,1.0,0.0,0.001955697427849889,-0.0002792773368929475,1.0925683954468652,-0.156020858599412,1.79,-0.0002792773368929475,-0.0002792773368929475,-0.156020858599412,-0.156020858599412,0.0,0.0,0.0
RGI60-19.01724,0.048953125,0.02256210937500001,372.36639995672243,0.0011812477992562955,,0.0,0.0,0.0,0.0,1.0,0.0,0.0007164616614886472,0.0,0.24050408240639384,-0.156020858599412,2.979,-0.00046478613776764833,-0.00046478613776764833,-0.156020858599412,-0.156020858599412,0.0,0.0,0.0
RGI60-19.01725,0.048953125,0.02256210937500001,275.9957440410503,0.0021671282169351837,,0.0,0.0,0.0,0.0,1.0,0.0,0.0008539006501039325,0.0,0.10144952478364412,-0.156020858599412,8.417,-0.001313227566831251,-0.001313227566831251,-0.156020858599412,-0.156020858599412,0.0,0.0,0.0
RGI60-19.01726,0.048953125,0.02256210937500001,767.239964122718,0.015613118915023453,,0.0,0.0,0.0,0.0,1.0,0.0,0.01298666378136095,0.0,0.7714544244600778,-0.156020858599412,16.834,-0.002626455133662502,-0.002626455133662502,-0.156020858599412,-0.156020858599412,0.0,0.0,0.0
RGI60-19.01727,0.048953125,0.02256210937500001,352.8496917492215,0.005101698983819131,,0.0,0.0,0.0,0.0,1.0,1.0,0.002505667917583515,0.0,0.15059005454555652,-0.156020858599412,16.639,-0.0025960310662356163,-0.0025960310662356163,-0.156020858599412,-0.156020858599412,0.0,0.0,0.0
RGI60-19.01728,0.048953125,0.02256210937500001,767.2399641227182,0.0026259084027704434,,0.0,0.0,0.0,0.0,1.0,0.0,-0.0006587987333229777,0.0,-0.03129239221597765,-0.156020858599412,21.053,-0.0032847071360934212,-0.0032847071360934212,-0.156020858599412,-0.156020858599412,0.0,0.0,0.0
RGI60-19.01729,0.048953125,0.02256210937500001,767.2399641227182,0.004958145598264917,,0.0,0.0,0.0,0.0,1.0,0.0,0.004278362717347279,0.0,0.9819515073094512,-0.156020858599412,4.357,-0.0006797828809176381,-0.0006797828809176381,-0.156020858599412,-0.156020858599412,0.0,0.0,0.0
RGI60-19.01730,0.048953125,0.02256210937500001,810.8536847473962,0.013450273265803113,,0.0,0.0,0.0,0.0,1.0,0.0,0.009542574841322241,0.0,0.3810019500647704,-0.156020858599412,25.046,-0.0039076984244808734,-0.0039076984244808734,-0.156020858599412,-0.156020858599412,0.0,0.0,0.0
RGI60-19.01731,0.048953125,0.02256210937500001,248.36096609060908,0.008118872476523483,,0.0,0.0,0.0,0.0,1.0,1.0,0.005384450908710189,0.0,0.30722645833106177,-0.156020858599412,17.526,-0.002734421567813295,-0.002734421567813295,-0.156020858599412,-0.156020858599412,0.0,0.0,0.0
RGI60-19.01732,0.032169531250000015,0.02256210937500001,561.5260818293926,0.00018478414028884872,,0.0,0.0,6.964929781402918e-07,0.0008785793111833094,1.0,0.0,0.00015904069861994574,-2.5743441668902986e-05,0.963883021939065,-0.156020858599412,0.165,-2.5743441668902986e-05,-2.5743441668902986e-05,-0.156020858599412,-0.156020858599412,0.0,0.0,0.0
RGI60-19.01733,0.048953125,0.02256210937500001,39.889946389917064,2.143444212324513e-06,,0.0,0.0,0.0,0.0,1.0,1.0,-0.00048760603093122977,0.0,-0.15533801558815855,-0.156020858599412,3.139,-0.0004897494751435543,-0.0004897494751435543,-0.156020858599412,-0.156020858599412,0.0,0.0,0.0
RGI60-19.01734,0.048953125,0.02256210937500001,63.291690316344365,0.00031755316930316875,,0.0,0.0,0.0,0.0,1.0,1.0,-0.0013109882742400087,0.0,-0.025011223180708336,-0.03106954829714547,52.416,-0.0016285414435431769,-0.0016285414435431769,-0.03106954829714547,-0.03106954829714547,0.0,0.0,0.0
RGI60-19.01735,0.048953125,0.02256210937500001,154.3250983114923,0.0010778914234710283,,0.0,0.0,0.0,0.0,1.0,1.0,0.0006913691131651983,0.0,0.13054552741034708,-0.07298381992179571,5.296,-0.0003865223103058301,-0.0003865223103058301,-0.07298381992179571,-0.07298381992179571,0.0,0.0,0.0
RGI60-19.01736,0.048953125,0.02256210937500001,672.5491623597153,0.006556312813503839,,0.0,0.0,0.0,0.0,1.0,0.0,0.002042963989823504,0.0,0.08345100240282277,-0.18436129339815915,24.481,-0.004513348823680334,-0.004513348823680334,-0.18436129339815915,-0.18436129339815915,0.0,0.0,0.0
RGI60-19.01737,0.048953125,0.02256210937500001,864.676935173689,0.009759382261308132,,0.0,0.0,0.0,0.0,1.0,0.0,0.005586451205341958,0.0,0.20205625019321316,-0.15093066608673952,27.648000000000003,-0.004172931055966175,-0.004172931055966175,-0.15093066608673952,-0.15093066608673952,0.0,0.0,0.0
RGI60-19.01738,0.048953125,0.02256210937500001,35.20786113688222,0.0,,0.0,0.0,0.0,0.0,1.0,1.0,-0.00037772649866917653,0.0,-0.156020858599412,-0.156020858599412,2.421,-0.00037772649866917653,-0.00037772649866917653,-0.156020858599412,-0.156020858599412,0.0,0.0,0.0
RGI60-19.01739,0.048953125,0.02256210937500001,129.68128167014163,2.734642430165408e-05,,0.0,0.0,0.0,0.0,1.0,1.0,-4.021060747189132e-05,0.0,-0.09286514427688528,-0.156020858599412,0.433,-6.75570317735454e-05,-6.75570317735454e-05,-0.156020858599412,-0.156020858599412,0.0,0.0,0.0
RGI60-19.01740,0.048953125,0.02256210937500001,155.64870907765243,5.287801374172475e-05,,0.0,0.0,0.0,0.0,1.0,1.0,-0.00020939304956388684,0.0,-0.12456457439850495,-0.156020858599412,1.681,-0.0002622710633056116,-0.0002622710633056116,-0.156020858599412,-0.156020858599412,0.0,0.0,0.0
RGI60-19.01741,0.048953125,0.02256210937500001,359.319793386022,0.010075880086057018,,0.0,0.0,0.0,0.0,1.0,1.0,0.007284978967430737,0.0,0.40725508538857,-0.156020858599412,17.887999999999995,-0.002790901118626281,-0.002790901118626281,-0.156020858599412,-0.156020858599412,0.0,0.0,0.0
RGI60-19.01742,0.048953125,0.02256210937500001,55.99194789655715,2.844601032451969e-05,,0.0,0.0,0.0,0.0,1.0,1.0,-0.0008377817966194157,0.0,-0.15089729766199853,-0.156020858599412,5.5520000000000005,-0.0008662278069439356,-0.0008662278069439356,-0.156020858599412,-0.156020858599412,0.0,0.0,0.0
RGI60-19.01743,0.048953125,0.02256210937500001,171.930730088745,0.0006592628205495228,,0.0,0.0,0.0,0.0,1.0,1.0,-5.359648239119045e-05,0.0,-0.011730462331186351,-0.156020858599412,4.569,-0.0007128593029407137,-0.0007128593029407137,-0.156020858599412,-0.156020858599412,0.0,0.0,0.0
RGI60-19.01744,0.048953125,0.02256210937500001,130.62235536684358,0.0003956161359610266,,0.0,0.0,0.0,0.0,1.0,1.0,-0.0010572500993166983,0.0,-0.11353630791631207,-0.156020858599412,9.312,-0.001452866235277725,-0.001452866235277725,-0.156020858599412,-0.156020858599412,0.0,0.0,0.0
RGI60-19.01745,0.048953125,0.02256210937500001,155.5663459305569,0.0012681232327199895,,0.0,0.0,0.0,0.0,1.0,1.0,-0.004748324769843407,0.0,-0.25891950323591284,-0.32806848806169336,18.339,-0.0060164480025633954,-0.0060164480025633954,-0.32806848806169336,-0.32806848806169336,0.0,0.0,0.0
RGI60-19.01746,0.048953125,0.02256210937500001,781.3842911851359,0.10536468145523534,,0.0,0.0,0.0,0.0,1.0,0.0,0.06008782015372476,0.0,0.496675650138244,-0.3742507960118249,120.98,-0.04527686130151058,-0.04527686130151058,-0.3742507960118249,-0.3742507960118249,0.0,0.0,0.0
RGI60-19.01747,0.048953125,0.02256210937500001,706.0286118588109,0.004989824918125636,,0.0,0.0,0.0,0.0,1.0,0.0,0.002474456635785916,0.0,0.15348323010705345,-0.156020858599412,16.122,-0.0025153682823397198,-0.0025153682823397198,-0.156020858599412,-0.156020858599412,0.0,0.0,0.0
RGI60-19.01748,0.048953125,0.02256210937500001,230.63954033042003,0.0012335274232793936,,0.0,0.0,0.0,0.0,1.0,1.0,0.0006993120034350066,0.0,0.2042383187602239,-0.156020858599412,3.424,-0.0005342154198443867,-0.0005342154198443867,-0.156020858599412,-0.156020858599412,0.0,0.0,0.0
RGI60-19.01749,0.048953125,0.02256210937500001,548.2637353448332,0.0010805664063316595,,0.0,0.0,0.0,0.0,1.0,0.0,0.0006415237102329142,0.0,0.22797573213678546,-0.156020858599412,2.814,-0.0004390426960987453,-0.0004390426960987453,-0.156020858599412,-0.156020858599412,0.0,0.0,0.0
RGI60-19.01750,0.048953125,0.02256210937500001,178.636930638637,0.00022670305701695233,,0.0,0.0,0.0,0.0,1.0,0.0,-0.0006114409953790891,0.0,-0.11381999169379915,-0.156020858599412,5.372000000000001,-0.0008381440523960415,-0.0008381440523960415,-0.156020858599412,-0.156020858599412,0.0,0.0,0.0
RGI60-19.01751,0.048953125,0.02256210937500001,614.2264229734914,0.0009166702420747716,,0.0,0.0,0.0,0.0,1.0,0.0,-0.002598323681311381,0.0,-0.11533240185145285,-0.156020858599412,22.529,-0.0035149939233861532,-0.0035149939233861532,-0.156020858599412,-0.156020858599412,0.0,0.0,0.0
RGI60-19.01752,0.048953125,0.02256210937500001,97.49977691097405,0.00012920976163232102,,0.0,0.0,0.0,0.0,1.0,1.0,-0.0036592887268786,0.0,-0.1506996428168438,-0.156020858599412,24.282,-0.0037884984885109218,-0.0037884984885109218,-0.156020858599412,-0.156020858599412,0.0,0.0,0.0
RGI60-19.01753,0.048953125,0.02256210937500001,815.504124453921,0.01923183703704166,,0.0,0.0,0.0,0.0,1.0,0.0,0.009746548938490408,0.0,0.16031826529304066,-0.156020858599412,60.795,-0.009485288098551252,-0.009485288098551252,-0.156020858599412,-0.156020858599412,0.0,0.0,0.0
RGI60-19.01754,0.048953125,0.02256210937500001,56.22714354062951,0.00018890385930027306,,0.0,0.0,0.0,0.0,1.0,1.0,-0.00303401901678778,0.0,-0.1468760718781905,-0.156020858599412,20.657,-0.0032229228760880533,-0.0032229228760880533,-0.156020858599412,-0.156020858599412,0.0,0.0,0.0
RGI60-19.01755,0.048953125,0.02256210937500001,,,,0.0,0.0,0.0,0.0,0.0,0.0,,-1.6070148435739442e-05,,-0.156020858599412,0.103,-1.6070148435739442e-05,-1.6070148435739442e-05,-0.156020858599412,-0.156020858599412,0.0,0.0,0.0
RGI60-19.01756,0.048953125,0.02256210937500001,,,,0.0,0.0,0.0,0.0,0.0,0.0,,-2.1218836769520033e-05,,-0.156020858599412,0.136,-2.1218836769520033e-05,-2.1218836769520033e-05,-0.156020858599412,-0.156020858599412,0.0,0.0,0.0
RGI60-19.01757,0.048953125,0.02256210937500001,,,,0.0,0.0,0.0,0.0,0.0,0.0,,-2.901987969949064e-05,,-0.156020858599412,0.18600000000000005,-2.901987969949064e-05,-2.901987969949064e-05,-0.156020858599412,-0.156020858599412,0.0,0.0,0.0
RGI60-19.01758,0.048953125,0.02256210937500001,57.37562854816199,5.930115405800343e-06,,0.0,0.0,0.0,0.0,1.0,1.0,-1.1388199898734391e-05,0.0,-0.1025963954840936,-0.156020858599412,0.111,-1.7318315304534732e-05,-1.7318315304534732e-05,-0.156020858599412,-0.156020858599412,0.0,0.0,0.0
RGI60-19.01759,0.048953125,0.02256210937500001,23.251642263792284,0.0,,0.0,0.0,0.0,0.0,1.0,1.0,-5.242300848940244e-05,0.0,-0.156020858599412,-0.156020858599412,0.336,-5.242300848940244e-05,-5.242300848940244e-05,-0.156020858599412,-0.156020858599412,0.0,0.0,0.0
RGI60-19.01760,0.048953125,0.02256210937500001,16.387285710534698,0.0,,0.0,0.0,0.0,0.0,1.0,1.0,-2.106281591092062e-05,0.0,-0.156020858599412,-0.156020858599412,0.135,-2.106281591092062e-05,-2.106281591092062e-05,-0.156020858599412,-0.156020858599412,0.0,0.0,0.0
RGI60-19.01761,0.048953125,0.02256210937500001,62.33401224389199,6.6432408807538045e-06,,0.0,0.0,0.0,0.0,1.0,1.0,-3.7198620385680984e-05,0.0,-0.13237943197751234,-0.156020858599412,0.281,-4.3841861266434774e-05,-4.3841861266434774e-05,-0.156020858599412,-0.156020858599412,0.0,0.0,0.0
RGI60-19.01762,0.048953125,0.02256210937500001,58.49595848863986,2.5197664610778214e-06,,0.0,0.0,0.0,0.0,1.0,1.0,-5.505193036210521e-05,0.0,-0.14919222320353714,-0.156020858599412,0.369,-5.757169682318303e-05,-5.757169682318303e-05,-0.156020858599412,-0.156020858599412,0.0,0.0,0.0
RGI60-19.01763,0.048953125,0.02256210937500001,43.752630801201114,7.016807901464537e-06,,0.0,0.0,0.0,0.0,1.0,1.0,-0.00015805326049671338,0.0,-0.14938871502524892,-0.156020858599412,1.058,-0.0001650700683981779,-0.0001650700683981779,-0.156020858599412,-0.156020858599412,0.0,0.0,0.0
RGI60-19.01764,0.048953125,0.02256210937500001,60.20682878179693,1.4982557445106091e-06,,0.0,0.0,0.0,0.0,1.0,1.0,-0.00014016868386375548,0.0,-0.15437079720677918,-0.156020858599412,0.908,-0.0001416669396082661,-0.0001416669396082661,-0.156020858599412,-0.156020858599412,0.0,0.0,0.0
RGI60-19.01765,0.048953125,0.02256210937500001,28.756553200971727,0.0,,0.0,0.0,0.0,0.0,1.0,1.0,-0.00015508473344781558,0.0,-0.156020858599412,-0.156020858599412,0.994,-0.00015508473344781558,-0.00015508473344781558,-0.156020858599412,-0.156020858599412,0.0,0.0,0.0
RGI60-19.01766,0.048953125,0.02256210937500001,39.918491444774425,1.476356527049671e-06,,0.0,0.0,0.0,0.0,1.0,1.0,-0.0002631350196575531,0.0,-0.15515036536412327,-0.156020858599412,1.696,-0.00026461137618460283,-0.00026461137618460283,-0.156020858599412,-0.156020858599412,0.0,0.0,0.0
RGI60-19.01767,0.048953125,0.02256210937500001,28.204610178176047,0.0,,0.0,0.0,0.0,0.0,1.0,1.0,-4.321777783203711e-05,0.0,-0.156020858599412,-0.156020858599412,0.277,-4.321777783203711e-05,-4.321777783203711e-05,-0.156020858599412,-0.156020858599412,0.0,0.0,0.0
RGI60-19.01768,0.048953125,0.02256210937500001,136.87014795484077,3.6511398420258086e-05,,0.0,0.0,0.0,0.0,1.0,0.0,7.647539579366871e-06,0.0,0.041338051780361464,-0.156020858599412,0.185,-2.886385884089122e-05,-2.886385884089122e-05,-0.156020858599412,-0.156020858599412,0.0,0.0,0.0
RGI60-19.01769,0.048953125,0.02256210937500001,27.1164048534105,0.0,,0.0,0.0,0.0,0.0,1.0,1.0,-7.208163667292834e-05,0.0,-0.156020858599412,-0.156020858599412,0.462,-7.208163667292834e-05,-7.208163667292834e-05,-0.156020858599412,-0.156020858599412,0.0,0.0,0.0
RGI60-19.01770,0.048953125,0.02256210937500001,52.77066580970476,4.2575713573733635e-06,,0.0,0.0,0.0,0.0,1.0,1.0,-4.395287394984494e-05,0.0,-0.14224231051729755,-0.156020858599412,0.309,-4.821044530721831e-05,-4.821044530721831e-05,-0.156020858599412,-0.156020858599412,0.0,0.0,0.0
RGI60-19.01771,0.048953125,0.02256210937500001,99.96341579151934,1.8347910418652446e-05,,0.0,0.0,0.0,0.0,1.0,0.0,-6.927468674452299e-06,0.0,-0.042762152311433946,-0.156020858599412,0.162,-2.5275379093104745e-05,-2.5275379093104745e-05,-0.156020858599412,-0.156020858599412,0.0,0.0,0.0
RGI60-19.01772,0.048953125,0.02256210937500001,35.44021201359454,5.955803766716878e-07,,0.0,0.0,0.0,0.0,1.0,1.0,-0.00019926713948917508,0.0,-0.15555592465977758,-0.156020858599412,1.281,-0.00019986271986584681,-0.00019986271986584681,-0.156020858599412,-0.156020858599412,0.0,0.0,0.0
RGI60-19.01773,0.048953125,0.02256210937500001,43.657091209405614,5.64563475260427e-06,,0.0,0.0,0.0,0.0,1.0,1.0,-0.00030577199901182214,0.0,-0.15319238427445994,-0.156020858599412,1.996,-0.0003114176337644264,-0.0003114176337644264,-0.156020858599412,-0.156020858599412,0.0,0.0,0.0
RGI60-19.01774,0.048953125,0.02256210937500001,84.74172269347234,3.9614728679001284e-05,,0.0,0.0,0.0,0.0,1.0,0.0,-3.0594657690734114e-05,0.0,-0.06798812820163136,-0.156020858599412,0.45,-7.02093863697354e-05,-7.02093863697354e-05,-0.156020858599412,-0.156020858599412,0.0,0.0,0.0
RGI60-19.01775,0.048953125,0.02256210937500001,39.900308960135824,3.1986240037430065e-08,,0.0,0.0,0.0,0.0,1.0,1.0,-0.00016800247847152927,0.0,-0.15599115921219062,-0.156020858599412,1.077,-0.00016803446471156674,-0.00016803446471156674,-0.156020858599412,-0.156020858599412,0.0,0.0,0.0
RGI60-19.01776,0.048953125,0.02256210937500001,37.28278323243369,0.0,,0.0,0.0,0.0,0.0,1.0,1.0,-0.0003193746975529964,0.0,-0.156020858599412,-0.156020858599412,2.047,-0.0003193746975529964,-0.0003193746975529964,-0.156020858599412,-0.156020858599412,0.0,0.0,0.0
RGI60-19.01777,0.048953125,0.02256210937500001,104.78243759418413,1.5320186538968492e-05,,0.0,0.0,0.0,0.0,1.0,1.0,-0.0002531917111106196,0.0,-0.14711894893121416,-0.156020858599412,1.721,-0.00026851189764958805,-0.00026851189764958805,-0.156020858599412,-0.156020858599412,0.0,0.0,0.0
RGI60-19.01778,0.048953125,0.02256210937500001,28.462996991419736,0.0,,0.0,0.0,0.0,0.0,1.0,1.0,-3.089213000268357e-05,0.0,-0.156020858599412,-0.156020858599412,0.198,-3.089213000268357e-05,-3.089213000268357e-05,-0.156020858599412,-0.156020858599412,0.0,0.0,0.0
RGI60-19.01780,0.029771875000000014,0.02256210937500001,483.78534102746363,0.002025079324351301,,0.0,0.0,1.589453237937827e-05,0.007510165400311707,1.0,0.0,0.0018488443045254585,-0.00017623501982584247,1.0558791002429806,-0.1006482123505668,1.751,-0.00017623501982584247,-0.00017623501982584247,-0.1006482123505668,-0.1006482123505668,0.0,0.0,0.0
RGI60-19.01781,0.003397656250000009,0.002397656250000009,326.5366397703056,0.00019724578123611998,,0.0,0.0,2.2929741484648224e-05,0.0002218093421068264,1.0,0.0,0.0004720603277899538,0.00027481454655383384,0.9753312557643674,0.5677986499046154,0.484,0.00027481454655383384,0.00027481454655383384,0.5677986499046154,0.5677986499046154,0.0,0.0,0.0
RGI60-19.01782,0.04655546875,0.02256210937500001,387.03830845260313,0.00045234936851203935,,0.0,0.0,1.4801976615346242e-06,4.0459361582714786e-05,1.0,0.0,0.0007240157867775249,0.0002716664182654857,1.0569573529598904,0.39659331133647546,0.685,0.0002716664182654857,0.0002716664182654857,0.39659331133647546,0.39659331133647546,0.0,0.0,0.0
RGI60-19.01783,0.029771875000000014,0.02256210937500001,544.2259832318534,0.0008850264928307153,,0.0,0.0,4.402712549802772e-06,0.0023301258475062372,1.0,0.0,0.0011400924480472676,0.0002550659552165525,1.074545191373485,0.2404014658025942,1.061,0.0002550659552165525,0.0002550659552165525,0.2404014658025942,0.2404014658025942,0.0,0.0,0.0
RGI60-19.01784,0.0441578125,0.02256210937500001,104.89863331636695,0.00020292606374480916,,0.0,0.0,2.0540057749061207e-07,0.00015337424943571518,1.0,1.0,0.00032741869586157843,0.00012449263211676927,1.073503920857634,0.4081725643172763,0.305,0.00012449263211676927,0.00012449263211676927,0.4081725643172763,0.4081725643172763,0.0,0.0,0.0
RGI60-19.01785,0.008192968750000008,0.007192968750000008,421.28209950493186,0.00016857296785181556,,0.0,0.0,4.066554547895076e-06,4.8953556450581044e-05,1.0,0.0,0.0004957381176186783,0.00032716514976686273,1.0242523091295004,0.6759610532373197,0.484,0.00032716514976686273,0.00032716514976686273,0.6759610532373197,0.6759610532373197,0.0,0.0,0.0
RGI60-19.01786,0.048953125,0.02256210937500001,106.91446313657026,9.286870570722388e-05,,0.0,0.0,0.0,0.0,1.0,1.0,0.0007138026358982144,0.0,0.3588751311705453,0.31218397696882383,1.989,0.0006209339301909907,0.0006209339301909907,0.31218397696882383,0.31218397696882383,0.0,0.0,0.0
RGI60-19.01787,0.048953125,0.02256210937500001,100.16430763225351,5.869089722660398e-05,,0.0,0.0,0.0,0.0,1.0,1.0,0.0006683091885050787,0.0,0.6723432479930369,0.6132980797570168,0.994,0.0006096182912784747,0.0006096182912784747,0.6132980797570168,0.6132980797570168,0.0,0.0,0.0
RGI60-19.01788,0.048953125,0.02256210937500001,544.4229987490302,0.0019539774016489207,,0.0,0.0,0.0,0.0,1.0,0.0,0.0038526357069782733,0.0,0.9067158641982288,0.4468482714354796,4.249,0.0018986583053293526,0.0018986583053293526,0.4468482714354796,0.4468482714354796,0.0,0.0,0.0
RGI60-19.01789,0.00579531250000001,0.00479531250000001,374.9870947176837,0.00013230799284172682,,0.0,0.0,6.127943594287268e-06,0.00015786371602171943,1.0,0.0,0.0012837374025056073,0.0011514294096638805,1.0680011668099894,0.9579279614508156,1.202,0.0011514294096638805,0.0011514294096638805,0.9579279614508156,0.9579279614508156,0.0,0.0,0.0
RGI60-19.01790,0.048953125,0.02256210937500001,,,,0.0,0.0,0.0,0.0,0.0,0.0,,-4.019556752369877e-05,,-0.2830673769274561,0.142,-4.019556752369877e-05,-4.019556752369877e-05,-0.2830673769274561,-0.2830673769274561,0.0,0.0,0.0
RGI60-19.01791,0.048953125,0.02256210937500001,18.662718216652962,0.0,,0.0,0.0,0.0,0.0,1.0,1.0,-3.145946889416612e-05,0.0,-0.8738741359490587,-0.8738741359490587,0.036000000000000004,-3.145946889416612e-05,-3.145946889416612e-05,-0.8738741359490587,-0.8738741359490587,0.0,0.0,0.0
RGI60-19.01792,0.048953125,0.02256210937500001,,,,0.0,0.0,0.0,0.0,0.0,0.0,,0.0007421205872311617,,0.7861446898635188,0.944,0.0007421205872311617,0.0007421205872311617,0.7861446898635188,0.7861446898635188,0.0,0.0,0.0
RGI60-19.01793,0.003397656250000009,0.002397656250000009,330.1915838516297,0.00015086268946160964,,0.0,0.0,1.749697759855989e-05,0.00018479128610552557,1.0,0.0,0.000591465077052396,0.0004406023875907864,0.9907287722820703,0.7380274499008146,0.597,0.0004406023875907864,0.0004406023875907864,0.7380274499008146,0.7380274499008146,0.0,0.0,0.0
RGI60-19.01794,0.003397656250000009,0.002397656250000009,344.1176833763382,0.00013129689403644761,,0.0,0.0,1.660772972768988e-05,0.00029482099952899316,1.0,0.0,0.0010320462048074325,0.0009007493107709847,0.9690574693027536,0.8457740007239295,1.065,0.0009007493107709847,0.0009007493107709847,0.8457740007239295,0.8457740007239295,0.0,0.0,0.0
RGI60-19.01795,0.039362500000000016,0.02256210937500001,713.2149141727859,0.0006428676180837624,,0.0,0.0,1.0795657920771996e-06,0.0030192240736942053,1.0,0.0,0.0006317096154887471,-1.115800259501529e-05,1.0528493591479118,-0.01859667099169215,0.6,-1.115800259501529e-05,-1.115800259501529e-05,-0.01859667099169215,-0.01859667099169215,0.0,0.0,0.0
RGI60-19.01796,0.048953125,0.02256210937500001,230.13694565940952,3.5672788500550646e-05,,0.0,0.0,0.0,0.0,1.0,0.0,0.0018569336227714766,0.0,0.6029005268738561,0.5913184526853656,3.08,0.0018212608342709265,0.0018212608342709265,0.5913184526853656,0.5913184526853656,0.0,0.0,0.0
RGI60-19.01797,0.048953125,0.02256210937500001,72.67776137930618,2.895388094117999e-06,,0.0,0.0,0.0,0.0,1.0,1.0,0.002848816787612512,0.0,0.7720370698136888,0.7712524117936026,3.69,0.002845921399518393,0.002845921399518393,0.7712524117936026,0.7712524117936026,0.0,0.0,0.0
RGI60-19.01798,0.048953125,0.02256210937500001,184.09237791183463,0.00014895273331615432,,0.0,0.0,0.0,0.0,1.0,0.0,0.000313026181387335,0.0,0.5569860878778203,0.2919456371373323,0.562,0.00016407344807118076,0.00016407344807118076,0.2919456371373323,0.2919456371373323,0.0,0.0,0.0
RGI60-19.01799,0.048953125,0.02256210937500001,167.2193151601979,0.00010047059379761956,,0.0,0.0,0.0,0.0,1.0,0.0,2.734656406278265e-05,0.0,0.2317505429049377,-0.6196951672443806,0.118,-7.312402973483692e-05,-7.312402973483692e-05,-0.6196951672443806,-0.6196951672443806,0.0,0.0,0.0
RGI60-19.01800,0.048953125,0.02256210937500001,147.10668759633404,0.00042279504944064337,,0.0,0.0,0.0,0.0,1.0,1.0,0.002364763529896932,0.0,0.6265934101475708,0.5145650451659483,3.774,0.0019419684804562888,0.0019419684804562888,0.5145650451659483,0.5145650451659483,0.0,0.0,0.0
RGI60-19.01801,0.048953125,0.02256210937500001,66.2485976662818,1.9108638046720768e-05,,0.0,0.0,0.0,0.0,1.0,1.0,0.0003123702178834518,0.0,0.14121619253320608,0.13257756773812435,2.212,0.000293261579836731,0.000293261579836731,0.13257756773812435,0.13257756773812435,0.0,0.0,0.0
RGI60-19.01802,0.048953125,0.02256210937500001,291.7694059713867,0.00040830957636248935,,0.0,0.0,0.0,0.0,1.0,0.0,0.00030322452997516135,0.0,0.14182625349633365,-0.04915109746834796,2.138,-0.00010508504638732794,-0.00010508504638732794,-0.04915109746834796,-0.04915109746834796,0.0,0.0,0.0
RGI60-19.01803,0.012988281250000008,0.011988281250000007,491.79061186683884,0.00023778852076149784,,0.0,0.0,3.0459902879089538e-06,0.00010311544399482215,1.0,0.0,0.00030091000084815915,6.312148008666131e-05,1.0824100749933785,0.2270556837649688,0.278,6.312148008666131e-05,6.312148008666131e-05,0.2270556837649688,0.2270556837649688,0.0,0.0,0.0
RGI60-19.01804,0.048953125,0.02256210937500001,240.36108143936443,0.002510885683852269,,0.0,0.0,0.0,0.0,1.0,0.0,0.0018578301906066828,0.0,0.8316160208624364,-0.29232564603652017,2.234,-0.0006530554932455861,-0.0006530554932455861,-0.29232564603652017,-0.29232564603652017,0.0,0.0,0.0
RGI60-19.01805,0.020181250000000008,0.019181250000000007,626.0466492842452,0.0030654902202063264,,0.0,0.0,2.8731277520378887e-05,0.020928156870509702,1.0,0.0,0.003085751215300545,2.0260995094219287e-05,0.985233465932486,0.0064690278078605645,3.132,2.0260995094219287e-05,2.0260995094219287e-05,0.0064690278078605645,0.0064690278078605645,0.0,0.0,0.0
RGI60-19.01806,0.020181250000000008,0.019181250000000007,375.237541467062,0.0011219038736021984,,0.0,0.0,1.4960703160658855e-05,0.0055960028462693715,1.0,0.0,0.0011603667570441313,3.846288344193278e-05,0.9238588829969198,0.030623314842303174,1.256,3.846288344193278e-05,3.846288344193278e-05,0.030623314842303174,0.030623314842303174,0.0,0.0,0.0
RGI60-19.01807,0.048953125,0.02256210937500001,,,,0.0,0.0,0.0,0.0,0.0,0.0,,6.718611070974552e-05,,0.2986049364877579,0.225,6.718611070974552e-05,6.718611070974552e-05,0.2986049364877579,0.2986049364877579,0.0,0.0,0.0
RGI60-19.01808,0.02737421875000001,0.02256210937500001,631.5001779254454,0.0014815504948457452,,0.0,0.0,5.640743881588804e-06,0.0038135849131949546,1.0,0.0,0.002620879809009616,0.0011393293141638704,1.0404445450613795,0.4522942890686265,2.519,0.0011393293141638704,0.0011393293141638704,0.4522942890686265,0.4522942890686265,0.0,0.0,0.0
RGI60-19.01809,0.032169531250000015,0.02256210937500001,666.5975789994541,0.0014999057511700224,,0.0,0.0,4.132798193694024e-06,0.007776928471738031,1.0,0.0,0.0015576553646462553,5.7749613476232825e-05,1.0154207070705703,0.03764642338737473,1.534,5.7749613476232825e-05,5.7749613476232825e-05,0.03764642338737473,0.03764642338737473,0.0,0.0,0.0
RGI60-19.01810,0.032169531250000015,0.02256210937500001,666.5975789994541,0.0016515485339710818,,0.0,0.0,5.389051804634422e-06,0.01415260793000645,1.0,0.0,0.0034972061040361765,0.0018456575700650962,1.106360678277816,0.5838840778440669,3.161,0.0018456575700650962,0.0018456575700650962,0.5838840778440669,0.5838840778440669,0.0,0.0,0.0
RGI60-19.01811,0.048953125,0.02256210937500001,335.46815151547435,0.0004883414027985392,,0.0,0.0,0.0,0.0,1.0,0.0,0.003538695054596705,0.0,0.7454592489144101,0.6425855596794113,4.747,0.003050353651798165,0.003050353651798165,0.6425855596794113,0.6425855596794113,0.0,0.0,0.0
RGI60-19.01812,0.048953125,0.02256210937500001,126.60010887289974,6.745578648666999e-05,,0.0,0.0,0.0,0.0,1.0,1.0,0.0019623723551099553,0.0,0.7182914916215064,0.693600500960207,2.732,0.0018949165686232851,0.0018949165686232851,0.693600500960207,0.693600500960207,0.0,0.0,0.0
RGI60-19.01813,0.00579531250000001,0.00479531250000001,392.8928214524527,0.00042461111323200063,,0.0,0.0,3.1894304780252424e-05,0.00017685122703141464,1.0,0.0,0.0006847100225542122,0.00026009890932221155,0.7582613760290279,0.2880386592715521,0.903,0.00026009890932221155,0.00026009890932221155,0.2880386592715521,0.2880386592715521,0.0,0.0,0.0
RGI60-19.01814,0.010590625000000008,0.009590625000000009,459.22298829179414,0.0005146344714664878,,0.0,0.0,1.0287824362895028e-05,0.0020176859971307763,1.0,0.0,0.0009014292253509426,0.00038679475388445474,0.9620375937576762,0.41280123146686737,0.937,0.00038679475388445474,0.00038679475388445474,0.41280123146686737,0.41280123146686737,0.0,0.0,0.0
RGI60-19.01815,0.02737421875000001,0.02256210937500001,631.5001779254459,0.0006436442067341775,,0.0,0.0,2.738593958000703e-06,0.0014429255500223613,1.0,0.0,0.0007935179743154145,0.000149873767581237,1.0108509226947957,0.19092199691877326,0.785,0.000149873767581237,0.000149873767581237,0.19092199691877326,0.19092199691877326,0.0,0.0,0.0
RGI60-19.01816,0.048953125,0.02256210937500001,214.37070426474358,0.0001062931221760442,,0.0,0.0,0.0,0.0,1.0,0.0,-3.832060162264047e-05,0.0,-0.18161422569971786,-0.6853730985719652,0.211,-0.00014461372379868465,-0.00014461372379868465,-0.6853730985719652,-0.6853730985719652,0.0,0.0,0.0
RGI60-19.01817,0.010590625000000008,0.009590625000000009,262.0827134905701,9.460517829086476e-05,,0.0,0.0,2.491731377114841e-06,0.00021363336267361252,1.0,0.0,0.00012989995141207442,3.5294773121209675e-05,0.921276251149464,0.2503175398667353,0.141,3.5294773121209675e-05,3.5294773121209675e-05,0.2503175398667353,0.2503175398667353,0.0,0.0,0.0
RGI60-19.01818,0.008192968750000008,0.007192968750000008,411.22936031637045,0.0001893192932813782,,0.0,0.0,3.6423918054151167e-06,0.0007799162012651988,1.0,0.0,0.0001602480826584829,-2.9071210622895264e-05,0.8434109613604365,-0.15300637169944875,0.19,-2.9071210622895264e-05,-2.9071210622895264e-05,-0.15300637169944875,-0.15300637169944875,0.0,0.0,0.0
RGI60-19.01819,0.008192968750000008,0.007192968750000008,410.700270685529,4.165642149776666e-05,,0.0,0.0,8.946741071457145e-07,0.00013286569775990205,1.0,0.0,3.5727628870989e-05,-5.928792626777658e-06,0.9402007597628684,-0.156020858599412,0.038,-5.928792626777658e-06,-5.928792626777658e-06,-0.156020858599412,-0.156020858599412,0.0,0.0,0.0
RGI60-19.01820,0.041760156250000006,0.02256210937500001,452.65823942583603,0.0031308625640464704,,0.0,0.0,2.3990221658811168e-06,0.0025676175335674696,1.0,0.0,0.0006266240065225847,-0.0025042385575238853,1.0954965148996232,-4.378039436230568,0.5720000000000001,-0.0025042385575238853,-0.0025042385575238853,-4.378039436230568,-4.378039436230568,0.0,0.0,0.0
RGI60-19.01821,0.048953125,0.02256210937500001,,,,0.0,0.0,0.0,0.0,0.0,0.0,,-0.003964861369922014,,-3.3743501020612885,1.175,-0.003964861369922014,-0.003964861369922014,-3.3743501020612885,-3.3743501020612885,0.0,0.0,0.0
RGI60-19.01822,0.048953125,0.02256210937500001,767.2399641227182,0.009698840462515677,,0.0,0.0,0.0,0.0,1.0,0.0,0.001550554769175559,0.0,0.34572012690647913,-1.816786107768142,4.485,-0.00814828569334012,-0.00814828569334012,-1.816786107768142,-1.816786107768142,0.0,0.0,0.0
RGI60-19.01823,0.032169531250000015,0.02256210937500001,666.597578999454,0.004580164362180924,,0.0,0.0,2.55892353797178e-05,0.016001799595026258,1.0,0.0,0.0017201943023392007,-0.002859970059841723,0.8894489670833507,-1.4787849326999598,1.934,-0.002859970059841723,-0.002859970059841723,-1.4787849326999598,-1.4787849326999598,0.0,0.0,0.0
RGI60-19.01824,0.020181250000000008,0.019181250000000007,595.0493520019643,0.008254717466917525,,0.0,0.0,6.912246515362526e-05,0.027042161607023833,1.0,0.0,0.002918272576211022,-0.005336444890706504,0.8729502172333299,-1.5963041850752329,3.343,-0.005336444890706504,-0.005336444890706504,-1.5963041850752329,-1.5963041850752329,0.0,0.0,0.0
RGI60-19.01825,0.015385937500000009,0.014385937500000008,285.4188164242354,0.0005088601890125619,,0.0,0.0,6.181846900867071e-06,0.000527213639099437,1.0,0.0,2.969806166237249e-05,-0.00047916212735018936,0.1677856591094491,-2.70713066299542,0.177,-0.00047916212735018936,-0.00047916212735018936,-2.70713066299542,-2.70713066299542,0.0,0.0,0.0
RGI60-19.01826,0.020181250000000008,0.019181250000000007,313.98605978931784,0.0005434467607434258,,0.0,0.0,3.703079701250074e-06,0.0003808835785925537,1.0,0.0,6.427959598564026e-05,-0.00047916716475778555,0.5142367678851221,-3.8333373180622834,0.125,-0.00047916716475778555,-0.00047916716475778555,-3.8333373180622834,-3.8333373180622834,0.0,0.0,0.0
RGI60-19.01827,0.048953125,0.02256210937500001,167.2748687166851,0.00017961004306800714,,0.0,0.0,0.0,0.0,1.0,0.0,-0.002756732714143973,0.0,-2.0557290933213817,-2.189666485616689,1.341,-0.00293634275721198,-0.00293634275721198,-2.189666485616689,-2.189666485616689,0.0,0.0,0.0
RGI60-19.01828,0.048953125,0.02256210937500001,270.1782209687595,0.0004989181785839892,,0.0,0.0,0.0,0.0,1.0,0.0,-0.005181693261652757,0.0,-2.2412168086733377,-2.4570118686145097,2.312,-0.005680611440236747,-0.005680611440236747,-2.4570118686145097,-2.4570118686145097,0.0,0.0,0.0
RGI60-19.01829,0.048953125,0.02256210937500001,216.980181375062,3.1697354858366526e-05,,0.0,0.0,0.0,0.0,1.0,0.0,-0.0008708641090241635,0.0,-1.1368983146529552,-1.1782786734758879,0.7659999999999999,-0.0009025614638825302,-0.0009025614638825302,-1.1782786734758879,-1.1782786734758879,0.0,0.0,0.0
RGI60-19.01830,0.048953125,0.02256210937500001,315.9378938194212,0.00036305098617959926,,0.0,0.0,0.0,0.0,1.0,0.0,-0.001612741037085975,0.0,-1.7066042720486507,-2.0907852098048405,0.945,-0.0019757920232655744,-0.0019757920232655744,-2.0907852098048405,-2.0907852098048405,0.0,0.0,0.0
RGI60-19.01831,0.048953125,0.02256210937500001,,,,0.0,0.0,0.0,0.0,0.0,0.0,,-0.0001761784317266405,,-3.388046763973855,0.052000000000000005,-0.0001761784317266405,-0.0001761784317266405,-3.388046763973855,-3.388046763973855,0.0,0.0,0.0
RGI60-19.01832,0.029771875000000014,0.02256210937500001,462.03981153055724,0.005090870722207543,,0.0,0.0,2.179394265938297e-05,0.0062105881363257774,1.0,0.0,0.0008229114034161737,-0.004267959318791368,0.6938544716831143,-3.5986166262996364,1.186,-0.004267959318791368,-0.004267959318791368,-3.5986166262996364,-3.5986166262996364,0.0,0.0,0.0
RGI60-19.01833,0.048953125,0.02256210937500001,767.2399641227182,0.001823422042489598,,0.0,0.0,0.0,0.0,1.0,0.0,-0.001797020644588522,0.0,-1.9639569886213355,-3.9567679640198032,0.915,-0.0036204426870781203,-0.0036204426870781203,-3.9567679640198032,-3.9567679640198032,0.0,0.0,0.0
RGI60-19.01834,0.048953125,0.02256210937500001,152.22360991959792,3.42686197943516e-05,,0.0,0.0,0.0,0.0,1.0,0.0,-0.002037727025639264,0.0,-3.949083383021829,-4.015495436886852,0.516,-0.0020719956454336155,-0.0020719956454336155,-4.015495436886852,-4.015495436886852,0.0,0.0,0.0
RGI60-19.01835,0.048953125,0.02256210937500001,301.8536013646742,0.0007390726035556232,,0.0,0.0,0.0,0.0,1.0,0.0,8.521534088256903e-05,0.0,0.5133454270034279,-3.938899172729243,0.166,-0.0006538572626730543,-0.0006538572626730543,-3.938899172729243,-3.938899172729243,0.0,0.0,0.0
RGI60-19.01836,0.048953125,0.02256210937500001,349.4026224325608,0.0006177500462411603,,0.0,0.0,0.0,0.0,1.0,0.0,-0.001817506405379763,0.0,-2.7289885966663108,-3.6565412186500352,0.6659999999999999,-0.002435256451620923,-0.002435256451620923,-3.6565412186500352,-3.6565412186500352,0.0,0.0,0.0
RGI60-19.01837,0.048953125,0.02256210937500001,767.239964122718,0.004114981497443322,,0.0,0.0,0.0,0.0,1.0,0.0,0.00381639272840536,0.0,1.0393226384546188,-0.08131502424781108,3.672,-0.00029858876903796224,-0.00029858876903796224,-0.08131502424781108,-0.08131502424781108,0.0,0.0,0.0
RGI60-19.01838,0.048953125,0.02256210937500001,40.68027595219025,0.0,,0.0,0.0,0.0,0.0,1.0,1.0,-0.0005795973921751326,0.0,-0.038473109337878036,-0.038473109337878036,15.065,-0.0005795973921751326,-0.0005795973921751326,-0.038473109337878036,-0.038473109337878036,0.0,0.0,0.0
RGI60-19.01839,0.048953125,0.02256210937500001,101.54316429043591,8.324170500704993e-05,,0.0,0.0,0.0,0.0,1.0,1.0,4.061568936113406e-05,0.0,0.018461676982333662,-0.01937546165723449,2.2,-4.2626015645915866e-05,-4.2626015645915866e-05,-0.01937546165723449,-0.01937546165723449,0.0,0.0,0.0
RGI60-19.01840,0.048953125,0.02256210937500001,63.01084938137362,3.676165352273357e-05,,0.0,0.0,0.0,0.0,1.0,1.0,-0.0006087476653248838,0.0,-0.026057172559065315,-0.0276307387572818,23.362,-0.0006455093188476174,-0.0006455093188476174,-0.0276307387572818,-0.0276307387572818,0.0,0.0,0.0
RGI60-19.01841,0.03456718750000001,0.02256210937500001,96.40289067753456,4.053898109054143e-05,,0.0,0.0,3.140853191489302e-07,0.00018128437945708246,1.0,1.0,0.0009175091277798992,0.0008769701466893576,1.1121322760968475,1.0629941171992214,0.825,0.0008769701466893576,0.0008769701466893576,1.0629941171992214,1.0629941171992214,0.0,0.0,0.0
RGI60-19.01842,0.048953125,0.02256210937500001,52.1638293488129,9.892752792470264e-06,,0.0,0.0,0.0,0.0,1.0,1.0,0.009348148132825494,0.0,0.4349796720871758,0.4345193513579184,21.491,0.009338255380033026,0.009338255380033026,0.4345193513579184,0.4345193513579184,0.0,0.0,0.0
RGI60-19.01843,0.048953125,0.02256210937500001,55.91490732257913,0.00012170360083719129,,0.0,0.0,0.0,0.0,1.0,1.0,0.01661842888601717,0.0,0.5222800492164167,0.518455177258241,31.819000000000006,0.01649672528517997,0.01649672528517997,0.518455177258241,0.518455177258241,0.0,0.0,0.0
RGI60-19.01844,0.048953125,0.02256210937500001,73.02479330329214,0.00010252322586580884,,0.0,0.0,0.0,0.0,1.0,1.0,0.013279471081384608,0.0,0.43913594845848575,0.4357456301428175,30.24,0.0131769478555188,0.0131769478555188,0.4357456301428175,0.4357456301428175,0.0,0.0,0.0
RGI60-19.01845,0.048953125,0.02256210937500001,76.4882991425638,3.3395088890303824e-05,,0.0,0.0,0.0,0.0,1.0,1.0,0.0034467981061643443,0.0,0.4783897440894301,0.4737547560408106,7.205,0.00341340301727404,0.00341340301727404,0.4737547560408106,0.4737547560408106,0.0,0.0,0.0
RGI60-19.01846,0.048953125,0.02256210937500001,172.7978651035925,0.0015712961754309107,,0.0,0.0,0.0,0.0,1.0,1.0,0.011848170576268444,0.0,0.9291225357801478,0.8059029486227678,12.752,0.010276874400837532,0.010276874400837532,0.8059029486227678,0.8059029486227678,0.0,0.0,0.0
RGI60-19.01847,0.048953125,0.02256210937500001,256.4975353076263,0.0007408987051231398,,0.0,0.0,0.0,0.0,1.0,0.0,0.005112168962115167,0.0,0.8898466426658255,0.7608825512605791,5.745,0.004371270256992028,0.004371270256992028,0.7608825512605791,0.7608825512605791,0.0,0.0,0.0
RGI60-19.01848,0.048953125,0.02256210937500001,295.226668544831,0.0034474079238078262,,0.0,0.0,0.0,0.0,1.0,1.0,0.0032778614993065024,0.0,0.32943331651321633,-0.01703984165842444,9.95,-0.00016954642450132316,-0.00016954642450132316,-0.01703984165842444,-0.01703984165842444,0.0,0.0,0.0
RGI60-19.01849,0.048953125,0.02256210937500001,117.6996278046736,0.00038368283264530014,,0.0,0.0,0.0,0.0,1.0,1.0,-0.008099576956714958,0.0,-0.7285102497495015,-0.7630203084511835,11.118,-0.008483259789360258,-0.008483259789360258,-0.7630203084511835,-0.7630203084511835,0.0,0.0,0.0
RGI60-19.01850,0.048953125,0.02256210937500001,28.391309513479648,0.0,,0.0,0.0,0.0,0.0,1.0,1.0,-0.00011413964063649204,0.0,-0.7316643630544362,-0.7316643630544362,0.156,-0.00011413964063649204,-0.00011413964063649204,-0.7316643630544362,-0.7316643630544362,0.0,0.0,0.0
RGI60-19.01851,0.048953125,0.02256210937500001,36.195082375539975,0.0,,0.0,0.0,0.0,0.0,1.0,1.0,-0.0008954121352706015,0.0,-0.6925074518720815,-0.6925074518720815,1.293,-0.0008954121352706015,-0.0008954121352706015,-0.6925074518720815,-0.6925074518720815,0.0,0.0,0.0
RGI60-19.01852,0.048953125,0.02256210937500001,37.814078731213264,0.0,,0.0,0.0,0.0,0.0,1.0,1.0,-0.00182912468161032,0.0,-0.8089892444096948,-0.8089892444096948,2.261,-0.00182912468161032,-0.00182912468161032,-0.8089892444096948,-0.8089892444096948,0.0,0.0,0.0
RGI60-19.01853,0.048953125,0.02256210937500001,46.535481863967895,1.7690536280842968e-06,,0.0,0.0,0.0,0.0,1.0,1.0,-0.0010178470105592665,0.0,-1.0805169963474166,-1.0823949725980369,0.942,-0.0010196160641873508,-0.0010196160641873508,-1.0823949725980369,-1.0823949725980369,0.0,0.0,0.0
RGI60-19.01854,0.048953125,0.02256210937500001,27.60094112141215,0.0,,0.0,0.0,0.0,0.0,1.0,1.0,-1.4905172129383249e-05,0.0,-0.09257870887815682,-0.09257870887815682,0.161,-1.4905172129383249e-05,-1.4905172129383249e-05,-0.09257870887815682,-0.09257870887815682,0.0,0.0,0.0
RGI60-19.01855,0.048953125,0.02256210937500001,46.56258184317961,1.4203791571100824e-06,,0.0,0.0,0.0,0.0,1.0,1.0,-0.0008804419247819961,0.0,-1.310181435687494,-1.3122950951474794,0.672,-0.0008818623039391063,-0.0008818623039391063,-1.3122950951474794,-1.3122950951474794,0.0,0.0,0.0
RGI60-19.01856,0.048953125,0.02256210937500001,21.706685974276557,0.0,,0.0,0.0,0.0,0.0,1.0,1.0,-0.0008201132234000689,0.0,-1.4413237669596992,-1.4413237669596992,0.569,-0.0008201132234000689,-0.0008201132234000689,-1.4413237669596992,-1.4413237669596992,0.0,0.0,0.0
RGI60-19.01857,0.048953125,0.02256210937500001,38.224012186032,1.4873990820931376e-05,,0.0,0.0,0.0,0.0,1.0,1.0,-0.0007999753891317148,0.0,-0.9999692364146434,-1.0185617249408077,0.8,-0.0008148493799526461,-0.0008148493799526461,-1.0185617249408077,-1.0185617249408077,0.0,0.0,0.0
RGI60-19.01858,0.048953125,0.02256210937500001,102.82342447025948,0.000266833040957043,,0.0,0.0,0.0,0.0,1.0,1.0,-0.0006319676277787262,0.0,-1.2897298526096457,-1.8342870790525907,0.49,-0.0008988006687357695,-0.0008988006687357695,-1.8342870790525907,-1.8342870790525907,0.0,0.0,0.0
RGI60-19.01859,0.048953125,0.02256210937500001,767.2399641227182,0.0032504561810935747,,0.0,0.0,0.0,0.0,1.0,0.0,0.0006428748099321378,0.0,0.3396063443909867,-1.3774861971270134,1.893,-0.0026075813711614365,-0.0026075813711614365,-1.3774861971270134,-1.3774861971270134,0.0,0.0,0.0
RGI60-19.01860,0.048953125,0.02256210937500001,210.46500714536705,0.0011601655545074485,,0.0,0.0,0.0,0.0,1.0,1.0,-0.019605562347196032,0.0,-1.3335302916063143,-1.4124423821047123,14.702,-0.02076572790170348,-0.02076572790170348,-1.4124423821047123,-1.4124423821047123,0.0,0.0,0.0
RGI60-19.01861,0.048953125,0.02256210937500001,40.89792643402138,1.5320698444515687e-06,,0.0,0.0,0.0,0.0,1.0,1.0,-0.0034188001003968033,0.0,-1.202109739942617,-1.2026484424195691,2.844,-0.003420332170241255,-0.003420332170241255,-1.2026484424195691,-1.2026484424195691,0.0,0.0,0.0
RGI60-19.01862,0.048953125,0.02256210937500001,20.329423756725987,0.0,,0.0,0.0,0.0,0.0,1.0,1.0,-0.00017905634803293686,0.0,-2.387417973772492,-2.387417973772492,0.075,-0.00017905634803293686,-0.00017905634803293686,-2.387417973772492,-2.387417973772492,0.0,0.0,0.0
RGI60-19.01863,0.048953125,0.02256210937500001,20.64888888872983,0.0,,0.0,0.0,0.0,0.0,1.0,1.0,-0.00018902133587224003,0.0,-0.6923858456858609,-0.6923858456858609,0.273,-0.00018902133587224003,-0.00018902133587224003,-0.6923858456858609,-0.6923858456858609,0.0,0.0,0.0
RGI60-19.01864,0.048953125,0.02256210937500001,39.30665252752968,1.1983351056224642e-06,,0.0,0.0,0.0,0.0,1.0,1.0,-1.2999563026924029e-05,0.0,-0.1428523409552091,-0.156020858599412,0.091,-1.4197898132546493e-05,-1.4197898132546493e-05,-0.156020858599412,-0.156020858599412,0.0,0.0,0.0
RGI60-19.01865,0.048953125,0.02256210937500001,89.05684235039247,3.4443988658071435e-05,,0.0,0.0,0.0,0.0,1.0,1.0,-0.0017414319058748498,0.0,-3.1547679454254527,-3.2171664756031184,0.552,-0.0017758758945329216,-0.0017758758945329216,-3.2171664756031184,-3.2171664756031184,0.0,0.0,0.0
RGI60-19.01866,0.048953125,0.02256210937500001,64.16702634605315,3.0010128524090616e-06,,0.0,0.0,0.0,0.0,1.0,0.0,-2.45971719857036e-06,0.0,-0.07027763424486741,-0.156020858599412,0.035,-5.4607300509794196e-06,-5.4607300509794196e-06,-0.156020858599412,-0.156020858599412,0.0,0.0,0.0
RGI60-19.01867,0.048953125,0.02256210937500001,26.682874566286788,7.304972993145714e-08,,0.0,0.0,0.0,0.0,1.0,1.0,-0.0002211076229831732,0.0,-2.3522087551401407,-2.3529858799266457,0.094,-0.0002211806727131047,-0.0002211806727131047,-2.3529858799266457,-2.3529858799266457,0.0,0.0,0.0
RGI60-19.01868,0.048953125,0.02256210937500001,326.4627927354652,0.0022080788283674693,,0.0,0.0,0.0,0.0,1.0,0.0,-0.011984383420431987,0.0,-1.9101663086439256,-2.2621074671341184,6.274,-0.01419246224879946,-0.01419246224879946,-2.2621074671341184,-2.2621074671341184,0.0,0.0,0.0
RGI60-19.01869,0.048953125,0.02256210937500001,433.02587517404396,0.004072239486654025,,0.0,0.0,0.0,0.0,1.0,0.0,-0.013745811816135926,0.0,-1.855035332811866,-2.4045953175155135,7.41,-0.01781805130278995,-0.01781805130278995,-2.4045953175155135,-2.4045953175155135,0.0,0.0,0.0
RGI60-19.01870,0.02497656250000001,0.02256210937500001,612.3942431512189,0.00026508254901915217,,0.0,0.0,1.6741104440823403e-06,0.0007929506738545347,1.0,0.0,6.045753305212414e-05,-0.000204625015967028,0.6571470983926537,-2.224184956163348,0.092,-0.000204625015967028,-0.000204625015967028,-2.224184956163348,-2.224184956163348,0.0,0.0,0.0
RGI60-19.01871,0.048953125,0.02256210937500001,30.469957308217104,0.0,,0.0,0.0,0.0,0.0,1.0,1.0,-0.001709144787640128,0.0,-2.3065381749529394,-2.3065381749529394,0.741,-0.001709144787640128,-0.001709144787640128,-2.3065381749529394,-2.3065381749529394,0.0,0.0,0.0
RGI60-19.01872,0.048953125,0.02256210937500001,767.2399641227182,0.0007924333203451228,,0.0,0.0,0.0,0.0,1.0,0.0,2.7072656900027207e-05,0.0,0.053822379522916915,-1.5215917762327944,0.503,-0.0007653606634450956,-0.0007653606634450956,-1.5215917762327944,-1.5215917762327944,0.0,0.0,0.0
RGI60-19.01873,0.048953125,0.02256210937500001,40.30166314178536,9.047542493233768e-07,,0.0,0.0,0.0,0.0,1.0,1.0,-0.0016104216232105052,0.0,-1.9906324143516752,-1.9917507755992936,0.809,-0.0016113263774598285,-0.0016113263774598285,-1.9917507755992936,-1.9917507755992936,0.0,0.0,0.0
RGI60-19.01874,0.048953125,0.02256210937500001,548.3141055790337,0.0029980127867097824,,0.0,0.0,0.0,0.0,1.0,0.0,-0.00532679378567396,0.0,-0.877416205843182,-1.3712414054329995,6.0710000000000015,-0.008324806572383742,-0.008324806572383742,-1.3712414054329995,-1.3712414054329995,0.0,0.0,0.0
RGI60-19.01875,0.048953125,0.02256210937500001,243.28092410636953,0.0037793172617983494,,0.0,0.0,0.0,0.0,1.0,1.0,-0.0004951032871163538,0.0,-0.06690584961031809,-0.5776243985019869,7.4,-0.004274420548914703,-0.004274420548914703,-0.5776243985019869,-0.5776243985019869,0.0,0.0,0.0
RGI60-19.01876,0.048953125,0.02256210937500001,767.2399641227182,0.0052568230059279785,,0.0,0.0,0.0,0.0,1.0,0.0,0.003880962286363439,0.0,0.9792990881563056,-0.34717656309980804,3.963,-0.0013758607195645393,-0.0013758607195645393,-0.34717656309980804,-0.34717656309980804,0.0,0.0,0.0
RGI60-19.01877,0.03696484375000001,0.02256210937500001,698.3589194035637,0.0023880802965482078,,0.0,0.0,6.2246011948827536e-06,0.010954226923261196,1.0,0.0,0.003015915919521641,0.000627835622973434,1.1006992407013292,0.22913708867643576,2.74,0.000627835622973434,0.000627835622973434,0.22913708867643576,0.22913708867643576,0.0,0.0,0.0
RGI60-19.01878,0.041760156250000006,0.02256210937500001,727.4792147585506,0.0035042577105189685,,0.0,0.0,7.0108087034879195e-06,0.017241731092473553,1.0,0.0,0.003325402490165684,-0.00017885522035328546,1.071328121831728,-0.05762088284577495,3.104,-0.00017885522035328546,-0.00017885522035328546,-0.05762088284577495,-0.05762088284577495,0.0,0.0,0.0
RGI60-19.01879,0.041760156250000006,0.02256210937500001,727.4792147585507,0.0011290699049773178,,0.0,0.0,2.026292918502386e-06,0.005947261811269254,1.0,0.0,0.0010454970172629877,-8.357288771433003e-05,1.0190029408021324,-0.08145505625178366,1.026,-8.357288771433003e-05,-8.357288771433003e-05,-0.08145505625178366,-0.08145505625178366,0.0,0.0,0.0
RGI60-19.01880,0.048953125,0.02256210937500001,767.2399641227182,0.0007361568607586743,,0.0,0.0,0.0,0.0,1.0,0.0,0.0005624879499033394,0.0,1.043576901490426,-0.32220577153123303,0.539,-0.0001736689108553346,-0.0001736689108553346,-0.32220577153123303,-0.32220577153123303,0.0,0.0,0.0
RGI60-19.01881,0.048953125,0.02256210937500001,0.14597278340925698,3.530259312485756e-05,,0.0,0.0,0.0,0.0,1.0,1.0,2.2151543958664714e-05,0.0,0.2517220904393717,-0.14944374052491866,0.08800000000000001,-1.3151049166192845e-05,-1.3151049166192845e-05,-0.14944374052491866,-0.14944374052491866,0.0,0.0,0.0
RGI60-19.01882,0.048953125,0.02256210937500001,820.7534949458601,0.03000898901688125,,0.0,0.0,0.0,0.0,1.0,0.0,0.016342180103242843,0.0,0.4196328087315849,-0.350934904314873,38.944,-0.013666808913638414,-0.013666808913638414,-0.350934904314873,-0.350934904314873,0.0,0.0,0.0
RGI60-19.01883,0.048953125,0.02256210937500001,517.8835140009218,0.0015057956814463758,,0.0,0.0,0.0,0.0,1.0,0.0,0.0013587899608913747,0.0,0.4150244229967547,-0.04490095313225453,3.274,-0.00014700572055500132,-0.00014700572055500132,-0.04490095313225453,-0.04490095313225453,0.0,0.0,0.0
RGI60-19.01884,0.04655546875,0.02256210937500001,303.06619819690604,0.00015355229844262464,,0.0,0.0,2.808440607559016e-07,0.00031917528965975185,1.0,0.0,0.00014247723126031102,-1.1075067182313608e-05,1.0399797902212484,-0.08083990644024533,0.13699999999999998,-1.1075067182313608e-05,-1.1075067182313608e-05,-0.08083990644024533,-0.08083990644024533,0.0,0.0,0.0
RGI60-19.01885,0.048953125,0.02256210937500001,846.1902602989846,0.02692651531784285,,0.0,0.0,0.0,0.0,1.0,0.0,0.015586447936934898,0.0,0.5738328524016971,-0.4174975105260272,27.162,-0.01134006738090795,-0.01134006738090795,-0.4174975105260272,-0.4174975105260272,0.0,0.0,0.0
RGI60-19.01886,0.048953125,0.02256210937500001,105.62655467293543,1.4857061799699615e-05,,0.0,0.0,0.0,0.0,1.0,0.0,-3.251896579388386e-05,0.0,-0.13327444997493387,-0.1941640475146864,0.244,-4.737602759358349e-05,-4.737602759358349e-05,-0.1941640475146864,-0.1941640475146864,0.0,0.0,0.0
RGI60-19.01887,0.04655546875,0.02256210937500001,130.66296120405957,3.3183736924572306e-05,,0.0,0.0,8.660562375844473e-08,4.227169349445395e-05,1.0,0.0,5.83486978440703e-05,2.5164960919498003e-05,1.0608854153467329,0.4575447439908728,0.055,2.5164960919498003e-05,2.5164960919498003e-05,0.4575447439908728,0.4575447439908728,0.0,0.0,0.0
RGI60-19.01888,0.048953125,0.02256210937500001,324.21911845061084,0.0006826369173300223,,0.0,0.0,0.0,0.0,1.0,0.0,0.000624369030983227,0.0,0.7486439220422385,-0.06986557115922681,0.8340000000000001,-5.826788634679516e-05,-5.826788634679516e-05,-0.06986557115922681,-0.06986557115922681,0.0,0.0,0.0
RGI60-19.01889,0.048953125,0.02256210937500001,434.6818150094349,0.0002508618664440856,,0.0,0.0,0.0,0.0,1.0,0.0,0.00023351688591778067,0.0,0.7460603383954655,-0.05541527324698055,0.313,-1.734498052630491e-05,-1.734498052630491e-05,-0.05541527324698055,-0.05541527324698055,0.0,0.0,0.0
RGI60-19.01890,0.048953125,0.02256210937500001,767.2399641227182,0.008117411000527819,,0.0,0.0,0.0,0.0,1.0,0.0,0.006975416000269174,0.0,0.8093068801797393,-0.13249738951834855,8.619,-0.001141995000258646,-0.001141995000258646,-0.13249738951834855,-0.13249738951834855,0.0,0.0,0.0
RGI60-19.01891,0.048953125,0.02256210937500001,767.2399641227188,0.013620143125372087,,0.0,0.0,0.0,0.0,1.0,0.0,0.023871323037222253,0.0,0.6860758474800899,0.2946249328002,34.794000000000004,0.010251179911850162,0.010251179911850162,0.2946249328002,0.2946249328002,0.0,0.0,0.0
RGI60-19.01892,0.048953125,0.02256210937500001,797.231755743342,0.030948766246539094,,0.0,0.0,0.0,0.0,1.0,0.0,0.020620229408206903,0.0,0.5813755894949504,-0.2912071962989793,35.468,-0.010328536838332195,-0.010328536838332195,-0.2912071962989793,-0.2912071962989793,0.0,0.0,0.0
RGI60-19.01893,0.048953125,0.02256210937500001,767.2399641227182,0.00235648319445437,,0.0,0.0,0.0,0.0,1.0,0.0,0.001744704614554828,0.0,0.7035099252237211,-0.2466849112498153,2.48,-0.0006117785798995419,-0.0006117785798995419,-0.2466849112498153,-0.2466849112498153,0.0,0.0,0.0
RGI60-19.01894,0.048953125,0.02256210937500001,143.17637550953185,8.194763540532e-05,,0.0,0.0,0.0,0.0,1.0,1.0,4.313534272027744e-05,0.0,0.05868754111602373,-0.05280584038781301,0.735,-3.881229268504257e-05,-3.881229268504257e-05,-0.05280584038781301,-0.05280584038781301,0.0,0.0,0.0
RGI60-19.01895,0.048953125,0.02256210937500001,767.2399641227182,0.0005504381931766309,,0.0,0.0,0.0,0.0,1.0,0.0,0.000481111533011389,0.0,0.700307908313521,-0.10091216909059997,0.687,-6.932666016524218e-05,-6.932666016524218e-05,-0.10091216909059997,-0.10091216909059997,0.0,0.0,0.0
RGI60-19.01896,0.048953125,0.02256210937500001,120.58087964907006,9.024733365716668e-05,,0.0,0.0,0.0,0.0,1.0,1.0,-0.0002677594668122416,0.0,-0.3978595346392893,-0.531956612881736,0.6729999999999999,-0.0003580068004694082,-0.0003580068004694082,-0.531956612881736,-0.531956612881736,0.0,0.0,0.0
RGI60-19.01897,0.048953125,0.02256210937500001,,,,0.0,0.0,0.0,0.0,0.0,0.0,,6.519481101137485e-05,,1.018668922052732,0.064,6.519481101137485e-05,6.519481101137485e-05,1.018668922052732,1.018668922052732,0.0,0.0,0.0
RGI60-19.01898,0.048953125,0.02256210937500001,215.2842784361181,0.0004125463988578325,,0.0,0.0,0.0,0.0,1.0,0.0,-0.0011234625532304046,0.0,-0.2261853338494876,-0.3092427928504605,4.967,-0.0015360089520882374,-0.0015360089520882374,-0.3092427928504605,-0.3092427928504605,0.0,0.0,0.0
RGI60-19.01903,0.048953125,0.02256210937500001,277.1436906013808,0.0002685250099481556,,0.0,0.0,0.0,0.0,1.0,0.0,0.0002470343352357521,0.0,0.3665197852162494,-0.03188527405401129,0.674,-2.1490674712403606e-05,-2.1490674712403606e-05,-0.03188527405401129,-0.03188527405401129,0.0,0.0,0.0
RGI60-19.01906,0.048953125,0.02256210937500001,155.89616437943258,0.0005488096790899811,,0.0,0.0,0.0,0.0,1.0,0.0,0.00020963894244643218,0.0,0.08595282593129652,-0.13906139263778144,2.439,-0.00033917073664354886,-0.00033917073664354886,-0.13906139263778144,-0.13906139263778144,0.0,0.0,0.0
RGI60-19.01920,0.048953125,0.02256210937500001,70.67004957456184,8.450664949564725e-05,,0.0,0.0,0.0,0.0,1.0,1.0,0.013891761239109252,0.0,0.4084130428385151,0.4059285761631565,34.014,0.013807254589613606,0.013807254589613606,0.4059285761631565,0.4059285761631565,0.0,0.0,0.0
RGI60-19.01921,0.048953125,0.02256210937500001,174.33530510327327,2.655065968636474e-05,,0.0,0.0,0.0,0.0,1.0,0.0,-9.56833971622896e-05,0.0,-0.1913667943245793,-0.24446811369730875,0.5,-0.00012223405684865437,-0.00012223405684865437,-0.24446811369730875,-0.24446811369730875,0.0,0.0,0.0
RGI60-19.01922,0.048953125,0.02256210937500001,453.34534235931466,0.0013626247499043608,,0.0,0.0,0.0,0.0,1.0,0.0,0.0002495546875051023,0.0,0.017337410553362673,-0.07732875242456985,14.394,-0.0011130700623992586,-0.0011130700623992586,-0.07732875242456985,-0.07732875242456985,0.0,0.0,0.0
RGI60-19.01923,0.048953125,0.02256210937500001,83.64295945807858,0.0001985551742000348,,0.0,0.0,0.0,0.0,1.0,1.0,-0.002775080304186434,0.0,-0.1454520836619547,-0.15585908477312588,19.079,-0.002973635478386469,-0.002973635478386469,-0.15585908477312588,-0.15585908477312588,0.0,0.0,0.0
RGI60-19.01925,0.048953125,0.02256210937500001,108.43216883338131,0.0008247178505707973,,0.0,0.0,0.0,0.0,1.0,1.0,0.013074426342064537,0.0,0.6487905092330557,0.6078656456676131,20.152,0.012249708491493741,0.012249708491493741,0.6078656456676131,0.6078656456676131,0.0,0.0,0.0
RGI60-19.01933,0.048953125,0.02256210937500001,67.30805876633124,1.2016058964879935e-05,,0.0,0.0,0.0,0.0,1.0,1.0,0.001257858318294224,0.0,0.2449578029784273,0.2426177720212939,5.135,0.0012458422593293438,0.0012458422593293438,0.2426177720212939,0.2426177720212939,0.0,0.0,0.0
RGI60-19.01934,0.048953125,0.02256210937500001,71.0744202882403,1.915139704599187e-05,,0.0,0.0,0.0,0.0,1.0,1.0,0.00333959608198954,0.0,0.2277256107732384,0.2264196853012989,14.665,0.003320444684943548,0.003320444684943548,0.2264196853012989,0.2264196853012989,0.0,0.0,0.0
RGI60-19.01935,0.048953125,0.02256210937500001,50.8997776219133,2.802033805451515e-07,,0.0,0.0,0.0,0.0,1.0,1.0,0.0032175030999576754,0.0,0.3369818914911684,0.3369525446771188,9.548,0.0032172228965771307,0.0032172228965771307,0.3369525446771188,0.3369525446771188,0.0,0.0,0.0
RGI60-19.01936,0.048953125,0.02256210937500001,46.476664479710436,3.044065258226779e-06,,0.0,0.0,0.0,0.0,1.0,1.0,0.0029664941035613106,0.0,0.926450375877986,0.925499699657428,3.202,0.0029634500383030845,0.0029634500383030845,0.925499699657428,0.925499699657428,0.0,0.0,0.0
RGI60-19.01937,0.048953125,0.02256210937500001,46.93196833795815,1.246128474688034e-06,,0.0,0.0,1.565345871992003e-07,0.011107160899243702,1.0,1.0,0.0028892148581664947,0.002887968729691807,1.217536813386639,1.2170116855001292,2.373,0.002887968729691807,0.002887968729691807,1.2170116855001292,1.2170116855001292,0.0,0.0,0.0
RGI60-19.01938,0.048953125,0.02256210937500001,52.185173358635886,2.562694489021584e-06,,0.0,0.0,0.0,0.0,1.0,1.0,1.891294122953848e-05,0.0,0.013188940885312743,0.011401845704684024,1.4340000000000002,1.635024674051689e-05,1.635024674051689e-05,0.011401845704684024,0.011401845704684024,0.0,0.0,0.0
RGI60-19.01939,0.048953125,0.02256210937500001,45.82090130153039,2.8229060542168293e-06,,0.0,0.0,0.0,0.0,1.0,1.0,-1.4246852393204315e-05,0.0,-0.014419891086239188,-0.017277083448806827,0.988,-1.7069758447421145e-05,-1.7069758447421145e-05,-0.017277083448806827,-0.017277083448806827,0.0,0.0,0.0
RGI60-19.01940,0.048953125,0.02256210937500001,59.617053482366025,1.298886639308344e-05,,0.0,0.0,0.0,0.0,1.0,1.0,-0.0013121574797051385,0.0,-0.5508637614211329,-0.5563166860194048,2.382,-0.0013251463460982216,-0.0013251463460982216,-0.5563166860194048,-0.5563166860194048,0.0,0.0,0.0
RGI60-19.01942,0.048953125,0.02256210937500001,106.46014271838932,0.0001522692005911183,,0.0,0.0,0.0,0.0,1.0,1.0,0.00027144652281495984,0.0,0.3562290325655641,0.15640068533312534,0.762,0.00011917732222384152,0.00011917732222384152,0.15640068533312534,0.15640068533312534,0.0,0.0,0.0
RGI60-19.01943,0.048953125,0.02256210937500001,169.76484457903015,0.0003731363101405908,,0.0,0.0,0.0,0.0,1.0,0.0,0.0015609533609177901,0.0,0.8329527005964731,0.6338404753346849,1.874,0.0011878170507771994,0.0011878170507771994,0.6338404753346849,0.6338404753346849,0.0,0.0,0.0
RGI60-19.01944,0.048953125,0.02256210937500001,153.6432554444679,0.0016053662427885345,,0.0,0.0,0.0,0.0,1.0,1.0,0.010075351073744424,0.0,0.2789101725651762,0.2344697384275244,36.124,0.00846998483095589,0.00846998483095589,0.2344697384275244,0.2344697384275244,0.0,0.0,0.0
RGI60-19.01945,0.048953125,0.02256210937500001,38.679426269497775,0.0,,0.0,0.0,0.0,0.0,1.0,1.0,-1.1233501819157667e-05,0.0,-0.156020858599412,-0.156020858599412,0.07200000000000001,-1.1233501819157667e-05,-1.1233501819157667e-05,-0.156020858599412,-0.156020858599412,0.0,0.0,0.0
RGI60-19.01946,0.048953125,0.02256210937500001,26.773308324231554,7.13594516408108e-08,,0.0,0.0,0.0,0.0,1.0,1.0,-3.2050785789468414e-06,0.0,-0.15262278947365912,-0.156020858599412,0.021,-3.2764380305876517e-06,-3.2764380305876517e-06,-0.156020858599412,-0.156020858599412,0.0,0.0,0.0
RGI60-19.01947,0.048953125,0.02256210937500001,31.9788729263272,0.0,,0.0,0.0,0.0,0.0,1.0,1.0,-5.928792626777658e-06,0.0,-0.156020858599412,-0.156020858599412,0.038,-5.928792626777658e-06,-5.928792626777658e-06,-0.156020858599412,-0.156020858599412,0.0,0.0,0.0
RGI60-19.01948,0.048953125,0.02256210937500001,76.54205238144615,1.0931341001902523e-06,,0.0,0.0,0.0,0.0,1.0,1.0,-2.137386953812508e-05,0.0,-0.14842964957031302,-0.156020858599412,0.14400000000000002,-2.2467003638315333e-05,-2.2467003638315333e-05,-0.156020858599412,-0.156020858599412,0.0,0.0,0.0
RGI60-19.01949,0.048953125,0.02256210937500001,24.442809561528858,0.0,,0.0,0.0,0.0,0.0,1.0,1.0,-9.517272374564132e-06,0.0,-0.156020858599412,-0.156020858599412,0.061,-9.517272374564132e-06,-9.517272374564132e-06,-0.156020858599412,-0.156020858599412,0.0,0.0,0.0
RGI60-19.01950,0.048953125,0.02256210937500001,71.37436331769477,1.2125561756016905e-05,,0.0,0.0,0.0,0.0,1.0,1.0,-0.0021439969726426925,0.0,-0.29613217854180834,-0.2978069798893245,7.24,-0.0021561225343987088,-0.0021561225343987088,-0.2978069798893245,-0.2978069798893245,0.0,0.0,0.0
RGI60-19.01951,0.048953125,0.02256210937500001,44.60565823064615,0.0,,0.0,0.0,0.0,0.0,1.0,1.0,-0.0006646488576334953,0.0,-0.156020858599412,-0.156020858599412,4.26,-0.0006646488576334953,-0.0006646488576334953,-0.156020858599412,-0.156020858599412,0.0,0.0,0.0
RGI60-19.01952,0.048953125,0.02256210937500001,46.3221755989339,0.0,,0.0,0.0,0.0,0.0,1.0,1.0,-0.0013389710085001535,0.0,-0.156020858599412,-0.156020858599412,8.582,-0.0013389710085001535,-0.0013389710085001535,-0.156020858599412,-0.156020858599412,0.0,0.0,0.0
RGI60-19.01953,0.048953125,0.02256210937500001,247.82183886518342,0.00034829761980505354,,0.0,0.0,0.0,0.0,1.0,0.0,-0.0007976755866076278,0.0,-0.10860116904120186,-0.156020858599412,7.345,-0.001145973206412681,-0.001145973206412681,-0.156020858599412,-0.156020858599412,0.0,0.0,0.0
RGI60-19.01954,0.048953125,0.02256210937500001,96.58055380455244,3.0403770768838646e-05,,0.0,0.0,0.0,0.0,1.0,1.0,-0.00013437175813421016,0.0,-0.025210461188407158,-0.0309147333776827,5.33,-0.00016477552890304878,-0.00016477552890304878,-0.0309147333776827,-0.0309147333776827,0.0,0.0,0.0
RGI60-19.01955,0.048953125,0.02256210937500001,85.74003531959212,3.8490406559678636e-06,,0.0,0.0,0.0,0.0,1.0,1.0,-0.0002664175864289075,0.0,-0.4989093378818493,-0.5061172791851599,0.534,-0.0002702666270848754,-0.0002702666270848754,-0.5061172791851599,-0.5061172791851599,0.0,0.0,0.0
RGI60-19.01956,0.048953125,0.02256210937500001,106.80245973773887,1.416814885954606e-05,,0.0,0.0,0.0,0.0,1.0,1.0,-0.0008150449714495481,0.0,-0.1434433247887272,-0.1459368391955463,5.682,-0.000829213120309094,-0.000829213120309094,-0.1459368391955463,-0.1459368391955463,0.0,0.0,0.0
RGI60-19.01957,0.048953125,0.02256210937500001,251.0944169468972,9.95234501268327e-05,,0.0,0.0,0.0,0.0,1.0,0.0,0.00020956197811656944,0.0,0.10070253633665037,0.05287771647752848,2.081,0.00011003852798973676,0.00011003852798973676,0.05287771647752848,0.05287771647752848,0.0,0.0,0.0
RGI60-19.01958,0.048953125,0.02256210937500001,107.65958429441936,7.476061611013775e-06,,0.0,0.0,0.0,0.0,1.0,1.0,0.0001210975364146018,0.0,0.23243289139079046,0.21808344492051449,0.521,0.00011362147480358804,0.00011362147480358804,0.21808344492051449,0.21808344492051449,0.0,0.0,0.0
RGI60-19.01959,0.048953125,0.02256210937500001,169.80622158554934,0.003119198225621813,,0.0,0.0,0.0,0.0,1.0,1.0,-0.0030237802186046103,0.0,-0.14618933565096742,-0.2969918025636445,20.684,-0.0061429784442264225,-0.0061429784442264225,-0.2969918025636445,-0.2969918025636445,0.0,0.0,0.0
RGI60-19.01960,0.048953125,0.02256210937500001,57.19678362141365,9.029945543177087e-06,,0.0,0.0,0.0,0.0,1.0,1.0,-1.0035946944415621e-05,0.0,-0.002018492949399763,-0.0038346525518086713,4.972,-1.9065892487592708e-05,-1.9065892487592708e-05,-0.0038346525518086713,-0.0038346525518086713,0.0,0.0,0.0
RGI60-19.01961,0.048953125,0.02256210937500001,113.98204207828549,7.297049988972315e-05,,0.0,0.0,0.0,0.0,1.0,1.0,-5.599265139001876e-05,0.0,-0.04078124646031956,-0.09392800530206984,1.3730000000000002,-0.00012896315127974186,-0.00012896315127974186,-0.09392800530206984,-0.09392800530206984,0.0,0.0,0.0
RGI60-19.01962,0.048953125,0.02256210937500001,69.74819940015928,1.6880199847062125e-05,,0.0,0.0,0.0,0.0,1.0,1.0,-0.00019998879360612055,0.0,-0.14387682993246084,-0.156020858599412,1.39,-0.0002168689934531827,-0.0002168689934531827,-0.156020858599412,-0.156020858599412,0.0,0.0,0.0
RGI60-19.01963,0.048953125,0.02256210937500001,24.5277129388709,0.0,,0.0,0.0,0.0,0.0,1.0,1.0,-0.00017084284016635615,0.0,-0.156020858599412,-0.156020858599412,1.095,-0.00017084284016635615,-0.00017084284016635615,-0.156020858599412,-0.156020858599412,0.0,0.0,0.0
RGI60-19.01964,0.048953125,0.02256210937500001,42.053992153051546,1.389498952413812e-06,,0.0,0.0,0.0,0.0,1.0,1.0,-0.0004268877579029722,0.0,-0.1555146659027221,-0.156020858599412,2.745,-0.00042827725685538594,-0.00042827725685538594,-0.156020858599412,-0.156020858599412,0.0,0.0,0.0
RGI60-19.01965,0.048953125,0.02256210937500001,47.299707192793036,2.3568605475334977e-06,,0.0,0.0,0.0,0.0,1.0,1.0,-0.005806359284993542,0.0,-0.6123559676221833,-0.6126045291648465,9.482,-0.005808716145541076,-0.005808716145541076,-0.6126045291648465,-0.6126045291648465,0.0,0.0,0.0
RGI60-19.01966,0.048953125,0.02256210937500001,113.18899206722692,0.0001411084997822179,,0.0,0.0,0.0,0.0,1.0,1.0,-0.0018853265479265235,0.0,-0.7911567553195651,-0.8503714006331269,2.383,-0.0020264350477087415,-0.0020264350477087415,-0.8503714006331269,-0.8503714006331269,0.0,0.0,0.0
RGI60-19.01967,0.048953125,0.02256210937500001,138.91691564122928,0.00011824634882393357,,0.0,0.0,0.0,0.0,1.0,1.0,-0.0004523062573744639,0.0,-1.212617311995882,-1.5296316520064277,0.373,-0.0005705526061983975,-0.0005705526061983975,-1.5296316520064277,-1.5296316520064277,0.0,0.0,0.0
RGI60-19.01968,0.048953125,0.02256210937500001,187.932083966025,8.62958690569037e-06,,0.0,0.0,0.0,0.0,1.0,0.0,-0.0009953565212880882,0.0,-1.0913996943948336,-1.1008619607387924,0.912,-0.0010039861081937783,-0.0010039861081937783,-1.1008619607387924,-1.1008619607387924,0.0,0.0,0.0
RGI60-19.01969,0.048953125,0.02256210937500001,42.50822042605814,0.0,,0.0,0.0,0.0,0.0,1.0,1.0,-0.002513007581589722,0.0,-1.8289720390027089,-1.8289720390027089,1.374,-0.002513007581589722,-0.002513007581589722,-1.8289720390027089,-1.8289720390027089,0.0,0.0,0.0
RGI60-19.01970,0.048953125,0.02256210937500001,235.9517583262638,0.005412262489636688,,0.0,0.0,0.0,0.0,1.0,1.0,-0.015175693784097152,0.0,-0.7308656224281039,-0.9915216853079292,20.764,-0.020587956273733842,-0.020587956273733842,-0.9915216853079292,-0.9915216853079292,0.0,0.0,0.0
RGI60-19.01971,0.048953125,0.02256210937500001,336.1829051886295,0.0016035472311408526,,0.0,0.0,0.0,0.0,1.0,0.0,-0.01050435092368117,0.0,-1.0059711667957452,-1.1595382258975315,10.442,-0.012107898154822024,-0.012107898154822024,-1.1595382258975315,-1.1595382258975315,0.0,0.0,0.0
RGI60-19.01974,0.048953125,0.02256210937500001,188.13340297249405,0.0002865788943105962,,0.0,0.0,0.0,0.0,1.0,0.0,5.035674706781321e-05,0.0,0.01835827454167452,-0.08611817252744547,2.7430000000000003,-0.0002362221472427829,-0.0002362221472427829,-0.08611817252744547,-0.08611817252744547,0.0,0.0,0.0
RGI60-19.01975,0.048953125,0.02256210937500001,845.1465137034935,0.015055606389344162,,0.0,0.0,0.0,0.0,1.0,0.0,-0.0035961770940523678,0.0,-0.11301980244672576,-0.586183836179532,31.819000000000006,-0.01865178348339653,-0.01865178348339653,-0.586183836179532,-0.586183836179532,0.0,0.0,0.0
RGI60-19.01976,0.048953125,0.02256210937500001,130.2603084702919,0.0003635037694037503,,0.0,0.0,0.0,0.0,1.0,1.0,0.0017970387736230913,0.0,0.08305397114309249,0.06625387087948152,21.637,0.0014335350042193413,0.0014335350042193413,0.06625387087948152,0.06625387087948152,0.0,0.0,0.0
RGI60-19.01978,0.048953125,0.02256210937500001,242.65679952362254,0.0041706469459720725,,0.0,0.0,0.0,0.0,1.0,1.0,-0.008060293842626229,0.0,-0.3213320779232272,-0.4875992979029782,25.084,-0.012230940788598304,-0.012230940788598304,-0.4875992979029782,-0.4875992979029782,0.0,0.0,0.0
RGI60-19.01979,0.048953125,0.02256210937500001,345.4932061338525,0.0004695564584399322,,0.0,0.0,0.0,0.0,1.0,0.0,-0.0016936414037342696,0.0,-0.31877308558898354,-0.407151865645436,5.313,-0.0021631978621742013,-0.0021631978621742013,-0.407151865645436,-0.407151865645436,0.0,0.0,0.0
RGI60-19.01980,0.048953125,0.02256210937500001,400.7623661834655,0.0015793054454135856,,0.0,0.0,0.0,0.0,1.0,0.0,0.0009621849296560502,0.0,0.16275117213397328,-0.1043843903514099,5.912000000000001,-0.0006171205157575353,-0.0006171205157575353,-0.1043843903514099,-0.1043843903514099,0.0,0.0,0.0
RGI60-19.01981,0.048953125,0.02256210937500001,423.69474060960295,0.004738838255429212,,0.0,0.0,0.0,0.0,1.0,0.0,0.007329245805384674,0.0,0.7250935699826548,0.2562730065250754,10.108,0.0025904075499554612,0.0025904075499554612,0.2562730065250754,0.2562730065250754,0.0,0.0,0.0
RGI60-19.01983,0.048953125,0.02256210937500001,47.85314196609136,7.797624649165617e-07,,0.0,0.0,0.0,0.0,1.0,1.0,-6.263730815510945e-05,0.0,-0.1265400164749686,-0.12811529418187073,0.495,-6.3417070620026e-05,-6.3417070620026e-05,-0.12811529418187073,-0.12811529418187073,0.0,0.0,0.0
RGI60-19.01984,0.048953125,0.02256210937500001,767.2399641227182,0.01110956029185539,,0.0,0.0,0.0,0.0,1.0,0.0,-0.00381729064019503,0.0,-0.178394739704413,-0.6975815932353686,21.398000000000003,-0.014926850932050418,-0.014926850932050418,-0.6975815932353686,-0.6975815932353686,0.0,0.0,0.0
RGI60-19.01985,0.048953125,0.02256210937500001,565.8017147477426,0.004097732410578774,,0.0,0.0,0.0,0.0,1.0,0.0,-0.0006416599530394835,0.0,-0.14596450251125648,-1.0781147323972378,4.396,-0.004739392363618257,-0.004739392363618257,-1.0781147323972378,-1.0781147323972378,0.0,0.0,0.0
RGI60-19.01986,0.048953125,0.02256210937500001,140.1894565685719,0.005324095631433632,,0.0,0.0,0.0,0.0,1.0,1.0,-0.057283347906461786,0.0,-0.6859870415719033,-0.7497448480677255,83.505,-0.06260744353789542,-0.06260744353789542,-0.7497448480677255,-0.7497448480677255,0.0,0.0,0.0
RGI60-19.01988,0.048953125,0.02256210937500001,128.7257446952236,0.002670493767684228,,0.0,0.0,0.0,0.0,1.0,1.0,0.0048657499551965095,0.0,0.07118352651885756,0.032115517336146315,68.355,0.0021952561875122813,0.0021952561875122813,0.032115517336146315,0.032115517336146315,0.0,0.0,0.0
RGI60-19.01989,0.048953125,0.02256210937500001,719.8543838617153,0.012437658720145288,,0.0,0.0,0.0,0.0,1.0,0.0,0.012135097402578048,0.0,0.5241037143723783,-0.013067345493963912,23.154,-0.00030256131756724043,-0.00030256131756724043,-0.013067345493963912,-0.013067345493963912,0.0,0.0,0.0
RGI60-19.01993,0.048953125,0.02256210937500001,317.00594099960387,0.0200111644812718,,0.0,0.0,0.0,0.0,1.0,0.0,0.027688967392825375,0.0,0.9610554091432224,0.2664885950350066,28.811,0.007677802911553577,0.007677802911553577,0.2664885950350066,0.2664885950350066,0.0,0.0,0.0
RGI60-19.01994,0.048953125,0.02256210937500001,196.23277353667302,0.003149373556276968,,0.0,0.0,0.0,0.0,1.0,0.0,0.009089858873509628,0.0,0.5767676950196464,0.3769343475401434,15.76,0.00594048531723266,0.00594048531723266,0.3769343475401434,0.3769343475401434,0.0,0.0,0.0
RGI60-19.01995,0.03696484375000001,0.02256210937500001,257.5831212688794,0.026229907549918257,,0.0,0.0,2.494752974354212e-05,0.004181494488375743,1.0,1.0,0.05354721714116693,0.027317309591248663,1.0971891062447123,0.5597350543244134,48.804,0.027317309591248663,0.027317309591248663,0.5597350543244134,0.5597350543244134,0.0,0.0,0.0
RGI60-19.01996,0.048953125,0.02256210937500001,461.6059497034392,0.035541612658104835,,0.0,0.0,0.0,0.0,1.0,0.0,0.031245070935089724,0.0,1.0699267518778797,-0.14712672406996266,29.203000000000007,-0.004296541723015118,-0.004296541723015118,-0.14712672406996266,-0.14712672406996266,0.0,0.0,0.0
RGI60-19.01997,0.04655546875,0.02256210937500001,296.5629210852083,0.0274605341330926,,0.0,0.0,2.231062714174429e-05,0.11000583633021728,1.0,0.0,0.033409734876358226,0.005949200743265629,1.087061068404966,0.1935706625647696,30.734,0.005949200743265629,0.005949200743265629,0.1935706625647696,0.1935706625647696,0.0,0.0,0.0
RGI60-19.01998,0.048953125,0.02256210937500001,86.99130479690052,5.809049321616198e-05,,0.0,0.0,0.0,0.0,1.0,0.0,-4.190421175707217e-06,0.0,-0.031040156857090495,-0.4613401066064384,0.135,-6.228091439186918e-05,-6.228091439186918e-05,-0.4613401066064384,-0.4613401066064384,0.0,0.0,0.0
RGI60-19.01999,0.048953125,0.02256210937500001,755.8834624586482,0.06640126435703933,,0.0,0.0,0.0,0.0,1.0,0.0,-0.014846221927417531,0.0,-0.2545212056817681,-1.3928936445132327,58.33,-0.08124748628445687,-0.08124748628445687,-1.3928936445132327,-1.3928936445132327,0.0,0.0,0.0
RGI60-19.02000,0.048953125,0.02256210937500001,85.8136393877084,8.880414525536363e-05,,0.0,0.0,0.0,0.0,1.0,1.0,-0.0010293973483266221,0.0,-0.14363015882888547,-0.156020858599412,7.167000000000002,-0.001118201493581986,-0.001118201493581986,-0.156020858599412,-0.156020858599412,0.0,0.0,0.0
RGI60-19.02001,0.048953125,0.02256210937500001,640.5140972003389,0.0046245002244428065,,0.0,0.0,0.0,0.0,1.0,0.0,0.0014530642316925575,0.0,0.07148444097469167,-0.156020858599412,20.327,-0.003171435992750248,-0.003171435992750248,-0.156020858599412,-0.156020858599412,0.0,0.0,0.0
RGI60-19.02002,0.048953125,0.02256210937500001,792.766142281762,0.03591429802426276,,0.0,0.0,0.0,0.0,1.0,0.0,0.046642700086637214,0.0,0.95681258896031,0.2200788147693124,48.74800000000001,0.010728402062374444,0.010728402062374444,0.2200788147693124,0.2200788147693124,0.0,0.0,0.0
RGI60-19.02003,0.00579531250000001,0.00479531250000001,226.02630800669903,0.0005539405626096152,,0.0,0.0,4.773365760936493e-05,0.00710289982076923,1.0,0.0,0.014323762860564996,0.01376982229795538,1.1026761247548111,1.0600325094653873,12.99,0.01376982229795538,0.01376982229795538,1.0600325094653873,1.0600325094653873,0.0,0.0,0.0
RGI60-19.02004,0.048953125,0.02256210937500001,320.24774416622347,0.0014799060757293685,,0.0,0.0,0.0,0.0,1.0,0.0,0.0008592551002209075,0.0,0.21600178487202296,-0.156020858599412,3.978,-0.0006206509755084608,-0.0006206509755084608,-0.156020858599412,-0.156020858599412,0.0,0.0,0.0
RGI60-19.02005,0.048953125,0.02256210937500001,739.1654964681442,0.0057769701215106255,,0.0,0.0,0.0,0.0,1.0,0.0,-0.005730386921694116,0.0,-0.5737846121652264,-1.1522336080108884,9.987,-0.011507357043204743,-0.011507357043204743,-1.1522336080108884,-1.1522336080108884,0.0,0.0,0.0
RGI60-19.02006,0.048953125,0.02256210937500001,768.9057153915152,0.013933466885521969,,0.0,0.0,0.0,0.0,1.0,0.0,0.006694449866050657,0.0,0.5785541324043434,-0.6256172344197831,11.571,-0.0072390170194713095,-0.0072390170194713095,-0.6256172344197831,-0.6256172344197831,0.0,0.0,0.0
RGI60-19.02007,0.048953125,0.02256210937500001,582.4156507571297,0.004383523539504952,,0.0,0.0,0.0,0.0,1.0,0.0,0.0036756569040394213,0.0,0.8101514004935906,-0.156020858599412,4.537,-0.0007078666354655322,-0.0007078666354655322,-0.156020858599412,-0.156020858599412,0.0,0.0,0.0
RGI60-19.02008,0.048953125,0.02256210937500001,348.54365297176753,0.006207759737083124,,0.0,0.0,0.0,0.0,1.0,0.0,-0.042160401327214735,0.0,-1.6054377718752046,-1.841824799676245,26.261,-0.048368161064297865,-0.048368161064297865,-1.841824799676245,-1.841824799676245,0.0,0.0,0.0
RGI60-19.02009,0.041760156250000006,0.02256210937500001,505.0635720664535,0.002287359497789185,,0.0,0.0,1.1311318479677498e-05,0.009152040641170995,1.0,0.0,0.007908708488532245,0.005621348990743061,1.0917598686543686,0.7760006889485175,7.244,0.005621348990743061,0.005621348990743061,0.7760006889485175,0.7760006889485175,0.0,0.0,0.0
RGI60-19.02010,0.048953125,0.02256210937500001,98.46160656499345,0.0004116479041461178,,0.0,0.0,8.747044936125577e-06,0.005963132745704139,1.0,1.0,0.02155200123965788,0.021140353335511758,2.469860330008925,2.422685461323832,8.726,0.021140353335511758,0.021140353335511758,2.422685461323832,2.422685461323832,0.0,0.0,0.0
RGI60-19.02011,0.048953125,0.02256210937500001,284.94516742589354,0.00042240504331000363,,0.0,0.0,0.0,0.0,1.0,0.0,6.418115196575366e-05,0.0,0.02795346339971849,-0.156020858599412,2.296,-0.00035822389134424994,-0.00035822389134424994,-0.156020858599412,-0.156020858599412,0.0,0.0,0.0
RGI60-19.02012,0.048953125,0.02256210937500001,88.89668829813691,7.30197066583492e-05,,0.0,0.0,0.0,0.0,1.0,1.0,-0.0006162804466338528,0.0,-0.1394930843444665,-0.156020858599412,4.418,-0.0006893001532922023,-0.0006893001532922023,-0.156020858599412,-0.156020858599412,0.0,0.0,0.0
RGI60-19.02013,0.048953125,0.02256210937500001,57.59255296841446,0.00016658568808973538,,0.0,0.0,0.0,0.0,1.0,1.0,-0.010129470384345243,0.0,-1.014671980801888,-1.0313589174030835,9.983,-0.01029605607243498,-0.01029605607243498,-1.0313589174030835,-1.0313589174030835,0.0,0.0,0.0
RGI60-19.02014,0.048953125,0.02256210937500001,92.55534348805449,5.65716629053322e-06,,0.0,0.0,0.0,0.0,1.0,1.0,-0.00025770604302527433,0.0,-0.1526694567685274,-0.156020858599412,1.6880000000000002,-0.00026336320931580754,-0.00026336320931580754,-0.156020858599412,-0.156020858599412,0.0,0.0,0.0
RGI60-19.02015,0.048953125,0.02256210937500001,50.003956434926046,6.891598791153806e-06,,0.0,0.0,0.0,0.0,1.0,1.0,-0.0009654303920003817,0.0,-0.15491501797181992,-0.156020858599412,6.232,-0.0009723219907915356,-0.0009723219907915356,-0.156020858599412,-0.156020858599412,0.0,0.0,0.0
RGI60-19.02016,0.048953125,0.02256210937500001,569.2522958147845,0.0032453514052959358,,0.0,0.0,0.0,0.0,1.0,0.0,0.002430454460831207,0.0,0.4653368678596988,-0.156020858599412,5.223,-0.0008148969444647289,-0.0008148969444647289,-0.156020858599412,-0.156020858599412,0.0,0.0,0.0
RGI60-19.02017,0.048953125,0.02256210937500001,710.265288139684,0.012082395120706548,,0.0,0.0,0.0,0.0,1.0,0.0,-0.030109012992604774,0.0,-1.8600737006613195,-2.6064995436653686,16.187,-0.042191408113311325,-0.042191408113311325,-2.6064995436653686,-2.6064995436653686,0.0,0.0,0.0
RGI60-19.02018,0.048953125,0.02256210937500001,767.2399641227182,0.009928346026907358,,0.0,0.0,0.0,0.0,1.0,0.0,-0.029947998112276355,0.0,-2.6075749335895826,-3.4720369298375022,11.485,-0.039876344139183714,-0.039876344139183714,-3.4720369298375022,-3.4720369298375022,0.0,0.0,0.0
RGI60-19.02019,0.048953125,0.02256210937500001,337.62757545154074,0.006666992948361048,,0.0,0.0,0.0,0.0,1.0,0.0,-0.018347265554605082,0.0,-1.2180352887608763,-1.6606425348845602,15.063,-0.025014258502966125,-0.025014258502966125,-1.6606425348845602,-1.6606425348845602,0.0,0.0,0.0
RGI60-19.02025,0.02737421875000001,0.02256210937500001,459.6672597469731,0.0011741792012077282,,0.0,0.0,8.324479283170172e-06,0.00020546158347361322,1.0,0.0,0.0022957302744912554,0.0011215510732835276,1.0952911614939196,0.5350911609177135,2.096,0.0011215510732835276,0.0011215510732835276,0.5350911609177135,0.5350911609177135,0.0,0.0,0.0
RGI60-19.02026,0.020181250000000008,0.019181250000000007,603.6830062625638,0.0027555417406498893,,0.0,0.0,2.26851075576228e-05,0.0009027891607444664,1.0,0.0,0.0036329674021630906,0.0008774256615132012,0.9872194027617096,0.2384308862807612,3.68,0.0008774256615132012,0.0008774256615132012,0.2384308862807612,0.2384308862807612,0.0,0.0,0.0
RGI60-19.02032,0.048953125,0.02256210937500001,338.65695235973686,0.0004816296140796412,,0.0,0.0,0.0,0.0,1.0,0.0,-0.0013209315782963585,0.0,-1.258030074567961,-1.71672494512,1.05,-0.0018025611923760002,-0.0018025611923760002,-1.71672494512,-1.71672494512,0.0,0.0,0.0
RGI60-19.02034,0.048953125,0.02256210937500001,26.13961943120353,0.0,,0.0,0.0,0.0,0.0,1.0,1.0,-0.00010999470531258547,0.0,-0.156020858599412,-0.156020858599412,0.705,-0.00010999470531258547,-0.00010999470531258547,-0.156020858599412,-0.156020858599412,0.0,0.0,0.0
RGI60-19.02035,0.048953125,0.02256210937500001,49.69401817546035,0.0,,0.0,0.0,0.0,0.0,1.0,1.0,0.000656869480363505,0.0,0.9317297593808582,0.9317297593808582,0.705,0.000656869480363505,0.000656869480363505,0.9317297593808582,0.9317297593808582,0.0,0.0,0.0
RGI60-19.02036,0.048953125,0.02256210937500001,25.84131509648265,0.0,,0.0,0.0,0.0,0.0,1.0,1.0,-3.4636630609069464e-05,0.0,-0.156020858599412,-0.156020858599412,0.222,-3.4636630609069464e-05,-3.4636630609069464e-05,-0.156020858599412,-0.156020858599412,0.0,0.0,0.0
RGI60-19.02038,0.048953125,0.02256210937500001,53.950875941885045,1.235994211063965e-06,,0.0,0.0,0.0,0.0,1.0,1.0,-0.00018224453550184453,0.0,-0.1549698431138134,-0.156020858599412,1.176,-0.00018348052971290852,-0.00018348052971290852,-0.156020858599412,-0.156020858599412,0.0,0.0,0.0
RGI60-19.02039,0.048953125,0.02256210937500001,121.01536777593726,5.387966372691432e-06,,0.0,0.0,0.0,0.0,1.0,1.0,-0.0003233479826962696,0.0,-0.15346368424122908,-0.156020858599412,2.107,-0.00032873594906896104,-0.00032873594906896104,-0.156020858599412,-0.156020858599412,0.0,0.0,0.0
RGI60-19.02040,0.048953125,0.02256210937500001,43.600993739425896,0.0,,0.0,0.0,0.0,0.0,1.0,1.0,6.979572064821046e-05,0.0,0.16307411366404315,0.16307411366404315,0.428,6.979572064821046e-05,6.979572064821046e-05,0.16307411366404315,0.16307411366404315,0.0,0.0,0.0
RGI60-19.02043,0.048953125,0.02256210937500001,97.86543242005449,4.586077704701027e-06,,0.0,0.0,6.586143382485403e-08,0.001892076586991423,1.0,1.0,0.0006637279771416558,0.0006591418994369547,1.5878659740231005,1.5768944962606577,0.418,0.0006591418994369547,0.0006591418994369547,1.5768944962606577,1.5768944962606577,0.0,0.0,0.0
RGI60-19.02045,0.048953125,0.02256210937500001,94.16712519360507,0.00021710450961769605,,0.0,0.0,0.0,0.0,1.0,1.0,0.00535940300484558,0.0,0.957036250865282,0.9182675884335506,5.6,0.005142298495227883,0.005142298495227883,0.9182675884335506,0.9182675884335506,0.0,0.0,0.0
RGI60-19.02048,0.048953125,0.02256210937500001,118.10339915917909,0.0005026190976010323,,0.0,0.0,0.0,0.0,1.0,1.0,0.00589009524144991,0.0,0.7642526588101608,0.6990367385297621,7.707000000000002,0.0053874761438488785,0.0053874761438488785,0.6990367385297621,0.6990367385297621,0.0,0.0,0.0
RGI60-19.02050,0.048953125,0.02256210937500001,79.16664438458591,9.82200812874473e-07,,0.0,0.0,0.0,0.0,1.0,1.0,-0.00048404929103229745,0.0,-0.5748803931499971,-0.5760469024289453,0.8420000000000001,-0.000485031491845172,-0.000485031491845172,-0.5760469024289453,-0.5760469024289453,0.0,0.0,0.0
RGI60-19.02051,0.048953125,0.02256210937500001,88.02743120551493,0.00010573429070587024,,0.0,0.0,0.0,0.0,1.0,1.0,0.000824197049101154,0.0,0.21792624249105075,0.18996900010451712,3.782,0.0007184627583952836,0.0007184627583952836,0.18996900010451712,0.18996900010451712,0.0,0.0,0.0
RGI60-19.02053,0.048953125,0.02256210937500001,55.400867505615395,3.8634194096165207e-07,,0.0,0.0,0.0,0.0,1.0,1.0,-9.179703032389814e-05,0.0,-0.0920732500741205,-0.09246075452844513,0.997,-9.218337226485976e-05,-9.218337226485976e-05,-0.09246075452844513,-0.09246075452844513,0.0,0.0,0.0
RGI60-19.02054,0.048953125,0.02256210937500001,90.63662552439258,3.578984900091626e-06,,0.0,0.0,0.0,0.0,1.0,1.0,-0.00041867125402202587,0.0,-0.39797647720724894,-0.4013785541084768,1.052,-0.00042225023892211765,-0.00042225023892211765,-0.4013785541084768,-0.4013785541084768,0.0,0.0,0.0
RGI60-19.02055,0.048953125,0.02256210937500001,107.21626354538601,0.00010950561794794759,,0.0,0.0,0.0,0.0,1.0,1.0,0.0014505665325505485,0.0,0.9316419605334288,0.8613107993594097,1.557,0.0013410609146026007,0.0013410609146026007,0.8613107993594097,0.8613107993594097,0.0,0.0,0.0
RGI60-19.02056,0.048953125,0.02256210937500001,45.07392231196489,5.930475994464526e-07,,0.0,0.0,0.0,0.0,1.0,1.0,0.00021128428645891424,0.0,0.10438946959432524,0.10409646188708883,2.024,0.0002106912388594678,0.0002106912388594678,0.10409646188708883,0.10409646188708883,0.0,0.0,0.0
RGI60-19.02057,0.048953125,0.02256210937500001,47.59014874753794,4.3133643848552113e-07,,0.0,0.0,0.0,0.0,1.0,1.0,-0.00060529078018213,0.0,-0.4784907353218418,-0.4788317127435695,1.265,-0.0006057221166206152,-0.0006057221166206152,-0.4788317127435695,-0.4788317127435695,0.0,0.0,0.0
RGI60-19.02058,0.048953125,0.02256210937500001,142.76128725755356,3.2029258150927536e-05,,0.0,0.0,0.0,0.0,1.0,1.0,-0.0007455639891876813,0.0,-0.6427275768859321,-0.6703390063263869,1.16,-0.0007775932473386088,-0.0007775932473386088,-0.6703390063263869,-0.6703390063263869,0.0,0.0,0.0
RGI60-19.02060,0.048953125,0.02256210937500001,298.1200531556712,0.00023036266349701827,,0.0,0.0,0.0,0.0,1.0,0.0,0.0027243600498168897,0.0,0.8572561516100976,0.7847694733542706,3.178,0.002493997386319872,0.002493997386319872,0.7847694733542706,0.7847694733542706,0.0,0.0,0.0
RGI60-19.02065,0.048953125,0.02256210937500001,206.0946424528891,0.0002935160677649716,,0.0,0.0,0.0,0.0,1.0,0.0,0.0012963167276122426,0.0,0.4043408383070002,0.3127887273385125,3.2060000000000004,0.001002800659847271,0.001002800659847271,0.3127887273385125,0.3127887273385125,0.0,0.0,0.0
RGI60-19.02067,0.048953125,0.02256210937500001,346.7785168198905,0.0062997974578868614,,0.0,0.0,0.0,0.0,1.0,0.0,0.0013510218815625838,0.0,0.09328973080807784,-0.3417190703165501,14.482,-0.004948775576324279,-0.004948775576324279,-0.3417190703165501,-0.3417190703165501,0.0,0.0,0.0
RGI60-19.02068,0.048953125,0.02256210937500001,216.59877381721543,0.0061081377559972965,,0.0,0.0,0.0,0.0,1.0,1.0,-0.002382076786881966,0.0,-0.15311928950838632,-0.5457488296509135,15.557,-0.008490214542879262,-0.008490214542879262,-0.5457488296509135,-0.5457488296509135,0.0,0.0,0.0
RGI60-19.02103,0.048953125,0.02256210937500001,296.904661777067,0.004139428956990276,,0.0,0.0,0.0,0.0,1.0,0.0,-0.011276742237450451,0.0,-1.2630759674563679,-1.7267216839651356,8.927999999999997,-0.015416171194440728,-0.015416171194440728,-1.7267216839651356,-1.7267216839651356,0.0,0.0,0.0
RGI60-19.02104,0.048953125,0.02256210937500001,266.1978020572412,0.021704490909371186,,0.0,0.0,0.0,0.0,1.0,1.0,-0.001123968903819936,0.0,-0.02421824830467434,-0.4918866583320647,46.41,-0.022828459813191124,-0.022828459813191124,-0.4918866583320647,-0.4918866583320647,0.0,0.0,0.0
RGI60-19.02105,0.048953125,0.02256210937500001,421.6640091163046,0.020941440439931708,,0.0,0.0,0.0,0.0,1.0,0.0,0.006004869693228695,0.0,0.18456078476852394,-0.4590782747326965,32.536,-0.014936570746703015,-0.014936570746703015,-0.4590782747326965,-0.4590782747326965,0.0,0.0,0.0
RGI60-19.02106,0.048953125,0.02256210937500001,193.93754915353688,0.005943840085402843,,0.0,0.0,0.0,0.0,1.0,1.0,0.02451908196966443,0.0,0.8316627762588844,0.6300536559345222,29.482,0.018575241884261587,0.018575241884261587,0.6300536559345222,0.6300536559345222,0.0,0.0,0.0
RGI60-19.02107,0.048953125,0.02256210937500001,106.91722650956552,0.00024820411306002903,,0.0,0.0,0.0,0.0,1.0,1.0,-0.00012530982242696333,0.0,-0.05234328422178919,-0.156020858599412,2.394,-0.0003735139354869924,-0.0003735139354869924,-0.156020858599412,-0.156020858599412,0.0,0.0,0.0
RGI60-19.02108,0.048953125,0.02256210937500001,78.54782255170917,6.654622819560092e-05,,0.0,0.0,0.0,0.0,1.0,1.0,-0.0005068304271572382,0.0,-0.1379130414033301,-0.156020858599412,3.675,-0.0005733766553528392,-0.0005733766553528392,-0.156020858599412,-0.156020858599412,0.0,0.0,0.0
RGI60-19.02109,0.048953125,0.02256210937500001,442.3485365806269,0.0005232343114106418,,0.0,0.0,0.0,0.0,1.0,0.0,-9.460828864302979e-05,0.0,-0.02389098198056308,-0.156020858599412,3.96,-0.0006178426000536715,-0.0006178426000536715,-0.156020858599412,-0.156020858599412,0.0,0.0,0.0
RGI60-19.02110,0.048953125,0.02256210937500001,279.80267253850985,0.00024577730236566763,,0.0,0.0,0.0,0.0,1.0,0.0,-0.0002915585346507073,0.0,-0.08465694966629131,-0.156020858599412,3.444,-0.0005373358370163749,-0.0005373358370163749,-0.156020858599412,-0.156020858599412,0.0,0.0,0.0
RGI60-19.02111,0.048953125,0.02256210937500001,767.2399641227182,0.0018291252339011684,,0.0,0.0,0.0,0.0,1.0,0.0,0.0014503065892217965,0.0,0.5973256133532934,-0.156020858599412,2.428,-0.0003788186446793724,-0.0003788186446793724,-0.156020858599412,-0.156020858599412,0.0,0.0,0.0
RGI60-19.02112,0.048953125,0.02256210937500001,767.2399641227183,0.005615338670017682,,0.0,0.0,0.0,0.0,1.0,0.0,0.0044534513360278615,0.0,0.5980195160504715,-0.156020858599412,7.447,-0.0011618873339898214,-0.0011618873339898214,-0.156020858599412,-0.156020858599412,0.0,0.0,0.0
RGI60-19.02113,0.048953125,0.02256210937500001,419.06473729783363,0.0015916910396180685,,0.0,0.0,0.0,0.0,1.0,0.0,0.0007262433369671298,0.0,0.13092542580983044,-0.156020858599412,5.5470000000000015,-0.0008654477026509385,-0.0008654477026509385,-0.156020858599412,-0.156020858599412,0.0,0.0,0.0
RGI60-19.02114,0.048953125,0.02256210937500001,235.1273021801691,0.00037386137490134745,,0.0,0.0,0.0,0.0,1.0,0.0,-0.0005582072343715399,0.0,-0.09343944331629392,-0.156020858599412,5.974,-0.0009320686092728873,-0.0009320686092728873,-0.156020858599412,-0.156020858599412,0.0,0.0,0.0
RGI60-19.02115,0.048953125,0.02256210937500001,52.87320056711946,8.013388044035438e-07,,0.0,0.0,0.0,0.0,1.0,1.0,-0.00019718913075825032,0.0,-0.15538938594030755,-0.156020858599412,1.269,-0.00019799046956265384,-0.00019799046956265384,-0.156020858599412,-0.156020858599412,0.0,0.0,0.0
RGI60-19.02116,0.048953125,0.02256210937500001,334.68733219385206,0.0003025002969875064,,0.0,0.0,0.0,0.0,1.0,0.0,-0.00018849734502484318,0.0,-0.05989747220363624,-0.156020858599412,3.147,-0.0004909976420123496,-0.0004909976420123496,-0.156020858599412,-0.156020858599412,0.0,0.0,0.0
RGI60-19.02117,0.048953125,0.02256210937500001,75.26610642528081,1.5082861851104981e-05,,0.0,0.0,0.0,0.0,1.0,1.0,-0.0004780990721816363,0.0,-0.15124931103500044,-0.156020858599412,3.161,-0.0004931819340327413,-0.0004931819340327413,-0.156020858599412,-0.156020858599412,0.0,0.0,0.0
RGI60-19.02118,0.048953125,0.02256210937500001,41.145682029546926,0.0,,0.0,0.0,0.0,0.0,1.0,1.0,-0.001529160435132837,0.0,-0.156020858599412,-0.156020858599412,9.801,-0.001529160435132837,-0.001529160435132837,-0.156020858599412,-0.156020858599412,0.0,0.0,0.0
RGI60-19.02119,0.048953125,0.02256210937500001,59.4578411556511,4.778548214227937e-07,,0.0,0.0,0.0,0.0,1.0,1.0,-0.00018315869575008515,0.0,-0.15561486469845806,-0.156020858599412,1.177,-0.00018363655057150797,-0.00018363655057150797,-0.156020858599412,-0.156020858599412,0.0,0.0,0.0
RGI60-19.02120,0.048953125,0.02256210937500001,96.604497767842,2.0140763463283674e-06,,0.0,0.0,0.0,0.0,1.0,1.0,-9.063404614229885e-06,0.0,-0.12765358611591388,-0.156020858599412,0.071,-1.1077480960558251e-05,-1.1077480960558251e-05,-0.156020858599412,-0.156020858599412,0.0,0.0,0.0
RGI60-19.02121,0.048953125,0.02256210937500001,90.525819230217,7.470577461477171e-06,,0.0,0.0,0.0,0.0,1.0,1.0,-0.0005006893589968077,0.0,-0.15372715965514513,-0.156020858599412,3.257,-0.0005081599364582847,-0.0005081599364582847,-0.156020858599412,-0.156020858599412,0.0,0.0,0.0
RGI60-19.02122,0.048953125,0.02256210937500001,358.7406947149865,0.001361241291331051,,0.0,0.0,0.0,0.0,1.0,0.0,0.004569362603950891,0.0,0.6930627338011361,0.4865950724434763,6.593,0.0032081213126198393,0.0032081213126198393,0.4865950724434763,0.4865950724434763,0.0,0.0,0.0
RGI60-19.02123,0.048953125,0.02256210937500001,767.2399641227182,0.008913796982076108,,0.0,0.0,0.0,0.0,1.0,0.0,0.007505864754075011,0.0,0.8317669275349082,-0.156020858599412,9.024,-0.001407932228001094,-0.001407932228001094,-0.156020858599412,-0.156020858599412,0.0,0.0,0.0
RGI60-19.02124,0.048953125,0.02256210937500001,202.2927605681772,0.0009135256063112383,,0.0,0.0,0.0,0.0,1.0,1.0,-0.0011471978940697956,0.0,-0.08685629119244362,-0.156020858599412,13.208,-0.002060723500381034,-0.002060723500381034,-0.156020858599412,-0.156020858599412,0.0,0.0,0.0
RGI60-19.02125,0.048953125,0.02256210937500001,43.78171914956079,0.0,,0.0,0.0,0.0,0.0,1.0,1.0,-0.0009184947945747383,0.0,-0.156020858599412,-0.156020858599412,5.8870000000000005,-0.0009184947945747383,-0.0009184947945747383,-0.156020858599412,-0.156020858599412,0.0,0.0,0.0
RGI60-19.02126,0.048953125,0.02256210937500001,54.16716401714653,1.1997608490947835e-06,,0.0,0.0,0.0,0.0,1.0,1.0,-0.0015011250866046435,0.0,-0.15589625990286046,-0.156020858599412,9.629,-0.0015023248474537382,-0.0015023248474537382,-0.156020858599412,-0.156020858599412,0.0,0.0,0.0
RGI60-19.02127,0.048953125,0.02256210937500001,72.24162193687916,2.694270285453298e-06,,0.0,0.0,0.0,0.0,1.0,1.0,-0.00039593902343604433,0.0,-0.15496634968142636,-0.156020858599412,2.555,-0.00039863329372149766,-0.00039863329372149766,-0.156020858599412,-0.156020858599412,0.0,0.0,0.0
RGI60-19.02128,0.048953125,0.02256210937500001,90.42450105639551,6.012927278248968e-06,,0.0,0.0,0.0,0.0,1.0,1.0,-0.0010483760351365774,0.0,-0.15513110907614344,-0.156020858599412,6.757999999999999,-0.001054388962414826,-0.001054388962414826,-0.156020858599412,-0.156020858599412,0.0,0.0,0.0
RGI60-19.02129,0.048953125,0.02256210937500001,59.788529432711925,1.0524692966312738e-06,,0.0,0.0,0.0,0.0,1.0,1.0,-0.0005888623970677455,0.0,-0.1557425012080787,-0.156020858599412,3.781,-0.0005899148663643768,-0.0005899148663643768,-0.156020858599412,-0.156020858599412,0.0,0.0,0.0
RGI60-19.02130,0.048953125,0.02256210937500001,767.2399641227188,0.002257426622303439,,0.0,0.0,0.0,0.0,1.0,0.0,0.0018140153421639094,0.0,0.6382882977353659,-0.156020858599412,2.842,-0.0004434112801395289,-0.0004434112801395289,-0.156020858599412,-0.156020858599412,0.0,0.0,0.0
RGI60-19.02131,0.048953125,0.02256210937500001,104.86824574291113,7.238832716637949e-05,,0.0,0.0,0.0,0.0,1.0,1.0,-0.00032374863281752755,0.0,-0.1275102925630278,-0.156020858599412,2.539,-0.00039613695998390715,-0.00039613695998390715,-0.156020858599412,-0.156020858599412,0.0,0.0,0.0
RGI60-19.02132,0.048953125,0.02256210937500001,164.02915535274488,0.0002162359190289592,,0.0,0.0,0.0,0.0,1.0,0.0,-8.67565883710989e-05,0.0,-0.04467383541251231,-0.156020858599412,1.942,-0.0003029925074000581,-0.0003029925074000581,-0.156020858599412,-0.156020858599412,0.0,0.0,0.0
RGI60-19.02133,0.03456718750000001,0.02256210937500001,686.6713522079676,0.16700477808301328,,0.0,0.0,0.0004056501298942744,0.6715495406196715,1.0,1.0,0.1854094819728533,0.018404703889840016,1.0324157625946797,0.10248292697641276,179.588,0.018404703889840016,0.018404703889840016,0.10248292697641276,0.10248292697641276,0.0,0.0,0.0
RGI60-19.02134,0.015385937500000009,0.014385937500000008,521.91690178582,0.06730942357543426,,0.0,0.0,0.000677290604829438,0.0,1.0,1.0,0.11085170314889448,0.0435422795734602,0.9784342040592652,0.3843265772846127,113.295,0.0435422795734602,0.0435422795734602,0.3843265772846127,0.3843265772846127,0.0,0.0,0.0
RGI60-19.02135,0.048953125,0.02256210937500001,54.618604018783074,4.2715130926428946e-05,,0.0,0.0,7.094318361531346e-06,0.13821877991789236,1.0,1.0,0.015971308576386338,0.01592859344545991,1.9695780708331905,1.9643104507904687,8.109,0.01592859344545991,0.01592859344545991,1.9643104507904687,1.9643104507904687,0.0,0.0,0.0
RGI60-19.02136,0.048953125,0.02256210937500001,26.947043240990947,0.0,,0.0,0.0,0.0,0.0,1.0,1.0,-4.103348581164536e-05,0.0,-0.156020858599412,-0.156020858599412,0.263,-4.103348581164536e-05,-4.103348581164536e-05,-0.156020858599412,-0.156020858599412,0.0,0.0,0.0
RGI60-19.02137,0.012988281250000008,0.011988281250000007,491.7906118668393,0.002890168706497801,,0.0,0.0,2.491058941204441e-05,0.0024743190317292503,1.0,0.0,0.03900266020470222,0.03611249149820441,2.1337414631381484,1.9756273044589097,18.279,0.03611249149820441,0.03611249149820441,1.9756273044589097,1.9756273044589097,0.0,0.0,0.0
RGI60-19.02138,0.048953125,0.02256210937500001,390.65481811804415,0.007700278886618831,,0.0,0.0,0.0,0.0,1.0,1.0,-0.0023475115458839323,0.0,-0.3670854645635546,-1.5711947509777582,6.395,-0.010047790432502764,-0.010047790432502764,-1.5711947509777582,-1.5711947509777582,0.0,0.0,0.0
RGI60-19.02139,0.048953125,0.02256210937500001,433.027781310148,0.005573756742803774,,0.0,0.0,0.0,0.0,1.0,0.0,-0.006694770637144847,0.0,-0.8147463352981438,-1.493066493847952,8.217,-0.012268527379948622,-0.012268527379948622,-1.493066493847952,-1.493066493847952,0.0,0.0,0.0
RGI60-19.02140,0.03456718750000001,0.02256210937500001,480.1649434744426,0.0003760943901824312,,0.0,0.0,4.129922699468027e-07,0.0011245794852895242,1.0,0.0,0.0003260116945720199,-5.008269561041126e-05,1.0156127556760743,-0.156020858599412,0.321,-5.008269561041126e-05,-5.008269561041126e-05,-0.156020858599412,-0.156020858599412,0.0,0.0,0.0
RGI60-19.02141,0.048953125,0.02256210937500001,47.05817064659955,0.0,,0.0,0.0,0.0,0.0,1.0,1.0,-9.829314091762956e-06,0.0,-0.156020858599412,-0.156020858599412,0.063,-9.829314091762956e-06,-9.829314091762956e-06,-0.156020858599412,-0.156020858599412,0.0,0.0,0.0
RGI60-19.02142,0.048953125,0.02256210937500001,126.16446701486187,6.870497481440564e-05,,0.0,0.0,0.0,0.0,1.0,1.0,-0.00022588070215876508,0.0,-0.5416803409083095,-0.7064404723577234,0.417,-0.0002945856769731708,-0.0002945856769731708,-0.7064404723577234,-0.7064404723577234,0.0,0.0,0.0
RGI60-19.02143,0.048953125,0.02256210937500001,16.969119453929974,0.0,,0.0,0.0,0.0,0.0,1.0,1.0,-4.4153902983633615e-05,0.0,-0.156020858599412,-0.156020858599412,0.28300000000000003,-4.4153902983633615e-05,-4.4153902983633615e-05,-0.156020858599412,-0.156020858599412,0.0,0.0,0.0
RGI60-19.02144,0.00579531250000001,0.00479531250000001,359.98232459202416,3.14686768654086e-05,,0.0,0.0,9.532238489763672e-07,8.265247119634417e-05,1.0,0.0,2.7568155400423308e-05,-3.900521464985299e-06,1.1027262160169322,-0.156020858599412,0.025,-3.900521464985299e-06,-3.900521464985299e-06,-0.156020858599412,-0.156020858599412,0.0,0.0,0.0
RGI60-19.02145,0.02497656250000001,0.02256210937500001,325.40979783263697,0.0002391620467013074,,0.0,0.0,3.652206671767653e-07,0.0005609476858642303,1.0,0.0,0.0002095180835674192,-2.964396313388828e-05,1.1027267556179956,-0.156020858599412,0.19,-2.964396313388828e-05,-2.964396313388828e-05,-0.156020858599412,-0.156020858599412,0.0,0.0,0.0
RGI60-19.02146,0.032169531250000015,0.02256210937500001,666.5975789994537,0.013165732515109307,,0.0,0.0,3.065739312546606e-05,0.003216066275738435,1.0,0.0,0.14845925291743498,0.13529352040232565,8.815870125738417,8.034057031016962,16.84,0.13529352040232565,0.13529352040232565,8.034057031016962,8.034057031016962,0.0,0.0,0.0
RGI60-19.02147,0.03696484375000001,0.02256210937500001,745.3732558921687,0.024945854289633373,,0.0,0.0,7.3794868745788e-05,0.01319729150827658,1.0,1.0,0.282687139447286,0.25774128515765266,8.231528141846312,7.505133223389803,34.342,0.25774128515765266,0.25774128515765266,7.505133223389803,7.505133223389803,0.0,0.0,0.0
RGI60-19.02148,0.032169531250000015,0.02256210937500001,666.597578999454,0.00344292601405215,,0.0,0.0,6.774566328846773e-06,0.014960945990877515,1.0,0.0,0.0030032592345190057,-0.000439666779533143,1.0657413891124934,-0.156020858599412,2.818,-0.000439666779533143,-0.000439666779533143,-0.156020858599412,-0.156020858599412,0.0,0.0,0.0
RGI60-19.02149,0.02257890625000001,0.02256210937500001,663.5276913284397,0.006229651654055125,,0.0,0.0,3.358441011553175e-05,0.003775047221973073,1.0,1.0,0.08177331500528122,0.07554366335122611,4.581908164132977,4.232849406131345,17.847,0.07554366335122611,0.07554366335122611,4.232849406131345,4.232849406131345,0.0,0.0,0.0
RGI60-19.02150,0.048953125,0.02256210937500001,52.61435393984333,4.741052597870038e-05,,0.0,0.0,6.195230934590525e-06,0.19822105235401247,1.0,1.0,0.05772457231943541,0.0576771617934567,3.130060314468897,3.127489523558004,18.442,0.0576771617934567,0.0576771617934567,3.127489523558004,3.127489523558004,0.0,0.0,0.0
RGI60-19.02151,0.048953125,0.02256210937500001,16.42903087365267,0.0,,0.0,0.0,0.0,0.0,1.0,1.0,-5.772771768178245e-06,0.0,-0.156020858599412,-0.156020858599412,0.037000000000000005,-5.772771768178245e-06,-5.772771768178245e-06,-0.156020858599412,-0.156020858599412,0.0,0.0,0.0
RGI60-19.02152,0.02257890625000001,0.02256210937500001,592.0228393532362,0.002501527497564037,,0.0,0.0,9.558197348080276e-06,0.0010117687295527508,1.0,0.0,0.028432914065141132,0.02593138656757709,3.0442092146832036,2.7763797181560053,9.34,0.02593138656757709,0.02593138656757709,2.7763797181560053,2.7763797181560053,0.0,0.0,0.0
RGI60-19.02153,0.048953125,0.02256210937500001,34.094352436935075,0.0,,0.0,0.0,0.0,0.0,1.0,1.0,0.00021997588389381737,0.0,0.6874246371681794,0.6874246371681794,0.32,0.00021997588389381737,0.00021997588389381737,0.6874246371681794,0.6874246371681794,0.0,0.0,0.0
RGI60-19.02154,0.048953125,0.02256210937500001,37.612486742130706,2.791289536223917e-07,,0.0,0.0,0.0,0.0,1.0,1.0,-0.00010971557635896308,0.0,-0.1556249310056214,-0.156020858599412,0.705,-0.00010999470531258547,-0.00010999470531258547,-0.156020858599412,-0.156020858599412,0.0,0.0,0.0
RGI60-19.02156,0.020181250000000008,0.019181250000000007,316.8875675610385,0.00012383441356382616,,0.0,0.0,5.960077628766536e-07,0.00033613068958174383,1.0,0.0,0.00010729620255228847,-1.6538211011537673e-05,1.0122283259649858,-0.156020858599412,0.106,-1.6538211011537673e-05,-1.6538211011537673e-05,-0.156020858599412,-0.156020858599412,0.0,0.0,0.0
RGI60-19.02157,0.041760156250000006,0.02256210937500001,82.65115632154135,2.715655000170159e-05,,0.0,0.0,3.665535599706671e-08,1.509385882277978e-05,1.0,0.0,2.356807025391511e-05,-3.588479747786476e-06,1.0246987066919615,-0.156020858599412,0.023,-3.588479747786476e-06,-3.588479747786476e-06,-0.156020858599412,-0.156020858599412,0.0,0.0,0.0
RGI60-19.02158,0.048953125,0.02256210937500001,753.1579333072694,0.0006169930716129065,,0.0,0.0,0.0,0.0,1.0,0.0,-0.00010288716996478052,0.0,-0.02229890983198537,-0.156020858599412,4.614,-0.000719880241577687,-0.000719880241577687,-0.156020858599412,-0.156020858599412,0.0,0.0,0.0
RGI60-19.02159,0.048953125,0.02256210937500001,30.55142937979328,4.2485846910905656e-07,,0.0,0.0,0.0,0.0,1.0,1.0,-0.00030818439984052796,0.0,-0.15580606665345192,-0.156020858599412,1.978,-0.000308609258309637,-0.000308609258309637,-0.156020858599412,-0.156020858599412,0.0,0.0,0.0
RGI60-19.02162,0.048953125,0.02256210937500001,65.91535365433306,1.8151287770046453e-05,,0.0,0.0,0.0,0.0,1.0,0.0,7.819375719670077e-05,0.0,0.4767912024189072,0.3661126184552092,0.16399999999999998,6.00424694266543e-05,6.00424694266543e-05,0.3661126184552092,0.3661126184552092,0.0,0.0,0.0
RGI60-19.02164,0.048953125,0.02256210937500001,32.743670940677625,1.6798475714428075e-06,,0.0,0.0,0.0,0.0,1.0,1.0,-0.0003959098840798897,0.0,-0.5680199197702864,-0.5704300310636047,0.6970000000000001,-0.00039758973165133257,-0.00039758973165133257,-0.5704300310636047,-0.5704300310636047,0.0,0.0,0.0
RGI60-19.02165,0.048953125,0.02256210937500001,427.36291516621003,0.0019577070459551684,,0.0,0.0,0.0,0.0,1.0,0.0,0.0014896177274074905,0.0,0.2415465748998687,-0.07590227315512857,6.167000000000002,-0.00046808931854767786,-0.00046808931854767786,-0.07590227315512857,-0.07590227315512857,0.0,0.0,0.0
RGI60-19.02166,0.048953125,0.02256210937500001,44.389583055525684,8.083833723073725e-07,,0.0,0.0,0.0,0.0,1.0,1.0,-2.883519219107292e-05,0.0,-0.2104758554092914,-0.21637646396627952,0.13699999999999998,-2.9643575563380285e-05,-2.9643575563380285e-05,-0.21637646396627952,-0.21637646396627952,0.0,0.0,0.0
RGI60-19.02167,0.048953125,0.02256210937500001,19.628540674398085,0.0,,0.0,0.0,0.0,0.0,1.0,1.0,-6.084813485377069e-06,0.0,-0.156020858599412,-0.156020858599412,0.039,-6.084813485377069e-06,-6.084813485377069e-06,-0.156020858599412,-0.156020858599412,0.0,0.0,0.0
RGI60-19.02168,0.048953125,0.02256210937500001,31.65538290380639,1.1817959323368643e-06,,0.0,0.0,0.0,0.0,1.0,1.0,-7.057644735474251e-05,0.0,-0.5881370612895208,-0.5979853607256613,0.12,-7.175824328707935e-05,-7.175824328707935e-05,-0.5979853607256613,-0.5979853607256613,0.0,0.0,0.0
RGI60-19.02169,0.041760156250000006,0.02256210937500001,727.4792147585504,0.0008722356890610137,,0.0,0.0,1.1620134410402754e-06,0.004958256138548083,1.0,0.0,0.000827159031791512,-4.5076657269501974e-05,1.0770299893118644,-0.05869356415299736,0.768,-4.5076657269501974e-05,-4.5076657269501974e-05,-0.05869356415299736,-0.05869356415299736,0.0,0.0,0.0
RGI60-19.02170,0.048953125,0.02256210937500001,63.29487211503087,0.0003384183205332095,,0.0,0.0,0.0,0.0,1.0,1.0,-0.0005831218294478746,0.0,-0.17898153144501974,-0.2828545580052437,3.258,-0.000921540149981084,-0.000921540149981084,-0.2828545580052437,-0.2828545580052437,0.0,0.0,0.0
RGI60-19.02171,0.048953125,0.02256210937500001,143.82177116391782,0.002360003219947487,,0.0,0.0,0.0,0.0,1.0,1.0,-6.718294479926054e-05,0.0,-0.0082982886362723,-0.2998006626416437,8.096,-0.002427186164746747,-0.002427186164746747,-0.2998006626416437,-0.2998006626416437,0.0,0.0,0.0
RGI60-19.02172,0.048953125,0.02256210937500001,167.43624727523684,0.0013546067231592512,,0.0,0.0,0.0,0.0,1.0,1.0,-0.00045482827340192654,0.0,-0.11500082766167552,-0.45750568813177706,3.955,-0.0018094349965611782,-0.0018094349965611782,-0.45750568813177706,-0.45750568813177706,0.0,0.0,0.0
RGI60-19.02173,0.048953125,0.02256210937500001,110.98589515066818,0.00048350168288328963,,0.0,0.0,0.0,0.0,1.0,1.0,0.0003745729377688507,0.0,0.2539477544195598,-0.0738499966877552,1.475,-0.00010892874511443891,-0.00010892874511443891,-0.0738499966877552,-0.0738499966877552,0.0,0.0,0.0
RGI60-19.02174,0.048953125,0.02256210937500001,120.87487169238355,0.0006416806370554,,0.0,0.0,0.0,0.0,1.0,1.0,8.161499275882565e-05,0.0,0.045266218945549434,-0.3106298637252215,1.803,-0.0005600656442965744,-0.0005600656442965744,-0.3106298637252215,-0.3106298637252215,0.0,0.0,0.0
RGI60-19.02175,0.048953125,0.02256210937500001,166.6695900623266,3.891867512571105e-05,,0.0,0.0,0.0,0.0,1.0,0.0,4.948350080437619e-05,0.0,0.06732449089030773,0.014373912487979788,0.735,1.0564825678665145e-05,1.0564825678665145e-05,0.014373912487979788,0.014373912487979788,0.0,0.0,0.0
RGI60-19.02176,0.048953125,0.02256210937500001,35.568205745019284,8.887734669687496e-07,,0.0,0.0,0.0,0.0,1.0,1.0,4.96781250330411e-05,0.0,0.2159918479697439,0.2121276155046624,0.23,4.878935156607234e-05,4.878935156607234e-05,0.2121276155046624,0.2121276155046624,0.0,0.0,0.0
RGI60-19.02177,0.048953125,0.02256210937500001,88.60114785866264,2.0998251194148667e-05,,0.0,0.0,0.0,0.0,1.0,0.0,-6.566372998744988e-05,0.0,-0.4436738512665531,-0.5855539269026927,0.14800000000000002,-8.666198118159855e-05,-8.666198118159855e-05,-0.5855539269026927,-0.5855539269026927,0.0,0.0,0.0
RGI60-19.02178,0.048953125,0.02256210937500001,509.8863737964549,0.0011906476359895663,,0.0,0.0,0.0,0.0,1.0,0.0,0.00046753270181627756,0.0,0.5423813246128509,-0.8388804340757413,0.862,-0.0007231149341732888,-0.0007231149341732888,-0.8388804340757413,-0.8388804340757413,0.0,0.0,0.0
RGI60-19.02179,0.048953125,0.02256210937500001,55.64203492446974,1.1456412037406187e-05,,0.0,0.0,0.0,0.0,1.0,1.0,1.880428620481944e-05,0.0,0.05733014086835196,0.02240205538845504,0.328,7.3478741674132525e-06,7.3478741674132525e-06,0.02240205538845504,0.02240205538845504,0.0,0.0,0.0
RGI60-19.02180,0.048953125,0.02256210937500001,26.108512277806753,0.0,,0.0,0.0,0.0,0.0,1.0,1.0,-0.0001233836699211541,0.0,-1.1016399100103047,-1.1016399100103047,0.112,-0.0001233836699211541,-0.0001233836699211541,-1.1016399100103047,-1.1016399100103047,0.0,0.0,0.0
RGI60-19.02181,0.048953125,0.02256210937500001,60.884999471794956,4.753292481239983e-06,,0.0,0.0,0.0,0.0,1.0,1.0,-2.8367421099477887e-05,0.0,-0.2701659152331227,-0.3154353674354083,0.105,-3.312071358071787e-05,-3.312071358071787e-05,-0.3154353674354083,-0.3154353674354083,0.0,0.0,0.0
RGI60-19.02182,0.048953125,0.02256210937500001,40.876252239931226,4.2098639798814455e-05,,0.0,0.0,0.0,0.0,1.0,1.0,-0.00110797278163345,0.0,-0.4120389667658796,-0.4276948387624636,2.689,-0.0011500714214322644,-0.0011500714214322644,-0.4276948387624636,-0.4276948387624636,0.0,0.0,0.0
RGI60-19.02183,0.048953125,0.02256210937500001,50.13331508595036,1.86911150476154e-05,,0.0,0.0,0.0,0.0,1.0,1.0,2.8926277065633495e-05,0.0,0.1121173529675717,0.03967117061247327,0.258,1.0235162018018106e-05,1.0235162018018106e-05,0.03967117061247327,0.03967117061247327,0.0,0.0,0.0
RGI60-19.02184,0.012988281250000008,0.011988281250000007,123.27792258941138,1.5073195265904284e-05,,0.0,0.0,1.301584969182469e-07,2.095265958079637e-05,1.0,1.0,1.5808564368374928e-05,7.353691024706417e-07,0.929915551080878,0.043257006027684806,0.017,7.353691024706417e-07,7.353691024706417e-07,0.043257006027684806,0.043257006027684806,0.0,0.0,0.0
RGI60-19.02185,0.048953125,0.02256210937500001,54.375267860123756,7.474133951531914e-06,,0.0,0.0,0.0,0.0,1.0,1.0,-3.7140138995875326e-06,0.0,-0.02771652163871293,-0.08349364067999587,0.134,-1.1188147851119447e-05,-1.1188147851119447e-05,-0.08349364067999587,-0.08349364067999587,0.0,0.0,0.0
RGI60-19.02186,0.048953125,0.02256210937500001,59.35073077765193,0.00012598141034809619,,0.0,0.0,0.0,0.0,1.0,1.0,1.9282406428305513e-05,0.0,0.05738811436995689,-0.31755655928509136,0.336,-0.00010669900391979068,-0.00010669900391979068,-0.31755655928509136,-0.31755655928509136,0.0,0.0,0.0
RGI60-19.02187,0.048953125,0.02256210937500001,76.59478453581308,6.626587547908445e-05,,0.0,0.0,0.0,0.0,1.0,1.0,5.949451707030062e-05,0.0,0.1330973536248336,-0.015148452816071203,0.447,-6.771358408783827e-06,-6.771358408783827e-06,-0.015148452816071203,-0.015148452816071203,0.0,0.0,0.0
RGI60-19.02188,0.048953125,0.02256210937500001,41.458508537184436,2.070594708127494e-05,,0.0,0.0,0.0,0.0,1.0,1.0,-2.9689627782488134e-05,0.0,-0.07854398884256122,-0.13332162662371186,0.378,-5.039557486376308e-05,-5.039557486376308e-05,-0.13332162662371186,-0.13332162662371186,0.0,0.0,0.0
RGI60-19.02189,0.048953125,0.02256210937500001,199.0079761476891,0.0009850163314303953,,0.0,0.0,0.0,0.0,1.0,0.0,0.0009620760311374573,0.0,0.9008202538740234,-0.02147968192222684,1.068,-2.2940300292938265e-05,-2.2940300292938265e-05,-0.02147968192222684,-0.02147968192222684,0.0,0.0,0.0
RGI60-19.02190,0.048953125,0.02256210937500001,42.20074186948294,6.8229872154004675e-06,,0.0,0.0,0.0,0.0,1.0,1.0,-0.00024088252661534946,0.0,-0.31041562708163595,-0.3192081363798324,0.7759999999999999,-0.0002477055138307499,-0.0002477055138307499,-0.3192081363798324,-0.3192081363798324,0.0,0.0,0.0
RGI60-19.02191,0.048953125,0.02256210937500001,51.81076557557658,9.596002688276013e-06,,0.0,0.0,0.0,0.0,1.0,1.0,-0.00023973706100578935,0.0,-0.4296363100462176,-0.446833447480404,0.5579999999999999,-0.00024933306369406545,-0.00024933306369406545,-0.446833447480404,-0.446833447480404,0.0,0.0,0.0
RGI60-19.02192,0.048953125,0.02256210937500001,36.43348759584164,1.2490081525808555e-06,,0.0,0.0,0.0,0.0,1.0,1.0,-0.00011401953273868008,0.0,-0.18069656535448508,-0.18267597605588104,0.631,-0.00011526854089126091,-0.00011526854089126091,-0.18267597605588104,-0.18267597605588104,0.0,0.0,0.0
RGI60-19.02193,0.048953125,0.02256210937500001,37.735343411900224,1.740849369328051e-06,,0.0,0.0,0.0,0.0,1.0,1.0,-0.00010445344296053472,0.0,-0.25109000711667,-0.25527474117755466,0.416,-0.00010619429232986276,-0.00010619429232986276,-0.25527474117755466,-0.25527474117755466,0.0,0.0,0.0
RGI60-19.02195,0.02497656250000001,0.02256210937500001,163.27223730637968,0.0002652122316111028,,0.0,0.0,2.2382007160592805e-06,0.0004937052377356579,1.0,0.0,0.0007711313132194276,0.0005059190816083247,1.1000446693572432,0.7217105301117327,0.701,0.0005059190816083247,0.0005059190816083247,0.7217105301117327,0.7217105301117327,0.0,0.0,0.0
RGI60-19.02196,0.03696484375000001,0.02256210937500001,698.3589194035637,0.000449386250634941,,0.0,0.0,1.163633039090526e-06,0.0023756200432708003,1.0,0.0,0.0003408878452927993,-0.00010849840534214168,1.078759004091137,-0.34334938399411924,0.316,-0.00010849840534214168,-0.00010849840534214168,-0.34334938399411924,-0.34334938399411924,0.0,0.0,0.0
RGI60-19.02197,0.032169531250000015,0.02256210937500001,447.7121299144325,0.00017073673804291872,,0.0,0.0,6.797870480738433e-07,0.0009109692801376778,1.0,0.0,0.00017838107626236006,7.644338219441364e-06,0.9965423254880451,0.04270580010861097,0.179,7.644338219441364e-06,7.644338219441364e-06,0.04270580010861097,0.04270580010861097,0.0,0.0,0.0
RGI60-19.02198,0.048953125,0.02256210937500001,40.66911590261534,1.033583899910076e-05,,0.0,0.0,0.0,0.0,1.0,1.0,0.00030187088688254763,0.0,0.8432147678283454,0.8143437091716393,0.358,0.0002915350478834469,0.0002915350478834469,0.8143437091716393,0.8143437091716393,0.0,0.0,0.0
RGI60-19.02202,0.048953125,0.02256210937500001,70.78858397932605,6.765217614733715e-05,,0.0,0.0,0.0,0.0,1.0,1.0,-4.482924238498925e-05,0.0,-0.030579292213498806,-0.07672675206843546,1.466,-0.00011248141853232639,-0.00011248141853232639,-0.07672675206843546,-0.07672675206843546,0.0,0.0,0.0
RGI60-19.02203,0.048953125,0.02256210937500001,14.731132891112225,0.0,,0.0,0.0,0.0,0.0,1.0,1.0,-4.38708171264009e-05,0.0,-0.8953227984979776,-0.8953227984979776,0.049,-4.38708171264009e-05,-4.38708171264009e-05,-0.8953227984979776,-0.8953227984979776,0.0,0.0,0.0
RGI60-19.02205,0.048953125,0.02256210937500001,30.92875382645664,4.60539105565694e-07,,0.0,0.0,0.0,0.0,1.0,1.0,7.353715040436658e-05,0.0,0.6450627228453211,0.6410229061298324,0.114,7.307661129880089e-05,7.307661129880089e-05,0.6410229061298324,0.6410229061298324,0.0,0.0,0.0
RGI60-19.02206,0.048953125,0.02256210937500001,28.86318037591457,6.789739534365042e-07,,0.0,0.0,0.0,0.0,1.0,1.0,0.00015559304393431765,0.0,0.4334068076164837,0.4315155152670783,0.359,0.00015491406998088112,0.00015491406998088112,0.4315155152670783,0.4315155152670783,0.0,0.0,0.0
RGI60-19.02209,0.048953125,0.02256210937500001,39.867717731528934,1.5132245508293301e-05,,0.0,0.0,0.0,0.0,1.0,1.0,0.00030133970070147587,0.0,0.0496441022572448,0.047151145830837335,6.07,0.0002862074551931826,0.0002862074551931826,0.047151145830837335,0.047151145830837335,0.0,0.0,0.0
RGI60-19.02210,0.048953125,0.02256210937500001,22.543123719002352,0.0,,0.0,0.0,0.0,0.0,1.0,1.0,-1.56020858599412e-06,0.0,-0.156020858599412,-0.156020858599412,0.01,-1.56020858599412e-06,-1.56020858599412e-06,-0.156020858599412,-0.156020858599412,0.0,0.0,0.0
RGI60-19.02212,0.048953125,0.02256210937500001,95.90497154421095,0.0003640380566096588,,0.0,0.0,0.0,0.0,1.0,1.0,0.00017049421795399576,0.0,0.027917834935974408,-0.03169213012209973,6.107,-0.00019354383865566308,-0.00019354383865566308,-0.03169213012209973,-0.03169213012209973,0.0,0.0,0.0
RGI60-19.02213,0.02257890625000001,0.02256210937500001,506.3401497635653,0.0032315546224303856,,0.0,0.0,7.885980438783162e-06,0.017307884455116208,1.0,0.0,0.0042493298312990336,0.0010177752088686481,1.0647280960408505,0.25501759179870914,3.991,0.0010177752088686481,0.0010177752088686481,0.25501759179870914,0.25501759179870914,0.0,0.0,0.0
RGI60-19.02214,0.048953125,0.02256210937500001,132.92188245960813,0.0005211936311862493,,0.0,0.0,0.0,0.0,1.0,1.0,0.0008333359322257383,0.0,0.3457825444920076,0.1295196269873398,2.41,0.00031214230103948886,0.00031214230103948886,0.1295196269873398,0.1295196269873398,0.0,0.0,0.0
RGI60-19.02215,0.048953125,0.02256210937500001,26.424163928951234,0.0,,0.0,0.0,0.0,0.0,1.0,1.0,0.00012925700824111788,0.0,1.017771718433999,1.017771718433999,0.127,0.00012925700824111788,0.00012925700824111788,1.017771718433999,1.017771718433999,0.0,0.0,0.0
RGI60-19.02216,0.048953125,0.02256210937500001,36.14769034357747,9.59214087396545e-07,,0.0,0.0,0.0,0.0,1.0,1.0,0.00021517358033515264,0.0,0.08175288006654736,0.08138843702422345,2.632,0.00021421436624775611,0.00021421436624775611,0.08138843702422345,0.08138843702422345,0.0,0.0,0.0
RGI60-19.02217,0.048953125,0.02256210937500001,33.222890868462315,2.965608954943199e-06,,0.0,0.0,0.0,0.0,1.0,1.0,-0.0003692252163489536,0.0,-0.6184676990769742,-0.6234352182644838,0.597,-0.00037219082530389684,-0.00037219082530389684,-0.6234352182644838,-0.6234352182644838,0.0,0.0,0.0
RGI60-19.02218,0.029771875000000014,0.02256210937500001,318.3420348936393,0.00015451131234278312,,0.0,0.0,2.730808213035722e-07,0.0004961533058382028,1.0,0.0,0.00018147311617492168,2.6961803832138606e-05,1.048977550144056,0.15584857706438496,0.173,2.6961803832138606e-05,2.6961803832138606e-05,0.15584857706438496,0.15584857706438496,0.0,0.0,0.0
RGI60-19.02219,0.048953125,0.02256210937500001,105.90066260062255,4.159136361735024e-05,,0.0,0.0,0.0,0.0,1.0,1.0,0.00021273599415285263,0.0,0.4947348701229132,0.3980107686872149,0.43,0.00017114463053550242,0.00017114463053550242,0.3980107686872149,0.3980107686872149,0.0,0.0,0.0
RGI60-19.02220,0.048953125,0.02256210937500001,52.727152886872204,4.21721824979823e-06,,0.0,0.0,0.0,0.0,1.0,0.0,2.428801736444633e-05,0.0,0.3520002516586425,0.2908811465891029,0.069,2.0070799114648103e-05,2.0070799114648103e-05,0.2908811465891029,0.2908811465891029,0.0,0.0,0.0
RGI60-19.02222,0.048953125,0.02256210937500001,48.92172444973178,6.870087223769094e-05,,0.0,0.0,0.0,0.0,1.0,1.0,0.0001932253132171052,0.0,0.032900615225115816,0.02120286752586655,5.872999999999998,0.00012452444097941421,0.00012452444097941421,0.02120286752586655,0.02120286752586655,0.0,0.0,0.0
RGI60-19.02223,0.048953125,0.02256210937500001,137.23655500842943,0.0007104575129333173,,0.0,0.0,0.0,0.0,1.0,1.0,0.0006321578444202107,0.0,0.2949873282408821,-0.03653740947881789,2.143,-7.829966851310675e-05,-7.829966851310675e-05,-0.03653740947881789,-0.03653740947881789,0.0,0.0,0.0
RGI60-19.02224,0.048953125,0.02256210937500001,60.03645795787053,1.6724031347379558e-05,,0.0,0.0,0.0,0.0,1.0,1.0,0.00028230070714362244,0.0,0.1967252314589704,0.18507085421340969,1.435,0.00026557667579624287,0.00026557667579624287,0.18507085421340969,0.18507085421340969,0.0,0.0,0.0
RGI60-19.02225,0.048953125,0.02256210937500001,98.15904427360873,0.00020812307328066683,,0.0,0.0,0.0,0.0,1.0,1.0,0.00013962432842563717,0.0,0.2945660937249729,-0.14451211994731988,0.474,-6.849874485502963e-05,-6.849874485502963e-05,-0.14451211994731988,-0.14451211994731988,0.0,0.0,0.0
RGI60-19.02226,0.048953125,0.02256210937500001,80.52212344333373,0.00043922370671772073,,0.0,0.0,0.0,0.0,1.0,1.0,-0.001145221667105184,0.0,-0.13372508957323492,-0.1850123042763784,8.564,-0.0015844453738229048,-0.0015844453738229048,-0.1850123042763784,-0.1850123042763784,0.0,0.0,0.0
RGI60-19.02227,0.048953125,0.02256210937500001,102.75642194781203,0.00023408811219579971,,0.0,0.0,0.0,0.0,1.0,1.0,-0.00033596823881607886,0.0,-0.15045599588718264,-0.2552872149627759,2.233,-0.0005700563510118786,-0.0005700563510118786,-0.2552872149627759,-0.2552872149627759,0.0,0.0,0.0
RGI60-19.02228,0.048953125,0.02256210937500001,63.65133284320827,4.323385796806344e-05,,0.0,0.0,0.0,0.0,1.0,1.0,-0.00031651697249991814,0.0,-0.1466035074108004,-0.16662845320425265,2.1590000000000003,-0.00035975083046798164,-0.00035975083046798164,-0.16662845320425265,-0.16662845320425265,0.0,0.0,0.0
RGI60-19.02230,0.048953125,0.02256210937500001,49.41381142392499,2.1089076638005388e-05,,0.0,0.0,0.0,0.0,1.0,1.0,-0.0002257908776878016,0.0,-0.14085519506413072,-0.15401120045278036,1.6030000000000002,-0.00024687995432580694,-0.00024687995432580694,-0.15401120045278036,-0.15401120045278036,0.0,0.0,0.0
RGI60-19.02233,0.048953125,0.02256210937500001,133.82011951586452,0.0004316931704471605,,0.0,0.0,0.0,0.0,1.0,1.0,0.00041184236595570513,0.0,0.8187720993155172,-0.0394648200625355,0.503,-1.9850804491455357e-05,-1.9850804491455357e-05,-0.0394648200625355,-0.0394648200625355,0.0,0.0,0.0
RGI60-19.02234,0.048953125,0.02256210937500001,97.53322624637535,0.0002797779742024607,,0.0,0.0,0.0,0.0,1.0,1.0,0.00017403896289588816,0.0,0.03897849113009813,-0.023681749452759814,4.465,-0.00010573901130657255,-0.00010573901130657255,-0.023681749452759814,-0.023681749452759814,0.0,0.0,0.0
RGI60-19.02235,0.048953125,0.02256210937500001,203.4867584311551,0.003157191507971946,,0.0,0.0,0.0,0.0,1.0,1.0,0.0005308005379773001,0.0,0.06442535962826801,-0.3187754545448047,8.238999999999999,-0.002626390969994645,-0.002626390969994645,-0.3187754545448047,-0.3187754545448047,0.0,0.0,0.0
RGI60-19.02241,0.02497656250000001,0.02256210937500001,282.02117810326024,0.0015515849691086884,,0.0,0.0,7.0827588068824246e-06,0.004555832096702442,1.0,0.0,0.0016523408037825958,0.00010075583467390728,1.0764435203795413,0.0656389802435878,1.535,0.00010075583467390728,0.00010075583467390728,0.0656389802435878,0.0656389802435878,0.0,0.0,0.0
RGI60-19.02266,0.048953125,0.02256210937500001,308.3402014500915,0.007516860066399694,,0.0,0.0,0.0,0.0,1.0,1.0,-0.25313283560986777,0.0,-2.3739141113735007,-2.4444082459722543,106.631,-0.26064969567626745,-0.26064969567626745,-2.4444082459722543,-2.4444082459722543,0.0,0.0,0.0
RGI60-19.02274,0.048953125,0.02256210937500001,221.5094427667329,0.006283053004945087,,0.0,0.0,0.0,0.0,1.0,1.0,-0.12398470102147932,0.0,-0.9252934887233056,-0.9721836936186008,133.995,-0.13026775402642446,-0.13026775402642446,-0.9721836936186008,-0.9721836936186008,0.0,0.0,0.0
RGI60-19.02291,0.048953125,0.02256210937500001,182.2409146895364,0.0035454629336532017,,0.0,0.0,0.0,0.0,1.0,1.0,-0.0609449734889117,0.0,-0.3473400137289652,-0.3675464569112679,175.46200000000005,-0.0644904364225649,-0.0644904364225649,-0.3675464569112679,-0.3675464569112679,0.0,0.0,0.0
RGI60-19.02292,0.048953125,0.02256210937500001,65.57344427038386,2.0732847087873784e-05,,0.0,0.0,0.0,0.0,1.0,1.0,-0.0013739127171846582,0.0,-0.055026943174649866,-0.05585731994042501,24.968000000000004,-0.001394645564272532,-0.001394645564272532,-0.05585731994042501,-0.05585731994042501,0.0,0.0,0.0
RGI60-19.02293,0.048953125,0.02256210937500001,75.31563537934144,2.424863913637978e-05,,0.0,0.0,0.0,0.0,1.0,1.0,-0.007242651812344601,0.0,-0.4955289964658321,-0.4971880440257924,14.616,-0.007266900451480981,-0.007266900451480981,-0.4971880440257924,-0.4971880440257924,0.0,0.0,0.0
RGI60-19.02299,0.048953125,0.02256210937500001,84.72726314429991,3.3476229919524015e-05,,0.0,0.0,0.0,0.0,1.0,1.0,-0.01267382628254625,0.0,-0.6857388963611216,-0.6875501846372565,18.482,-0.012707302512465777,-0.012707302512465777,-0.6875501846372565,-0.6875501846372565,0.0,0.0,0.0
RGI60-19.02302,0.048953125,0.02256210937500001,94.52528438235369,0.0004822369109442835,,0.0,0.0,0.0,0.0,1.0,1.0,-0.0009540836721834496,0.0,-0.01765023905621033,-0.026571465787211784,54.055,-0.001436320583127733,-0.001436320583127733,-0.026571465787211784,-0.026571465787211784,0.0,0.0,0.0
RGI60-19.02303,0.048953125,0.02256210937500001,256.96793223839524,0.0006881259889265775,,0.0,0.0,0.0,0.0,1.0,0.0,-0.017055787742239658,0.0,-0.8787113726037951,-0.9141635101064522,19.41,-0.01774391373116624,-0.01774391373116624,-0.9141635101064522,-0.9141635101064522,0.0,0.0,0.0
RGI60-19.02345,0.048953125,0.02256210937500001,56.113326523654926,1.3087180680474086e-06,,0.0,0.0,0.0,0.0,1.0,1.0,-0.0003631037601235893,0.0,-0.0762662802191954,-0.07654116324125955,4.761,-0.00036441247819163667,-0.00036441247819163667,-0.07654116324125955,-0.07654116324125955,0.0,0.0,0.0
RGI60-19.02356,0.048953125,0.02256210937500001,172.39106643102718,0.0005681660712174564,,0.0,0.0,0.0,0.0,1.0,1.0,-0.017946468415523397,0.0,-0.961400782960486,-0.9918377075449109,18.667,-0.018514634486740848,-0.018514634486740848,-0.9918377075449109,-0.9918377075449109,0.0,0.0,0.0
RGI60-19.02385,0.048953125,0.02256210937500001,91.37802138927776,3.9124415054950126e-05,,0.0,0.0,0.0,0.0,1.0,1.0,-0.011457364101284284,0.0,-0.7459221420106956,-0.7484693044491689,15.36,-0.011496488516339236,-0.011496488516339236,-0.7484693044491689,-0.7484693044491689,0.0,0.0,0.0
RGI60-19.02396,0.048953125,0.02256210937500001,68.07668237274447,5.248110627001203e-05,,0.0,0.0,0.0,0.0,1.0,1.0,-0.013474079568684356,0.0,-0.9217457633523296,-0.9253359334351052,14.618,-0.013526560674954368,-0.013526560674954368,-0.9253359334351052,-0.9253359334351052,0.0,0.0,0.0
RGI60-19.02405,0.048953125,0.02256210937500001,176.9069873537994,0.0007482225647766126,,0.0,0.0,0.0,0.0,1.0,1.0,-0.02630346691698323,0.0,-0.8174617558188529,-0.8407150909581329,32.177,-0.02705168948175984,-0.02705168948175984,-0.8407150909581329,-0.8407150909581329,0.0,0.0,0.0
RGI60-19.02408,0.048953125,0.02256210937500001,67.47372097414525,2.8683360002563116e-06,,0.0,0.0,0.0,0.0,1.0,1.0,-0.0019566026582556227,0.0,-0.1919555242083413,-0.19223692673951528,10.193,-0.0019594709942558795,-0.0019594709942558795,-0.19223692673951528,-0.19223692673951528,0.0,0.0,0.0
RGI60-19.02411,0.048953125,0.02256210937500001,174.55995890635143,0.0012750206861793045,,0.0,0.0,0.0,0.0,1.0,1.0,-0.007563508999510408,0.0,-0.3375511670241625,-0.3944539512513819,22.407,-0.008838529685689713,-0.008838529685689713,-0.3944539512513819,-0.3944539512513819,0.0,0.0,0.0
RGI60-19.02477,0.048953125,0.02256210937500001,102.0066218990725,0.0005627740257044258,,0.0,0.0,0.0,0.0,1.0,1.0,0.010010953797084415,0.0,0.1150380220985764,0.10857106479183652,87.023,0.00944817977137999,0.00944817977137999,0.10857106479183652,0.10857106479183652,0.0,0.0,0.0
RGI60-19.02478,0.048953125,0.02256210937500001,78.03018897380294,8.247339576545906e-06,,0.0,0.0,0.0,0.0,1.0,1.0,-0.006845917791828153,0.0,-0.8828885467923849,-0.8839521706738069,7.754,-0.006854165131404698,-0.006854165131404698,-0.8839521706738069,-0.8839521706738069,0.0,0.0,0.0
RGI60-19.02483,0.048953125,0.02256210937500001,258.0531557853834,0.0069495230980692645,,0.0,0.0,0.0,0.0,1.0,1.0,-0.5260325587976149,0.0,-4.657216102679194,-4.718743531612963,112.95,-0.5329820818956842,-0.5329820818956842,-4.718743531612963,-4.718743531612963,0.0,0.0,0.0
RGI60-19.02486,0.048953125,0.02256210937500001,43.10880603185867,0.0,,0.0,0.0,0.0,0.0,1.0,1.0,0.0006878081955748694,0.0,0.5789631275882738,0.5789631275882738,1.188,0.0006878081955748694,0.0006878081955748694,0.5789631275882738,0.5789631275882738,0.0,0.0,0.0
RGI60-19.02487,0.048953125,0.02256210937500001,102.48039249015012,4.353185580629249e-05,,0.0,0.0,0.0,0.0,1.0,1.0,0.0298198752733772,0.0,0.4163740298999861,0.41576619589448055,71.618,0.029776343417570912,0.029776343417570912,0.41576619589448055,0.41576619589448055,0.0,0.0,0.0
RGI60-19.02507,0.048953125,0.02256210937500001,146.28541938408856,3.42149362003159e-05,,0.0,0.0,0.0,0.0,1.0,1.0,-0.00618798202954756,0.0,-0.9227530613700504,-0.927855199186978,6.706,-0.006222196965747874,-0.006222196965747874,-0.927855199186978,-0.927855199186978,0.0,0.0,0.0
RGI60-19.02510,0.048953125,0.02256210937500001,102.13515143830082,0.0006052368491976353,,0.0,0.0,0.0,0.0,1.0,1.0,0.003624616994411125,0.0,0.06986270757509587,0.058197065363969964,51.882,0.0030193801452134896,0.0030193801452134896,0.058197065363969964,0.058197065363969964,0.0,0.0,0.0
RGI60-19.02522,0.048953125,0.02256210937500001,80.33440722322601,4.357590612827344e-05,,0.0,0.0,0.0,0.0,1.0,1.0,0.0014596734141870914,0.0,0.2408702003609061,0.2336794567753825,6.06,0.001416097508058818,0.001416097508058818,0.2336794567753825,0.2336794567753825,0.0,0.0,0.0
RGI60-19.02523,0.048953125,0.02256210937500001,56.661855423733556,1.8196943080526349e-06,,0.0,0.0,0.0,0.0,1.0,1.0,-0.0019961836935279602,0.0,-0.3980426108729731,-0.3984054611836516,5.015,-0.001998003387836013,-0.001998003387836013,-0.3984054611836516,-0.3984054611836516,0.0,0.0,0.0
RGI60-19.02524,0.048953125,0.02256210937500001,81.74033137106935,3.429478303110072e-05,,0.0,0.0,0.0,0.0,1.0,1.0,-0.0012575021635561122,0.0,-0.7733715643026521,-0.7944630667818037,1.626,-0.0012917969465872127,-0.0012917969465872127,-0.7944630667818037,-0.7944630667818037,0.0,0.0,0.0
RGI60-19.02525,0.048953125,0.02256210937500001,71.37770104418395,1.2727854752759263e-06,,0.0,0.0,0.0,0.0,1.0,1.0,0.002299583307117497,0.0,0.5347868156087203,0.5344908189865631,4.3,0.0022983105216422216,0.0022983105216422216,0.5344908189865631,0.5344908189865631,0.0,0.0,0.0
RGI60-19.02528,0.048953125,0.02256210937500001,72.18457697889252,7.143717629374447e-06,,0.0,0.0,0.0,0.0,1.0,1.0,-0.004258667397889817,0.0,-0.2017656416302562,-0.20210409416398314,21.107,-0.004265811115519192,-0.004265811115519192,-0.20210409416398314,-0.20210409416398314,0.0,0.0,0.0
RGI60-19.02529,0.048953125,0.02256210937500001,91.04784594883478,4.8799152989948406e-05,,0.0,0.0,0.0,0.0,1.0,1.0,-0.008507349560494417,0.0,-0.2747496951457957,-0.2763256915606629,30.964,-0.008556148713484367,-0.008556148713484367,-0.2763256915606629,-0.2763256915606629,0.0,0.0,0.0
RGI60-19.02531,0.048953125,0.02256210937500001,92.7853568924308,0.0006509972918470961,,0.0,0.0,0.0,0.0,1.0,1.0,-0.005247073619982096,0.0,-0.08416864966285043,-0.09461133961869092,62.34,-0.005898070911829192,-0.005898070911829192,-0.09461133961869092,-0.09461133961869092,0.0,0.0,0.0
RGI60-19.02555,0.048953125,0.02256210937500001,365.5598729458197,0.00045805193483259817,,0.0,0.0,0.0,0.0,1.0,0.0,-0.0005437525248746227,0.0,-0.21916667669271367,-0.4037905923850144,2.481,-0.0010018044597072207,-0.0010018044597072207,-0.4037905923850144,-0.4037905923850144,0.0,0.0,0.0
RGI60-19.02558,0.048953125,0.02256210937500001,64.49227094963945,1.060363655274585e-06,,0.0,0.0,0.0,0.0,1.0,1.0,-0.0020294559357853783,0.0,-0.8789328435623119,-0.8793920742488752,2.309,-0.0020305162994406533,-0.0020305162994406533,-0.8793920742488752,-0.8793920742488752,0.0,0.0,0.0
RGI60-19.02561,0.048953125,0.02256210937500001,51.54070126940815,4.713626689290658e-08,,0.0,0.0,0.0,0.0,1.0,1.0,0.0007973260544279728,0.0,0.7081048440745762,0.7080629823810656,1.126,0.0007972789181610798,0.0007972789181610798,0.7080629823810656,0.7080629823810656,0.0,0.0,0.0
RGI60-19.02565,0.048953125,0.02256210937500001,82.22698891566002,0.00020445130254635632,,0.0,0.0,0.0,0.0,1.0,1.0,-0.08320208799811986,0.0,-2.664939880148613,-2.6714883988554563,31.221,-0.0834065393006662,-0.0834065393006662,-2.6714883988554563,-2.6714883988554563,0.0,0.0,0.0
RGI60-19.02585,0.048953125,0.02256210937500001,49.111401643171156,6.78825656325021e-07,,0.0,0.0,0.0,0.0,1.0,1.0,-0.003613989429086175,0.0,-2.554056133629805,-2.554535869075972,1.415,-0.0036146682547425,-0.0036146682547425,-2.554535869075972,-2.554535869075972,0.0,0.0,0.0
RGI60-19.02601,0.048953125,0.02256210937500001,94.52946417848116,0.0002770054384510656,,0.0,0.0,0.0,0.0,1.0,1.0,-0.010139610402206515,0.0,-0.4703845983580682,-0.4832351011624412,21.556,-0.010416615840657579,-0.010416615840657579,-0.4832351011624412,-0.4832351011624412,0.0,0.0,0.0
RGI60-19.02606,0.048953125,0.02256210937500001,57.90636148689485,2.25135337045165e-06,,0.0,0.0,0.0,0.0,1.0,1.0,0.0008111773047650426,0.0,0.17773385292836166,0.17724056779022587,4.564,0.0008089259513945909,0.0008089259513945909,0.17724056779022587,0.17724056779022587,0.0,0.0,0.0
RGI60-19.02610,0.048953125,0.02256210937500001,117.97349920427072,2.260314916108761e-05,,0.0,0.0,0.0,0.0,1.0,1.0,-0.0020429037302200433,0.0,-0.2827157113506841,-0.28584374195697915,7.226,-0.0020655068793811312,-0.0020655068793811312,-0.28584374195697915,-0.28584374195697915,0.0,0.0,0.0
RGI60-19.02611,0.048953125,0.02256210937500001,69.3130378719729,9.73248790579403e-07,,0.0,0.0,0.0,0.0,1.0,1.0,-0.017532064312188664,0.0,-1.7974230379524976,-1.7975228174061144,9.754,-0.01753303756097924,-0.01753303756097924,-1.7975228174061144,-1.7975228174061144,0.0,0.0,0.0
RGI60-19.02615,0.048953125,0.02256210937500001,55.91480434075554,1.5378123197011985e-06,,0.0,0.0,0.0,0.0,1.0,1.0,-0.004953129327763864,0.0,-0.32371278529271713,-0.3238132893329564,15.300999999999998,-0.004954667140083566,-0.004954667140083566,-0.3238132893329564,-0.3238132893329564,0.0,0.0,0.0
RGI60-19.02616,0.048953125,0.02256210937500001,117.50499617057969,8.412492770910959e-05,,0.0,0.0,0.0,0.0,1.0,1.0,-0.002728003424544591,0.0,-0.8301897214073618,-0.8557907341003349,3.286,-0.002812128352253701,-0.002812128352253701,-0.8557907341003349,-0.8557907341003349,0.0,0.0,0.0
RGI60-19.02617,0.048953125,0.02256210937500001,54.856075999828704,8.385000822001332e-06,,0.0,0.0,0.0,0.0,1.0,1.0,0.0008285417558893933,0.0,0.28969991464664097,0.2867680961774097,2.86,0.0008201567550673919,0.0008201567550673919,0.2867680961774097,0.2867680961774097,0.0,0.0,0.0
RGI60-19.02619,0.048953125,0.02256210937500001,107.48491991030821,6.441601284602397e-05,,0.0,0.0,0.0,0.0,1.0,1.0,-0.01092621112865151,0.0,-0.7255120271348944,-0.7297893188245375,15.06,-0.010990627141497534,-0.010990627141497534,-0.7297893188245375,-0.7297893188245375,0.0,0.0,0.0
RGI60-19.02620,0.048953125,0.02256210937500001,69.03913083557906,2.515087625769601e-06,,0.0,0.0,0.0,0.0,1.0,1.0,-0.00470159495719322,0.0,-0.7411089150682882,-0.7415053664594877,6.3439999999999985,-0.00470411004481899,-0.00470411004481899,-0.7415053664594877,-0.7415053664594877,0.0,0.0,0.0
RGI60-19.02622,0.048953125,0.02256210937500001,145.13588626528812,0.00014921898358355695,,0.0,0.0,0.0,0.0,1.0,1.0,-0.028941612199682405,0.0,-1.45706148112986,-1.464573890311935,19.863,-0.02909083118326597,-0.02909083118326597,-1.464573890311935,-1.464573890311935,0.0,0.0,0.0
RGI60-19.02623,0.048953125,0.02256210937500001,62.78073068666989,3.986206140271353e-06,,0.0,0.0,0.0,0.0,1.0,1.0,-0.00863876417431937,0.0,-0.7816471384653791,-0.7820078158215383,11.052,-0.008642750380459642,-0.008642750380459642,-0.7820078158215383,-0.7820078158215383,0.0,0.0,0.0
RGI60-19.02625,0.048953125,0.02256210937500001,206.96770765027043,0.005812246148148165,,0.0,0.0,0.0,0.0,1.0,1.0,-0.203474473465852,0.0,-1.604992060530794,-1.6508386414936593,126.776,-0.20928671961400014,-0.20928671961400014,-1.6508386414936593,-1.6508386414936593,0.0,0.0,0.0
RGI60-19.02660,0.048953125,0.02256210937500001,74.08550520426954,5.377243651479744e-06,,0.0,0.0,0.0,0.0,1.0,1.0,-0.001467180207723318,0.0,-0.4842178903377287,-0.4859925582095042,3.03,-0.0014725574513747976,-0.0014725574513747976,-0.4859925582095042,-0.4859925582095042,0.0,0.0,0.0
RGI60-19.02669,0.048953125,0.02256210937500001,79.00189525903389,8.756003732925492e-05,,0.0,0.0,0.0,0.0,1.0,1.0,-0.0477617471152482,0.0,-2.8490662798406228,-2.854289379180235,16.764,-0.04784930715257745,-0.04784930715257745,-2.854289379180235,-2.854289379180235,0.0,0.0,0.0
RGI60-19.02670,0.048953125,0.02256210937500001,73.66076605806761,1.6740665696103214e-05,,0.0,0.0,0.0,0.0,1.0,1.0,-0.004908678162009044,0.0,-0.2958460801596579,-0.2968550402425957,16.592,-0.004925418827705147,-0.004925418827705147,-0.2968550402425957,-0.2968550402425957,0.0,0.0,0.0
RGI60-19.02674,0.048953125,0.02256210937500001,52.93825333980526,6.407615256541955e-07,,0.0,0.0,0.0,0.0,1.0,1.0,-0.003650737209152673,0.0,-0.2800718994363385,-0.28012105643869023,13.035,-0.003651377970678327,-0.003651377970678327,-0.28012105643869023,-0.28012105643869023,0.0,0.0,0.0
RGI60-19.02676,0.048953125,0.02256210937500001,285.5317190004853,0.005598865881466001,,0.0,0.0,0.0,0.0,1.0,1.0,-0.18086471744928428,0.0,-2.709218494124901,-2.7930853267836584,66.759,-0.18646358333075025,-0.18646358333075025,-2.7930853267836584,-2.7930853267836584,0.0,0.0,0.0
RGI60-19.02678,0.048953125,0.02256210937500001,56.29734927620003,9.247731721756865e-07,,0.0,0.0,0.0,0.0,1.0,1.0,-0.007643794786500767,0.0,-1.0803950228269634,-1.0805257328159634,7.075,-0.00764471955967294,-0.00764471955967294,-1.0805257328159634,-1.0805257328159634,0.0,0.0,0.0
RGI60-19.02679,0.048953125,0.02256210937500001,72.82157517681699,1.1166197330908503e-05,,0.0,0.0,0.0,0.0,1.0,1.0,-0.008650072033807256,0.0,-1.1438868069038954,-1.1453634264927488,7.562,-0.008661238231138166,-0.008661238231138166,-1.1453634264927488,-1.1453634264927488,0.0,0.0,0.0
RGI60-19.02691,0.048953125,0.02256210937500001,85.30536943096799,6.7444495761143685e-06,,0.0,0.0,0.0,0.0,1.0,1.0,0.0012819437394486087,0.0,0.2172049711027801,0.2160622314253632,5.902,0.0012751992898724935,0.0012751992898724935,0.2160622314253632,0.2160622314253632,0.0,0.0,0.0
RGI60-19.02693,0.048953125,0.02256210937500001,58.108000093761795,8.251394157360527e-07,,0.0,0.0,0.0,0.0,1.0,1.0,-0.0008742225177499707,0.0,-0.18447404890271596,-0.18464816568172754,4.739,-0.0008750476571657067,-0.0008750476571657067,-0.18464816568172754,-0.18464816568172754,0.0,0.0,0.0
RGI60-19.02704,0.048953125,0.02256210937500001,60.37823620806133,9.77598332638908e-07,,0.0,0.0,0.0,0.0,1.0,1.0,-0.0029810017234725428,0.0,-0.4915899939763428,-0.4917512074216988,6.064,-0.002981979321805182,-0.002981979321805182,-0.4917512074216988,-0.4917512074216988,0.0,0.0,0.0
RGI60-19.02713,0.048953125,0.02256210937500001,68.73999120316265,7.065389067315799e-06,,0.0,0.0,0.0,0.0,1.0,1.0,0.00237830805347745,0.0,0.1955202280070248,0.19493938378906064,12.164,0.0023712426644101345,0.0023712426644101345,0.19493938378906064,0.19493938378906064,0.0,0.0,0.0
RGI60-19.02717,0.048953125,0.02256210937500001,115.64068145896955,0.0008933462043227568,,0.0,0.0,0.0,0.0,1.0,1.0,-0.006045168429895472,0.0,-0.20551312017322695,-0.23588355037287875,29.415,-0.006938514634218228,-0.006938514634218228,-0.23588355037287875,-0.23588355037287875,0.0,0.0,0.0
RGI60-19.02719,0.048953125,0.02256210937500001,83.32086749309741,4.080371219996753e-05,,0.0,0.0,0.0,0.0,1.0,1.0,-0.010143848504750495,0.0,-0.18962236666511814,-0.19038512416021056,53.495,-0.010184652216950463,-0.010184652216950463,-0.19038512416021056,-0.19038512416021056,0.0,0.0,0.0
RGI60-19.02721,0.048953125,0.02256210937500001,89.44700622417851,4.59064723134902e-05,,0.0,0.0,0.0,0.0,1.0,1.0,-0.0019165059145119794,0.0,-0.022355137227481385,-0.022890614566959868,85.73,-0.001962412386825469,-0.001962412386825469,-0.022890614566959868,-0.022890614566959868,0.0,0.0,0.0
RGI60-19.02722,0.048953125,0.02256210937500001,53.557540161482045,1.542879291110123e-06,,0.0,0.0,0.0,0.0,1.0,1.0,0.004090538096068205,0.0,0.2300640099025987,0.2299772337894879,17.78,0.0040889952167770935,0.0040889952167770935,0.2299772337894879,0.2299772337894879,0.0,0.0,0.0
RGI60-19.02723,0.048953125,0.02256210937500001,63.95101221107807,9.779361846560894e-06,,0.0,0.0,0.0,0.0,1.0,1.0,0.00573747528852664,0.0,0.24322672807353596,0.24281215510110976,23.589,0.0057276959266800796,0.0057276959266800796,0.24281215510110976,0.24281215510110976,0.0,0.0,0.0
RGI60-19.02725,0.048953125,0.02256210937500001,95.32261339767656,0.00016811546984525495,,0.0,0.0,0.0,0.0,1.0,1.0,0.0020213684867991092,0.0,0.0979155438286722,0.08977199268329075,20.644,0.0018532530169538548,0.0018532530169538548,0.08977199268329075,0.08977199268329075,0.0,0.0,0.0
RGI60-19.02726,0.048953125,0.02256210937500001,47.24721502254869,0.0,,0.0,0.0,0.0,0.004732890322981822,1.0,1.0,0.0027055744694496173,0.0027055744694496173,1.241089206169549,1.241089206169549,2.18,0.0027055744694496173,0.0027055744694496173,1.241089206169549,1.241089206169549,0.0,0.0,0.0
RGI60-19.02728,0.048953125,0.02256210937500001,85.04279130534866,2.7686552283865327e-05,,0.0,0.0,0.0,0.0,1.0,1.0,0.005921222364456344,0.0,0.2219016026254064,0.2208640313360995,26.684,0.005893535812172479,0.005893535812172479,0.2208640313360995,0.2208640313360995,0.0,0.0,0.0
RGI60-19.02745,0.048953125,0.02256210937500001,70.04895279363636,5.202036138070204e-06,,0.0,0.0,0.0,0.0,1.0,1.0,-0.008655515833049807,0.0,-0.6204226100673649,-0.6207954891540304,13.951,-0.008660717869187878,-0.008660717869187878,-0.6207954891540304,-0.6207954891540304,0.0,0.0,0.0
RGI60-19.02747,0.048953125,0.02256210937500001,115.41564713542131,0.00028204561987509307,,0.0,0.0,0.0,0.0,1.0,1.0,-0.0051094635244631455,0.0,-0.6410870168711599,-0.6764754258893648,7.97,-0.0053915091443382385,-0.0053915091443382385,-0.6764754258893648,-0.6764754258893648,0.0,0.0,0.0
RGI60-19.02750,0.048953125,0.02256210937500001,88.01867035124296,7.351268813868422e-05,,0.0,0.0,0.0,0.0,1.0,1.0,-0.0016218045938520748,0.0,-0.3938330728149769,-0.4116846240871197,4.118,-0.001695317281990759,-0.001695317281990759,-0.4116846240871197,-0.4116846240871197,0.0,0.0,0.0
RGI60-19.02751,0.010590625000000008,0.009590625000000009,117.05040233584957,1.3861330072456168e-05,,0.0,0.0,1.348658588292799e-07,9.781383018957078e-06,1.0,0.0,1.2145100627862635e-05,-1.7162294445935326e-06,1.1041000570784212,-0.156020858599412,0.011,-1.7162294445935326e-06,-1.7162294445935326e-06,-0.156020858599412,-0.156020858599412,0.0,0.0,0.0
