RGIId,calving_k,calving_k_nmad,calving_thick,calving_flux_Gta,fa_gta_obs,fa_gta_obs_unc,fa_gta_max,calving_flux_Gta_bndlow,calving_flux_Gta_bndhigh,no_errors,oggm_dynamics,mb_clim_gta,mb_total_gta,mb_clim_mwea,mb_total_mwea,area_km2,mb_total_gta_obs,mb_clim_gta_obs,mb_total_mwea_obs,mb_clim_mwea_obs,calving_flux_Gta_rnd1,calving_k_rnd1
RGI60-05.00268,0.30000000000000004,0.3999999999999999,69.68851213389779,2.2301585006423866e-05,0.00011570482365380825,0.00012706259543173422,0.00011570482365380825,2.3726542672099998e-08,0.005293295397771768,1.0,1.0,-0.002532640098254888,-0.0026483449219086965,-0.5252235450567103,-0.5492186234342062,4.825,-0.0026483449219086965,-0.002532640098254888,-0.5492186234342062,-0.5252235450567103,2.2301585006423866e-05,0.30000000000000004
RGI60-05.00310,3.2531250000000007,0.2626062500000001,70.52481848860822,0.00042883304703530327,0.00033134972519591985,0.00032702167959753085,0.00033134972519591985,0.0,0.003093453139932325,1.0,1.0,-0.01195125350233732,-0.01228260322753324,-0.7714060777018309,-0.7927933900712805,15.504,-0.01228260322753324,-0.01195125350233732,-0.7927933900712805,-0.7714060777018309,0.00042883304703530327,3.2531250000000007
RGI60-05.00313,0.5,0.09999999999999998,85.56048666503148,7.284672249588015e-05,0.0001252908856312242,8.584644826707983e-05,0.0001252908856312242,5.805502925472219e-09,0.008615062379289013,1.0,1.0,-0.004069816489890747,-0.004195107375521971,-0.7451092162145101,-0.7680476936184405,5.466,-0.004195107375521971,-0.004069816489890747,-0.7680476936184405,-0.7451092162145101,7.284672249588015e-05,0.5
RGI60-05.00319,0.1,0.20000000000000004,57.07055684165302,2.069245617673176e-06,6.137273425681124e-05,7.262960408524945e-05,6.137273425681124e-05,2.1757648878100348e-08,0.003689544083941915,1.0,1.0,-0.0010046826154457725,-0.0010660553497025835,-0.3880052612350304,-0.4117072178747962,2.591,-0.0010660553497025835,-0.0010046826154457725,-0.4117072178747962,-0.3880052612350304,2.069245617673176e-06,0.1
RGI60-05.00321,0.1,0.0,76.3896317822062,2.300386013726048e-05,3.9594255551433836e-05,4.7771156853046055e-05,3.9594255551433836e-05,8.790314307046894e-08,0.009311612183208213,1.0,1.0,-0.00342865581770365,-0.003468250073255084,-0.6615860809033961,-0.6692261036263841,5.186,-0.003468250073255084,-0.00342865581770365,-0.6692261036263841,-0.6615860809033961,2.300386013726048e-05,0.1
RGI60-05.00337,0.225,0.12499999999999994,108.99092386961969,0.005225725322484996,0.005385936759114117,0.005447562583955418,0.005385936759114117,6.0300001926635924e-06,1.3994364422407326,1.0,1.0,-0.17237523004106756,-0.17776116680018167,-0.8662295152061578,-0.8932952217271405,199.136,-0.17776116680018167,-0.17237523004106756,-0.8932952217271405,-0.8662295152061578,0.005225725322484996,0.225
RGI60-05.00340,0.1,1.5999999999999996,36.08272537183076,0.0,9.055178084249057e-05,0.00011027288174804104,9.055178084249057e-05,0.0,0.0029461863629691412,1.0,1.0,-0.003148134715448373,-0.003238686496290864,-0.715287927517102,-0.7358622045116564,4.404,-0.003238686496290864,-0.003148134715448373,-0.7358622045116564,-0.715287927517102,0.0,0.1
RGI60-05.00355,0.5,0.2,67.66326628775606,8.628635865904892e-05,0.00011816611315754309,0.00011959124481073528,0.00011816611315754309,2.1556776708933057e-08,0.008955907163170044,1.0,1.0,-0.003842576400978922,-0.003960742514136465,-0.588953997681836,-0.6070653889652805,6.529,-0.003960742514136465,-0.003842576400978922,-0.6070653889652805,-0.588953997681836,8.628635865904892e-05,0.5
RGI60-05.00452,1.4999999999999998,0.5247499999999998,83.58342194439841,0.0004214433796717165,0.0003827083412420424,0.0003683724471227848,0.0003827083412420424,2.3543899876541226e-08,0.009153745999028956,1.0,1.0,-0.021829612277490088,-0.02221232061873213,-0.6872987856327897,-0.6993482428033335,31.786,-0.02221232061873213,-0.021829612277490088,-0.6993482428033335,-0.6872987856327897,0.0004214433796717165,1.4999999999999998
RGI60-05.00457,0.1,3.490625000000001,37.95901228794054,0.0,7.673497830772437e-05,9.935940378677372e-05,7.673497830772437e-05,0.0,0.001833647329169804,1.0,1.0,-0.0083511359552695,-0.008427870933577225,-0.6099788846432879,-0.6155837169358024,13.702,-0.008427870933577225,-0.0083511359552695,-0.6155837169358024,-0.6099788846432879,0.0,0.1
RGI60-05.00460,0.042765625,0.01512890625,472.54220085885817,0.015331893454114181,0.014988282754161666,0.009172800683503804,0.014988282754161666,0.00017541812970802128,10.520030331600257,1.0,1.0,-0.44840081790638414,-0.4633891006605458,-0.7824219364419579,-0.8085752366772377,573.547,-0.4633891006605458,-0.44840081790638414,-0.8085752366772377,-0.7824219364419579,0.015331893454114181,0.042765625
RGI60-05.00798,2.8031250000000005,0.006250000000000089,43.357822462759906,0.0,0.0004369157225677567,0.00043948397655305344,0.0004369157225677567,0.0,0.009411161475978012,1.0,1.0,-0.010363044223291356,-0.010799959945859113,-0.32114755257991656,-0.3346874364174244,32.292,-0.010799959945859113,-0.010363044223291356,-0.3346874364174244,-0.32114755257991656,0.0,2.8031250000000005
RGI60-05.00800,0.3125000000000001,0.175,117.11065117769778,0.005500172760002018,0.005466884896766942,0.0062065806538721185,0.005466884896766942,5.135600536872911e-06,1.0432466289487403,1.0,1.0,-0.17150037565893975,-0.17696726055570672,-0.6953352108484308,-0.7175002792791682,246.825,-0.17696726055570672,-0.17150037565893975,-0.7175002792791682,-0.6953352108484308,0.005500172760002018,0.3125000000000001
RGI60-05.00808,3.700000000000001,0.4774250000000004,140.92972598846532,0.030640067641952082,0.02977187839806885,0.007489983309913199,0.02977187839806885,3.424871507395239e-07,0.050235970962270685,1.0,1.0,-0.01584525329432078,-0.04561713169238963,-0.18684283337756266,-0.5379045684942361,84.87100000000002,-0.04561713169238963,-0.01584525329432078,-0.5379045684942361,-0.18684283337756266,0.030640067641952082,3.700000000000001
RGI60-05.00814,3.509375000000001,0.049999999999999815,41.98524906389952,0.0,0.0003991491481107779,0.00048630418228558654,0.0003991491481107779,0.0,0.00422994041928034,1.0,1.0,-0.013832097008826651,-0.014231246156937431,-0.5337551112961837,-0.549157540720854,25.934,-0.014231246156937431,-0.013832097008826651,-0.549157540720854,-0.5337551112961837,0.0,3.509375000000001
RGI60-05.00817,0.6,0.3234187500000001,137.60558045507813,0.014873665657548963,0.015234927105028497,0.012625177561439877,0.015234927105028497,3.5749067291518027e-06,0.8601546862820838,1.0,1.0,-0.32494641760298026,-0.3401813447080088,-0.6814130889090569,-0.7133607522023498,477.202,-0.3401813447080088,-0.32494641760298026,-0.7133607522023498,-0.6814130889090569,0.014873665657548963,0.6
RGI60-05.00818,2.2,0.5000000000000004,71.8866807475202,0.0005139456303283492,0.0005046048504950911,0.0007556835106610301,0.0005046048504950911,0.0,0.00671875141032371,1.0,1.0,-0.0074239735755463375,-0.00792857842604143,-0.3907923776206984,-0.4173543969055531,19.011,-0.00792857842604143,-0.0074239735755463375,-0.4173543969055531,-0.3907923776206984,0.0005139456303283492,2.2
RGI60-05.00822,1.9,0.2,72.12794106948526,0.00019416495543396982,0.000195124014031922,0.00020572953732952607,0.000195124014031922,0.0,0.006739297062154972,1.0,1.0,-0.011539132492415713,-0.011734256506447634,-0.6122087536875276,-0.6225610595929764,18.862,-0.011734256506447634,-0.011539132492415713,-0.6225610595929764,-0.6122087536875276,0.00019416495543396982,1.9
RGI60-05.00854,0.30000000000000004,0.11984999999999997,96.0830009919536,0.00032594330463278653,0.0003842744462023117,0.000361798755467341,0.0003842744462023117,2.769853398557167e-07,0.10342163123455046,1.0,1.0,-0.05190682009198756,-0.05229109453818988,-0.8445450491654904,-0.8507973505102048,61.499,-0.05229109453818988,-0.05190682009198756,-0.8507973505102048,-0.8445450491654904,0.00032594330463278653,0.30000000000000004
RGI60-05.02422,0.1,0.0,36.244711948702935,0.0,4.1582947375897264e-05,4.333383223472209e-05,4.1582947375897264e-05,0.0,0.0032683032499356626,1.0,1.0,-0.002508758543381943,-0.0025503414907578404,-0.3099817914391588,-0.3151197735518273,8.1,-0.0025503414907578404,-0.002508758543381943,-0.3151197735518273,-0.3099817914391588,0.0,0.1
RGI60-05.02500,0.02575,0.012500000000000004,291.56176298297765,0.0001878658531910146,0.00016532357915055758,0.00017743086425232076,0.00016532357915055758,3.1820999005682537e-06,0.0024969203392979887,1.0,0.0,-0.0035288857030670437,-0.0036942092822176017,-0.4512179343836267,-0.472356891597341,7.826,-0.0036942092822176017,-0.0035288857030670437,-0.472356891597341,-0.4512179343836267,0.0001878658531910146,0.02575
RGI60-05.02516,0.1,2.4,34.42577797968886,0.0,9.8960043226273e-05,0.0001343287023048923,9.8960043226273e-05,0.0,0.0020641709200942817,1.0,1.0,-0.007686175628592578,-0.007785135671818852,-0.6448046066902987,-0.6531065106323839,11.929,-0.007785135671818852,-0.007686175628592578,-0.6531065106323839,-0.6448046066902987,0.0,0.1
RGI60-05.02526,2.275,0.0,73.98021594290283,0.00019299715638969564,0.00010117564126045566,0.00011513480061288701,0.00010117564126045566,0.0,0.003358938663994444,1.0,1.0,-0.01072403397028311,-0.010825209611543566,-0.6312104315083941,-0.6371655711839227,17.003,-0.010825209611543566,-0.01072403397028311,-0.6371655711839227,-0.6312104315083941,0.00019299715638969564,2.275
RGI60-05.02527,0.30000000000000004,0.2,85.89048634268602,9.676675870305164e-05,0.0001405932515715143,0.00014469244181552376,0.0001405932515715143,3.668507004712532e-08,0.01081830453217713,1.0,1.0,-0.0031924016618237344,-0.0033329949133952485,-0.5659550377813619,-0.5908796767942062,5.645,-0.0033329949133952485,-0.0031924016618237344,-0.5908796767942062,-0.5659550377813619,9.676675870305164e-05,0.30000000000000004
RGI60-05.02541,0.1,0.0,45.24802005402522,4.292211425011342e-07,3.638335593328445e-05,4.292181807720647e-05,3.638335593328445e-05,4.2922114250113395e-09,0.005442048881388901,1.0,1.0,-0.005188358061470916,-0.0052247414174042,-0.5805821841551878,-0.5846535161651173,8.943,-0.0052247414174042,-0.005188358061470916,-0.5846535161651173,-0.5805821841551878,4.292211425011342e-07,0.1
RGI60-05.02614,0.17500000000000002,0.07105,16.868746121374162,0.0,0.0001124611683212376,0.00013851211416712807,0.0001124611683212376,0.0,0.0,1.0,1.0,-0.0006151498643406209,-0.0007276110326618585,-0.11071246495488243,-0.13095282243248052,5.561,-0.0007276110326618585,-0.0006151498643406209,-0.13095282243248052,-0.11071246495488243,0.0,0.17500000000000002
RGI60-05.02616,3.800000000000001,0.3000000000000003,71.04772162915047,0.0006904495416829516,0.0006525169140258253,0.0006762483855439255,0.0006525169140258253,0.0,0.0028335983990516638,1.0,1.0,-0.012565302978417387,-0.013217819892443214,-0.4488783206660616,-0.4721885979492446,28.014,-0.013217819892443214,-0.012565302978417387,-0.4721885979492446,-0.4488783206660616,0.0006904495416829516,3.800000000000001
RGI60-05.02619,0.17500000000000002,0.07105,34.417521677701586,0.0,0.0001879145028208181,0.0002567847775511435,0.0001879145028208181,0.0,0.0,1.0,1.0,-0.013104336185216578,-0.013292250688037395,-0.3226631316401229,-0.3272900796292293,40.644,-0.013292250688037395,-0.013104336185216578,-0.3272900796292293,-0.3226631316401229,0.0,0.17500000000000002
RGI60-05.02622,1.6999999999999995,0.3132632812499999,85.73324908473761,0.0012617015712824507,0.0012919890481507188,0.0011117094021123417,0.0012919890481507188,0.0,0.01996242532414521,1.0,1.0,-0.014365475722013554,-0.015657464770164272,-0.4145926167170719,-0.451879869197112,34.677,-0.015657464770164272,-0.014365475722013554,-0.451879869197112,-0.4145926167170719,0.0012617015712824507,1.6999999999999995
RGI60-05.02771,2.9000000000000004,0.4423382812500005,84.86532650171236,0.0014275486234266506,0.0013727594189863596,0.000982484995612035,0.0013727594189863596,0.0,0.0072894561271210625,1.0,1.0,-0.02708762973562232,-0.028460389154608683,-0.4438458260951275,-0.466339250004736,61.076,-0.028460389154608683,-0.02708762973562232,-0.466339250004736,-0.4438458260951275,0.0014275486234266506,2.9000000000000004
RGI60-05.02841,0.15000000000000002,0.07234999999999997,135.74765997955495,0.00020301009444871466,0.0002152534935166697,0.00018741352018866955,0.0002152534935166697,3.950255208350471e-07,0.011532724610082987,1.0,1.0,-0.0003167721336133565,-0.0005320256271300262,-0.05766444137492618,-0.0968486723742046,5.497000000000001,-0.0005320256271300262,-0.0003167721336133565,-0.0968486723742046,-0.05766444137492618,0.00020301009444871466,0.15000000000000002
RGI60-05.04255,1.0,0.1999,81.40906219183856,0.000439394065239572,0.0004480588274383865,0.00039376585312786265,0.0004480588274383865,6.981383895768458e-09,0.014181727379334557,1.0,1.0,-0.0010923736352475737,-0.0015404324626859605,-0.05936569437597235,-0.08371571762249219,18.415,-0.0015404324626859605,-0.0010923736352475737,-0.08371571762249219,-0.05936569437597235,0.000439394065239572,1.0
RGI60-05.04256,1.1,0.4098999999999999,82.70774021164179,0.000477131488098406,0.0005627785700123741,0.0005216814293865942,0.0005627785700123741,0.0,0.0027258446283735843,1.0,1.0,0.0001788860023078327,-0.00038389256770454135,0.1558565345322103,-0.3344709170264795,1.149,-0.00038389256770454135,0.0001788860023078327,-0.3344709170264795,0.1558565345322103,0.000477131488098406,1.1
RGI60-05.04258,0.1,2.7,35.357278069769066,0.0,7.891863269577445e-05,0.00010808877041155225,7.891863269577445e-05,0.0,0.0013394594989070295,1.0,1.0,-0.00035032620767246633,-0.00042924484036824083,-0.07759862540162442,-0.0950794112567704,4.518,-0.00042924484036824083,-0.00035032620767246633,-0.0950794112567704,-0.07759862540162442,0.0,0.1
RGI60-05.04267,0.55,0.29999999999999993,99.7021294683522,0.0006737596623247056,0.0007006814196953543,0.0009573964916807608,0.0007006814196953543,1.3317888352085512e-07,0.024398135688518403,1.0,1.0,-0.0009250499714518824,-0.0016257313911472366,-0.06723615329566422,-0.11816434615006614,13.767,-0.0016257313911472366,-0.0009250499714518824,-0.11816434615006614,-0.06723615329566422,0.0006737596623247056,0.55
RGI60-05.04271,0.30000000000000004,0.1098,75.36092551433515,0.00028811861490707173,0.00037150966095495164,0.00033373999764274803,0.00037150966095495164,2.080756147841179e-07,0.02223066134231114,1.0,1.0,-0.00091083021289765,-0.0012823398738526016,-0.10757944670756617,-0.1514589790354428,8.472000000000001,-0.0012823398738526016,-0.00091083021289765,-0.1514589790354428,-0.10757944670756617,0.00028811861490707173,0.30000000000000004
RGI60-05.04274,0.2,0.04999999999999999,91.75271701479944,0.0002862560150746956,0.00024374891170597218,0.0002863284898630051,0.00024374891170597218,4.861619333147985e-07,0.058586809069623866,1.0,1.0,-0.010679659639253249,-0.010923408550959218,-0.2523276446127946,-0.25808668477374125,42.356,-0.010923408550959218,-0.010679659639253249,-0.25808668477374125,-0.2523276446127946,0.0002862560150746956,0.2
RGI60-05.04275,3.9718750000000016,0.0,73.5241490863901,0.0003024756988305213,0.00017009536187175857,0.0001832411922944808,0.00017009536187175857,0.0,0.0009634667189102592,1.0,1.0,-0.0017395427495990002,-0.0019096381114707586,-0.27537892833680383,-0.302305934573416,6.3210000000000015,-0.0019096381114707586,-0.0017395427495990002,-0.302305934573416,-0.27537892833680383,0.0003024756988305213,3.9718750000000016
RGI60-05.04276,0.825,0.17800000000000002,127.9488155043715,0.014817014455655019,0.014792994319485678,0.005834825610001474,0.014792994319485678,2.3879718795282466e-06,0.4329394089152342,1.0,1.0,-0.0596585935397999,-0.07445158785928557,-0.9227795237809104,-1.1515926996115131,64.69800000000001,-0.07445158785928557,-0.0596585935397999,-1.1515926996115131,-0.9227795237809104,0.014817014455655019,0.825
RGI60-05.04280,1.2999999999999998,0.32861249999999986,166.34360463077658,0.0076648311232848905,0.0074935844912910375,0.003561276267581497,0.0074935844912910375,2.926789187914368e-07,0.0771095779090353,1.0,1.0,-0.04625771586816557,-0.053751300359456605,-0.7388358332966499,-0.8585245952273292,62.651,-0.053751300359456605,-0.04625771586816557,-0.8585245952273292,-0.7388358332966499,0.0076648311232848905,1.2999999999999998
RGI60-05.04282,0.625,0.3684,131.7314025227663,0.00461723807126036,0.004626031036678694,0.004034258774161518,0.004626031036678694,7.676452086108435e-07,0.09081359447392967,1.0,1.0,-0.0067006089148251655,-0.01132663995150386,-0.20152566631338395,-0.3406569003405519,33.27,-0.01132663995150386,-0.0067006089148251655,-0.3406569003405519,-0.20152566631338395,0.00461723807126036,0.625
RGI60-05.04288,0.001,0.0,87.45642450365288,0.00010057491400756724,0.0,0.007410219600941634,0.0,0.00010057491400756724,0.129061149100836,1.0,1.0,-0.16478481403985495,-0.16478481403985495,-1.2653544806133608,-1.2653544806133608,130.326,-0.16478481403985495,-0.16478481403985495,-1.2653544806133608,-1.2653544806133608,0.00010057491400756724,0.001
RGI60-05.04298,0.17500000000000002,0.07105,187.57728997111516,0.035062350858351465,0.02077833192547346,0.014009425265086492,0.02077833192547346,4.472251201383646e-05,0.018911370003913637,1.0,1.0,-0.08128181295553777,-0.10206014488101124,-1.0515410519332684,-1.3203498815577113,77.348,-0.10206014488101124,-0.08128181295553777,-1.3203498815577113,-1.0515410519332684,0.035062350858351465,0.17500000000000002
RGI60-05.04304,0.2,0.05485,355.31126901263764,0.017995134637751316,0.017582060267270827,0.006447786429273564,0.017582060267270827,2.11398658263382e-05,0.6985952912229658,1.0,1.0,-0.09930666761560007,-0.11688872788287093,-1.3873301022703086,-1.6329543091275311,71.632,-0.11688872788287093,-0.09930666761560007,-1.6329543091275311,-1.3873301022703086,0.017995134637751316,0.2
RGI60-05.04309,1.0,0.1749,278.3701021917825,0.044283437658293616,0.043134789233381717,0.01287770383850283,0.043134789233381717,3.0867064753651706e-06,0.4869749436676548,1.0,1.0,-0.1693475459247648,-0.21248233515814646,-1.6848970522684112,-2.114059924589172,100.579,-0.21248233515814646,-0.1693475459247648,-2.114059924589172,-1.6848970522684112,0.044283437658293616,1.0
RGI60-05.04311,0.1375,0.04434374999999998,188.4270831436193,0.0042395638729935,0.0041862247646677325,0.002169050020581907,0.0041862247646677325,8.939871473402302e-06,0.006805587638534779,1.0,1.0,-0.016940129660899084,-0.02112635442556681,-0.9872470208629344,-1.2312143345913646,17.169,-0.02112635442556681,-0.016940129660899084,-1.2312143345913646,-0.9872470208629344,0.0042395638729935,0.1375
RGI60-05.04315,0.17500000000000002,0.07105,0.2200734636220787,0.055364666643870186,0.034060398211130334,0.01276214883205376,0.034060398211130334,3.732945229309593e-05,0.0194954529876389,1.0,1.0,-0.044978974135670806,-0.07903937234680114,-0.6312903291717946,-1.1093359140615269,71.294,-0.07903937234680114,-0.044978974135670806,-1.1093359140615269,-0.6312903291717946,0.055364666643870186,0.17500000000000002
RGI60-05.04318,0.125,0.04979999999999998,103.96384098852337,0.0003402311648408802,0.00032674281259403344,0.0002834598239560828,0.00032674281259403344,8.446620653762321e-07,0.1634677324964218,1.0,1.0,-0.018266238456002358,-0.0185929812685964,-0.9649859704331524,-0.9822474460704368,18.941,-0.0185929812685964,-0.018266238456002358,-0.9822474460704368,-0.9649859704331524,0.0003402311648408802,0.125
RGI60-05.04323,0.8999999999999999,0.3999999999999999,89.41331878729717,0.0002680971955715904,0.0002626683860363129,0.00026596168892333596,0.0002626683860363129,3.1386128710979466e-08,0.009511377110947551,1.0,1.0,-0.0073770624943533215,-0.007639730880389634,-0.5722468594535948,-0.5926223353428228,12.899,-0.007639730880389634,-0.0073770624943533215,-0.5926223353428228,-0.5722468594535948,0.0002680971955715904,0.8999999999999999
RGI60-05.04324,0.1,0.4,54.36670710492727,5.198585296926101e-06,7.380426897766162e-05,0.00010287012784406741,7.380426897766162e-05,3.658360542362506e-08,0.006407933162374679,1.0,1.0,-0.002918937300193254,-0.0029927415691709154,-0.6251097482213929,-0.6409154210582967,4.673,-0.0029927415691709154,-0.002918937300193254,-0.6409154210582967,-0.6251097482213929,5.198585296926101e-06,0.1
RGI60-05.04328,0.1,0.10000000000000002,46.70524738725901,5.7437870075169425e-06,8.688852708578268e-05,7.997630210001972e-05,8.688852708578268e-05,5.7437870075169435e-08,0.011627566901767705,1.0,1.0,-0.003786983992944412,-0.003873872520030195,-0.6841976416543066,-0.6998958662651498,5.5379999999999985,-0.003873872520030195,-0.003786983992944412,-0.6998958662651498,-0.6841976416543066,5.7437870075169425e-06,0.1
RGI60-05.04331,0.1875,0.09429374999999998,295.83419542958165,0.016693163026658492,0.016940258420684803,0.011193691337940959,0.016940258420684803,1.4378931404919681e-05,0.6344349990044685,1.0,1.0,-0.016937511896419444,-0.03387777031710425,-0.3987909389616448,-0.7976465443865436,42.497,-0.03387777031710425,-0.016937511896419444,-0.7976465443865436,-0.3987909389616448,0.016693163026658492,0.1875
RGI60-05.04332,0.4875,0.110475,173.29682545774838,0.015509597597958157,0.01534994188198714,0.006681408093344366,0.01534994188198714,4.677423570731773e-06,0.39689621103640504,1.0,1.0,-0.04339397593156831,-0.05874391781355545,-0.5191220752692918,-0.7027534092039002,83.64200000000002,-0.05874391781355545,-0.04339397593156831,-0.7027534092039002,-0.5191220752692918,0.015509597597958157,0.4875
RGI60-05.04337,0.7999999999999999,0.4,90.56728254045626,0.0005552409717733261,0.000626136063623394,0.0008106980806918935,0.000626136063623394,4.999343782759665e-08,0.008501480561525785,1.0,1.0,-0.00048057299986841833,-0.0011067090634918123,-0.08508276010874914,-0.1959366460143078,5.652,-0.0011067090634918123,-0.00048057299986841833,-0.1959366460143078,-0.08508276010874914,0.0005552409717733261,0.7999999999999999
RGI60-05.04338,0.475,0.11517499999999994,258.36896509212045,0.012092323103007684,0.01246793725564263,0.005021382876766448,0.01246793725564263,3.5608565514429602e-06,0.5964385543837786,1.0,1.0,-0.039007944455314116,-0.051475881710956746,-0.3794090056431485,-0.5006778328689343,102.881,-0.051475881710956746,-0.039007944455314116,-0.5006778328689343,-0.3794090056431485,0.012092323103007684,0.475
RGI60-05.04345,0.95,0.3398,154.67911471929762,0.0018584974934662218,0.00183116075043529,0.0009672788099829244,0.00183116075043529,1.474874586280987e-07,0.01467835320501202,1.0,1.0,-0.002468592595323637,-0.004299753345758928,-0.3554477716188375,-0.6191129910038005,6.95,-0.004299753345758928,-0.002468592595323637,-0.6191129910038005,-0.3554477716188375,0.0018584974934662218,0.95
RGI60-05.04347,1.2499999999999998,0.16244999999999998,74.14095353023444,0.0005192641103128682,0.0005362548499054982,0.0005102427024675668,0.0005362548499054982,0.0,0.026214739785908547,1.0,1.0,-0.021739347260593903,-0.0222756021104994,-0.4532469167264509,-0.4644273746484718,47.997,-0.0222756021104994,-0.021739347260593903,-0.4644273746484718,-0.4532469167264509,0.0005192641103128682,1.2499999999999998
RGI60-05.04361,0.17500000000000002,0.07105,0.2523432041538776,0.02160732309463789,0.012491652411860062,0.004878037189989871,0.012491652411860062,3.3644425555926095e-05,0.009825342056386951,1.0,1.0,-0.02320307182051459,-0.03569472423237465,-0.4768375238034983,-0.7335487321452758,48.69,-0.03569472423237465,-0.02320307182051459,-0.7335487321452758,-0.4768375238034983,0.02160732309463789,0.17500000000000002
RGI60-05.04363,0.7,0.2,118.02095588564322,0.00046115051481674405,0.00039519594174329753,0.0004005924738667732,0.00039519594174329753,7.125188481013835e-08,0.019152696305414708,1.0,1.0,-0.010809086228834015,-0.011204282170577314,-0.4425602036601544,-0.4587408495316831,24.439,-0.011204282170577314,-0.010809086228834015,-0.4587408495316831,-0.4425602036601544,0.00046115051481674405,0.7
RGI60-05.04376,0.5,0.22475,126.82665107005629,0.001486524501680633,0.0014679327151485796,0.0009010187086188207,0.0014679327151485796,3.11768833652368e-07,0.015901289839353083,1.0,1.0,-0.0024432917427808605,-0.00391122445792944,-0.9104873265177228,-1.457509243680321,2.685,-0.00391122445792944,-0.0024432917427808605,-1.457509243680321,-0.9104873265177228,0.001486524501680633,0.5
RGI60-05.04501,0.375,0.09674999999999996,99.33582054617793,0.002134944521555728,0.002244050316454789,0.0011079834613678414,0.002244050316454789,1.2211096427468492e-06,0.23091773195666146,1.0,1.0,-0.0243767625236082,-0.026620812840062992,-0.4212063707717469,-0.4599813429899693,57.911,-0.026620812840062992,-0.0243767625236082,-0.4599813429899693,-0.4212063707717469,0.002134944521555728,0.375
RGI60-05.04511,0.55,0.2803875,243.69936312568154,0.022235348908115463,0.023218466045243448,0.014176332043532634,0.023218466045243448,5.392526214344266e-06,0.20854499406365284,1.0,1.0,0.007544337052618388,-0.01567412899262506,0.4420882525784283,-0.9184833933994968,17.076,-0.01567412899262506,0.007544337052618388,-0.9184833933994968,0.4420882525784283,0.022235348908115463,0.55
RGI60-05.04514,1.2499999999999998,0.19367500000000004,233.04218493814858,0.03277372750974459,0.032805545932198296,0.007624610700318948,0.032805545932198296,2.038802585610043e-06,0.28932661085601163,1.0,1.0,-0.005341862950983524,-0.03814740888318182,-0.07275531657718387,-0.5195615902845595,73.469,-0.03814740888318182,-0.005341862950983524,-0.5195615902845595,-0.07275531657718387,0.03277372750974459,1.2499999999999998
RGI60-05.04515,0.8999999999999999,0.5999999999999999,93.44050140560283,0.004415340320543378,0.0042152614941016716,0.005738097805794496,0.0042152614941016716,4.901156365103668e-07,0.053101399159635035,1.0,1.0,-0.00471672791669066,-0.008931989410792332,-0.1761797102743748,-0.3336285947295571,26.787,-0.008931989410792332,-0.00471672791669066,-0.3336285947295571,-0.1761797102743748,0.004415340320543378,0.8999999999999999
RGI60-05.04516,1.7999999999999998,0.7497499999999999,88.23327663248587,0.0029910126905533427,0.0028629887993163205,0.002530158785055406,0.0028629887993163205,4.279272008394808e-08,0.01970764388489081,1.0,1.0,-0.003951854006308901,-0.006814842805625222,-0.19839005498812093,-0.3421171522999091,19.93,-0.006814842805625222,-0.003951854006308901,-0.3421171522999091,-0.19839005498812093,0.0029910126905533427,1.7999999999999998
RGI60-05.04517,0.3250000000000001,0.07800000000000001,368.8829163969065,0.029217541342541068,0.02927049959643657,0.010328309514232746,0.02927049959643657,1.4984274644489457e-05,0.5131082418935633,1.0,1.0,-0.03499786681108971,-0.06426836640752627,-0.5819803873254727,-1.0687202444800363,60.167,-0.06426836640752627,-0.03499786681108971,-1.0687202444800363,-0.5819803873254727,0.029217541342541068,0.3250000000000001
RGI60-05.04518,0.2375,0.06706250000000001,518.6003061565324,0.06406363425665307,0.06599760871119519,0.02731446856966083,0.06599760871119519,3.337203091210099e-05,3.522983657475214,1.0,1.0,-0.12805581405323102,-0.19405342276442625,-0.7402226899193738,-1.1217198348138626,173.102,-0.19405342276442625,-0.12805581405323102,-1.1217198348138626,-0.7402226899193738,0.06406363425665307,0.2375
RGI60-05.04526,0.17500000000000002,0.07105,87.2051446713361,0.0,0.012115254836767668,0.00596760068063695,0.012115254836767668,0.0,0.0065908544846871924,1.0,1.0,0.007612937669052627,-0.00450231716771504,0.2269085831955085,-0.13419450598893012,33.569,-0.00450231716771504,0.007612937669052627,-0.13419450598893012,0.2269085831955085,0.0,0.17500000000000002
RGI60-05.04528,0.8999999999999999,0.3747499999999999,131.11695548179446,0.0018555107785511809,0.0018319895317764829,0.0015154368183609938,0.0018319895317764829,1.6258016537750446e-07,0.04039300308327868,1.0,1.0,-0.026964158690824684,-0.028796148222601167,-0.7017560633244945,-0.7494345307527629,38.442,-0.028796148222601167,-0.026964158690824684,-0.7494345307527629,-0.7017560633244945,0.0018555107785511809,0.8999999999999999
RGI60-05.04529,0.7999999999999999,0.1799,82.13972548379475,0.00042927619341018655,0.00042764500456121815,0.0002720114844106488,0.00042764500456121815,3.786587522643312e-08,0.008659084736339905,1.0,1.0,-0.003594504859321381,-0.004022149863882599,-0.6903029725806707,-0.7724296157238424,5.21,-0.004022149863882599,-0.003594504859321381,-0.7724296157238424,-0.6903029725806707,0.00042927619341018655,0.7999999999999999
RGI60-05.04530,0.7,0.3999999999999999,110.59821319972136,0.00018439163219966862,0.00021064501616459543,0.00021608786325773177,0.00021064501616459543,2.015996031816213e-08,0.007114549005454036,1.0,1.0,-0.004808948836780509,-0.005019593852945104,-0.2464014853920344,-0.2571945394741264,19.528,-0.005019593852945104,-0.004808948836780509,-0.2571945394741264,-0.2464014853920344,0.00018439163219966862,0.7
RGI60-05.04532,0.6,0.27475000000000005,134.53400651664197,0.004044678542433753,0.0042514816912231435,0.003096206084387974,0.0042514816912231435,7.021163996973078e-07,0.0991672777035392,1.0,1.0,-0.007177818768681181,-0.011429300459904323,-0.24545402565740795,-0.3908384843278825,29.261,-0.011429300459904323,-0.007177818768681181,-0.3908384843278825,-0.24545402565740795,0.004044678542433753,0.6
RGI60-05.04577,4.303125000000001,0.6000000000000005,69.8171457978041,0.0024119289909473604,0.0021196902937013736,0.0022445467957092034,0.0021196902937013736,0.0,0.004697522606876599,1.0,1.0,0.0015197133086331089,-0.0005999769850682647,0.1644486942079751,-0.06492371369574802,9.246,-0.0005999769850682647,0.0015197133086331089,-0.06492371369574802,0.1644486942079751,0.0024119289909473604,4.303125000000001
RGI60-05.04584,3.790625000000001,0.049999999999999815,35.758964625612954,0.0,0.0014546933442972758,0.0018049360655055628,0.0014546933442972758,0.0,0.008680976378123139,1.0,1.0,0.0023560394996671712,0.0009013461553698947,0.12152068185969872,0.04648996734037812,19.399,0.0009013461553698947,0.0023560394996671712,0.04648996734037812,0.12152068185969872,0.0,3.790625000000001
RGI60-05.04704,0.5,0.12494999999999998,73.95427937723309,0.00020721815147519456,0.00026243634044610046,0.00018277044431304164,0.00026243634044610046,6.53764398257359e-08,0.021363947967916616,1.0,1.0,-0.003564051049260895,-0.0038264873897069962,-0.2523838580554646,-0.27096796226168235,14.13,-0.0038264873897069962,-0.003564051049260895,-0.27096796226168235,-0.2523838580554646,0.00020721815147519456,0.5
RGI60-05.04788,2.2,0.2649250000000001,149.14467921573757,0.04280938169294265,0.04141801252022568,0.009656032722358538,0.04141801252022568,9.317456967620173e-07,0.17420212875178176,1.0,1.0,0.009899003261025038,-0.03151900925920064,0.10164262856233508,-0.32363611429439937,97.451,-0.03151900925920064,0.009899003261025038,-0.32363611429439937,0.10164262856233508,0.04280938169294265,2.2
RGI60-05.04790,2.0,0.5748375000000001,103.01988834774359,0.0061199352340228575,0.006016295883403688,0.0038387124258520322,0.006016295883403688,0.0,0.03434253732977142,1.0,1.0,0.0012850240666375428,-0.0047312718167661465,0.05238956108478258,-0.1928907483435444,24.544,-0.0047312718167661465,0.0012850240666375428,-0.1928907483435444,0.05238956108478258,0.0061199352340228575,2.0
RGI60-05.04792,3.0000000000000004,0.8498500000000004,134.7220314091608,0.027160916295228408,0.026631022006753338,0.011912987699111387,0.026631022006753338,3.4958526505277335e-07,0.061037544232456324,1.0,1.0,0.01962035001720853,-0.0070106719895448024,0.3569959289507489,-0.12756048476614398,54.992,-0.0070106719895448024,0.01962035001720853,-0.12756048476614398,0.3569959289507489,0.027160916295228408,3.0000000000000004
RGI60-05.04801,0.17500000000000002,0.05762500000000001,267.12719340279625,0.005427752353397345,0.005446158354867974,0.002899190475132681,0.005446158354867974,5.347628143064029e-06,0.2268579024764259,1.0,1.0,-0.00519398679352118,-0.010640145148389157,-0.23909903362480706,-0.4898064865665224,21.734,-0.010640145148389157,-0.00519398679352118,-0.4898064865665224,-0.23909903362480706,0.005427752353397345,0.17500000000000002
RGI60-05.04804,1.1999999999999995,0.5997499999999999,77.5265350583926,0.0011479833521898602,0.0011035611227837292,0.001102091740418601,0.0011035611227837292,4.975552805751881e-09,0.007052069502168168,1.0,1.0,0.0015309177339745518,0.0004273566111908225,0.34722804700504645,0.0969289192915907,4.4110000000000005,0.0004273566111908225,0.0015309177339745518,0.0969289192915907,0.34722804700504645,0.0011479833521898602,1.1999999999999995
RGI60-05.04806,1.6999999999999995,0.4548499999999999,113.62966557482895,0.008491056558471632,0.008304368344238556,0.005240629858814064,0.008304368344238556,1.5119951376724118e-07,0.0685568411644092,1.0,1.0,-0.014416290714624882,-0.02272065905886344,-0.21910012505221685,-0.34531068633456696,65.837,-0.02272065905886344,-0.014416290714624882,-0.34531068633456696,-0.21910012505221685,0.008491056558471632,1.6999999999999995
RGI60-05.04808,0.55,0.078675,281.99441479333814,0.027021284020104168,0.027458620665969432,0.0061916093695563,0.027458620665969432,7.253693030923085e-06,0.6055080782593371,1.0,1.0,0.003361449057669902,-0.024097171608299533,0.050202743524318375,-0.3598876868749935,66.99600000000001,-0.024097171608299533,0.003361449057669902,-0.3598876868749935,0.050202743524318375,0.027021284020104168,0.55
RGI60-05.04809,1.0499999999999998,0.3216875,119.43044336004871,0.008604455841066677,0.008620234374151109,0.006136342626938295,0.008620234374151109,3.04831398631961e-07,0.3124516269882209,1.0,1.0,-0.015073776596830759,-0.02369401097098187,-0.32330766406649003,-0.5081974839009181,46.646,-0.02369401097098187,-0.015073776596830759,-0.5081974839009181,-0.32330766406649003,0.008604455841066677,1.0499999999999998
RGI60-05.04810,1.0,0.2873375,123.68903690642306,0.01518204252843504,0.01590094515200869,0.008801146886643024,0.01590094515200869,1.2725283878913445e-06,0.18129319383254705,1.0,1.0,0.01025212368248913,-0.0056488214695195604,0.17979761641820616,-0.09906675604454036,57.05,-0.0056488214695195604,0.01025212368248913,-0.09906675604454036,0.17979761641820616,0.01518204252843504,1.0
RGI60-05.04814,1.0,0.12492499999999995,202.67876618271907,0.026003907644688528,0.025742018698076744,0.005717139067142864,0.025742018698076744,2.3664170868113143e-06,0.19383971223240135,1.0,1.0,0.014554095788354916,-0.011187922909721829,0.29179983969112905,-0.22431033566136424,49.904,-0.011187922909721829,0.014554095788354916,-0.22431033566136424,0.29179983969112905,0.026003907644688528,1.0
RGI60-05.04816,0.2375,0.15000000000000002,134.4658127981989,0.003042527361347409,0.0031318421000971386,0.004516432225194366,0.0031318421000971386,2.8976722194271116e-06,0.5238820396422716,1.0,1.0,-0.033582518275133984,-0.036714360375231125,-0.7208086575715459,-0.7880299088607501,46.613,-0.036714360375231125,-0.033582518275133984,-0.7880299088607501,-0.7208086575715459,0.003042527361347409,0.2375
RGI60-05.04820,3.4000000000000012,0.4938492187500001,79.68918693111314,0.005943878294728778,0.005691708828148672,0.004910891084033553,0.005691708828148672,0.0,0.017023963330025402,1.0,1.0,0.0008654150133723714,-0.004826293814776301,0.0213418234584395,-0.1190202492005932,40.573,-0.004826293814776301,0.0008654150133723714,-0.1190202492005932,0.0213418234584395,0.005943878294728778,3.4000000000000012
RGI60-05.04821,2.2906249999999995,0.024999999999999908,39.84211735199847,0.0,0.0007382020223841284,0.0010205455879363427,0.0007382020223841284,0.0,0.018023445467960367,1.0,1.0,-0.003780199504111466,-0.004518401526495594,-0.16424729063585836,-0.1963217041652585,23.027,-0.004518401526495594,-0.003780199504111466,-0.1963217041652585,-0.16424729063585836,0.0,2.2906249999999995
RGI60-05.04823,0.7,0.3747499999999999,116.93033694750109,0.00039556524773784235,0.0004092706106274767,0.00037369331126972855,0.0004092706106274767,3.997160868981832e-08,0.00496868226458556,1.0,1.0,-0.00028225681671112423,-0.0006915274273386009,-0.09871551425779901,-0.241852389637654,2.861,-0.0006915274273386009,-0.00028225681671112423,-0.241852389637654,-0.09871551425779901,0.00039556524773784235,0.7
RGI60-05.04906,0.1,1.0,42.151015280688696,5.1640134677526335e-06,7.526362620518646e-05,0.0004838404977245214,7.526362620518646e-05,5.019315429358367e-08,0.006659916183199643,1.0,1.0,0.0007967996285346336,0.0007215360023294471,0.09497623226682654,0.08600502371235783,8.395,0.0007215360023294471,0.0007967996285346336,0.08600502371235783,0.09497623226682654,5.1640134677526335e-06,0.1
RGI60-05.04912,1.0,0.34979999999999994,94.00539996121591,0.0010967528559287496,0.0011152060017636186,0.00083167264441404,0.0011152060017636186,7.771733179588889e-08,0.01863424151158332,1.0,1.0,-0.004506237470564084,-0.005621443472327702,-0.27590470897675945,-0.34418575039449245,16.343,-0.005621443472327702,-0.004506237470564084,-0.34418575039449245,-0.27590470897675945,0.0010967528559287496,1.0
RGI60-05.04916,4.103125000000001,0.001953125,35.98537751492119,0.0,0.00031315589883640994,0.00018599987038329355,0.00031315589883640994,0.0,0.005338759933127173,1.0,1.0,-0.008633916190726152,-0.008947072089562563,-0.38721526238214826,-0.4012597285149913,22.311,-0.008947072089562563,-0.008633916190726152,-0.4012597285149913,-0.38721526238214826,0.0,4.103125000000001
RGI60-05.04918,0.1,0.20000000000000004,77.07625757103109,3.637431358711984e-05,0.00011457549723099441,0.00021991435531751495,0.00011457549723099441,1.6817798154591765e-07,0.02926662372596892,1.0,1.0,-0.00695586585627585,-0.0070704413535068455,-0.6893006173444138,-0.7006546259762237,10.097,-0.0070704413535068455,-0.00695586585627585,-0.7006546259762237,-0.6893006173444138,3.637431358711984e-05,0.1
RGI60-05.04940,0.17500000000000002,0.07105,25.58581405580032,0.0,0.0014131339122311116,0.0009474271329655046,0.0014131339122311116,0.0,0.0,1.0,1.0,-0.0012402354897826724,-0.002653369402013784,-0.12991080978727734,-0.2779321915233992,9.552,-0.002653369402013784,-0.0012402354897826724,-0.2779321915233992,-0.12991080978727734,0.0,0.17500000000000002
RGI60-05.04941,0.8999999999999999,0.27979999999999994,82.56990205849743,0.0006058138267731472,0.0005068432611742468,0.00041627515481885735,0.0005068432611742468,4.743189920904765e-08,0.009863288117306577,1.0,1.0,7.270979147525079e-05,-0.000434133469698996,0.008716062431547716,-0.05204160744717397,8.347000000000001,-0.000434133469698996,7.270979147525079e-05,-0.05204160744717397,0.008716062431547716,0.0006058138267731472,0.8999999999999999
RGI60-05.04944,0.30000000000000004,0.13725,123.431678786107,0.0027037518603289647,0.002678176259971536,0.0018411970190931493,0.002678176259971536,1.6448641769826058e-06,0.09442814130178054,1.0,1.0,-0.01031915598035137,-0.012997332240322906,-0.4487809391828046,-0.5652550441905857,23.006,-0.012997332240322906,-0.01031915598035137,-0.5652550441905857,-0.4487809391828046,0.0027037518603289647,0.30000000000000004
RGI60-05.04946,0.5,0.2,79.85944102505209,0.0005607517254051791,0.0006015048280582938,0.0006155210315667159,0.0006015048280582938,1.5405614169802942e-07,0.01599143036995923,1.0,1.0,0.000423569426383843,-0.00017793540167445083,0.04571522891737426,-0.01920430775539739,9.27,-0.00017793540167445083,0.000423569426383843,-0.01920430775539739,0.04571522891737426,0.0005607517254051791,0.5
RGI60-05.04951,0.17500000000000002,0.07105,30.181569521733593,0.0,0.0002339658168550017,0.00021522861884597005,0.0002339658168550017,0.0,0.0,1.0,1.0,0.0014042174479559925,0.0011702516311009909,0.17557472256677994,0.14632107424883484,8.002,0.0011702516311009909,0.0014042174479559925,0.14632107424883484,0.17557472256677994,0.0,0.17500000000000002
RGI60-05.04954,0.125,0.0561,127.4332316853638,0.0005981855369567517,0.0006916249073206073,0.00044320114712462666,0.0006916249073206073,1.9271064615614856e-06,0.030059337237548705,1.0,1.0,-0.00508675248446185,-0.0057783773917824575,-0.7468725591168266,-0.8484217628686046,6.814,-0.0057783773917824575,-0.00508675248446185,-0.8484217628686046,-0.7468725591168266,0.0005981855369567517,0.125
RGI60-05.05038,1.4,0.5999999999999999,71.1708044804877,0.0007729014454783934,0.0008195866994958168,0.0013323537935986908,0.0008195866994958168,0.0,0.009627061213208351,1.0,1.0,0.0002149883247910797,-0.0006045983747047371,0.024566749158181158,-0.06908754988090207,8.756,-0.0006045983747047371,0.0002149883247910797,-0.06908754988090207,0.024566749158181158,0.0007729014454783934,1.4
RGI60-05.05041,0.30000000000000004,0.1098,118.31811052113501,0.000286039048682826,0.0002605798423002299,0.0002259853517040851,0.0002605798423002299,1.2195051456846288e-07,0.015985066387062322,1.0,1.0,-0.002218571093461213,-0.0024791509357614434,-0.3364416250694884,-0.3759580083227588,6.598,-0.0024791509357614434,-0.002218571093461213,-0.3759580083227588,-0.3364416250694884,0.000286039048682826,0.30000000000000004
RGI60-05.05048,2.565625,0.0,70.02762703876347,0.0009321966365138276,0.0004350841621754967,0.0005319904562863983,0.0004350841621754967,0.0,0.006523650243156774,1.0,1.0,-0.0007045522013525865,-0.0011396363635280831,-0.06507655239559176,-0.10526346434044068,10.832,-0.0011396363635280831,-0.0007045522013525865,-0.10526346434044068,-0.06507655239559176,0.0009321966365138276,2.565625
RGI60-05.05050,0.7999999999999999,0.4,112.08336398620428,0.001210354363065338,0.0013060350243547126,0.0013654466575972206,0.0013060350243547126,1.1215370287095213e-07,0.022141416852242145,1.0,1.0,-0.001962039106474452,-0.0032680741308291645,-0.12226346629342975,-0.20364837276716333,16.055999999999994,-0.0032680741308291645,-0.001962039106474452,-0.20364837276716333,-0.12226346629342975,0.001210354363065338,0.7999999999999999
RGI60-05.05054,0.1375,0.07219999999999999,181.05359959820697,0.0047104908512697295,0.0049043985735712295,0.004189557906613389,0.0049043985735712295,7.200913176830223e-06,0.8616501331449793,1.0,1.0,-0.02955996467228323,-0.03446436324585446,-0.5545362946610134,-0.6465413779782825,53.33600000000001,-0.03446436324585446,-0.02955996467228323,-0.6465413779782825,-0.5545362946610134,0.0047104908512697295,0.1375
RGI60-05.05329,0.5,0.14984999999999996,89.5164272447576,0.0005994625425648166,0.0006912354189169951,0.0004746344917011897,0.0006912354189169951,1.468525937927143e-07,0.03917449411758495,1.0,1.0,-0.0070321304828804216,-0.007723365901797419,-0.4559780261098351,-0.5007991742188321,15.43,-0.007723365901797419,-0.0070321304828804216,-0.5007991742188321,-0.4559780261098351,0.0005994625425648166,0.5
RGI60-05.05476,0.1,0.4,45.51763181465238,3.81763624203445e-06,7.867006036474795e-05,9.182984956423322e-05,7.867006036474795e-05,3.817636242034447e-08,0.004537251149008986,1.0,1.0,-0.0009652416540659543,-0.0010439117144307023,-0.2635149042540467,-0.28499215125986244,3.665,-0.0010439117144307023,-0.0009652416540659543,-0.28499215125986244,-0.2635149042540467,3.81763624203445e-06,0.1
RGI60-05.05532,0.6499999999999999,0.35214999999999985,105.05525413911022,0.002445641569348468,0.0025352465212279372,0.002333844832263912,0.0025352465212279372,3.666597191491385e-07,0.08361172319423378,1.0,1.0,-0.012109238106398329,-0.014644484627626263,-0.524892410837318,-0.6347863320652041,23.079,-0.014644484627626263,-0.012109238106398329,-0.6347863320652041,-0.524892410837318,0.002445641569348468,0.6499999999999999
RGI60-05.05544,0.0938125,0.034187500000000016,260.5530756884197,0.004469619515284002,0.004686873662982772,0.0028770419842910192,0.004686873662982772,1.0322238301503634e-05,0.025912271135745773,1.0,1.0,-0.008917917075226912,-0.013604790738209685,-0.551826918172058,-0.8418434127737147,16.168,-0.013604790738209685,-0.008917917075226912,-0.8418434127737147,-0.551826918172058,0.004469619515284002,0.0938125
RGI60-05.05547,0.08762500000000001,0.024534375,616.3421457104811,0.017011740009319157,0.01670167562236835,0.007739820429266767,0.01670167562236835,3.662135242862693e-05,0.08679884609506276,1.0,1.0,-0.020678047323148124,-0.03737972294551648,-0.5415056801644813,-0.9788802579686781,38.205,-0.03737972294551648,-0.020678047323148124,-0.9788802579686781,-0.5415056801644813,0.017011740009319157,0.08762500000000001
RGI60-05.05548,0.30000000000000004,0.14999999999999994,99.08460380702137,0.00017896971044544346,0.00010887126505302702,0.00036232591562858997,0.00010887126505302702,8.507844512201021e-08,0.03336680718197384,1.0,1.0,-0.002325101001007261,-0.0024339722660602875,-0.19176129739383124,-0.2007403890661637,12.130999999999998,-0.0024339722660602875,-0.002325101001007261,-0.2007403890661637,-0.19176129739383124,0.00017896971044544346,0.30000000000000004
RGI60-05.05550,0.09071875,0.02507578125,403.2170668564608,0.0060417164574467,0.006034103036578509,0.0027854586212562853,0.006034103036578509,8.121472605752609e-06,0.007696453203254803,1.0,1.0,-0.004285401055427524,-0.010319504092006031,-0.3203681962549752,-0.7714659303624939,13.383,-0.010319504092006031,-0.004285401055427524,-0.7714659303624939,-0.3203681962549752,0.0060417164574467,0.09071875
RGI60-05.05554,0.2,0.09975000000000002,102.46882715201576,0.0005949811938637512,0.0005960902430055577,0.0005012791983063626,0.0005960902430055577,5.105440999117768e-07,0.02171467524774893,1.0,1.0,-0.004346764721662811,-0.004942854964668369,-0.9006821595382777,-1.0241965160145494,4.828,-0.004942854964668369,-0.004346764721662811,-1.0241965160145494,-0.9006821595382777,0.0005949811938637512,0.2
RGI60-05.05558,0.1,0.02611250000000001,447.3388709141675,0.031643815640967445,0.032572994066179015,0.014835028703226543,0.032572994066179015,5.5829789578613656e-05,0.1852905066830353,1.0,1.0,-0.03291913253569667,-0.06549212660187569,-0.5434643254194518,-1.0812142259635171,60.6,-0.06549212660187569,-0.03291913253569667,-1.0812142259635171,-0.5434643254194518,0.031643815640967445,0.1
RGI60-05.05562,0.35000000000000003,0.1198,97.69976494188093,0.0005447222962590458,0.000526555257356242,0.0003397639618883364,0.000526555257356242,2.0720266639318114e-07,0.04540974921678921,1.0,1.0,-0.007421748664943625,-0.007948303922299867,-0.8681358624903216,-0.9297280186155986,8.552999999999999,-0.007948303922299867,-0.007421748664943625,-0.9297280186155986,-0.8681358624903216,0.0005447222962590458,0.35000000000000003
RGI60-05.05697,0.056687500000000016,0.023296875,322.1553921934189,0.003527821220917739,0.0035354104748288023,0.002390612541588147,0.0035354104748288023,2.9436493981652208e-05,1.0826216055336872,1.0,1.0,-0.04869366901148823,-0.05222907948631703,-0.7310099192626768,-0.7840849940769259,66.646,-0.05222907948631703,-0.04869366901148823,-0.7840849940769259,-0.7310099192626768,0.003527821220917739,0.056687500000000016
RGI60-05.05700,0.2,0.2,77.40377687004613,0.0001495607315332213,0.00018569784825751191,0.0002753638878326209,0.00018569784825751191,1.9463368317173753e-07,0.028572099159817874,1.0,1.0,-0.006451933309548646,-0.006637631157806159,-0.4498467963507043,-0.4627941685754343,14.35,-0.006637631157806159,-0.006451933309548646,-0.4627941685754343,-0.4498467963507043,0.0001495607315332213,0.2
RGI60-05.05833,0.225,0.1284,108.63958483397256,0.0011972906310882426,0.0011432048361938024,0.0010849391058397678,0.0011432048361938024,1.279988672094885e-06,0.30805508769954704,1.0,1.0,-0.015814703377394938,-0.01695790821358874,-0.5167363559561877,-0.5540899178327042,30.613000000000003,-0.01695790821358874,-0.015814703377394938,-0.5540899178327042,-0.5167363559561877,0.0011972906310882426,0.225
RGI60-05.05853,0.30000000000000004,0.12989999999999996,118.04787666356172,0.00013968506963851508,0.0002032359531848744,0.00018513056783785832,0.0002032359531848744,7.452972802232489e-08,0.008051643063087106,1.0,1.0,-0.0015070295545453307,-0.001710265507730205,-0.39610396929067904,-0.4495220111043254,3.806,-0.001710265507730205,-0.0015070295545453307,-0.4495220111043254,-0.39610396929067904,0.00013968506963851508,0.30000000000000004
RGI60-05.05855,0.225,0.09350000000000004,134.23476379537814,0.001599312712904222,0.0015981635935317126,0.0010156364104496648,0.0015981635935317126,1.5481951780496509e-06,0.0904562524217591,1.0,1.0,-0.009949812206610469,-0.011547975800142182,-0.7653339836252656,-0.8882638323624983,13.004,-0.011547975800142182,-0.009949812206610469,-0.8882638323624983,-0.7653339836252656,0.001599312712904222,0.225
RGI60-05.05859,0.06906250000000001,0.02455,289.62193204718267,0.0030598160191288824,0.0030863373215380165,0.0019223411177065933,0.0030863373215380165,1.4745316184308694e-05,0.014243286465538784,1.0,1.0,-0.015880047110538642,-0.01896638443207666,-0.8223883974851162,-0.9822221804890549,19.315,-0.01896638443207666,-0.015880047110538642,-0.9822221804890549,-0.8223883974851162,0.0030598160191288824,0.06906250000000001
RGI60-05.05867,0.0938125,0.052843750000000016,191.04183934341012,0.002680158425505891,0.002768285333135203,0.0022821951947407017,0.002768285333135203,8.894335793397979e-06,0.3153604850083198,1.0,1.0,-0.02842941519990782,-0.031197700533043018,-0.9623090765071832,-1.0560129421585018,29.551,-0.031197700533043018,-0.02842941519990782,-1.0560129421585018,-0.9623090765071832,0.002680158425505891,0.0938125
RGI60-05.05872,0.15625000000000006,0.04203750000000001,208.99912133783252,0.009375695451421162,0.009243158233890564,0.004171456017787785,0.009243158233890564,1.2700639660250426e-05,0.8786572573194409,1.0,1.0,-0.04223966779075683,-0.05148282602464739,-0.8075479477353217,-0.9842608305010464,52.319,-0.05148282602464739,-0.04223966779075683,-0.9842608305010464,-0.8075479477353217,0.009375695451421162,0.15625000000000006
RGI60-05.05877,0.17500000000000002,0.07475,166.29224504694466,0.001214446080941801,0.0011449354481873,0.0007219304991568422,0.0011449354481873,1.634288330758819e-06,0.062024344951698174,1.0,1.0,-0.006399285742567422,-0.0075442211907547204,-0.8470919926268131,-0.9986504148086204,7.557,-0.0075442211907547204,-0.006399285742567422,-0.9986504148086204,-0.8470919926268131,0.001214446080941801,0.17500000000000002
RGI60-05.06320,0.1,0.4,50.866393596994065,1.10574402253979e-05,8.289082837025457e-05,0.00022553840770619043,8.289082837025457e-05,6.126235011801548e-08,0.00741229516689606,1.0,1.0,-0.0011221716054685036,-0.0012050624338387586,-0.3561497026685129,-0.3824572154715015,3.152,-0.0012050624338387586,-0.0011221716054685036,-0.3824572154715015,-0.3561497026685129,1.10574402253979e-05,0.1
RGI60-05.06352,0.17500000000000002,0.07105,30.74664992114586,0.0,0.00017179026434743024,0.0001931087657030781,0.00017179026434743024,0.0,0.0,1.0,1.0,-0.0013898901441212995,-0.0015616804084687304,-0.17816004711762853,-0.2001806087569353,7.8039999999999985,-0.0015616804084687304,-0.0013898901441212995,-0.2001806087569353,-0.17816004711762853,0.0,0.17500000000000002
RGI60-05.06401,0.8999999999999999,0.3999999999999999,78.88486386066285,0.00017665609009881905,0.0002487360277348422,0.00031194957783176177,0.0002487360277348422,9.316796464606673e-09,0.006256977259247142,1.0,1.0,-0.002381530577447093,-0.0026302666051819354,-0.3321820559635837,-0.36687640163675417,7.1720000000000015,-0.0026302666051819354,-0.002381530577447093,-0.36687640163675417,-0.3321820559635837,0.00017665609009881905,0.8999999999999999
RGI60-05.06407,0.1,0.07500000000000001,112.95748385101956,0.00018693452239306688,0.00017414282158508213,0.00036739473452832667,0.00017414282158508213,5.792029818088437e-07,0.02947019634385425,1.0,1.0,-0.0014651712133703324,-0.0016393140349554149,-0.2276326117780477,-0.2546878698516934,6.439,-0.0016393140349554149,-0.0014651712133703324,-0.2546878698516934,-0.2276326117780477,0.00018693452239306688,0.1
RGI60-05.06558,0.1,1.5999999999999996,33.85369236958759,0.0,7.816702624062401e-05,0.00023546126229367906,7.816702624062401e-05,0.0,0.0010086344473984306,1.0,1.0,-0.00026506028920111365,-0.00034322731544173777,-0.2275977216599191,-0.2947169311609641,1.165,-0.00034322731544173777,-0.00026506028920111365,-0.2947169311609641,-0.2275977216599191,0.0,0.1
RGI60-05.06655,0.2,0.0648,89.57604378963036,0.0003060561467844869,0.00026527363683962347,0.0002503134562563796,0.00026527363683962347,1.6821685173986877e-07,0.0142174249499374,1.0,1.0,-0.0009630599635577467,-0.00122833360039737,-0.29365982006523045,-0.3745480424087213,3.281,-0.00122833360039737,-0.0009630599635577467,-0.3745480424087213,-0.29365982006523045,0.0003060561467844869,0.2
RGI60-05.06699,0.5,0.2,103.1835810935266,0.0002096783951118108,0.00016948084410675288,0.00018560404550924944,0.00016948084410675288,3.865472748977309e-08,0.007361092043949116,1.0,1.0,-0.0001870492768338086,-0.00035653012094056147,-0.029204862949094388,-0.055666685782188134,6.408,-0.00035653012094056147,-0.0001870492768338086,-0.055666685782188134,-0.029204862949094388,0.0002096783951118108,0.5
RGI60-05.06757,0.1,0.1,81.94117495345907,0.00012035719001960988,0.00011544927762354775,0.00016859684591183583,0.00011544927762354775,3.459594169167437e-07,0.006935159939045089,1.0,1.0,-0.0002750333704972518,-0.00039048264812079953,-0.11942004741416205,-0.1695483579635635,2.3040000000000003,-0.00039048264812079953,-0.0002750333704972518,-0.1695483579635635,-0.11942004741416205,0.00012035719001960988,0.1
RGI60-05.06786,0.2,0.09975000000000002,110.71351866574787,0.00048095447868826623,0.0004694581193083922,0.00036561042632131776,0.0004694581193083922,4.804676488470703e-07,0.012057079321368987,1.0,1.0,-0.00016389941812344153,-0.0006333575374318338,-0.0546675981266546,-0.21125233831357326,2.999,-0.0006333575374318338,-0.00016389941812344153,-0.21125233831357326,-0.0546675981266546,0.00048095447868826623,0.2
RGI60-05.06789,0.2125,0.0682625,155.67550230645085,0.0027025962721193924,0.0026769495309216084,0.0013464195948626409,0.0026769495309216084,2.3645802484476503e-06,0.09272658034479957,1.0,1.0,-0.003871026896241064,-0.006547976427162672,-0.2550432581262203,-0.4314145282066924,15.185,-0.006547976427162672,-0.003871026896241064,-0.4314145282066924,-0.2550432581262203,0.0027025962721193924,0.2125
RGI60-05.06792,0.2625,0.08297500000000002,236.81854813691365,0.00935686270548164,0.009348461523354095,0.003926306231317133,0.009348461523354095,5.898327021783392e-06,0.1113959391252859,1.0,1.0,0.006604066935781625,-0.0027443945875724697,0.3153533471009425,-0.13104864432362967,20.951,-0.0027443945875724697,0.006604066935781625,-0.13104864432362967,0.3153533471009425,0.00935686270548164,0.2625
RGI60-05.06793,0.7999999999999999,0.2298375,155.1021544995939,0.0101849757331798,0.01022398931403618,0.0057578794396333215,0.01022398931403618,9.63098679169429e-07,0.35365664324612106,1.0,1.0,0.004047768477792047,-0.006176220836244134,0.06297561340105684,-0.09609030205082912,64.306,-0.006176220836244134,0.004047768477792047,-0.09609030205082912,0.06297561340105684,0.0101849757331798,0.7999999999999999
RGI60-05.06795,0.30000000000000004,0.2,97.05185033450012,0.0002021728476523725,0.0001811302121889608,0.00023232174007551006,0.0001811302121889608,8.48344897640067e-08,0.00700308153030586,1.0,1.0,-0.0006019292966424973,-0.0007830595088314579,-0.17109047651617254,-0.22257435425354474,3.52,-0.0007830595088314579,-0.0006019292966424973,-0.22257435425354474,-0.17109047651617254,0.0002021728476523725,0.30000000000000004
RGI60-05.06796,0.7,0.1798499999999999,122.4855447375287,0.006195804151425704,0.006110871204612093,0.0032024151773134,0.006110871204612093,9.393903551888005e-07,0.2278899070899205,1.0,1.0,-0.002621505274618116,-0.00873237647923021,-0.0796462219898623,-0.2653058921138878,32.931999999999995,-0.00873237647923021,-0.002621505274618116,-0.2653058921138878,-0.0796462219898623,0.006195804151425704,0.7
RGI60-05.06799,0.55,0.22475,88.63111750798225,0.0012515410277276265,0.0013315429249126376,0.0011258963587818859,0.0013315429249126376,1.735531869079788e-07,0.06279509824510343,1.0,1.0,-0.0015037768064495528,-0.002835319731362189,-0.10068097304422408,-0.18983053084787008,14.944,-0.002835319731362189,-0.0015037768064495528,-0.18983053084787008,-0.10068097304422408,0.0012515410277276265,0.55
RGI60-05.06803,0.2125,0.0620125,179.69681730761803,0.004781009129082489,0.004628606809907428,0.0021599682553357746,0.004628606809907428,4.4685144837056706e-06,0.7397904322261728,1.0,1.0,-0.03225926548965288,-0.0368878722995603,-0.5371860602748175,-0.6142623054724299,60.082,-0.0368878722995603,-0.03225926548965288,-0.6142623054724299,-0.5371860602748175,0.004781009129082489,0.2125
RGI60-05.06817,0.15000000000000002,0.05479999999999999,107.37786760092077,0.001066932580510636,0.0010756659268233893,0.0006681641556462737,0.0010756659268233893,1.76452573713002e-06,0.20202785872212772,1.0,1.0,-0.00660701066322875,-0.007682676590052138,-0.26424507425510674,-0.3072659557392349,25.018,-0.007682676590052138,-0.00660701066322875,-0.3072659557392349,-0.26424507425510674,0.001066932580510636,0.15000000000000002
RGI60-05.06821,0.7999999999999999,0.289825,161.9410056626651,0.013435825386142729,0.013870371004568827,0.007186798028602567,0.013870371004568827,1.4037082034598688e-06,0.1962991568711345,1.0,1.0,-8.264866779490905e-05,-0.013953019672363736,-0.0016240757845476734,-0.274181810497363,50.917,-0.013953019672363736,-8.264866779490905e-05,-0.274181810497363,-0.0016240757845476734,0.013435825386142729,0.7999999999999999
RGI60-05.06829,0.1,0.10000000000000002,64.8891769671279,4.220076057405054e-05,0.00012776567033874491,0.000117366761970609,0.00012776567033874491,1.1859914188845984e-07,0.0027860385523888827,1.0,1.0,3.165098163461173e-05,-9.61146887041332e-05,0.03621882846135035,-0.10998589121116817,0.8740000000000001,-9.61146887041332e-05,3.165098163461173e-05,-0.10998589121116817,0.03621882846135035,4.220076057405054e-05,0.1
RGI60-05.06838,0.17500000000000002,0.07105,61.30287345605822,0.0004855335505341754,0.0006353940188320346,0.0005243324062213523,0.0006353940188320346,4.5612172677080935e-07,0.00030488366093571224,1.0,1.0,0.0003538327577902957,-0.0002815612610417389,0.3302531181777836,-0.2627978398546496,1.072,-0.0002815612610417389,0.0003538327577902957,-0.2627978398546496,0.3302531181777836,0.0004855335505341754,0.17500000000000002
RGI60-05.06840,0.25,0.09985,130.92697944241385,0.0007909544314228218,0.0008666326739367577,0.0005093247246026061,0.0008666326739367577,5.690368953632236e-07,0.014870237351011341,1.0,1.0,0.000216084834848544,-0.0006505478390882138,0.05786582580122504,-0.17421161442646976,3.736,-0.0006505478390882138,0.000216084834848544,-0.17421161442646976,0.05786582580122504,0.0007909544314228218,0.25
RGI60-05.06947,0.30000000000000004,0.2,84.85452826494992,0.00023887044270964932,0.0002987431394754897,0.0003141703823504719,0.0002987431394754897,1.6492294560527046e-07,0.01175038320938569,1.0,1.0,-0.00015314454865181598,-0.00045188768812730567,-0.024996936540306502,-0.07375912471521158,6.129,-0.00045188768812730567,-0.00015314454865181598,-0.07375912471521158,-0.024996936540306502,0.00023887044270964932,0.30000000000000004
RGI60-05.07158,0.09690625,0.037203906250000016,329.48555157129454,0.005010576692020418,0.00503035097319287,0.0031892299351071844,0.00503035097319287,8.739621739354615e-06,0.013596248640545427,1.0,1.0,-0.004766570185330911,-0.00979692115852378,-0.3581999393550261,-0.7362225727104377,13.313,-0.00979692115852378,-0.004766570185330911,-0.7362225727104377,-0.3581999393550261,0.005010576692020418,0.09690625
RGI60-05.07160,0.1,0.04350000000000001,208.7841977341743,0.001961574005919563,0.002022022096742465,0.001459925081720525,0.002022022096742465,2.841780667591105e-07,0.004675067536617246,1.0,1.0,0.00035928874808011487,-0.00166273334866235,0.03726583191315015,-0.1724605677710334,9.646,-0.00166273334866235,0.00035928874808011487,-0.1724605677710334,0.03726583191315015,0.001961574005919563,0.1
RGI60-05.07182,0.2,0.08980000000000002,89.95219894607618,0.0003688964309594095,0.0003944106740337678,0.00034664431868704936,0.0003944106740337678,4.259312439549089e-07,0.032314946757408036,1.0,1.0,-0.0019463805937143864,-0.002340791267748155,-0.23514734800015805,-0.28279713670104384,8.282,-0.002340791267748155,-0.0019463805937143864,-0.28279713670104384,-0.23514734800015805,0.0003688964309594095,0.2
RGI60-05.07184,0.11875,0.036412499999999993,80.02760703170209,0.0011679333668899506,0.0011681153687212102,0.0007154305702723211,0.0011681153687212102,2.0301317993837602e-06,0.16596478982868304,1.0,1.0,-0.012913486040607042,-0.014081601409328253,-0.6475104037010193,-0.7060822604089296,19.956,-0.014081601409328253,-0.012913486040607042,-0.7060822604089296,-0.6475104037010193,0.0011679333668899506,0.11875
RGI60-05.07198,0.17500000000000002,0.07105,0.06477290921228017,0.0040010993072077386,0.002866355554294651,0.002123357448126358,0.002866355554294651,3.3645007640879317e-06,0.0022056368622299653,1.0,1.0,0.000929289410420976,-0.001937066143873675,0.13893443655774368,-0.2896032067687657,6.692,-0.001937066143873675,0.000929289410420976,-0.2896032067687657,0.13893443655774368,0.0040010993072077386,0.17500000000000002
RGI60-05.07227,0.2375,0.07888750000000001,124.66934132608615,0.0532712575543911,0.05192957735166637,0.028916628734927962,0.05192957735166637,4.4191383044976784e-05,3.2156284107063424,1.0,1.0,-0.016480015390860983,-0.06840959274252735,-0.12747618784337414,-0.529161768839801,129.356,-0.06840959274252735,-0.016480015390860983,-0.529161768839801,-0.12747618784337414,0.0532712575543911,0.2375
RGI60-05.07490,0.17500000000000002,0.07105,78.89731011388137,0.012354358794654605,0.0936686436412174,0.0462091949817763,0.0936686436412174,2.1834949036134047e-05,0.0,1.0,1.0,-0.01858121358041044,-0.11224985722162784,-0.1647413105605879,-0.9952088709870676,112.869,-0.11224985722162784,-0.01858121358041044,-0.9952088709870676,-0.1647413105605879,0.012354358794654605,0.17500000000000002
RGI60-05.07491,0.55,0.19852499999999995,110.25570737636784,0.03707772295306175,0.03715667020434038,0.0258219890705141,0.03715667020434038,1.3969753913054777e-06,0.6027860968073493,1.0,1.0,-0.0005111125653251697,-0.03766778276966555,-0.010148650662319816,-0.7479314626324646,50.397,-0.03766778276966555,-0.0005111125653251697,-0.7479314626324646,-0.010148650662319816,0.03707772295306175,0.55
RGI60-05.07495,0.28750000000000003,0.14128750000000007,141.02499498692987,0.1236182028741709,0.1247723555100456,0.09268495217757823,0.1247723555100456,9.649816004253798e-05,4.876377511756928,1.0,1.0,-0.07784413025791816,-0.20261648576796376,-0.3141952372481609,-0.8178026346408889,247.918,-0.20261648576796376,-0.07784413025791816,-0.8178026346408889,-0.3141952372481609,0.1236182028741709,0.28750000000000003
RGI60-05.07542,0.0505,0.031250000000000014,197.00126971805983,0.0007316338043145687,0.0006937487683223622,0.0011179728797196269,0.0006937487683223622,2.311706017548069e-06,0.004825203895098207,1.0,1.0,-0.005753709076144913,-0.006447457844467276,-0.5621433400381324,-0.6299233137231021,10.242,-0.006447457844467276,-0.005753709076144913,-0.6299233137231021,-0.5621433400381324,0.0007316338043145687,0.0505
RGI60-05.07545,2.3,0.25567890625,75.14349335876305,0.0016144217499653411,0.0015827121983999295,0.0010765849005549858,0.0015827121983999295,0.0,0.008399904634135943,1.0,1.0,-0.0009127319117661887,-0.0024954441101661183,-0.16381479380802252,-0.4478759393601933,5.5760000000000005,-0.0024954441101661183,-0.0009127319117661887,-0.4478759393601933,-0.16381479380802252,0.0016144217499653411,2.3
RGI60-05.07547,0.30000000000000004,0.7999999999999998,43.36586636198765,7.709406403758631e-06,0.00010413552037446103,0.00018963301741912157,0.00010413552037446103,3.973927702315537e-09,0.002081588501650873,1.0,1.0,-0.0006530432344573674,-0.0007571787548318286,-0.3754163709968316,-0.4352809819262003,1.741,-0.0007571787548318286,-0.0006530432344573674,-0.4352809819262003,-0.3754163709968316,7.709406403758631e-06,0.30000000000000004
RGI60-05.07550,0.17500000000000002,0.07105,23.248855164251413,0.0,0.00012002726236046577,0.00023255666517742768,0.00012002726236046577,0.0,0.0,1.0,1.0,-0.0008989955853406233,-0.001019022847701089,-0.6456153615891171,-0.7318131646184199,1.393,-0.001019022847701089,-0.0008989955853406233,-0.7318131646184199,-0.6456153615891171,0.0,0.17500000000000002
RGI60-05.07551,0.17500000000000002,0.07105,22.598450951239556,0.0,0.000108204028365868,0.00013293622454750513,0.000108204028365868,0.0,0.0,1.0,1.0,-0.0006663722037053532,-0.0007745762320712213,-0.591351151739313,-0.6873734294411633,1.128,-0.0007745762320712213,-0.0006663722037053532,-0.6873734294411633,-0.591351151739313,0.0,0.17500000000000002
RGI60-05.07552,0.07525000000000001,0.02735000000000001,230.45091499075644,0.0009376535375222534,0.0009673335753070599,0.0006059893206099604,0.0009673335753070599,2.0105928804159528e-06,0.0021181693914367164,1.0,1.0,-0.003547943597155297,-0.004515277172462357,-0.4979508644740466,-0.6337153085438818,7.13,-0.004515277172462357,-0.003547943597155297,-0.6337153085438818,-0.4979508644740466,0.0009376535375222534,0.07525000000000001
RGI60-05.07555,0.1,0.7999999999999999,32.00545766312263,1.4155295468197332e-07,4.379172245634979e-05,0.00013221471391059708,4.379172245634979e-05,1.415529546819731e-09,0.003026564700297434,1.0,1.0,-0.0014871078457041856,-0.0015308995681605352,-0.4983566004915063,-0.5130319947448932,2.986,-0.0015308995681605352,-0.0014871078457041856,-0.5130319947448932,-0.4983566004915063,1.4155295468197332e-07,0.1
RGI60-05.07597,0.031937500000000014,0.015625,263.2777695471096,0.0013759286406905455,0.0013329816637892202,0.001638505037222241,0.0013329816637892202,5.572655865388918e-06,0.021640877702302105,1.0,1.0,-0.0055468190619904646,-0.006879800725779685,-0.77487035332872,-0.9610830206715067,7.1629999999999985,-0.006879800725779685,-0.0055468190619904646,-0.9610830206715067,-0.77487035332872,0.0013759286406905455,0.031937500000000014
RGI60-05.07602,0.0505,0.01927500000000001,155.26679963390106,0.0010558010477506232,0.00111308809417764,0.0006599837037583085,0.00111308809417764,2.3037646622335463e-06,0.00501989287783762,1.0,1.0,-0.0041398192144096345,-0.005252907308587274,-0.6779361945677909,-0.860215339550482,6.1110000000000015,-0.005252907308587274,-0.0041398192144096345,-0.860215339550482,-0.6779361945677909,0.0010558010477506232,0.0505
RGI60-05.07663,0.07834375000000003,0.02097656250000001,249.7457229112289,0.002283477696255376,0.002341214344370655,0.0012685357380366304,0.002341214344370655,4.089422231118772e-06,0.2619747292223727,1.0,1.0,-0.013588592121676455,-0.01592980646604711,-0.7338529266918802,-0.8602903812305811,18.531,-0.01592980646604711,-0.013588592121676455,-0.8602903812305811,-0.7338529266918802,0.002283477696255376,0.07834375000000003
RGI60-05.07801,0.045859375000000015,0.0228328125,466.77858095353963,0.006213554021475726,0.006268562593910627,0.004923455788746026,0.006268562593910627,8.0916899798991e-06,0.0586421196105963,1.0,1.0,-0.013309165563512998,-0.019577728157423625,-0.7452776636921826,-1.0963003977924848,17.871,-0.019577728157423625,-0.013309165563512998,-1.0963003977924848,-0.7452776636921826,0.006213554021475726,0.045859375000000015
RGI60-05.07807,0.06906250000000001,0.026390625,247.81417373356757,0.001896637399554964,0.0018183914488083847,0.0011923456855226482,0.0018183914488083847,3.3822029170680166e-06,0.015973259231423956,1.0,1.0,-0.009488515964818794,-0.011306907413627179,-0.8729115381483561,-1.0401974322144527,10.878,-0.011306907413627179,-0.009488515964818794,-1.0401974322144527,-0.8729115381483561,0.001896637399554964,0.06906250000000001
RGI60-05.07812,0.08762500000000001,0.029825000000000008,236.77453896622916,0.004425777451127632,0.004286297590966139,0.002476531142555107,0.004286297590966139,3.909125021837703e-06,0.014897576462650615,1.0,1.0,-0.005405751346179225,-0.009692048937145365,-0.6752872576045281,-1.21073218655529,8.011000000000001,-0.009692048937145365,-0.005405751346179225,-1.21073218655529,-0.6752872576045281,0.004425777451127632,0.08762500000000001
RGI60-05.07816,0.17500000000000002,0.07105,61.12111330045264,0.0016376609059780554,0.001223285638796911,0.0007795584038816565,0.001223285638796911,3.7763965111409003e-07,0.0008090797143460878,1.0,1.0,-0.0006610109259498429,-0.0018842965647467528,-0.32349632397616856,-0.9221678311906611,2.045,-0.0018842965647467528,-0.0006610109259498429,-0.9221678311906611,-0.32349632397616856,0.0016376609059780554,0.17500000000000002
RGI60-05.08013,0.1,0.4,40.88202244750548,1.3471803967293951e-06,8.680275195944648e-05,8.759602523465285e-05,8.680275195944648e-05,1.347180396729395e-08,0.008384388871782703,1.0,1.0,-0.0017418459565665307,-0.0018286487085259766,-0.28877334472289456,-0.3031640093623161,6.037000000000001,-0.0018286487085259766,-0.0017418459565665307,-0.3031640093623161,-0.28877334472289456,1.3471803967293951e-06,0.1
RGI60-05.08015,0.1,0.040375000000000015,185.9881429603943,0.0012060867000937053,0.0011752968965508075,0.0008081737135361947,0.0011752968965508075,2.418607466307021e-06,0.18366877846172655,1.0,1.0,-0.008857319860163465,-0.010032616756714272,-0.3986929499278716,-0.4515963782927434,22.233,-0.010032616756714272,-0.008857319860163465,-0.4515963782927434,-0.3986929499278716,0.0012060867000937053,0.1
RGI60-05.08020,0.30000000000000004,0.2,60.567430123020465,6.97976778029934e-05,0.00010751761826896664,0.00020063191881577696,0.00010751761826896664,3.868206735247253e-08,0.011328749650222408,1.0,1.0,-0.0023767118727440004,-0.0024842294910129674,-0.2844048271352613,-0.2972707239183141,8.363,-0.0024842294910129674,-0.0023767118727440004,-0.2972707239183141,-0.2844048271352613,6.97976778029934e-05,0.30000000000000004
RGI60-05.08041,0.1375,0.00995,754.9357502869614,0.10971607875536502,0.1054087890290219,0.016335212159927084,0.1054087890290219,8.313043800108714e-05,12.104635454583544,1.0,1.0,-0.2544713642959639,-0.3598801533249858,-0.5786212801387158,-0.8183015624942102,440.14,-0.3598801533249858,-0.2544713642959639,-0.8183015624942102,-0.5786212801387158,0.10971607875536502,0.1375
RGI60-05.08054,0.08143750000000001,0.021440625000000005,369.06334051164515,0.02840745398333885,0.028569850649167238,0.0123950041753332,0.028569850649167238,4.784936318060478e-05,9.139346502352751,1.0,1.0,-0.12619447847262347,-0.1547643291217907,-0.2448874777868124,-0.30032887863810465,515.711,-0.1547643291217907,-0.12619447847262347,-0.30032887863810465,-0.2448874777868124,0.02840745398333885,0.08143750000000001
RGI60-05.08057,0.04740625,0.025,339.2244091568507,0.010257303647700987,0.01015102832852291,0.011270961333882428,0.01015102832852291,3.456556618488549e-05,9.938628838778746,1.0,1.0,-0.1678232260764965,-0.1779742544050194,-0.4248046203600276,-0.4504995365893015,395.374,-0.1779742544050194,-0.1678232260764965,-0.4504995365893015,-0.4248046203600276,0.010257303647700987,0.04740625
RGI60-05.08065,0.07525000000000001,0.0379,212.1863736123765,0.00134590191305105,0.0013221250350582186,0.0011458992958170047,0.0013221250350582186,5.864565319453985e-06,0.3011786696495208,1.0,1.0,-0.016151775302545142,-0.01747390033760336,-0.33820769062749384,-0.3658921306628485,47.795,-0.01747390033760336,-0.016151775302545142,-0.3658921306628485,-0.33820769062749384,0.00134590191305105,0.07525000000000001
RGI60-05.08115,0.1,0.024225000000000003,160.32726347254126,0.0016550341768951688,0.0015571444467951845,0.0007763792601678399,0.0015571444467951845,2.4931359543841647e-06,0.20189879837525165,1.0,1.0,-0.010847362217150346,-0.01240450666394553,-0.6699055484927804,-0.766070835853015,16.203,-0.01240450666394553,-0.010847362217150346,-0.766070835853015,-0.6699055484927804,0.0016550341768951688,0.1
RGI60-05.08116,0.059781250000000015,0.01956875,167.17647139160516,0.0018247798315589106,0.0017477794071490036,0.0011162129982466263,0.0017477794071490036,5.624703636206315e-06,0.05951783520937464,1.0,1.0,-0.012475693741392985,-0.014223473148541988,-0.6708238769602102,-0.7648027916625522,18.611,-0.014223473148541988,-0.012475693741392985,-0.7648027916625522,-0.6708238769602102,0.0018247798315589106,0.059781250000000015
RGI60-05.08118,0.038125000000000006,0.020512500000000003,113.71112807601541,0.0005685469956436154,0.0006129665940332276,0.0005948842380239141,0.0006129665940332276,4.35333073186204e-06,0.015863985038389268,1.0,1.0,-0.006521732283998016,-0.007134698878031244,-0.4682061057713872,-0.5122120062687796,13.939,-0.007134698878031244,-0.006521732283998016,-0.5122120062687796,-0.4682061057713872,0.0005685469956436154,0.038125000000000006
RGI60-05.08390,0.10625,0.03716875,229.5274251986528,0.011573987671854687,0.01180270528794199,0.006189985516852832,0.01180270528794199,1.5932640710495885e-05,2.4861047052426923,1.0,1.0,-0.14740603593172036,-0.15920874121966236,-0.2923044366290305,-0.3157090624849786,504.689,-0.15920874121966236,-0.14740603593172036,-0.3157090624849786,-0.2923044366290305,0.011573987671854687,0.10625
RGI60-05.08443,0.14375000000000002,0.04373125,237.51056310055043,0.00697151949487217,0.0068805137619769715,0.003286718811763905,0.0068805137619769715,1.0538142724334053e-05,1.2000706578635976,1.0,1.0,-0.05195450679946577,-0.058835020561442734,-0.21548137440537896,-0.2440183128420877,241.303,-0.058835020561442734,-0.05195450679946577,-0.2440183128420877,-0.21548137440537896,0.00697151949487217,0.14375000000000002
RGI60-05.08444,0.15000000000000002,0.06663749999999999,147.85446646705873,0.004443193974701069,0.004489843077185377,0.003352166497187863,0.004489843077185377,7.645025438532727e-06,1.176383664909965,1.0,1.0,-0.05109154558701039,-0.05558138866419576,-0.2849747659885857,-0.31001789133438995,179.428,-0.05558138866419576,-0.05109154558701039,-0.31001789133438995,-0.2849747659885857,0.004443193974701069,0.15000000000000002
RGI60-05.08727,0.6,0.09999999999999998,75.97454162600582,0.00013630715793232494,0.0001299419402855435,0.00013894259376315702,0.0001299419402855435,2.1078928539981545e-08,0.02050907810237348,1.0,1.0,-0.006948792209675494,-0.007078734149961037,-0.18988973917353053,-0.1934406643421041,36.622,-0.007078734149961037,-0.006948792209675494,-0.1934406643421041,-0.18988973917353053,0.00013630715793232494,0.6
RGI60-05.09267,0.1,0.45,39.271937050780146,0.0,8.957308925883641e-05,8.897629571652136e-05,8.957308925883641e-05,0.0,0.009743771460462637,1.0,1.0,-0.004838884289506117,-0.004928457378764953,-0.3924433809195341,-0.3997079410712158,12.34,-0.004928457378764953,-0.004838884289506117,-0.3997079410712158,-0.3924433809195341,0.0,0.1
RGI60-05.09428,0.08762500000000001,0.029825000000000008,177.74579106133797,0.0011291900845670465,0.0010985768417495494,0.0007001213551436268,0.0010985768417495494,2.892243016186227e-06,0.1589233872384478,1.0,1.0,-0.005017396066758342,-0.0061159729085078895,-0.19370190487375646,-0.2361136308100283,25.923,-0.0061159729085078895,-0.005017396066758342,-0.2361136308100283,-0.19370190487375646,0.0011291900845670465,0.08762500000000001
RGI60-05.09569,0.19375,0.0924625,86.94008835544588,0.001450063206549574,0.0014593517444199554,0.001449438633227875,0.0014593517444199554,1.754905132792828e-06,0.7350962654698057,1.0,1.0,-0.07466754719483652,-0.07612689893925648,-0.5209761023311058,-0.5311584025713176,143.42700000000005,-0.07612689893925648,-0.07466754719483652,-0.5311584025713176,-0.5209761023311058,0.001450063206549574,0.19375
RGI60-05.09578,0.0505,0.05,73.85721223490722,4.7361084894679166e-05,0.00014137833283845352,0.00016481445568841154,0.00014137833283845352,9.378432652411712e-07,0.30149036846711763,1.0,1.0,-0.02979622280190902,-0.029937601134747468,-0.42948861922986986,-0.43152647434202585,69.43,-0.029937601134747468,-0.02979622280190902,-0.43152647434202585,-0.42948861922986986,4.7361084894679166e-05,0.0505
RGI60-05.09689,0.25,0.06860000000000001,112.69809779102032,0.004719688795167376,0.004809433773177468,0.002500955768223718,0.004809433773177468,1.406520729947122e-06,0.4114036871986722,1.0,1.0,-0.014116504500810043,-0.01892593827398752,-0.3326931989147987,-0.4460403739803729,42.46100000000001,-0.01892593827398752,-0.014116504500810043,-0.4460403739803729,-0.3326931989147987,0.004719688795167376,0.25
RGI60-05.09694,1.1,0.1961625,87.89497769180157,0.0020037238842688537,0.0019998451408962947,0.0008177353731135817,0.0019998451408962947,5.373074183425697e-08,0.032884705235094125,1.0,1.0,-0.009117443957751534,-0.011117289098647828,-0.3441823009647452,-0.4196761899709572,26.511,-0.011117289098647828,-0.009117443957751534,-0.4196761899709572,-0.3441823009647452,0.0020037238842688537,1.1
RGI60-05.09726,0.4,0.10984999999999998,97.02255865639565,0.00037242761275678096,0.00033869308182183955,0.0002195629246367544,0.00033869308182183955,9.41606844400949e-08,0.018789527561878638,1.0,1.0,-0.004228205408385227,-0.0045668984902070674,-0.3589738426632554,-0.3877288215069816,11.788,-0.0045668984902070674,-0.004228205408385227,-0.3877288215069816,-0.3589738426632554,0.00037242761275678096,0.4
RGI60-05.09801,0.044312500000000005,0.0212859375,203.72186208290242,0.0030459361364786604,0.003195347120038561,0.002430417481991141,0.003195347120038561,9.041163328493657e-06,3.817695356661136,1.0,1.0,-0.05733468836716073,-0.06053003548719928,-0.4158609320115016,-0.4390374778214306,137.972,-0.06053003548719928,-0.05733468836716073,-0.4390374778214306,-0.4158609320115016,0.0030459361364786604,0.044312500000000005
RGI60-05.09802,0.041218750000000005,0.01987812500000001,184.92814305309776,0.002187967186234637,0.0021241362351838537,0.0016880115973432856,0.0021241362351838537,6.839060495951003e-06,0.015927645950557536,1.0,1.0,-0.010382544093889548,-0.0125066803290734,-0.37484395178424496,-0.4515322483447213,27.719,-0.0125066803290734,-0.010382544093889548,-0.4515322483447213,-0.37484395178424496,0.002187967186234637,0.041218750000000005
RGI60-05.09804,0.19375,0.08086875000000003,117.10624566943346,0.011099240195197807,0.01106961572732351,0.008006122360194809,0.01106961572732351,1.2176679554118836e-05,1.9160299271661083,1.0,1.0,-0.0520596299409935,-0.06312924566831701,-0.3341854614061514,-0.40524444979345536,155.892,-0.06312924566831701,-0.0520596299409935,-0.40524444979345536,-0.3341854614061514,0.011099240195197807,0.19375
RGI60-05.09805,0.001,0.1,26.15481298638997,3.640469579972627e-07,6.970761433421173e-05,9.716798780036036e-05,6.970761433421173e-05,3.640469579972627e-07,0.014974769308074396,1.0,1.0,-0.001806389666116607,-0.0018760972804508188,-0.3250570134708095,-0.3376007903516673,5.561,-0.0018760972804508188,-0.001806389666116607,-0.3376007903516673,-0.3250570134708095,3.640469579972627e-07,0.001
RGI60-05.09806,0.5,0.12485,105.0111095975259,0.0004634637787490778,0.0004469189333642677,0.0002795095206354188,0.0004469189333642677,1.0080853959907722e-07,0.024270819067487345,1.0,1.0,-0.006704888332075002,-0.00715180726543927,-0.3649710828627671,-0.3892984808719969,18.385,-0.00715180726543927,-0.006704888332075002,-0.3892984808719969,-0.3649710828627671,0.0004634637787490778,0.5
RGI60-05.09810,0.1,0.0,95.62383159224413,0.0001484810741091121,9.044610771505348e-05,0.0001479809166143391,9.044610771505348e-05,3.672685182442523e-07,0.009662036928759913,1.0,1.0,-0.001178058729779646,-0.0012685048374946994,-0.3829014976782717,-0.4122989710196407,3.079,-0.0012685048374946994,-0.001178058729779646,-0.4122989710196407,-0.3829014976782717,0.0001484810741091121,0.1
RGI60-05.09814,1.1,0.2099,72.88953378978681,0.0003491354981487479,0.0003002962022823289,0.000209176951707036,0.0003002962022823289,0.0,0.008643913121511086,1.0,1.0,-0.003624686156469031,-0.003924982358751359,-0.4106334403394127,-0.4446533960930927,8.834,-0.003924982358751359,-0.003624686156469031,-0.4446533960930927,-0.4106334403394127,0.0003491354981487479,1.1
RGI60-05.09830,0.7,0.13494999999999996,96.54002859517121,0.0001720468116156807,0.00020808867257851279,0.00016690724974840096,0.00020808867257851279,1.4466496275987694e-08,0.008151744607746947,1.0,1.0,-0.005032715998650027,-0.00524080467122854,-0.5056319597212653,-0.5265384212302979,9.961,-0.00524080467122854,-0.005032715998650027,-0.5265384212302979,-0.5056319597212653,0.0001720468116156807,0.7
RGI60-05.09832,0.10625,0.03930625000000002,166.97326716581438,0.006016645357907431,0.0060106304523620865,0.004105590856071185,0.0060106304523620865,1.2170706688243125e-05,2.4746666663931216,1.0,1.0,-0.04069230167720656,-0.04670293212956865,-0.31631120253400985,-0.3630333015063359,128.739,-0.04670293212956865,-0.04069230167720656,-0.3630333015063359,-0.31631120253400985,0.006016645357907431,0.10625
RGI60-05.09834,0.13125,0.044799999999999986,137.99011060039155,0.0021764244326694755,0.0021867246595772267,0.0012812062891356696,0.0021867246595772267,2.941896468971705e-06,0.3584135939656297,1.0,1.0,-0.01466925718148187,-0.016855981841059096,-0.37254052376707664,-0.42807459341592496,39.405,-0.016855981841059096,-0.01466925718148187,-0.42807459341592496,-0.37254052376707664,0.0021764244326694755,0.13125
RGI60-05.09836,0.05359375000000001,0.01898867187500001,170.98987153177714,0.008850883593230306,0.008898044114950269,0.005603006109759251,0.008898044114950269,3.84832561030308e-05,0.0697815921040715,1.0,1.0,-0.03005058521308655,-0.03894862932803682,-0.4704099563176177,-0.6096993749344364,63.929,-0.03894862932803682,-0.03005058521308655,-0.6096993749344364,-0.4704099563176177,0.008850883593230306,0.05359375000000001
RGI60-05.09838,0.17500000000000002,0.11250000000000003,87.18311677941351,0.001184751725832759,0.0011617824549527492,0.001280003431644304,0.0011617824549527492,1.101472810042466e-06,0.3016669427201322,1.0,1.0,-0.01903451357802555,-0.0201962960329783,-0.4776348976144612,-0.5067876175748101,39.881,-0.0201962960329783,-0.01903451357802555,-0.5067876175748101,-0.4776348976144612,0.001184751725832759,0.17500000000000002
RGI60-05.09840,0.06287500000000001,0.03415625,132.83828617596328,0.0011122460572348589,0.0010180003081343572,0.0010042648409347495,0.0010180003081343572,4.61439152889045e-06,0.006819101591009952,1.0,1.0,-0.01271144540614988,-0.013729445714284236,-0.5316364876954502,-0.5742127715874139,23.928,-0.013729445714284236,-0.01271144540614988,-0.5742127715874139,-0.5316364876954502,0.0011122460572348589,0.06287500000000001
RGI60-05.09912,0.30000000000000004,0.2,65.97902466467133,4.193758645457702e-05,0.00010451560501689257,0.00010546176982800116,0.00010451560501689257,1.3736106142176375e-08,0.007703802954394331,1.0,1.0,-0.002081806192500673,-0.0021863217975175656,-0.3501184124915413,-0.3676958593455887,5.95,-0.0021863217975175656,-0.002081806192500673,-0.3676958593455887,-0.3501184124915413,4.193758645457702e-05,0.30000000000000004
RGI60-05.09915,0.1875,0.006250000000000006,706.8098745752801,0.11856425285058615,0.12265381528927673,0.008768714275584913,0.12265381528927673,1.336559879407874e-05,5.9934617695826935,1.0,1.0,-0.015568924354546806,-0.13822273964382353,-0.061524161992759875,-0.5462187387689452,253.25,-0.13822273964382353,-0.015568924354546806,-0.5462187387689452,-0.061524161992759875,0.11856425285058615,0.1875
RGI60-05.09918,0.5,0.2,73.88624260596924,0.00017562740710251246,0.00017326419964972274,0.0002127748937416333,0.00017326419964972274,0.0,0.010994829424667738,1.0,1.0,-0.001992152839993905,-0.002165417039643627,-0.3561447951298854,-0.3871198998752536,5.598,-0.002165417039643627,-0.001992152839993905,-0.3871198998752536,-0.3561447951298854,0.00017562740710251246,0.5
RGI60-05.09921,0.4,0.08484999999999998,88.45533012425003,0.00037106761020960414,0.00027710447186703467,0.00020629373959693458,0.00027710447186703467,8.247804315121652e-08,0.02183702207794431,1.0,1.0,-0.004599928584661434,-0.004877033056528469,-0.39484572019092345,-0.4186316361565119,11.659,-0.004877033056528469,-0.004599928584661434,-0.4186316361565119,-0.39484572019092345,0.00037106761020960414,0.4
RGI60-05.09943,0.044312500000000005,0.012746875,297.4928493352756,0.0004809309684658705,0.0005003308990380585,0.0002970225074352516,0.0005003308990380585,2.1231571194003254e-06,0.0224822391864411,1.0,1.0,-0.005900097424050079,-0.006400428323088138,-0.35370957939087017,-0.3837043098394949,16.694000000000006,-0.006400428323088138,-0.005900097424050079,-0.3837043098394949,-0.35370957939087017,0.0004809309684658705,0.044312500000000005
RGI60-05.09951,0.2,0.07985000000000002,89.35966593593109,0.0003129339972165397,0.0002950385242312063,0.00019754171946161311,0.0002950385242312063,3.4297618712971664e-07,0.0285114205851959,1.0,1.0,-0.003064194998801589,-0.003359233523032795,-0.3232502610358932,-0.3543746770768704,9.487,-0.003359233523032795,-0.003064194998801589,-0.3543746770768704,-0.3232502610358932,0.0003129339972165397,0.2
RGI60-05.09955,4.403125000000002,0.22127812500000044,70.97863401336092,0.0010547737228255897,0.00014436990998438582,0.00013832341574566758,0.00014436990998438582,0.0,0.0021170611527275792,1.0,1.0,-0.0065670452452585605,-0.006711415155242945,-0.3254768479971002,-0.33263213039465483,20.193,-0.006711415155242945,-0.0065670452452585605,-0.33263213039465483,-0.3254768479971002,0.0010547737228255897,4.403125000000002
RGI60-05.09958,0.08143750000000001,0.02702500000000001,249.37039051623142,0.0038516800376254975,0.0036997867333970094,0.0021538931945366624,0.0036997867333970094,3.4425065311733056e-06,0.6356190124435078,1.0,1.0,-0.011424939484242518,-0.015124726217639528,-0.2691322493101485,-0.3562864899868992,42.485,-0.015124726217639528,-0.011424939484242518,-0.3562864899868992,-0.2691322493101485,0.0038516800376254975,0.08143750000000001
RGI60-05.09964,0.17500000000000002,0.07105,24.07085274407459,0.0,9.484721363922287e-05,9.257327405373173e-05,9.484721363922287e-05,0.0,0.0,1.0,1.0,-0.0011985427124892641,-0.0012933899261284867,-0.3884741180293752,-0.4192161911170466,3.088,-0.0012933899261284867,-0.0011985427124892641,-0.4192161911170466,-0.3884741180293752,0.0,0.17500000000000002
RGI60-05.09992,0.05359375000000001,0.027620703125000014,319.84964239020843,0.011635379327792949,0.012168226051892848,0.009530136590142459,0.012168226051892848,8.699730980478634e-06,0.1774071678386325,1.0,1.0,-0.015432596877111663,-0.02760082292900452,-0.10914453225925712,-0.1952023326044778,141.507,-0.02760082292900452,-0.015432596877111663,-0.1952023326044778,-0.10914453225925712,0.011635379327792949,0.05359375000000001
RGI60-05.09996,0.042765625,0.020342187500000004,123.25956955653506,0.003197944688578997,0.003277875934200964,0.002905558436665994,0.003277875934200964,3.5303009505507605e-05,0.15465037043167074,1.0,1.0,-0.05858802551398155,-0.06186590144818251,-0.3801807431730107,-0.4014510505056253,154.222,-0.06186590144818251,-0.05858802551398155,-0.4014510505056253,-0.3801807431730107,0.003197944688578997,0.042765625
RGI60-05.09997,0.1125,0.04105,144.04063829427426,0.0005502015207019948,0.0005586813738462375,0.00039860538315351847,0.0005586813738462375,7.351777908311107e-07,0.3228257096901519,1.0,1.0,-0.01590783603845743,-0.01646651741230367,-0.4093463873395736,-0.4237225854286786,38.892,-0.01646651741230367,-0.01590783603845743,-0.4237225854286786,-0.4093463873395736,0.0005502015207019948,0.1125
RGI60-05.10312,0.225,0.0976,112.94115695276103,0.00624961541836824,0.006255656638128986,0.004665382779523951,0.006255656638128986,4.2477562306028935e-06,0.5254304211074743,1.0,1.0,-0.019954429890356225,-0.02621008652848521,-0.22458977542820985,-0.2949980269910561,88.917,-0.02621008652848521,-0.019954429890356225,-0.2949980269910561,-0.22458977542820985,0.00624961541836824,0.225
RGI60-05.10313,0.4125,0.09297500000000004,113.29563815916323,0.0013520505497393806,0.0013918348810672944,0.0007052112732929262,0.0013918348810672944,3.0240700498256357e-07,0.10841323399134996,1.0,1.0,-0.01696081025287866,-0.018352645133945952,-0.3262250526327958,-0.3529956727012136,52.033,-0.018352645133945952,-0.01696081025287866,-0.3529956727012136,-0.3262250526327958,0.0013520505497393806,0.4125
RGI60-05.10315,0.1,0.04780000000000001,639.2724670017346,0.8003923903325809,0.7770976030791643,0.6800034986776016,0.7770976030791643,0.0001704022830338409,419.8984416741088,1.0,1.0,-0.9337986870227316,-1.7108962901018958,-0.12398216613104372,-0.22715884164360145,7537.5790000000015,-1.7108962901018958,-0.9337986870227316,-0.22715884164360145,-0.12398216613104372,0.8003923903325809,0.1
RGI60-05.10324,0.08143750000000001,0.026576562500000008,329.08717241211485,0.0023070941268100217,0.002376421311853419,0.001308684038563265,0.002376421311853419,1.931711472409299e-06,0.2733308626116621,1.0,1.0,-0.005893937797728502,-0.00827035910958192,-0.2361360449179657,-0.3313455209759074,24.978,-0.00827035910958192,-0.005893937797728502,-0.3313455209759074,-0.2361360449179657,0.0023070941268100217,0.08143750000000001
RGI60-05.10347,0.2,0.02742499999999999,652.31030902516,0.029006166321338917,0.029233395967198244,0.008095116157696513,0.029233395967198244,3.5941492192909918e-06,2.5693070616256453,1.0,1.0,-0.02368330956378314,-0.05291670553098138,-0.14886334456401182,-0.33261220301308736,159.217,-0.05291670553098138,-0.02368330956378314,-0.33261220301308736,-0.14886334456401182,0.029006166321338917,0.2
RGI60-05.10352,0.06287500000000001,0.018656249999999992,117.33304808612307,0.0003880368786522217,0.0004077847959733526,0.00029976369881167734,0.0004077847959733526,2.830361386540753e-06,0.8531189391798022,1.0,1.0,-0.02722989323809001,-0.02763767803406336,-0.3066767306907003,-0.311269407825385,88.85700000000001,-0.02763767803406336,-0.02722989323809001,-0.311269407825385,-0.3066767306907003,0.0003880368786522217,0.06287500000000001
RGI60-05.10361,0.031937500000000014,0.018750000000000003,443.283850775357,0.0182227255822884,0.018476842296637527,0.020116561658978842,0.018476842296637527,4.597728286783105e-05,0.5663474787132717,1.0,1.0,-0.06008752202921595,-0.07856436432585348,-0.20749265620068644,-0.2712964037485788,289.801,-0.07856436432585348,-0.06008752202921595,-0.2712964037485788,-0.20749265620068644,0.0182227255822884,0.031937500000000014
RGI60-05.10363,0.0938125,0.03534765625000002,126.49241603918682,0.005473896738398592,0.0055648337448298965,0.003854201233027801,0.0055648337448298965,1.4589739865101712e-05,2.0491422010629123,1.0,1.0,-0.02795799186380625,-0.03352282560863615,-0.2862353827765525,-0.3432084416714344,97.747,-0.03352282560863615,-0.02795799186380625,-0.3432084416714344,-0.2862353827765525,0.005473896738398592,0.0938125
RGI60-05.10377,0.1,2.139062500000001,31.77971943633734,0.0,7.402912358117767e-05,6.883513657893577e-05,7.402912358117767e-05,0.0,0.0015197441152345096,1.0,1.0,-0.007152594601406976,-0.007226623724988154,-0.3867258967692348,-0.3907284973357956,18.51,-0.007226623724988154,-0.007152594601406976,-0.3907284973357956,-0.3867258967692348,0.0,0.1
RGI60-05.10522,2.3,0.3149500000000001,58.94574640116665,0.00021877500083478376,0.00023165130462623129,0.00021576729197477908,0.00023165130462623129,0.0,0.0016284354988195693,1.0,1.0,-0.0017707703225314532,-0.002002421627157684,-0.4236839451154799,-0.4791100709017314,4.183,-0.002002421627157684,-0.0017707703225314532,-0.4791100709017314,-0.4236839451154799,0.00021877500083478376,2.3
RGI60-05.10536,0.30000000000000004,0.08234999999999998,152.23962933077317,0.0019191353463655888,0.0019168260160995281,0.0007747347701109497,0.0019168260160995281,7.746232053532427e-07,0.07170413225322858,1.0,1.0,-0.006903218043841506,-0.008820044059941034,-0.4278504296561557,-0.5466522448901278,16.148,-0.008820044059941034,-0.006903218043841506,-0.5466522448901278,-0.4278504296561557,0.0019191353463655888,0.30000000000000004
RGI60-05.10537,0.2375,0.066725,292.0600500255079,0.012085451968175412,0.012019661092550841,0.005443027922431272,0.012019661092550841,1.871010223915541e-06,0.5867614564436929,1.0,1.0,-0.01415262047306705,-0.02617228156561789,-0.25820650374632964,-0.4774983778433931,54.856,-0.02617228156561789,-0.01415262047306705,-0.4774983778433931,-0.25820650374632964,0.012085451968175412,0.2375
RGI60-05.10538,0.946875,0.05000000000000005,44.849501592655294,0.0,0.0003808363652895104,0.0003999316346058183,0.0003808363652895104,0.0,0.04428447055059289,1.0,1.0,-0.02640784274807685,-0.02678867911336636,-0.4375305884113792,-0.4438403639043321,60.404,-0.02678867911336636,-0.02640784274807685,-0.4438403639043321,-0.4375305884113792,0.0,0.946875
RGI60-05.10541,1.7499999999999998,0.4842125000000002,105.22730651790172,0.0021494799973404573,0.002115168502163766,0.0014308130413010574,0.002115168502163766,0.0,0.01949317410137464,1.0,1.0,-0.009188317357478158,-0.011303485859641924,-0.4602965814578703,-0.5662577485436971,19.978,-0.011303485859641924,-0.009188317357478158,-0.5662577485436971,-0.4602965814578703,0.0021494799973404573,1.7499999999999998
RGI60-05.10544,0.525,0.1929,165.07174186244967,0.004144311736852301,0.004084514080877454,0.002826918280783605,0.004084514080877454,3.906716654126613e-07,0.1261695556206464,1.0,1.0,-0.01665021149477901,-0.020734725575656462,-0.4502278384369069,-0.5606746004059789,37.012,-0.020734725575656462,-0.01665021149477901,-0.5606746004059789,-0.4502278384369069,0.004144311736852301,0.525
RGI60-05.10559,0.11875,0.03935625,224.77971773670168,0.002829514456264805,0.0029198682329636245,0.0015003879075869613,0.0029198682329636245,2.443962950611921e-06,0.16622407396332806,1.0,1.0,-0.009826220817159828,-0.012746089050123451,-0.4509365687123794,-0.5849326783627492,21.807,-0.012746089050123451,-0.009826220817159828,-0.5849326783627492,-0.4509365687123794,0.002829514456264805,0.11875
RGI60-05.10562,0.4375,0.08422500000000002,90.55050707185212,0.00254963270277359,0.0025728269325623753,0.0009644189140808275,0.0025728269325623753,1.1593642413692181e-06,0.09542609025941157,1.0,1.0,-0.01532991374696164,-0.017902740679524014,-0.3850312159075877,-0.4496511934570777,39.845,-0.017902740679524014,-0.01532991374696164,-0.4496511934570777,-0.3850312159075877,0.00254963270277359,0.4375
RGI60-05.10566,0.5,0.17484999999999998,97.6476808465386,0.0003071850334262399,0.00029887714095445364,0.00025537979166558305,0.00029887714095445364,6.629662317208942e-08,0.02523048655580549,1.0,1.0,-0.011621076363008326,-0.01191995350396278,-0.54865991971492,-0.5627706529239948,21.197,-0.01191995350396278,-0.011621076363008326,-0.5627706529239948,-0.54865991971492,0.0003071850334262399,0.5
RGI60-05.10598,0.07525000000000001,0.033600000000000005,147.56730550654092,0.0005919254011568893,0.0006633368828677768,0.00047292621943617803,0.0006633368828677768,1.396241379765539e-06,0.11147509785876718,1.0,1.0,-0.00752637995470551,-0.008189716837573288,-0.5399763163208858,-0.5875670848771267,13.949000000000002,-0.008189716837573288,-0.00752637995470551,-0.5875670848771267,-0.5399763163208858,0.0005919254011568893,0.07525000000000001
RGI60-05.10599,0.8999999999999999,0.2,66.7014525527644,7.241680712605565e-05,0.00017189880837700477,0.00011499362080184919,0.00017189880837700477,2.094134922200765e-09,0.0034711664500002904,1.0,1.0,-0.004356906706118194,-0.004528805514495199,-0.3517779915364405,-0.3656571543547433,12.395,-0.004528805514495199,-0.004356906706118194,-0.3656571543547433,-0.3517779915364405,7.241680712605565e-05,0.8999999999999999
RGI60-05.10605,0.08762500000000001,0.025493750000000003,124.93490090129526,0.0006197617931554596,0.0006049668156929949,0.00035771063516172445,0.0006049668156929949,1.475874473006253e-06,0.07909571913809882,1.0,1.0,-0.004969936789636152,-0.005574903605329147,-0.4867058162287954,-0.545950205098528,10.22,-0.005574903605329147,-0.004969936789636152,-0.545950205098528,-0.4867058162287954,0.0006197617931554596,0.08762500000000001
RGI60-05.10607,0.125,0.034224999999999985,452.1179437623708,0.024756402842929837,0.024492892964135243,0.011140140120066536,0.024492892964135243,4.9396217800286635e-06,0.0474779331805398,1.0,1.0,-0.012301964266428923,-0.03679485723056417,-0.2677251142885485,-0.8007588986553924,45.987,-0.03679485723056417,-0.012301964266428923,-0.8007588986553924,-0.2677251142885485,0.024756402842929837,0.125
RGI60-05.10609,0.25,0.11225,161.9287982024228,0.004807750373701588,0.004921076598795674,0.003166351498577229,0.004921076598795674,3.4695915263450784e-06,0.5376362119753092,1.0,1.0,-0.02557577972135253,-0.030496856320148206,-0.3083271380094678,-0.3676528547681745,83.016,-0.030496856320148206,-0.02557577972135253,-0.3676528547681745,-0.3083271380094678,0.004807750373701588,0.25
RGI60-05.10610,0.2125,0.117775,119.15970045618653,0.0014328786146854285,0.0014300524115765313,0.0013457788931324696,0.0014300524115765313,1.3654804924323507e-06,0.31791503981857994,1.0,1.0,-0.027541745830844167,-0.028971798242420695,-0.3581272538117593,-0.376722325675041,76.967,-0.028971798242420695,-0.027541745830844167,-0.376722325675041,-0.3581272538117593,0.0014328786146854285,0.2125
RGI60-05.10615,0.044312500000000005,0.024534375,500.2679563434124,0.018835328386895982,0.018846613508143588,0.016239919984706037,0.018846613508143588,2.6332269088482048e-05,0.4636745669199266,1.0,1.0,-0.03409471877546128,-0.05294133228360487,-0.20318563675952367,-0.31550101298045546,167.93400000000003,-0.05294133228360487,-0.03409471877546128,-0.31550101298045546,-0.20318563675952367,0.018835328386895982,0.044312500000000005
RGI60-05.10617,0.11875,0.01508124999999999,730.6937382743292,0.06764104895819018,0.06571364384918077,0.0128163862349408,0.06571364384918077,1.819017685007217e-05,7.786551851055758,1.0,1.0,-0.07405430847178376,-0.13976795232096453,-0.1985397660495933,-0.3747181916580606,373.29,-0.13976795232096453,-0.07405430847178376,-0.3747181916580606,-0.1985397660495933,0.06764104895819018,0.11875
RGI60-05.10627,1.5999999999999996,0.3298874999999999,106.07580298935572,0.0035228815331105946,0.0035726006145903365,0.0014714305666072265,0.0035726006145903365,8.056105193314268e-08,0.028240149216420037,1.0,1.0,-0.01199149688226836,-0.015564097496858697,-0.2014772398077534,-0.26150291615408994,59.56399999999999,-0.015564097496858697,-0.01199149688226836,-0.26150291615408994,-0.2014772398077534,0.0035228815331105946,1.5999999999999996
RGI60-05.10633,0.17500000000000002,0.05735,104.48079595481451,0.0009385345950991012,0.0010356285307884065,0.0005179274206911061,0.0010356285307884065,1.1053211728032078e-06,0.08696118814171165,1.0,1.0,-0.004427034847763463,-0.005462663378551869,-0.2423647475145665,-0.2990618045775392,18.28,-0.005462663378551869,-0.004427034847763463,-0.2990618045775392,-0.2423647475145665,0.0009385345950991012,0.17500000000000002
RGI60-05.10634,0.17500000000000002,0.07105,169.40805790214566,0.21704903617168325,0.0626692067122985,0.029260327107750075,0.0626692067122985,3.2249463411572214e-05,0.001822878604327162,1.0,1.0,-0.0682658927365282,-0.1309350994488267,-0.17605119103242528,-0.33766906550070724,388.067,-0.1309350994488267,-0.0682658927365282,-0.33766906550070724,-0.17605119103242528,0.21704903617168325,0.17500000000000002
RGI60-05.10639,1.1999999999999995,0.3298499999999999,134.6735907419063,0.004547274776603189,0.004572599523525755,0.002230033508821786,0.004572599523525755,1.576597060019151e-07,0.045597922622089344,1.0,1.0,-0.004321842523829853,-0.008894442047355608,-0.12313543080042327,-0.25341528461337554,35.126,-0.008894442047355608,-0.004321842523829853,-0.25341528461337554,-0.12313543080042327,0.004547274776603189,1.1999999999999995
RGI60-05.10689,2.1218749999999997,0.0024218750000000178,38.40107531213901,0.0,0.0008168691638574848,0.000466240541035133,0.0008168691638574848,0.0,0.02016550923972448,1.0,1.0,-0.00587193397092411,-0.006688803134781594,-0.15966070599155704,-0.18187177104270127,36.806,-0.006688803134781594,-0.00587193397092411,-0.18187177104270127,-0.15966070599155704,0.0,2.1218749999999997
RGI60-05.10700,0.042765625,0.014603125000000003,212.38449879179961,0.004907514259355192,0.004889379978105437,0.0028812770061496557,0.004889379978105437,1.1874105379869582e-06,0.022219935510401623,1.0,1.0,-0.02510858422094536,-0.029997964199050788,-0.24693877265831204,-0.2950250160015866,101.758,-0.029997964199050788,-0.02510858422094536,-0.2950250160015866,-0.24693877265831204,0.004907514259355192,0.042765625
RGI60-05.10712,0.15000000000000002,0.07474999999999997,90.4628074870599,0.0005388322782888557,0.0005894358753501867,0.0005096823905154278,0.0005894358753501867,7.022584635618519e-07,0.03826562991051311,1.0,1.0,-0.0022760253545296115,-0.002865461229879798,-0.3405209719408677,-0.4287077211664902,6.689,-0.002865461229879798,-0.0022760253545296115,-0.4287077211664902,-0.3405209719408677,0.0005388322782888557,0.15000000000000002
RGI60-05.10713,0.059781250000000015,0.037500000000000006,213.1694009220569,0.0022415003391694052,0.0022053832284420773,0.0027908361819413644,0.0022053832284420773,5.880055292622517e-06,0.6013417845418908,1.0,1.0,-0.014399562119283294,-0.016604945347725372,-0.3711141265588597,-0.4279525820459753,38.832,-0.016604945347725372,-0.014399562119283294,-0.4279525820459753,-0.3711141265588597,0.0022415003391694052,0.059781250000000015
RGI60-05.10718,0.1,0.03855000000000002,125.16281147249151,0.0007175573356926218,0.0006837266731301132,0.0004733896973764513,0.0006837266731301132,1.7806676101093117e-06,0.11074311656412683,1.0,1.0,-0.006181084149978086,-0.0068648108231082,-0.3300379629667246,-0.3665454352726433,18.743,-0.0068648108231082,-0.006181084149978086,-0.3665454352726433,-0.3300379629667246,0.0007175573356926218,0.1
RGI60-05.10724,0.028843750000000005,0.015995312499999997,175.3725085080851,0.0013617026529379676,0.0014271618120198393,0.001264306645099569,0.0014271618120198393,7.4304893015527e-07,0.01578076485651163,1.0,1.0,-0.020516748223984013,-0.021943910036003853,-0.2625523470206264,-0.2808157033397331,78.206,-0.021943910036003853,-0.020516748223984013,-0.2808157033397331,-0.2625523470206264,0.0013617026529379676,0.028843750000000005
RGI60-05.10733,0.08143750000000001,0.028587500000000012,270.434894440201,0.009664766443168969,0.009346892525370331,0.00548122558689236,0.009346892525370331,1.2389314010535359e-06,0.03014299084476482,1.0,1.0,-0.014672735340841313,-0.024019627866211646,-0.20206139942585447,-0.33077947005733194,72.673,-0.024019627866211646,-0.014672735340841313,-0.33077947005733194,-0.20206139942585447,0.009664766443168969,0.08143750000000001
RGI60-05.10734,0.1375,0.04263749999999998,188.27155540579915,0.002407897379139602,0.002304240453188425,0.0011005172236830123,0.002304240453188425,2.58760165883282e-06,0.17894951776983664,1.0,1.0,-0.004378438386339667,-0.006682678839528092,-0.1703098727647767,-0.2599388371979256,25.729,-0.006682678839528092,-0.004378438386339667,-0.2599388371979256,-0.1703098727647767,0.002407897379139602,0.1375
RGI60-05.10736,0.2,0.069775,252.47906644977692,0.009908257243036915,0.00967506804305885,0.00574019648997985,0.00967506804305885,6.719415571453608e-06,0.4302941944519171,1.0,1.0,-0.015224058892260016,-0.024899126935318858,-0.23464577697166816,-0.3837659212304038,64.934,-0.024899126935318858,-0.015224058892260016,-0.3837659212304038,-0.23464577697166816,0.009908257243036915,0.2
RGI60-05.10738,0.7,0.13494999999999996,70.4953306001937,0.0002727677002175111,0.000315784077004262,0.00023846324311397777,0.000315784077004262,0.0,0.014827585409433668,1.0,1.0,-0.003493656801072857,-0.0038094408780771204,-0.18762201590922706,-0.20458076386105206,18.636,-0.0038094408780771204,-0.003493656801072857,-0.20458076386105206,-0.18762201590922706,0.0002727677002175111,0.7
RGI60-05.10743,0.08762500000000001,0.027659375000000003,462.7278241927508,0.018074527634285485,0.017706998913611903,0.009680926879414877,0.017706998913611903,7.129097859604254e-06,0.053228763712076126,1.0,1.0,-0.018624317168759702,-0.036331316082371605,-0.16228473031926524,-0.31657632218922904,114.852,-0.036331316082371605,-0.018624317168759702,-0.31657632218922904,-0.16228473031926524,0.018074527634285485,0.08762500000000001
RGI60-05.10749,0.08762500000000001,0.027659375000000003,641.872725112799,0.05056160086708161,0.051310890190207,0.02702072873341995,0.051310890190207,8.48859444210073e-05,5.733172591277207,1.0,1.0,-0.1284883793599525,-0.1797992695501595,-0.17402038397562056,-0.2435141456489333,738.938,-0.1797992695501595,-0.1284883793599525,-0.2435141456489333,-0.17402038397562056,0.05056160086708161,0.08762500000000001
RGI60-05.10750,0.25,0.062399999999999976,112.60314816740423,0.0010861894162562489,0.001162018426571934,0.00046505209291918074,0.001162018426571934,4.778993229886995e-07,0.05427075064938374,1.0,1.0,-0.0035994010230274978,-0.004761419449599432,-0.42538538226981387,-0.5627153572932979,8.468,-0.004761419449599432,-0.0035994010230274978,-0.5627153572932979,-0.42538538226981387,0.0010861894162562489,0.25
RGI60-05.10752,0.08143750000000001,0.05092500000000001,601.3970916526567,0.007081954701355643,0.007002246483236947,0.0065670902975371965,0.007002246483236947,1.3239049581812073e-05,0.7534939110509371,1.0,1.0,-0.02178256608036724,-0.028784812563604188,-0.20996376136505546,-0.2774589317780022,103.827,-0.028784812563604188,-0.02178256608036724,-0.2774589317780022,-0.20996376136505546,0.007081954701355643,0.08143750000000001
RGI60-05.10753,0.15000000000000002,0.03737499999999999,212.12001409982238,0.0029234722683495373,0.002976876135497711,0.001211319802875044,0.002976876135497711,4.5260715515002756e-07,0.2050367860138108,1.0,1.0,-0.00499569270201967,-0.007972568837517381,-0.19871630531102946,-0.31712907853375505,25.16,-0.007972568837517381,-0.00499569270201967,-0.31712907853375505,-0.19871630531102946,0.0029234722683495373,0.15000000000000002
RGI60-05.10754,0.4,0.06489999999999999,111.61815813401478,0.0008814372359580707,0.0008300139418057327,0.00033799559392670416,0.0008300139418057327,3.092564831177763e-07,0.04192704842142246,1.0,1.0,-0.00487365236288864,-0.005703666304694373,-0.2355234550533456,-0.2756345948640369,20.709,-0.005703666304694373,-0.00487365236288864,-0.2756345948640369,-0.2355234550533456,0.0008814372359580707,0.4
RGI60-05.10755,3.0000000000000004,0.13983046875000005,74.60527996017439,0.0008904866847110512,0.0008985350120498769,0.00036050216437494677,0.0008985350120498769,0.0,0.004581722896806254,1.0,1.0,-0.008730126568234754,-0.009628661580284631,-0.3082888650996771,-0.3400190281107264,28.34,-0.009628661580284631,-0.008730126568234754,-0.3400190281107264,-0.3082888650996771,0.0008904866847110512,3.0000000000000004
RGI60-05.10766,0.06906250000000001,0.025400781250000004,430.3903010509818,0.01890395121796796,0.018953361279439696,0.011387877344476806,0.018953361279439696,1.0127194350155667e-05,6.036134575202166,1.0,1.0,-0.0605344653054978,-0.0794878265849375,-0.1506026275290253,-0.1977563604444008,402.27,-0.0794878265849375,-0.0605344653054978,-0.1977563604444008,-0.1506026275290253,0.01890395121796796,0.06906250000000001
RGI60-05.10782,0.07525000000000001,0.037312500000000005,106.1759578063997,0.00033739778534450554,0.0003474832495181452,0.0003254500297815078,0.0003474832495181452,7.333264644819045e-07,0.05360942070861685,1.0,1.0,-0.0008177643800602554,-0.0011652476295784006,-0.13339877245330073,-0.1900823845842046,6.135,-0.0011652476295784006,-0.0008177643800602554,-0.1900823845842046,-0.13339877245330073,0.00033739778534450554,0.07525000000000001
RGI60-05.10784,0.1,0.20000000000000004,87.36053175881472,3.224949175965013e-05,0.00010158929374570684,0.000185781408770054,0.00010158929374570684,5.494836721828705e-08,0.019035504836182743,1.0,1.0,-0.001240858780062634,-0.001342448073808341,-0.21645242125242686,-0.2341734133249272,5.737,-0.001342448073808341,-0.001240858780062634,-0.2341734133249272,-0.21645242125242686,3.224949175965013e-05,0.1
RGI60-05.10792,0.0505,0.01895,228.0408206928581,0.003056446041243389,0.002951713343235785,0.0018477465976553364,0.002951713343235785,1.5981171132907971e-06,0.057659122078519774,1.0,1.0,-0.019230710884984133,-0.022182424228219914,-0.4301117008943906,-0.4961293564145057,44.746,-0.022182424228219914,-0.019230710884984133,-0.4961293564145057,-0.4301117008943906,0.003056446041243389,0.0505
RGI60-05.10797,0.044312500000000005,0.015871874999999997,182.83176693585938,0.000829634300520272,0.0009238036655412565,0.0005657614091543438,0.0009238036655412565,2.052070432702184e-06,0.0026174693382723753,1.0,1.0,-0.006222745912347253,-0.007146549577888509,-0.4711123944342527,-0.541051833227137,13.219,-0.007146549577888509,-0.006222745912347253,-0.541051833227137,-0.4711123944342527,0.000829634300520272,0.044312500000000005
RGI60-05.10844,0.15000000000000002,0.05479999999999999,149.52371895481917,0.003958010693527173,0.003890792595704564,0.0023338734944256113,0.003890792595704564,6.531173289306025e-06,0.6988498344520255,1.0,1.0,-0.05384576886094832,-0.057736561456652874,-0.4896608634519212,-0.5250428238589675,110.05,-0.057736561456652874,-0.05384576886094832,-0.5250428238589675,-0.4896608634519212,0.003958010693527173,0.15000000000000002
RGI60-05.10862,0.044312500000000005,0.014912500000000004,212.33019329113893,0.002558176287978986,0.002521115406238496,0.0014587247116610751,0.002521115406238496,1.2805360735213134e-05,4.648326417340988,1.0,1.0,-0.1820227849440098,-0.1845439003502483,-0.3840642482257493,-0.3893837487129284,474.312,-0.1845439003502483,-0.1820227849440098,-0.3893837487129284,-0.3840642482257493,0.002558176287978986,0.044312500000000005
RGI60-05.10884,0.03967187500000001,0.02187500000000001,278.190022792676,0.005536100128218429,0.005615349919310669,0.0064198724929976645,0.005615349919310669,1.2428799115951225e-05,0.15859466261094973,1.0,1.0,-0.017128579621597983,-0.022743929540908647,-0.3315590538299309,-0.44025575532542416,51.702,-0.022743929540908647,-0.017128579621597983,-0.44025575532542416,-0.3315590538299309,0.005536100128218429,0.03967187500000001
RGI60-05.10887,0.08762500000000001,0.027659375000000003,282.1202361849759,0.010904736403690884,0.011114488875392752,0.0057462466804249785,0.011114488875392752,1.0279086988740171e-05,0.14675372255628888,1.0,1.0,-0.030577827704927788,-0.041692316580320535,-0.3592782569349713,-0.4898694234628248,85.176,-0.041692316580320535,-0.030577827704927788,-0.4898694234628248,-0.3592782569349713,0.010904736403690884,0.08762500000000001
RGI60-05.10890,0.17500000000000002,0.07105,0.16179441877104672,0.2075737834033118,0.02359336252333566,0.01268667147907647,0.02359336252333566,5.599604883349387e-05,0.0,1.0,1.0,0.004050029607218817,-0.019543332916116842,0.1715126855557864,-0.8276308664952675,23.632,-0.019543332916116842,0.004050029607218817,-0.8276308664952675,0.1715126855557864,0.2075737834033118,0.17500000000000002
RGI60-05.10892,0.027296875,0.009289453125000005,426.92812165034127,0.0071706714040631545,0.007112579658856697,0.0036976781313513545,0.007112579658856697,4.910276501575666e-05,0.06228457408502105,1.0,1.0,-0.02232617264455606,-0.029438752303412755,-0.3789638607022713,-0.4996925986720556,58.96,-0.029438752303412755,-0.02232617264455606,-0.4996925986720556,-0.3789638607022713,0.0071706714040631545,0.027296875
RGI60-05.10911,0.0505,0.029825000000000008,217.57662633077499,0.002696558180601593,0.0027948628137818518,0.0024264173624406788,0.0027948628137818518,2.1507153905253516e-06,0.02304028994114665,1.0,1.0,0.0012144758960996465,-0.0015803869176822054,0.10026791254745533,-0.13047776226947874,12.122,-0.0015803869176822054,0.0012144758960996465,-0.13047776226947874,0.10026791254745533,0.002696558180601593,0.0505
RGI60-05.10937,0.17500000000000002,0.07105,54.152829923325214,0.0031719307048567354,0.001816850883424253,0.001091952169698014,0.001816850883424253,7.865563887826636e-07,0.00012226961499895892,1.0,1.0,0.0008020175106774221,-0.0010148333727468312,0.4575371613602169,-0.5789449412744241,1.754,-0.0010148333727468312,0.0008020175106774221,-0.5789449412744241,0.4575371613602169,0.0031719307048567354,0.17500000000000002
RGI60-05.10951,0.10625,0.025162500000000004,463.2896335817231,0.03189902963560077,0.030413875823558707,0.013053829379844246,0.030413875823558707,2.2041768075943326e-05,0.1070671232319976,1.0,1.0,-0.045707520989795414,-0.07612139681335411,-0.4559519723663091,-0.7593433261032921,100.324,-0.07612139681335411,-0.045707520989795414,-0.7593433261032921,-0.4559519723663091,0.03189902963560077,0.10625
RGI60-05.10956,0.056687500000000016,0.031249999999999993,158.40229067733878,0.0014623082796578796,0.0014438716899769536,0.0017416216482989393,0.0014438716899769536,4.184151789258374e-06,0.008835962312151058,1.0,1.0,-0.0028644770987321373,-0.00430834878870909,-0.19350808563220545,-0.29104799850134466,14.815,-0.00430834878870909,-0.0028644770987321373,-0.29104799850134466,-0.19350808563220545,0.0014623082796578796,0.056687500000000016
RGI60-05.10961,0.125,0.062249999999999986,128.59980225777988,0.0009869619638469217,0.0010736523700049614,0.0007870701430087521,0.0010736523700049614,1.3992129771772057e-06,0.10403219157586008,1.0,1.0,-0.0025662322624065803,-0.0036398846324115406,-0.21474158034799792,-0.3045845030080944,11.96,-0.0036398846324115406,-0.0025662322624065803,-0.3045845030080944,-0.21474158034799792,0.0009869619638469217,0.125
RGI60-05.10964,0.044312500000000005,0.01918203125,395.03991619604056,0.0072341474718223405,0.007302879420768566,0.0052458154475774395,0.007302879420768566,9.39233728198802e-06,0.12553690226717087,1.0,1.0,-0.010415875737884436,-0.017718755158653003,-0.2756346100840748,-0.4688902106970101,37.819,-0.017718755158653003,-0.010415875737884436,-0.4688902106970101,-0.2756346100840748,0.0072341474718223405,0.044312500000000005
RGI60-05.10966,0.08762500000000001,0.04040625,143.26873941901061,0.0006121309039329683,0.0006099291909783168,0.0005023641971437648,0.0006099291909783168,9.623033297140922e-07,0.07711380586354925,1.0,1.0,-0.0021918461741999365,-0.002801775365178253,-0.3074422019848806,-0.3929947264897893,7.135,-0.002801775365178253,-0.0021918461741999365,-0.3929947264897893,-0.3074422019848806,0.0006121309039329683,0.08762500000000001
RGI60-05.10971,0.07525000000000001,0.0379,403.76409623149283,0.0026973387737220162,0.0027461619642029323,0.002098050298866041,0.0027461619642029323,1.7435595117348431e-06,0.011116808080180951,1.0,1.0,-0.005227359264381513,-0.007973521228584446,-0.2145954533864656,-0.3273318929490372,24.379,-0.007973521228584446,-0.005227359264381513,-0.3273318929490372,-0.2145954533864656,0.0026973387737220162,0.07525000000000001
RGI60-05.10973,0.014921875000000003,0.015624999999999997,256.4656830256644,0.0013391082089157366,0.0013436353516014686,0.0035432032179384273,0.0013436353516014686,1.0874113221827695e-05,0.1842559387846076,1.0,1.0,-0.016279048635513604,-0.017622683987115074,-0.2294698627355965,-0.2484097791030715,70.998,-0.017622683987115074,-0.016279048635513604,-0.2484097791030715,-0.2294698627355965,0.0013391082089157366,0.014921875000000003
RGI60-05.10983,0.17500000000000002,0.07105,0.19412906450215428,1.3501070879512815,0.1507035358137166,0.04716217623955087,0.1430207763616298,0.0003016427879860558,0.07062456045442744,1.0,1.0,0.047245226099415005,-0.0957755502622148,0.5956206565652853,-1.2084306907701086,79.321,-0.0957755502622148,0.05492798555150179,-1.2084306907701086,0.6930439276087214,1.3501070879512815,0.17500000000000002
RGI60-05.10984,0.2625,0.14152500000000004,139.13274450129185,0.003050250846905269,0.003078684987736949,0.00265600597816747,0.003078684987736949,1.4594022475392461e-06,0.15469998159436266,1.0,1.0,-0.0071283670981119596,-0.010207052085848907,-0.36544202250329344,-0.5232735220717024,19.522,-0.010207052085848907,-0.0071283670981119596,-0.5232735220717024,-0.36544202250329344,0.003050250846905269,0.2625
RGI60-05.10992,0.059781250000000015,0.015067187499999997,584.4461500236896,0.016046926242185896,0.015484356166714062,0.00660165607516059,0.015484356166714062,1.3022098543110615e-05,0.12884671008615706,1.0,1.0,0.002607780069025109,-0.012876576097688951,0.06462980338930441,-0.3191260610532109,40.382,-0.012876576097688951,0.002607780069025109,-0.3191260610532109,0.06462980338930441,0.016046926242185896,0.059781250000000015
RGI60-05.10997,0.019562500000000003,0.012500000000000004,212.29828206411182,0.0005098325999838519,0.0005096019500711407,0.000674943188527087,0.0005096019500711407,4.45965573705581e-06,0.010576294886013629,1.0,1.0,-0.014836521704400947,-0.015346123654472087,-0.4791312852362234,-0.4955883930517329,30.99,-0.015346123654472087,-0.014836521704400947,-0.4955883930517329,-0.4791312852362234,0.0005098325999838519,0.019562500000000003
RGI60-05.10998,0.04740625,0.015531250000000009,280.31740001552225,0.005228153348091368,0.005174712780489839,0.0028832771720451885,0.005174712780489839,5.483284929224119e-06,0.06920959140200407,1.0,1.0,-0.0021722660522805947,-0.007346978832770433,-0.08273167692588486,-0.27981281507204825,26.277,-0.007346978832770433,-0.0021722660522805947,-0.27981281507204825,-0.08273167692588486,0.005228153348091368,0.04740625
RGI60-05.10999,0.125,0.125,115.90462320781505,0.0015402744734075249,0.001453791131824656,0.003384402735052853,0.001453791131824656,2.128771324775177e-06,0.43045217485304793,1.0,1.0,-0.0040131270768616395,-0.005466918208686296,-0.14228449655624106,-0.1938283264245347,28.227,-0.005466918208686296,-0.0040131270768616395,-0.1938283264245347,-0.14228449655624106,0.0015402744734075249,0.125
RGI60-05.11001,0.15000000000000002,0.05726249999999997,770.0794003790005,0.15951903818726318,0.15349405219767354,0.10243289570071844,0.15349405219767354,2.5928354093614083e-05,0.5318959700547687,1.0,1.0,-0.02311827067832384,-0.17661232287599735,-0.1264569554005924,-0.9660695191213288,182.955,-0.17661232287599735,-0.02311827067832384,-0.9660695191213288,-0.1264569554005924,0.15951903818726318,0.15000000000000002
RGI60-05.11026,0.041218750000000005,0.01731015625000001,201.73923953737332,0.003616213100251928,0.003451652699302325,0.0025571306078957896,0.003451652699302325,3.1765192235938314e-05,4.6768961649465925,1.0,1.0,-0.08262117190987273,-0.08607282460917505,-0.51539612009764,-0.536927748952839,160.435,-0.08607282460917505,-0.08262117190987273,-0.536927748952839,-0.51539612009764,0.003616213100251928,0.041218750000000005
RGI60-05.11158,0.056687500000000016,0.01895,212.71011159439118,0.002239109735652627,0.002235036885178256,0.0013910021029858105,0.002235036885178256,1.0138242688487684e-05,0.01828474261086907,1.0,1.0,-0.0129137244939882,-0.015148761379166457,-1.1456574972608884,-1.3439416379323994,11.279000000000002,-0.015148761379166457,-0.0129137244939882,-1.3439416379323994,-1.1456574972608884,0.002239109735652627,0.056687500000000016
RGI60-05.11359,0.1125,0.05845,116.04139992976059,0.0005758313827388268,0.0005931902118056072,0.0005559447121975101,0.0005931902118056072,1.6855599315325663e-06,0.07284146938694645,1.0,1.0,-0.009153023943821231,-0.009746214155626836,-0.5938196052448815,-0.6323039334375679,15.424,-0.009746214155626836,-0.009153023943821231,-0.6323039334375679,-0.5938196052448815,0.0005758313827388268,0.1125
RGI60-05.11831,0.2,0.06990000000000003,87.11815719078764,0.0003010563485803989,0.00035867539390847683,0.00023854643026075402,0.00035867539390847683,2.879159019693506e-07,0.011271671023893705,1.0,1.0,-0.00207911038239742,-0.0024377857763058963,-0.6570117441206115,-0.7703553876905229,3.1660000000000004,-0.0024377857763058963,-0.00207911038239742,-0.7703553876905229,-0.6570117441206115,0.0003010563485803989,0.2
RGI60-05.12079,0.17500000000000002,0.06605,140.8325064680358,0.001915878101079554,0.001955396713705021,0.0012580974649907973,0.001955396713705021,2.9489174903944933e-06,0.17513729100891398,1.0,1.0,-0.013705411782625632,-0.015660808496330652,-0.6088158171685876,-0.6956775960793287,22.527,-0.015660808496330652,-0.013705411782625632,-0.6956775960793287,-0.6088158171685876,0.001915878101079554,0.17500000000000002
RGI60-05.12157,0.7,0.22984999999999994,112.44930010033087,0.001570282433580589,0.0016268828246369914,0.00083996041110481,0.0016268828246369914,7.484457758415619e-08,0.01323098641886717,1.0,1.0,-8.338606199289429e-06,-0.0016352214308362806,-0.0022200698172812907,-0.435361217019759,3.759,-0.0016352214308362806,-8.338606199289429e-06,-0.435361217019759,-0.0022200698172812907,0.001570282433580589,0.7
RGI60-05.12160,0.8999999999999999,0.6931445312499999,66.26605960387373,0.0006993762005914018,0.0009698471299130963,0.0005690004431724926,0.0007169938545532564,0.0,0.0020631434415118773,1.0,1.0,0.000425868769444179,-0.0002911250851090774,0.5956206565652853,-0.40722897070947706,0.715,-0.0002911250851090774,0.0006787220448040189,-0.40722897070947706,0.9494038605426725,0.0006993762005914018,0.8999999999999999
RGI60-05.12169,0.4,0.12979999999999994,95.82340235198255,0.001035280168762584,0.000936844983707728,0.0004956323787757796,0.000936844983707728,2.284616824307689e-07,0.01834465126315645,1.0,1.0,-0.0009410777918971936,-0.0018779227756049208,-0.4064599822269904,-0.8110917764377786,2.317,-0.0018779227756049208,-0.0009410777918971936,-0.8110917764377786,-0.4064599822269904,0.001035280168762584,0.4
RGI60-05.12199,0.35000000000000003,0.10235,124.20749330966007,0.0007739303655469865,0.0007987676581685247,0.0003886152917355314,0.0007987676581685247,3.153636762871457e-07,0.012048720803843116,1.0,1.0,-0.001012425092903404,-0.001811192751071929,-0.2807293516025725,-0.5022148998476216,3.609,-0.001811192751071929,-0.001012425092903404,-0.5022148998476216,-0.2807293516025725,0.0007739303655469865,0.35000000000000003
RGI60-05.12210,0.5,0.14989999999999998,83.28428443517919,0.00019832406704355324,0.0002515059095255036,0.00020369774086765745,0.0002515059095255036,3.645524588728169e-08,0.004132173887507932,1.0,1.0,-0.00010732456061529116,-0.0003588304701407948,-0.046753508628127036,-0.15631634907781086,2.297,-0.0003588304701407948,-0.00010732456061529116,-0.15631634907781086,-0.046753508628127036,0.00019832406704355324,0.5
RGI60-05.12212,0.35000000000000003,0.08984999999999999,103.77861686139528,0.0011654461595628411,0.0011737944976499418,0.0005535638234435345,0.0011737944976499418,4.698553844590021e-07,0.04735890229017828,1.0,1.0,-0.002311664503723112,-0.003485459001373053,-0.22525941852286965,-0.3396394531603009,10.27,-0.003485459001373053,-0.002311664503723112,-0.3396394531603009,-0.22525941852286965,0.0011654461595628411,0.35000000000000003
RGI60-05.12232,0.5,0.08742499999999997,323.371640154477,0.05216614738684384,0.0708726463537453,0.011427506488793662,0.05423101657655369,1.2737326415612393e-05,0.6058215920439705,1.0,1.0,0.048830172666535235,-0.005400843910018454,0.5956206565652853,-0.06592962093500426,81.98200000000001,-0.005400843910018454,0.06547180244372684,-0.06592962093500426,0.7992327104731394,0.05216614738684384,0.5
RGI60-05.12234,0.16250000000000006,0.02461250000000001,271.54311490816934,0.004956389155651577,0.004785601684480903,0.0011651093358594825,0.004785601684480903,1.6022544985638849e-06,0.0078057887512300575,1.0,1.0,0.0007233449333134697,-0.004062256751167433,0.23562491989875306,-1.3232537860152471,3.072,-0.004062256751167433,0.0007233449333134697,-1.3232537860152471,0.23562491989875306,0.004956389155651577,0.16250000000000006
RGI60-05.12236,0.125,0.02489999999999999,198.71308989520585,0.0026170501167669183,0.00257110198344747,0.0008532744441764003,0.00257110198344747,1.4457608082050924e-06,0.006549670127057272,1.0,1.0,-0.0023217538038076816,-0.004892855787255152,-0.7146737197011248,-1.5061008793025612,3.2510000000000003,-0.004892855787255152,-0.0023217538038076816,-1.5061008793025612,-0.7146737197011248,0.0026170501167669183,0.125
RGI60-05.12242,0.6,0.4,74.2408311802426,0.0005509636243838366,0.0005915453348147191,0.0006576368967122822,0.0005915453348147191,8.728253577996694e-08,0.005970841463794946,1.0,1.0,0.0008273676336569142,0.00023582229884219522,0.3156043148733804,0.08995582136685218,2.624,0.00023582229884219522,0.0008273676336569142,0.08995582136685218,0.3156043148733804,0.0005509636243838366,0.6
RGI60-05.12245,0.17500000000000002,0.07105,101.14501322536327,0.007697554081649458,0.0041928115727289965,0.0015184707248787625,0.0041928115727289965,6.105732481966739e-06,0.004002567083422003,1.0,1.0,-0.0031135443263139674,-0.007306355899042964,-0.2137705276194395,-0.5016416635901523,14.576,-0.007306355899042964,-0.0031135443263139674,-0.5016416635901523,-0.2137705276194395,0.007697554081649458,0.17500000000000002
RGI60-05.12246,0.8499999999999999,0.20234999999999992,92.7637866785362,0.00483150527370768,0.004657207926533867,0.0019241466465652441,0.004657207926533867,1.4804933147698205e-07,0.032376340188822995,1.0,1.0,0.0005183038899037899,-0.004138904036630077,0.05141799213729184,-0.41059721788303455,10.088,-0.004138904036630077,0.0005183038899037899,-0.41059721788303455,0.05141799213729184,0.00483150527370768,0.8499999999999999
RGI60-05.12252,0.17500000000000002,0.07105,0.1955687751605346,0.002981599454375179,0.003168582395371816,0.0006804252594261892,0.003168582395371816,1.3168975169335806e-06,0.0013961024264327116,1.0,1.0,-0.0026023077800829864,-0.0057708901754548025,-0.4184761585559724,-0.928014730062297,6.223,-0.0057708901754548025,-0.0026023077800829864,-0.928014730062297,-0.4184761585559724,0.002981599454375179,0.17500000000000002
RGI60-05.12262,0.17500000000000002,0.07105,0.08837578707687044,0.009965097481904592,0.010777369874232372,0.002920629112678901,0.010777369874232372,6.585599381068624e-06,0.008587884968651597,1.0,1.0,0.0028719968794497803,-0.007905372994782592,0.2339207191178189,-0.6438831981559838,12.287,-0.007905372994782592,0.0028719968794497803,-0.6438831981559838,0.2339207191178189,0.009965097481904592,0.17500000000000002
RGI60-05.12265,0.17500000000000002,0.07105,0.17036738342858015,0.008031721840223393,0.016494452151827044,0.003404922804385153,0.016494452151827044,6.2699191444574426e-06,0.010249025631807854,1.0,1.0,-0.0014581652896291375,-0.01795261744145618,-0.053914222649562624,-0.6637803140460578,27.067,-0.01795261744145618,-0.0014581652896291375,-0.6637803140460578,-0.053914222649562624,0.008031721840223393,0.17500000000000002
RGI60-05.12269,0.4,0.15985000000000002,96.1189418265017,0.0011538517023869693,0.0012082521571644823,0.0006491572379472853,0.0012082521571644823,2.1634122856718641e-07,0.010447752468932096,1.0,1.0,0.0006818981599533428,-0.0005263539972111396,0.28785125954382645,-0.22219103960263084,2.371,-0.0005263539972111396,0.0006818981599533428,-0.22219103960263084,0.28785125954382645,0.0011538517023869693,0.4
RGI60-05.12296,0.17500000000000002,0.07105,0.09170422501826536,0.005346941361340868,0.0035219334312613826,0.0015309562286112664,0.0035219334312613826,4.2478180560732595e-06,0.002043073323467496,1.0,1.0,-0.002582883946867645,-0.006104817378129028,-0.4200708076343703,-0.992865192259608,6.154,-0.006104817378129028,-0.002582883946867645,-0.992865192259608,-0.4200708076343703,0.005346941361340868,0.17500000000000002
RGI60-05.12302,0.17500000000000002,0.07105,0.10877472357633522,0.00030904961793052564,0.0007215640445697247,0.000403385335872529,0.0007215640445697247,2.3004330084663356e-07,0.00020127527285806844,1.0,1.0,-1.5095698825405982e-05,-0.0007366597433951308,-0.014598774714421796,-0.71241018778871,1.035,-0.0007366597433951308,-1.5095698825405982e-05,-0.71241018778871,-0.014598774714421796,0.00030904961793052564,0.17500000000000002
RGI60-05.12304,0.25,0.2,76.60360962329136,0.00042864930987856256,0.00044625795675004836,0.0005204724858628094,0.00044625795675004836,4.206454000449083e-07,0.006617100784907795,1.0,1.0,0.0006548229583532289,0.00020856500160318053,0.2704548038683071,0.08614146141765801,2.423,0.00020856500160318053,0.0006548229583532289,0.08614146141765801,0.2704548038683071,0.00042864930987856256,0.25
RGI60-05.12306,1.0,0.44975,78.65421357528619,0.0007275723629747157,0.0007386895100537697,0.0006445579518044723,0.0007386895100537697,0.0,0.005134125891251666,1.0,1.0,0.00035040184059019036,-0.00038828766946357937,0.14112570489708914,-0.1563843699096987,2.485,-0.00038828766946357937,0.00035040184059019036,-0.1563843699096987,0.14112570489708914,0.0007275723629747157,1.0
RGI60-05.12313,3.7531250000000007,0.10000000000000007,29.02577006834723,0.0,0.0004977330432882057,0.0007240648137940662,0.0004977330432882057,0.0,0.00223036250635023,1.0,1.0,0.0007260116264950063,0.00022827858320680048,0.3314921789443199,0.1042305139366319,2.192,0.00022827858320680048,0.0007260116264950063,0.1042305139366319,0.3314921789443199,0.0,3.7531250000000007
RGI60-05.12344,0.17500000000000002,0.07105,0.05064207265041176,0.0064972530393623005,0.003458803774216373,0.0022327537766276247,0.003458803774216373,2.8762555153043584e-06,0.002468378751916957,1.0,1.0,-0.0005717092055972903,-0.004030512979813663,-0.12108467416011474,-0.8536391334629296,4.725,-0.004030512979813663,-0.0005717092055972903,-0.8536391334629296,-0.12108467416011474,0.0064972530393623005,0.17500000000000002
RGI60-05.12370,0.6,0.18985,98.0440553724156,0.0005993294359276131,0.0006222871731616026,0.00031672790301903183,0.0006222871731616026,3.871327138812555e-08,0.006309011864852309,1.0,1.0,-0.0004098738304152029,-0.0010321610035768057,-0.18862544446281287,-0.4750042906121496,2.175,-0.0010321610035768057,-0.0004098738304152029,-0.4750042906121496,-0.18862544446281287,0.0005993294359276131,0.6
RGI60-05.12385,0.25,0.0998,89.3677877907806,0.0009739363403996073,0.0010261021798529664,0.0006968281217873808,0.0010261021798529664,7.250943352824522e-07,0.015787063507587018,1.0,1.0,0.00020171888121526141,-0.000824383298637705,0.055046991113234765,-0.2249656543830544,3.667,-0.000824383298637705,0.00020171888121526141,-0.2249656543830544,0.055046991113234765,0.0009739363403996073,0.25
RGI60-05.12394,0.17500000000000002,0.0935,97.21009706184782,0.0005682616788036871,0.0005780021879020904,0.00046189588323002686,0.0005780021879020904,5.896188771622624e-07,0.013020757277331124,1.0,1.0,-0.00015523614646000081,-0.0007332383343620912,-0.07027873257873815,-0.3319527184372013,2.211,-0.0007332383343620912,-0.00015523614646000081,-0.3319527184372013,-0.07027873257873815,0.0005682616788036871,0.17500000000000002
RGI60-05.12399,0.2,0.2,69.07066304038331,0.00018943213007851842,0.0001953155048831216,0.0004844650097775151,0.0001953155048831216,2.1653767588028602e-07,0.005036045036245547,1.0,1.0,-3.664788467458977e-06,-0.00019898029335058056,-0.0022427125758997914,-0.12176844863381515,1.635,-0.00019898029335058056,-3.664788467458977e-06,-0.12176844863381515,-0.0022427125758997914,0.00018943213007851842,0.2
RGI60-05.12414,0.125,0.06219999999999998,108.37115307991286,0.0007721624308210572,0.0007620019066340183,0.000664706189431303,0.0007620019066340183,1.2890263144203638e-06,0.03650290274751375,1.0,1.0,-0.0027376100867455857,-0.003499611993379604,-0.6031449159876455,-0.7710276901578565,4.542,-0.003499611993379604,-0.0027376100867455857,-0.7710276901578565,-0.6031449159876455,0.0007721624308210572,0.125
RGI60-05.12420,0.15000000000000002,0.05479999999999999,140.84568717142537,0.000748608410497081,0.0007536223393575967,0.00046739214906545487,0.0007536223393575967,7.619924896684977e-07,0.02216374655349972,1.0,1.0,-0.0014575173862644974,-0.0022111397256220928,-0.4240936099750696,-0.6433749862851983,3.439,-0.0022111397256220928,-0.0014575173862644974,-0.6433749862851983,-0.4240936099750696,0.000748608410497081,0.15000000000000002
RGI60-05.12516,0.17500000000000002,0.07105,28.906515008217998,0.0001019362642327096,0.00014528884509352834,0.00013815135995955168,8.763757022516476e-05,4.410837777527259e-08,2.4204491904033664e-05,1.0,1.0,6.432703090905083e-05,-2.3310539316113932e-05,0.5956206565652853,-0.21646645985580645,0.108,-2.3310539316113932e-05,0.00012197830577741443,-0.21646645985580645,1.132715621581242,0.0001019362642327096,0.17500000000000002
RGI60-05.12518,0.1,0.20000000000000004,28.306779957763148,5.337711973221353e-07,4.0621145266530334e-05,8.414362525901025e-05,4.0621145266530334e-05,4.907225918508821e-09,0.00094139225221877,1.0,1.0,4.1439133287234623e-05,8.179880207042868e-07,0.09672874151314312,0.0019093775747459104,0.429,8.179880207042868e-07,4.1439133287234623e-05,0.0019093775747459104,0.09672874151314312,5.337711973221353e-07,0.1
RGI60-05.12525,0.30000000000000004,0.3999999999999999,74.96835871176971,6.961010165330423e-05,0.00013926125982988797,0.00017269564627098058,0.00013926125982988797,2.0355871483423232e-08,0.0010699776494273064,1.0,1.0,-7.453652781736796e-05,-0.000213797787647256,-0.15387162846787625,-0.4413596220730711,0.485,-0.000213797787647256,-7.453652781736796e-05,-0.4413596220730711,-0.15387162846787625,6.961010165330423e-05,0.30000000000000004
RGI60-05.12537,0.6,0.60965,87.6129837928154,0.0013778489975301426,0.0020185420908235712,0.0012364313106729874,0.0013994031371325456,3.006151735577669e-07,0.00588667962104319,1.0,1.0,0.0010447186316155104,-0.00035468450551703505,0.5956206565652853,-0.20234390581578848,1.754,-0.00035468450551703505,0.0016638575853065362,-0.20234390581578848,0.9492138429937166,0.0013778489975301426,0.6
RGI60-05.12538,1.0624999999999998,0.2,52.213749631359605,0.00034311449187409847,0.00027542896656880734,0.00029238339679126164,0.00027542896656880734,0.0,0.003451392767702955,1.0,1.0,3.4485443808996314e-05,-0.00024094352275981103,0.02735298900641029,-0.191110358495534,1.262,-0.00024094352275981103,3.4485443808996314e-05,-0.191110358495534,0.02735298900641029,0.00034311449187409847,1.0624999999999998
RGI60-05.12543,0.06906250000000001,0.011653271484374998,488.85298628484185,0.008390669218706171,0.008383656604556197,0.00212403251374268,0.008383656604556197,1.0689146792404684e-05,0.018515672816860902,1.0,1.0,-0.005014274458554364,-0.013397931063110559,-0.5978145766668298,-1.5973354775266877,8.392999999999999,-0.013397931063110559,-0.005014274458554364,-1.5973354775266877,-0.5978145766668298,0.008390669218706171,0.06906250000000001
RGI60-05.12555,0.1,0.05000000000000002,114.28538456171772,0.0002184193175813908,0.00014841212052599332,0.00034268681974734247,0.00014841212052599332,3.902147124786603e-07,0.039098386683502136,1.0,1.0,-0.004385967504855761,-0.004534379625381754,-0.6694297789308576,-0.6920819059528619,6.556,-0.004534379625381754,-0.004385967504855761,-0.6920819059528619,-0.6694297789308576,0.0002184193175813908,0.1
RGI60-05.12584,0.30000000000000004,0.1098,82.45970761040033,0.000288952457826094,0.00027562819823353043,0.00026539265309288943,0.00027562819823353043,1.4987023621504807e-07,0.011083826827804,1.0,1.0,-0.0014139293633348734,-0.001689557561568404,-0.32470093156619184,-0.3879973981741507,4.357,-0.001689557561568404,-0.0014139293633348734,-0.3879973981741507,-0.32470093156619184,0.000288952457826094,0.30000000000000004
RGI60-05.12710,0.7,0.3999999999999999,74.02761602662694,0.0002390746786758231,0.00031891903262719275,0.00034563588496686,0.00031891903262719275,0.0,0.004115806044482831,1.0,1.0,-0.0009467391104640324,-0.001265658143091225,-0.3929540961128138,-0.5253248187480783,2.411,-0.001265658143091225,-0.0009467391104640324,-0.5253248187480783,-0.3929540961128138,0.0002390746786758231,0.7
RGI60-05.12717,0.30000000000000004,0.14484999999999998,71.63407781262909,0.00020659969466129983,0.00020047669592746398,0.0001783515800400491,0.00020047669592746398,1.2102544946603652e-07,0.002661259810195446,1.0,1.0,4.833734326230299e-05,-0.00015213935266516102,0.0456150934600653,-0.1435712085605532,1.06,-0.00015213935266516102,4.833734326230299e-05,-0.1435712085605532,0.0456150934600653,0.00020659969466129983,0.30000000000000004
RGI60-05.12738,0.15000000000000002,0.08964999999999998,137.62871044179204,0.0007472134847056077,0.0006987222785719776,0.0006465108541988258,0.0006987222785719776,9.218510078833728e-07,0.03548862302223201,1.0,1.0,-0.0032308288866082988,-0.003929551165180277,-0.5807392285712394,-0.7063340685596267,5.566,-0.003929551165180277,-0.0032308288866082988,-0.7063340685596267,-0.5807392285712394,0.0007472134847056077,0.15000000000000002
RGI60-05.12739,0.1,0.4,37.28358164144953,8.22662250321099e-08,6.476637866389093e-05,0.00012084585473357671,6.476637866389093e-05,8.200582460537053e-10,0.0008997375067307999,1.0,1.0,7.165243626884956e-05,6.886057604958632e-06,0.14588626990094905,0.014020196808677294,0.491,6.886057604958632e-06,7.165243626884956e-05,0.014020196808677294,0.14588626990094905,8.22662250321099e-08,0.1
RGI60-05.12801,3.5343750000000007,0.0015624999999999114,26.055420397559498,0.0,0.0001250349788423545,0.00011943497018652588,0.0001250349788423545,0.0,0.0020030884214975323,1.0,1.0,-0.0008432968083409107,-0.0009683317871832652,-0.30085669876429577,-0.34546449354367204,2.804,-0.0009683317871832652,-0.0008432968083409107,-0.34546449354367204,-0.30085669876429577,0.0,3.5343750000000007
RGI60-05.12805,0.05359375000000001,0.014139062500000002,353.80182483143545,0.0027870631490728693,0.002904948009320001,0.0013947553669856495,0.002904948009320001,9.745571756345737e-06,0.006958755004503793,1.0,1.0,-0.014250612475692037,-0.017155560485012038,-0.6838690821604076,-0.823273906496626,20.848000000000006,-0.017155560485012038,-0.014250612475692037,-0.823273906496626,-0.6838690821604076,0.0027870631490728693,0.05359375000000001
RGI60-05.12807,0.0938125,0.02329687500000001,205.02295209485283,0.0016184844767891476,0.0015967825152178325,0.0006836346995922137,0.0015967825152178325,2.339374137971672e-06,0.004187439699153673,1.0,1.0,-0.00562483598128374,-0.007221618496501571,-0.4684334553545652,-0.6014126841786797,12.013,-0.007221618496501571,-0.00562483598128374,-0.6014126841786797,-0.4684334553545652,0.0016184844767891476,0.0938125
RGI60-05.12809,0.07525000000000001,0.01680000000000001,395.9255318650444,0.002943144082814957,0.002979645691448088,0.0011209905180461185,0.002979645691448088,5.278728408482467e-06,0.009724792232301159,1.0,1.0,-0.0094034730095139,-0.012383118700961988,-0.7825459097707532,-1.0305085025329863,12.022,-0.012383118700961988,-0.0094034730095139,-1.0305085025329863,-0.7825459097707532,0.002943144082814957,0.07525000000000001
RGI60-05.12811,0.06287500000000001,0.037500000000000006,125.70406241950487,0.000470481820598106,0.0004939902466672833,0.0005590497668151005,0.0004939902466672833,2.188608335334234e-06,0.15229547414572622,1.0,1.0,-0.006441603347056755,-0.006935593593724038,-0.5423136158896559,-0.5839022736276029,11.884,-0.006935593593724038,-0.006441603347056755,-0.5839022736276029,-0.5423136158896559,0.000470481820598106,0.06287500000000001
RGI60-05.12815,1.903125,0.0031250000000000444,30.97981764637772,0.0,0.00019847615205701423,0.00021277322032916976,0.00019847615205701423,0.0,0.008747562606193365,1.0,1.0,-0.0017445386391914284,-0.0019430147912484434,-0.2385759582079493,-0.2657187437528861,7.316,-0.0019430147912484434,-0.0017445386391914284,-0.2657187437528861,-0.2385759582079493,0.0,1.903125
RGI60-05.12824,0.059781250000000015,0.009096093749999996,300.67809969827636,0.0023061475079900807,0.0023938132114774678,0.0006789835340593796,0.0023938132114774678,7.326089409364609e-06,0.010043591542153306,1.0,1.0,-0.010939094512917429,-0.0133329077243949,-0.7685504963808336,-0.9367331855194562,14.24,-0.0133329077243949,-0.010939094512917429,-0.9367331855194562,-0.7685504963808336,0.0023061475079900807,0.059781250000000015
RGI60-05.12828,0.5,0.1498,74.80250729475205,0.00033874791507103086,0.0002482434502216805,0.00021680972985972064,0.0002482434502216805,2.4615923248339716e-08,0.006911888672443662,1.0,1.0,-0.00021489248160204947,-0.00046313593182373,-0.0658463650675343,-0.14191198042578312,3.265,-0.00046313593182373,-0.00021489248160204947,-0.14191198042578312,-0.0658463650675343,0.00033874791507103086,0.5
RGI60-05.12833,2.7,0.5699000000000001,85.3158748625988,0.0005845456188888395,0.0005449082506065972,0.0005280488580084263,0.0005449082506065972,0.0,0.002072685789954875,1.0,1.0,-0.0004700691243366123,-0.0010149773749432095,-0.2204235774982496,-0.47594052125950104,2.134,-0.0010149773749432095,-0.0004700691243366123,-0.47594052125950104,-0.2204235774982496,0.0005845456188888395,2.7
RGI60-05.12840,0.25,0.13725000000000004,103.80958197741164,0.0004974197798328006,0.0004932124062129691,0.0004634019811762964,0.0004932124062129691,1.875288168215348e-07,0.012156828110461768,1.0,1.0,-0.00029013860080157034,-0.0007833510070145394,-0.08458996084314342,-0.22838612589544896,3.431,-0.0007833510070145394,-0.00029013860080157034,-0.22838612589544896,-0.08458996084314342,0.0004974197798328006,0.25
RGI60-05.12843,0.15000000000000002,0.05479999999999999,144.01359961992762,0.0010123940243234849,0.0009448168852391328,0.0005669609852073661,0.0009448168852391328,9.077403405007836e-07,0.023327939581027482,1.0,1.0,-0.000530080025801951,-0.0014748969110410838,-0.12976732617057826,-0.3610651584795902,4.087,-0.0014748969110410838,-0.000530080025801951,-0.3610651584795902,-0.12976732617057826,0.0010123940243234849,0.15000000000000002
RGI60-05.12848,0.1,0.0,51.600196725521506,4.4309338881807995e-06,5.189378999934889e-05,5.1070341068108554e-05,5.189378999934889e-05,3.6342167209403696e-08,0.006018464351635025,1.0,1.0,-0.0012890345387854337,-0.0013409283287847825,-0.3872263838161992,-0.4028152947719125,3.3310000000000004,-0.0013409283287847825,-0.0012890345387854337,-0.4028152947719125,-0.3872263838161992,4.4309338881807995e-06,0.1
RGI60-05.12850,0.1,0.7999999999999999,29.558763446364424,0.0,3.5474161510427746e-05,0.000232185001757038,3.5474161510427746e-05,0.0,0.0015462102544845824,1.0,1.0,-0.00012769190764219706,-0.00016316606915262483,-0.14146845457381854,-0.1807698864252748,0.903,-0.00016316606915262483,-0.00012769190764219706,-0.1807698864252748,-0.14146845457381854,0.0,0.1
RGI60-05.12851,0.05359375000000001,0.012576562500000004,373.74064445643984,0.002760459143714645,0.002787826399437541,0.0009515868354609768,0.002787826399437541,1.071733195454823e-05,0.011130513807314677,1.0,1.0,-0.011611772316372249,-0.014399598715809791,-0.5229793043037438,-0.6485394230499368,22.217,-0.014399598715809791,-0.011611772316372249,-0.6485394230499368,-0.5229793043037438,0.002760459143714645,0.05359375000000001
RGI60-05.12853,1.1999999999999995,0.2299125,84.27428795119475,0.002791351120984561,0.002827401760549057,0.0010783178153940592,0.002827401760549057,1.1909963540611966e-07,0.02691767931357588,1.0,1.0,-0.0015138010552194225,-0.0043412028157684785,-0.08234306338735088,-0.2361393113075587,18.395,-0.0043412028157684785,-0.0015138010552194225,-0.2361393113075587,-0.08234306338735088,0.002791351120984561,1.1999999999999995
RGI60-05.12854,0.2,0.06735000000000001,183.26780791186528,0.002409501455391791,0.0025137814987997217,0.0010863275949452482,0.0025137814987997217,1.362771859541508e-06,0.031753281347276764,1.0,1.0,0.0001684816726756923,-0.002345299826124029,0.026909782712992054,-0.3745897563546749,6.2639999999999985,-0.002345299826124029,0.0001684816726756923,-0.3745897563546749,0.026909782712992054,0.002409501455391791,0.2
RGI60-05.12856,0.06596875000000002,0.011184374999999995,264.6053028719808,0.0018147018244176727,0.0017545205562022616,0.0006109917569235657,0.0017545205562022616,8.581060378636521e-06,0.2713810289576065,1.0,1.0,-0.019482584588983567,-0.02123710514518583,-0.7965538533078232,-0.8682881811310913,24.472,-0.02123710514518583,-0.019482584588983567,-0.8682881811310913,-0.7965538533078232,0.0018147018244176727,0.06596875000000002
RGI60-05.12857,0.10625,0.014143750000000004,287.31028483858745,0.004661597137598897,0.004537527162145994,0.0010615700029304072,0.004537527162145994,8.588942481917391e-06,0.5076367804984785,1.0,1.0,-0.028540503804404174,-0.03307803096655017,-0.5715889995260615,-0.662463380325644,49.962,-0.03307803096655017,-0.028540503804404174,-0.662463380325644,-0.5715889995260615,0.004661597137598897,0.10625
RGI60-05.12860,0.275,0.17210000000000006,116.01365826785508,0.0012407175097132234,0.0012833855966717569,0.0012804130643950813,0.0012833855966717569,7.670021152226208e-07,0.08764131093357047,1.0,1.0,-0.0056427139548678356,-0.006926099551539593,-0.2901263308401044,-0.3561130098023089,19.461,-0.006926099551539593,-0.0056427139548678356,-0.3561130098023089,-0.2901263308401044,0.0012407175097132234,0.275
RGI60-05.12861,0.5,0.2,64.05858795761164,0.0004326755933858304,0.00035443591352523593,0.00041964825980583375,0.00035443591352523593,1.021979209901726e-07,0.01292191061540672,1.0,1.0,-0.0010420314903982597,-0.0013964674039234955,-0.16079320729555113,-0.21548530426343607,6.484,-0.0013964674039234955,-0.0010420314903982597,-0.21548530426343607,-0.16079320729555113,0.0004326755933858304,0.5
RGI60-05.12862,0.06596875000000002,0.012746874999999998,337.5800314390753,0.003345904670996945,0.003337317652345191,0.001175963066884723,0.003337317652345191,8.574583661070861e-06,0.00805870794236236,1.0,1.0,-0.016683220353681413,-0.020020538006026604,-1.002757959990722,-1.2033500381363678,16.646,-0.020020538006026604,-0.016683220353681413,-1.2033500381363678,-1.002757959990722,0.003345904670996945,0.06596875000000002
RGI60-05.12864,0.17500000000000002,0.07105,0.056766683586786826,0.0004815955840648427,0.00041905834609709417,0.0003273028826467718,0.00041905834609709417,2.668078168797993e-07,0.0004090958156361872,1.0,1.0,0.00010548292583561548,-0.0003135754202614787,0.06896825430034917,-0.20502606612027088,1.53,-0.0003135754202614787,0.00010548292583561548,-0.20502606612027088,0.06896825430034917,0.0004815955840648427,0.17500000000000002
RGI60-05.12869,0.07525000000000001,0.03613750000000001,83.39689455283927,0.00023189275331854625,0.00026362739404389685,0.0002277599455327326,0.00026362739404389685,3.823784114619602e-07,0.00033635952466017614,1.0,1.0,-0.0002088525316511692,-0.0004724799256950661,-0.24203467412431745,-0.5475467495739443,0.863,-0.0004724799256950661,-0.0002088525316511692,-0.5475467495739443,-0.24203467412431745,0.00023189275331854625,0.07525000000000001
RGI60-05.12875,0.4,0.1149,67.23514192714089,0.0006305776038124788,0.0006361664430599657,0.0004367438291964677,0.0006361664430599657,7.055368278660012e-08,0.0189334573717048,1.0,1.0,-0.0012332886050311403,-0.0018694550480911067,-0.2490357323517011,-0.3774956689786312,4.954,-0.0018694550480911067,-0.0012332886050311403,-0.3774956689786312,-0.2490357323517011,0.0006305776038124788,0.4
RGI60-05.12876,0.125,0.03109999999999999,171.21724507241962,0.0012373583194138795,0.0011875527564782374,0.00046717302363829177,0.0011875527564782374,1.4030599629281556e-06,0.06408131155470068,1.0,1.0,-0.0042351590779073295,-0.005422711834385568,-0.5104947155196833,-0.6536391394789663,8.3,-0.005422711834385568,-0.0042351590779073295,-0.6536391394789663,-0.5104947155196833,0.0012373583194138795,0.125
RGI60-05.12878,1.5999999999999996,0.30989999999999984,89.71732776716374,0.0019108316948271867,0.001921302494024916,0.0005952434928791492,0.001921302494024916,5.929672205192628e-08,0.00911411860068299,1.0,1.0,0.00022767220117010566,-0.0016936302928548105,0.03165397667930678,-0.2354707053292763,7.1960000000000015,-0.0016936302928548105,0.00022767220117010566,-0.2354707053292763,0.03165397667930678,0.0019108316948271867,1.5999999999999996
RGI60-05.12881,0.15000000000000002,0.062249999999999986,114.1935956760943,0.0005331956534764541,0.0004654431416441869,0.00040525468072189874,0.0004654431416441869,5.625614669607053e-07,0.03135091439948448,1.0,1.0,-0.002087119769531005,-0.002552562911175192,-0.3254220585201992,-0.3979935838773643,6.417000000000002,-0.002552562911175192,-0.002087119769531005,-0.3979935838773643,-0.3254220585201992,0.0005331956534764541,0.15000000000000002
RGI60-05.12901,0.2,0.0648,111.28152197422176,0.0016370762825641256,0.0015891167182845625,0.0009237050069827783,0.0015891167182845625,9.645160212955959e-07,0.2925448827012511,1.0,1.0,-0.007459903110511667,-0.00904901982879623,-0.4909503409704166,-0.595533119476515,15.207,-0.00904901982879623,-0.007459903110511667,-0.595533119476515,-0.4909503409704166,0.0016370762825641256,0.2
RGI60-05.12902,0.5,0.22475,77.23845111112544,0.0005212492107446868,0.0005036103920636689,0.0004443320189928309,0.0005036103920636689,1.6751428893947949e-07,0.009626526453967282,1.0,1.0,0.0006369697139987602,0.00013335932193509135,0.15376883092717866,0.03219384937231124,4.146,0.00013335932193509135,0.0006369697139987602,0.03219384937231124,0.15376883092717866,0.0005212492107446868,0.5
RGI60-05.12907,0.17500000000000002,0.07105,213.8531592804619,0.01730083127571467,0.006248526022771039,0.001717667780511696,0.006248526022771039,4.465171194727574e-06,0.0054832467037369504,1.0,1.0,-0.00351257586685042,-0.00976110188962146,-0.09568722535639254,-0.26590536166167084,36.738,-0.00976110188962146,-0.00351257586685042,-0.26590536166167084,-0.09568722535639254,0.01730083127571467,0.17500000000000002
RGI60-05.12939,0.30000000000000004,0.125,89.60015677965299,0.0013782015382944725,0.0012870181579961752,0.001453230161094122,0.0012870181579961752,3.9576359872013203e-07,0.04805926844254716,1.0,1.0,-0.002701853679605636,-0.0039888718376018106,-0.26279683726530034,-0.3879791533830906,10.289,-0.0039888718376018106,-0.002701853679605636,-0.3879791533830906,-0.26279683726530034,0.0013782015382944725,0.30000000000000004
RGI60-05.12946,0.30000000000000004,0.06494999999999998,96.86025446467384,0.0004200510581176053,0.0005042411391516226,0.0002216770253351321,0.0005042411391516226,1.4586126241626924e-07,0.006838981788246388,1.0,1.0,-0.0002869530804085793,-0.0007911942195602019,-0.17415420800831533,-0.4801823437199962,1.649,-0.0007911942195602019,-0.0002869530804085793,-0.4801823437199962,-0.17415420800831533,0.0004200510581176053,0.30000000000000004
RGI60-05.12952,0.7,0.5999999999999999,71.34795066132828,0.00023147385163987998,0.00024189322188867797,0.0003332758939248917,0.00024189322188867797,8.509598937141351e-08,0.0029825647027678565,1.0,1.0,0.00016811031677393013,-7.378290511474785e-05,0.0672141243615682,-0.02949999414259333,2.503,-7.378290511474785e-05,0.00016811031677393013,-0.02949999414259333,0.0672141243615682,0.00023147385163987998,0.7
RGI60-05.12953,0.490625,0.04999999999999993,53.12692669041576,0.00013139455624191587,0.00027988460561852505,0.0004233050355316996,0.00027988460561852505,2.678105604930768e-07,0.04303219056027146,1.0,1.0,-0.0006251167809421045,-0.0009050013865606296,-0.02590943872160008,-0.0375099160395558,24.145,-0.0009050013865606296,-0.0006251167809421045,-0.0375099160395558,-0.02590943872160008,0.00013139455624191587,0.490625
RGI60-05.12957,2.3,0.4873750000000001,78.68657186694304,0.0016165672391429788,0.0016140814573409636,0.0007774529302748653,0.0016140814573409636,6.3808120269196226e-09,0.008090816597229824,1.0,1.0,-0.003283383337981266,-0.00489746479532223,-0.16485555043709027,-0.2458970432235666,19.932,-0.00489746479532223,-0.003283383337981266,-0.2458970432235666,-0.16485555043709027,0.0016165672391429788,2.3
RGI60-05.12967,0.17500000000000002,0.07105,0.03831979848886391,0.00045216647273122325,0.0002922890255129376,0.00021867414098733541,0.0002922890255129376,2.89119210384236e-07,0.0,1.0,1.0,-0.0007541534174864568,-0.0010464424429993944,-0.3620299669994878,-0.5023427784343861,2.084,-0.0010464424429993944,-0.0007541534174864568,-0.5023427784343861,-0.3620299669994878,0.00045216647273122325,0.17500000000000002
RGI60-05.12987,0.08143750000000001,0.03260937500000001,169.43381751420299,0.0010005321166695275,0.0009653774891700967,0.0007098496104467866,0.0009653774891700967,1.8785928883288372e-06,0.0014677821533525411,1.0,1.0,-0.004804555282562539,-0.0057699327717326354,-0.6920297306445128,-0.8310790046169292,6.947,-0.0057699327717326354,-0.004804555282562539,-0.8310790046169292,-0.6920297306445128,0.0010005321166695275,0.08143750000000001
RGI60-05.12994,0.17500000000000002,0.07105,28.100660096158503,0.0,8.809397351573425e-05,0.00021310244213000438,8.809397351573425e-05,0.0,0.0,1.0,1.0,-0.0018579527560789288,-0.0019460467295946628,-0.3906131178701324,-0.40913385880284103,4.759,-0.0019460467295946628,-0.0018579527560789288,-0.40913385880284103,-0.3906131178701324,0.0,0.17500000000000002
RGI60-05.13043,0.06287500000000001,0.0093125,550.0004938092725,0.006974778914465457,0.0066589094079472855,0.0015471049984757696,0.0066589094079472855,1.4673370193272528e-05,0.031812930291033534,1.0,1.0,-0.016680281010524857,-0.02333919041847214,-0.7914468676433477,-1.1073991582261828,21.087,-0.02333919041847214,-0.016680281010524857,-1.1073991582261828,-0.7914468676433477,0.006974778914465457,0.06287500000000001
RGI60-05.13045,0.8499999999999999,0.25,99.07590128867727,0.0011186485545030141,0.0010469183571196075,0.0010875352790943632,0.0010469183571196075,0.0,0.016589900034862288,1.0,1.0,-0.002489958880293241,-0.0035368772374128484,-0.3987350092573741,-0.5663855693214984,6.247999999999998,-0.0035368772374128484,-0.002489958880293241,-0.5663855693214984,-0.3987350092573741,0.0011186485545030141,0.8499999999999999
RGI60-05.13046,0.2,0.0449,119.55655244263524,0.000282478888748104,0.0002771451309302528,0.00016098783115793934,0.0002771451309302528,1.3518917525817478e-07,0.009957684975292652,1.0,1.0,-0.001115956870576066,-0.001393102001506319,-0.4081417076440264,-0.5095026920920276,2.736,-0.001393102001506319,-0.001115956870576066,-0.5095026920920276,-0.4081417076440264,0.000282478888748104,0.2
RGI60-05.13069,0.1,0.04350000000000001,151.57119560588018,0.0009207973332089717,0.0008508933892319832,0.0006746883174184718,0.0008508933892319832,9.903596321370425e-07,0.002887223043689221,1.0,1.0,-0.0031507570546857786,-0.004001650443917762,-0.5843498018781507,-0.7421592980681783,5.395,-0.004001650443917762,-0.0031507570546857786,-0.7421592980681783,-0.5843498018781507,0.0009207973332089717,0.1
RGI60-05.13071,0.06287500000000001,0.009328124999999996,260.4573224115411,0.016447201116026114,0.01674897852980179,0.004766871941227663,0.01674897852980179,4.119877171909826e-05,0.7257848549833342,1.0,1.0,-0.15185973801771588,-0.16860871654751766,-0.7955747054974599,-0.8833205677988677,190.983,-0.16860871654751766,-0.15185973801771588,-0.8833205677988677,-0.7955747054974599,0.016447201116026114,0.06287500000000001
RGI60-05.13098,0.07525000000000001,0.06250000000000003,73.89233852679408,0.0003242372879433522,0.0004137869717963403,0.00056563020967633,0.0004137869717963403,8.67310995650309e-07,0.0006118054570339051,1.0,1.0,-0.002167794513958318,-0.002581581485754657,-0.5434332823691354,-0.6471634149241224,3.991,-0.002581581485754657,-0.002167794513958318,-0.6471634149241224,-0.5434332823691354,0.0003242372879433522,0.07525000000000001
RGI60-05.13099,0.038125000000000006,0.012500000000000004,153.6628148253705,0.0003693050083716003,0.0003368181507196516,0.0003638479488053689,0.0003368181507196516,2.648205400636109e-06,0.008112143317404081,1.0,1.0,-0.009262092938690515,-0.009598911089410168,-0.807448440948903,-0.8368114901519403,11.477,-0.009598911089410168,-0.009262092938690515,-0.8368114901519403,-0.807448440948903,0.0003693050083716003,0.038125000000000006
RGI60-05.13106,0.4,0.30000000000000004,95.64251310406729,0.0006376359501193517,0.0006384546170318031,0.0007253145755084,0.0006384546170318031,1.0327058477651784e-07,0.008916697784033036,1.0,1.0,0.0002174861527341029,-0.00042096846429770025,0.11507123948075602,-0.22273309063621552,1.891,-0.00042096846429770025,0.0002174861527341029,-0.22273309063621552,0.11507123948075602,0.0006376359501193517,0.4
RGI60-05.13115,0.30000000000000004,0.2,65.97710761350511,0.00018086949389146503,0.0001476910253283556,0.00017855187180139062,0.0001476910253283556,0.0,0.002032679614902037,1.0,1.0,-9.932792536634558e-06,-0.00015762381786499008,-0.01661813617631564,-0.2637137602794122,0.598,-0.00015762381786499008,-9.932792536634558e-06,-0.2637137602794122,-0.01661813617631564,0.00018086949389146503,0.30000000000000004
RGI60-05.13129,0.001,0.0,78.1891454270183,8.435535012907162e-06,0.0,0.000518121504422045,0.0,8.435535012907162e-06,0.014460303624699994,1.0,1.0,-0.01947663024656642,-0.01947663024656642,-0.8294417399999241,-0.8294417399999241,23.495,-0.01947663024656642,-0.01947663024656642,-0.8294417399999241,-0.8294417399999241,8.435535012907162e-06,0.001
RGI60-05.13130,0.0505,0.0068375,425.9618096032788,0.005340297224362337,0.005247966100419105,0.0012426732879550824,0.005247966100419105,2.156836208388803e-05,0.043436120809653866,1.0,1.0,-0.04325657841843223,-0.04850454451885133,-0.7640793881809251,-0.8567788774566142,56.643,-0.04850454451885133,-0.04325657841843223,-0.8567788774566142,-0.7640793881809251,0.005340297224362337,0.0505
RGI60-05.13133,0.17500000000000002,0.042400000000000014,80.57607993553968,0.0006260090302336849,0.0006821707646887122,0.00036371799978721846,0.0006821707646887122,5.888435080756998e-07,0.06646583667561615,1.0,1.0,-0.005069005594607883,-0.0057511763592965936,-0.6576027521826616,-0.7461008538211843,7.712999999999999,-0.0057511763592965936,-0.005069005594607883,-0.7461008538211843,-0.6576027521826616,0.0006260090302336849,0.17500000000000002
RGI60-05.13215,0.1125,0.0146125,238.010968678384,0.003440639620207612,0.0033425920487240536,0.0008419565429725221,0.0033425920487240536,4.3487472668462136e-06,0.010143477593886221,1.0,1.0,-0.004783288780633306,-0.008125880829357359,-0.33129682715570336,-0.5628091173401867,14.447,-0.008125880829357359,-0.004783288780633306,-0.5628091173401867,-0.33129682715570336,0.003440639620207612,0.1125
RGI60-05.13260,0.2,0.059950000000000024,75.68004860480355,0.0001356019524232756,0.00013445395281484174,0.0001047659969890376,0.00013445395281484174,1.1247651894411802e-07,0.01876533061567757,1.0,1.0,-0.002346986071105916,-0.002481440023920758,-0.5603551704002829,-0.5924567531783395,4.191,-0.002481440023920758,-0.002346986071105916,-0.5924567531783395,-0.5603551704002829,0.0001356019524232756,0.2
RGI60-05.13292,0.1,0.20000000000000004,57.41992367130638,3.252235860655932e-05,9.866702479408753e-05,0.00014346537350396946,9.866702479408753e-05,7.045660973277742e-08,0.004748109636776584,1.0,1.0,-0.0006350709262303725,-0.0007337379510244603,-0.5062339701196591,-0.58488439736861,1.255,-0.0007337379510244603,-0.0006350709262303725,-0.58488439736861,-0.5062339701196591,3.252235860655932e-05,0.1
RGI60-05.13390,0.1,0.0,60.21877914980194,5.289540498151271e-05,2.0337348887796364e-05,1.731268921769541e-05,2.0337348887796364e-05,1.1643175080733943e-07,0.0061972849638450254,1.0,1.0,-0.0006767464490334625,-0.0006970837979212589,-0.3822223740014927,-0.3937087878332789,1.7719999999999998,-0.0006970837979212589,-0.0006767464490334625,-0.3937087878332789,-0.3822223740014927,5.289540498151271e-05,0.1
RGI60-05.13398,0.1,0.20000000000000004,53.89438040434036,4.378433955670091e-05,9.166965799262304e-05,0.00015109012913101121,9.166965799262304e-05,9.275043108689883e-08,0.003764227433773462,1.0,1.0,-0.00040022559090044683,-0.0004918952488930698,-0.4244954249484782,-0.5217239663241335,0.944,-0.0004918952488930698,-0.00040022559090044683,-0.5217239663241335,-0.4244954249484782,4.378433955670091e-05,0.1
RGI60-05.13416,0.06906250000000001,0.014757812499999997,158.85821906208648,0.0017511600376876654,0.0017527088597594706,0.0007291199316431133,0.0017527088597594706,9.217226915180954e-06,0.5044995414315732,1.0,1.0,-0.029648967182306044,-0.03140167604206552,-0.6548635927440409,-0.6935760785408944,45.308,-0.03140167604206552,-0.029648967182306044,-0.6935760785408944,-0.6548635927440409,0.0017511600376876654,0.06906250000000001
RGI60-05.13426,0.044312500000000005,0.006373437499999999,401.84855646236383,0.005500445657495389,0.005608518273310168,0.0017691414476493953,0.005608518273310168,6.0218065621949e-05,4.072404282692994,1.0,1.0,-0.06693540485478408,-0.07254392312809425,-0.3770250942567019,-0.4086160308503136,177.674,-0.07254392312809425,-0.06693540485478408,-0.4086160308503136,-0.3770250942567019,0.005500445657495389,0.044312500000000005
RGI60-05.13457,0.056687500000000016,0.010952343750000005,224.4046739011464,0.008208763955469314,0.007835335671596525,0.002649095732087531,0.007835335671596525,3.0147611257995844e-05,0.05772796258884622,1.0,1.0,-0.06164493690522978,-0.06948027257682632,-0.7728332930921533,-0.8710637167662286,79.827,-0.06948027257682632,-0.06164493690522978,-0.8710637167662286,-0.7728332930921533,0.008208763955469314,0.056687500000000016
RGI60-05.13467,0.2,0.0449,74.13746039192003,0.0005118638244814695,0.0005189235577517732,0.00026621088341526717,0.0005189235577517732,4.369484034193304e-07,0.01759729100083294,1.0,1.0,0.0005828251906027063,6.39016328509331e-05,0.16078632035554755,0.017628799469336126,3.627,6.39016328509331e-05,0.0005828251906027063,0.017628799469336126,0.16078632035554755,0.0005118638244814695,0.2
RGI60-05.13471,0.059781250000000015,0.006064062500000003,417.5876682420489,0.009765235028644782,0.010158987861139985,0.0021017293780148305,0.010158987861139985,2.104552816525113e-05,0.05286119175483813,1.0,1.0,-0.01636566641022923,-0.02652465427136922,-0.6110175221856028,-0.990306665397488,26.803,-0.02652465427136922,-0.01636566641022923,-0.990306665397488,-0.6110175221856028,0.009765235028644782,0.059781250000000015
RGI60-05.13614,0.1,0.034900000000000014,116.42240500027141,0.00023850348284506576,0.0003133962853126082,0.0002445392639773639,0.0003133962853126082,3.7349446998097475e-07,0.00039146699596138415,1.0,1.0,-0.00022546354139571888,-0.0005388598267083268,-0.1236162619357512,-0.29544394216764885,1.825,-0.0005388598267083268,-0.00022546354139571888,-0.29544394216764885,-0.1236162619357512,0.00023850348284506576,0.1
RGI60-05.13616,0.07834375000000003,0.012050781250000005,275.0297167624854,0.004523599628209292,0.00450575094875109,0.0012217759652615847,0.00450575094875109,8.596758181654663e-06,1.008432126166677,1.0,1.0,-0.021860325806562702,-0.0263660767553138,-0.3571820105733233,-0.4308027423619785,61.245,-0.0263660767553138,-0.021860325806562702,-0.4308027423619785,-0.3571820105733233,0.004523599628209292,0.07834375000000003
RGI60-05.13619,0.1125,0.029225,148.76496525244502,0.0014135491267451056,0.0014455136183864686,0.0006206906487731906,0.0014455136183864686,2.327774197581731e-06,0.3105224117034477,1.0,1.0,-0.004999599997446468,-0.006445113615832936,-0.2411037202910008,-0.310813039296979,20.751,-0.006445113615832936,-0.004999599997446468,-0.310813039296979,-0.2411037202910008,0.0014135491267451056,0.1125
RGI60-05.13649,0.1375,0.026149999999999996,105.24468027118498,0.0008774383746541518,0.0008585844104186651,0.00031446734372044883,0.0008585844104186651,8.159691833626895e-07,0.0009059482217637508,1.0,1.0,9.019551767949168e-05,-0.0007683888927391732,0.050841335896800635,-0.4331248248271399,1.775,-0.0007683888927391732,9.019551767949168e-05,-0.4331248248271399,0.050841335896800635,0.0008774383746541518,0.1375
RGI60-05.13659,0.17500000000000002,0.07105,0.08565597800150826,0.0017995212083593032,0.0013631684694086542,0.0011762382746867686,0.0013631684694086542,1.6809241325277525e-06,0.0009300186933544844,1.0,1.0,-0.0030412115274771807,-0.0044043799968858325,-0.4285839248890024,-0.6206889750065591,7.101,-0.0044043799968858325,-0.0030412115274771807,-0.6206889750065591,-0.4285839248890024,0.0017995212083593032,0.17500000000000002
RGI60-05.13666,0.06287500000000001,0.007765625000000002,580.0507563450897,0.025472451477887813,0.024804071406594446,0.006008339614359689,0.024804071406594446,0.00012130347284452584,1.1895185471751366,1.0,1.0,-0.1306090629191226,-0.15541313432571705,-0.4195256546852417,-0.4991981066815839,311.573,-0.15541313432571705,-0.1306090629191226,-0.4991981066815839,-0.4195256546852417,0.025472451477887813,0.06287500000000001
RGI60-05.13696,2.6,0.6411187500000003,94.18992609177195,0.0045239685213899795,0.004639487936589493,0.002801227672045881,0.004639487936589493,0.0,0.01726836905669042,1.0,1.0,0.006215690718311722,0.001576202781722229,0.2151100557423692,0.05454857450334003,28.918000000000006,0.001576202781722229,0.006215690718311722,0.05454857450334003,0.2151100557423692,0.0045239685213899795,2.6
RGI60-05.13879,0.1,0.029825000000000008,288.8014325809846,0.005218649426731418,0.005108594145589054,0.0025776824993486635,0.005108594145589054,9.722274324465258e-06,0.011458019656069629,1.0,1.0,-0.028700430036567137,-0.03380902418215618,-1.0141427483773235,-1.1946572459145064,28.311,-0.03380902418215618,-0.028700430036567137,-1.1946572459145064,-1.0141427483773235,0.005218649426731418,0.1
RGI60-05.13882,0.30000000000000004,0.2,84.29571007241441,0.00011997599346470813,0.00013114282716700142,0.00017736808932825168,0.00013114282716700142,9.227996618209963e-08,0.01943719944037116,1.0,1.0,-0.0031595105981423416,-0.003290653425309343,-0.21605790135395805,-0.22502588646911684,14.630999999999998,-0.003290653425309343,-0.0031595105981423416,-0.22502588646911684,-0.21605790135395805,0.00011997599346470813,0.30000000000000004
RGI60-05.13884,0.1,0.032950000000000014,279.0867724146263,0.002622372437137739,0.002705981764234411,0.0014209097907168199,0.002705981764234411,3.86521181303983e-06,0.016551381524887047,1.0,1.0,-0.01066388892998182,-0.01336987069421623,-0.8304064174069727,-1.041123599211897,12.847,-0.01336987069421623,-0.01066388892998182,-1.041123599211897,-0.8304064174069727,0.002622372437137739,0.1
RGI60-05.13886,0.11875,0.066575,245.857804808062,0.0039645049621109575,0.004112442368976136,0.003293789055349995,0.004112442368976136,4.46156053244857e-06,0.3607672414935086,1.0,1.0,-0.013946840350885906,-0.01805928271986204,-0.4349321014792751,-0.5631785828866274,32.078,-0.01805928271986204,-0.013946840350885906,-0.5631785828866274,-0.4349321014792751,0.0039645049621109575,0.11875
RGI60-05.13888,0.06287500000000001,0.02174999999999999,357.1969059846705,0.0034759748311780875,0.003637636836147532,0.0022120059622645735,0.003637636836147532,7.3779143327455e-06,0.021636191165544032,1.0,1.0,-0.012616738140485806,-0.016254374976633342,-0.9211667232993423,-1.186755972088965,13.701,-0.016254374976633342,-0.012616738140485806,-1.186755972088965,-0.9211667232993423,0.0034759748311780875,0.06287500000000001
RGI60-05.13890,0.05359375000000001,0.02318085937500001,522.6633107658329,0.0057430575799629156,0.00599315883193207,0.003909857369422825,0.00599315883193207,3.982118338389817e-05,0.02824001516601221,1.0,1.0,-0.01749498880422425,-0.02348814763615632,-1.020588934624068,-1.3702062825264287,17.148,-0.02348814763615632,-0.01749498880422425,-1.3702062825264287,-1.020588934624068,0.0057430575799629156,0.05359375000000001
RGI60-05.13897,0.14375000000000002,0.053550000000000014,138.94888685821607,0.001790821942597613,0.0017757938235797692,0.0011424011375014912,0.0017757938235797692,3.035224356837441e-06,0.5995969163928588,1.0,1.0,-0.03488703490249618,-0.03666282872607597,-0.7384233525331592,-0.7760100271324849,47.262,-0.03666282872607597,-0.03488703490249618,-0.7760100271324849,-0.7384233525331592,0.001790821942597613,0.14375000000000002
RGI60-05.13907,1.1,0.447275,129.82557740190316,0.016762507368564498,0.01709300804512466,0.012881989924152976,0.01709300804512466,1.5794424371138912e-06,0.2454403629990836,1.0,1.0,-0.02007477782316984,-0.0371677858682945,-0.14594882518420504,-0.2702194131341639,137.614,-0.0371677858682945,-0.02007477782316984,-0.2702194131341639,-0.14594882518420504,0.016762507368564498,1.1
RGI60-05.13912,0.925,0.34635000000000016,166.36038822689576,0.00942812152915552,0.009441055002897623,0.006473532050501731,0.009441055002897623,8.30242441566317e-07,0.1382214775364304,1.0,1.0,-0.027516676488212898,-0.03695773149111052,-0.3246624044563872,-0.4360550582588456,84.786,-0.03695773149111052,-0.027516676488212898,-0.4360550582588456,-0.3246624044563872,0.00942812152915552,0.925
RGI60-05.13913,0.1125,0.052874999999999985,240.37854283693287,0.002301431134122143,0.002354248516112161,0.0015326646306638096,0.002354248516112161,3.728788376054953e-06,0.18493461459609573,1.0,1.0,-0.011986396335622491,-0.014340644851734653,-0.523727791372817,-0.6265931848707638,22.895,-0.014340644851734653,-0.011986396335622491,-0.6265931848707638,-0.523727791372817,0.002301431134122143,0.1125
RGI60-05.13914,0.30000000000000004,0.1397,91.35989471945663,0.0006469015622656834,0.0005826318778044469,0.0005490889111057477,0.0005826318778044469,3.7727258983173925e-07,0.054048389989757896,1.0,1.0,-0.010704237990071674,-0.01128686986787612,-0.6592701604679605,-0.6951542478668166,16.245,-0.01128686986787612,-0.010704237990071674,-0.6951542478668166,-0.6592701604679605,0.0006469015622656834,0.30000000000000004
RGI60-05.13916,0.1125,0.04523125,287.6986851759786,0.004323981119585217,0.0041417029755385325,0.002682868981759081,0.0041417029755385325,1.0657315315141342e-05,1.3632538851961085,1.0,1.0,-0.04310944413833728,-0.04725114711387582,-0.4106957397285225,-0.4501529816687391,105.023,-0.04725114711387582,-0.04310944413833728,-0.4501529816687391,-0.4106957397285225,0.004323981119585217,0.1125
RGI60-05.13918,0.11875,0.0544375,136.1291596428238,0.0019184084168877415,0.0019433677259179567,0.0014555833295766024,0.0019433677259179567,5.676574571644478e-06,0.8019485040832522,1.0,1.0,-0.04793367607442709,-0.04987704380034505,-0.5720384567486037,-0.5952305247448707,83.844,-0.04987704380034505,-0.04793367607442709,-0.5952305247448707,-0.5720384567486037,0.0019184084168877415,0.11875
RGI60-05.13930,0.15000000000000002,0.04482499999999998,388.30209252089935,0.02784501338412597,0.027550267918309928,0.013697643425857864,0.027550267918309928,2.8101504237094123e-05,4.2079281465059815,1.0,1.0,-0.1291556325793045,-0.15670590049761446,-0.7210919950712364,-0.8749085748147706,179.21099999999996,-0.15670590049761446,-0.1291556325793045,-0.8749085748147706,-0.7210919950712364,0.02784501338412597,0.15000000000000002
RGI60-05.13934,0.17500000000000002,0.07105,108.48970526710228,0.005492958552317774,0.003040503236135842,0.0019839264989898442,0.003040503236135842,4.5669838712834385e-06,0.0013342858667697065,1.0,1.0,-0.013657078199802232,-0.016697581435938073,-0.8468356596836818,-1.0353684136208123,16.133,-0.016697581435938073,-0.013657078199802232,-1.0353684136208123,-0.8468356596836818,0.005492958552317774,0.17500000000000002
RGI60-05.13959,0.5,0.3999999999999999,57.74190003024273,0.00019578145825550788,0.00017702816483861788,0.0005144100465970221,0.00017702816483861788,1.18937602796316e-07,0.0078519779046784,1.0,1.0,-0.0003486442838222831,-0.000525672448660901,-0.06070781386382928,-0.09153290803102992,5.746,-0.000525672448660901,-0.0003486442838222831,-0.09153290803102992,-0.06070781386382928,0.00019578145825550788,0.5
RGI60-05.13960,0.30000000000000004,0.3999999999999999,65.91074932229213,5.617809092245618e-05,0.0001052934773462954,0.0002677535136969227,0.0001052934773462954,4.6477535858825944e-08,0.009215463000203115,1.0,1.0,-0.0023082384413981283,-0.0024135319187444234,-0.43919753575231796,-0.4592321365768648,5.257999999999999,-0.0024135319187444234,-0.0023082384413981283,-0.4592321365768648,-0.43919753575231796,5.617809092245618e-05,0.30000000000000004
RGI60-05.13978,0.5,0.2499,120.6018772860912,0.00014783151146690338,0.0002139115070989953,0.00021228471454637024,0.0002139115070989953,1.901109544576753e-08,0.0052594809680188825,1.0,1.0,-0.002358523626756689,-0.0025724351338556844,-0.486943387119552,-0.5311077926098933,4.846,-0.0025724351338556844,-0.002358523626756689,-0.5311077926098933,-0.486943387119552,0.00014783151146690338,0.5
RGI60-05.13988,3.3593750000000013,0.0015624999999999114,35.01094516277355,0.0,0.00016838700996034634,0.00016036734777462858,0.00016838700996034634,0.0,0.004257609537346038,1.0,1.0,-0.0015877421712928285,-0.001756129181253175,-0.2036029784476457,-0.2251959658858417,7.801,-0.001756129181253175,-0.0015877421712928285,-0.2251959658858417,-0.2036029784476457,0.0,3.3593750000000013
RGI60-05.13993,0.5,0.12485,80.72280047979864,0.00034877627787421433,0.00025951320580363835,0.0001984066234036809,0.00025951320580363835,1.0010402908132581e-07,0.014519353352342034,1.0,1.0,-0.003512625705890661,-0.0037721389116942986,-0.3512719980348334,-0.37722401511601417,10.004,-0.0037721389116942986,-0.003512625705890661,-0.37722401511601417,-0.3512719980348334,0.00034877627787421433,0.5
RGI60-05.13994,3.7218750000000007,0.0026562500000002487,70.19655568729847,0.0012833874203306225,0.000433754085230798,0.0007041111223453241,0.000433754085230798,0.0,0.003910164879132697,1.0,1.0,-0.0019014221208183714,-0.002335176206049169,-0.2754547127516569,-0.3382916839028515,6.905,-0.002335176206049169,-0.0019014221208183714,-0.3382916839028515,-0.2754547127516569,0.0012833874203306225,3.7218750000000007
RGI60-05.13995,0.35000000000000003,0.029949999999999977,337.07930437027227,0.07973689455759278,0.08039964567023505,0.010655381974418536,0.08039964567023505,3.1739863090550685e-05,11.565642416858267,1.0,1.0,-0.08325245160140317,-0.16365209727163826,-0.1429075949479686,-0.2809181853437053,582.81,-0.16365209727163826,-0.08325245160140317,-0.2809181853437053,-0.1429075949479686,0.07973689455759278,0.35000000000000003
RGI60-05.14147,0.06287500000000001,0.010874999999999996,368.0036418267068,0.005986915231858614,0.005992854515723182,0.0019438984209350367,0.005992854515723182,3.1129833471376476e-05,1.6523766600485519,1.0,1.0,-0.06709968910378737,-0.07309254361951055,-0.8141899708380634,-0.8869074768140786,82.478,-0.07309254361951055,-0.06709968910378737,-0.8869074768140786,-0.8141899708380634,0.005986915231858614,0.06287500000000001
RGI60-05.14289,0.10625,0.014143750000000004,231.8127140917791,0.004748012054594144,0.004751179937599521,0.0013455856584412415,0.004751179937599521,7.72387293221639e-06,0.007724809847107997,1.0,1.0,-0.005984040111435146,-0.010735220049034669,-0.569953198718879,-1.0224819506483789,10.507,-0.010735220049034669,-0.005984040111435146,-1.0224819506483789,-0.569953198718879,0.004748012054594144,0.10625
RGI60-05.14387,0.16250000000000006,0.028650000000000012,127.0862631207996,0.0013684915280795672,0.0013609787581480186,0.0004545335887076125,0.0013609787581480186,1.4244239720069472e-06,0.17187590538572006,1.0,1.0,-0.00945385678580099,-0.01081483554394901,-0.670542270775045,-0.7670736449688897,14.108,-0.01081483554394901,-0.00945385678580099,-0.7670736449688897,-0.670542270775045,0.0013684915280795672,0.16250000000000006
RGI60-05.14994,0.1,0.022400000000000003,72.14232017094841,0.000214545683394436,0.00018795023787345242,0.00013360206600974384,0.00018795023787345242,4.928127689202659e-07,0.0006368147935828562,1.0,1.0,0.00016953783900854578,-1.841239886490661e-05,0.0657099280475917,-0.007136326684779712,2.582,-1.841239886490661e-05,0.00016953783900854578,-0.007136326684779712,0.0657099280475917,0.000214545683394436,0.1
RGI60-05.15250,0.15000000000000002,0.07234999999999997,99.6715317131267,0.00027082320861105666,0.0003201606649385672,0.00028605871759707465,0.0003201606649385672,7.772805687876267e-07,0.051892889429370016,1.0,1.0,-0.002961565871674273,-0.003281726536612841,-0.11563762775379298,-0.12813865639802255,25.631,-0.003281726536612841,-0.002961565871674273,-0.12813865639802255,-0.11563762775379298,0.00027082320861105666,0.15000000000000002
RGI60-05.15463,0.17500000000000002,0.07105,35.8187502129115,0.0,0.0001293716969376939,0.00017195258023621832,0.0001293716969376939,0.0,0.0,1.0,1.0,0.0002402278115225793,0.00011085611458488545,0.011745813956807584,0.0054202520916951475,20.468,0.00011085611458488545,0.0002402278115225793,0.0054202520916951475,0.011745813956807584,0.0,0.17500000000000002
RGI60-05.15467,0.35000000000000003,0.081125,258.9225760958709,0.021901518309732047,0.022367181785324642,0.008672753444341878,0.022367181785324642,9.840518931275416e-06,0.8505689511678342,1.0,1.0,0.003988461879442167,-0.018378719905882475,0.02523016868748561,-0.11625990607444844,158.208,-0.018378719905882475,0.003988461879442167,-0.11625990607444844,0.02523016868748561,0.021901518309732047,0.35000000000000003
RGI60-05.15469,0.5,0.17499999999999993,84.34021049053231,0.0011598853266775065,0.00123396207825843,0.001248801069643446,0.00123396207825843,6.671157380840957e-07,0.09878126356682916,1.0,1.0,0.0005327040189233203,-0.0007012580593351098,0.006243886938358287,-0.00821952882193525,85.385,-0.0007012580593351098,0.0005327040189233203,-0.00821952882193525,0.006243886938358287,0.0011598853266775065,0.5
RGI60-05.15471,0.1,2.0,41.35692441090713,0.0,2.699105972260727e-05,9.051444285744204e-05,2.699105972260727e-05,0.0,0.0019807830929445625,1.0,1.0,-0.001803446531222284,-0.0018304375909448914,-0.2046858780369195,-0.2077492839448976,8.818,-0.0018304375909448914,-0.001803446531222284,-0.2077492839448976,-0.2046858780369195,0.0,0.1
RGI60-05.15473,0.1,1.6999999999999995,43.617144893750684,0.0,9.544381331349056e-05,0.000118240073104309,9.544381331349056e-05,0.0,0.00365610435383452,1.0,1.0,-0.0003860461809844378,-0.0004814899942979284,-0.029900638175407918,-0.03729309811553851,12.921,-0.0004814899942979284,-0.0003860461809844378,-0.03729309811553851,-0.029900638175407918,0.0,0.1
RGI60-05.15477,0.2,0.10000000000000003,73.5127580219606,0.00017023767436464678,0.0001909475119394052,0.0002010603018444861,0.0001909475119394052,4.4464847052422187e-07,0.02351225139960553,1.0,1.0,-0.0004948469934745031,-0.0006857945054139082,-0.0376263703228045,-0.052145326467216,13.162,-0.0006857945054139082,-0.0004948469934745031,-0.052145326467216,-0.0376263703228045,0.00017023767436464678,0.2
RGI60-05.15547,0.17500000000000002,0.07105,33.06420129235457,0.0,5.126219869709514e-05,7.297824356111409e-05,5.126219869709514e-05,0.0,0.0,1.0,1.0,-0.0001447346962690532,-0.00019599689496614838,-0.008116036631604746,-0.010990578073062716,17.847,-0.00019599689496614838,-0.0001447346962690532,-0.010990578073062716,-0.008116036631604746,0.0,0.17500000000000002
RGI60-05.15579,0.30000000000000004,0.09485,99.35097013985019,0.00023310283328269868,0.0002166936036129908,0.00017688823616507894,0.0002166936036129908,1.6451065978453363e-07,0.015370753116312263,1.0,1.0,-0.0010894962592282412,-0.001306189862841232,-0.09563341609438564,-0.1146542703504549,11.401,-0.001306189862841232,-0.0010894962592282412,-0.1146542703504549,-0.09563341609438564,0.00023310283328269868,0.30000000000000004
RGI60-05.15584,0.17500000000000002,0.07105,33.782241408994594,0.0,5.371392591094086e-05,0.0002468424171928736,5.371392591094086e-05,0.0,0.0,1.0,1.0,-0.002623041928960787,-0.002676755854871728,-0.08976902197454939,-0.0916072871361547,29.243,-0.002676755854871728,-0.002623041928960787,-0.0916072871361547,-0.08976902197454939,0.0,0.17500000000000002
RGI60-05.15587,0.30000000000000004,0.0,84.57301037892665,0.00016456562007362543,0.00012310081857507484,0.0001376418291966591,0.00012310081857507484,1.757832416535484e-07,0.016186576190549258,1.0,1.0,-0.0002975558632610166,-0.0004206566818360915,-0.021230059693347684,-0.03001307508416285,14.027,-0.0004206566818360915,-0.0002975558632610166,-0.03001307508416285,-0.021230059693347684,0.00016456562007362543,0.30000000000000004
RGI60-05.15610,0.07525000000000001,0.01865625000000001,243.03862740719848,0.0020736257737323568,0.0021751902803259413,0.0010016951743301308,0.0021751902803259413,8.669220825362683e-06,0.3020215260194941,1.0,1.0,-0.0058333695012132225,-0.008008559781539165,-0.16728782141576926,-0.2296673506200829,34.897,-0.008008559781539165,-0.0058333695012132225,-0.2296673506200829,-0.16728782141576926,0.0020736257737323568,0.07525000000000001
RGI60-05.15612,0.1,0.1,64.83298597965315,4.4015011605656734e-05,9.391777475781491e-05,0.00010282289380417221,9.391777475781491e-05,2.0670031467725336e-07,0.020771695026134136,1.0,1.0,-0.0005779879261077237,-0.0006719057008655383,-0.04219471880414023,-0.04905097637910902,13.709,-0.0006719057008655383,-0.0005779879261077237,-0.04905097637910902,-0.04219471880414023,4.4015011605656734e-05,0.1
RGI60-05.15697,0.08143750000000001,0.03260937500000001,211.3760175088806,0.0015033401813094574,0.0014225739009579802,0.0009162816123405176,0.0014225739009579802,2.0001183633944687e-06,0.004042977885532552,1.0,1.0,-0.002420105639339203,-0.0038426795402971827,-0.2971958060385305,-0.4718918979248426,8.15,-0.0038426795402971827,-0.002420105639339203,-0.4718918979248426,-0.2971958060385305,0.0015033401813094574,0.08143750000000001
RGI60-05.15769,0.001,0.0,42.21295171025018,1.9643049844157304e-07,0.0,0.00012399809926020973,0.0,1.9643049844157304e-07,0.03011067331132965,1.0,1.0,-0.0015441339026586872,-0.0015441339026586872,-0.4523343888972898,-0.4523343888972898,3.4160000000000004,-0.0015441339026586872,-0.0015441339026586872,-0.4523343888972898,-0.4523343888972898,1.9643049844157304e-07,0.001
RGI60-05.15827,0.10625,0.045062500000000005,192.53185160326302,0.0032595377877512213,0.003244167892892024,0.002307169125987372,0.003244167892892024,3.631643706122284e-06,0.4848412132146227,1.0,1.0,-0.013065884368263926,-0.01631005226115595,-0.4145537574980255,-0.5174845620304351,31.542,-0.01631005226115595,-0.013065884368263926,-0.5174845620304351,-0.4145537574980255,0.0032595377877512213,0.10625
RGI60-05.15834,0.07525000000000001,0.029206250000000007,277.7031630649144,0.0052793629439737795,0.00519477060401977,0.003416104678040835,0.00519477060401977,4.8442750259247845e-06,0.02734091506028341,1.0,1.0,-0.01079325799410832,-0.01598802859812809,-0.4315978046853792,-0.6393248496390841,25.027,-0.01598802859812809,-0.01079325799410832,-0.6393248496390841,-0.4315978046853792,0.0052793629439737795,0.07525000000000001
RGI60-05.15929,1.0,0.1999,78.34024048768609,0.0002667450355607898,0.0002781373866422805,0.0002709956039752387,0.0002781373866422805,2.7528443821515715e-08,0.009951022553805313,1.0,1.0,-0.007007298851599758,-0.007285436238242037,-0.19276966086738928,-0.20042117549992614,36.379,-0.007285436238242037,-0.007007298851599758,-0.20042117549992614,-0.19276966086738928,0.0002667450355607898,1.0
RGI60-05.15931,0.1,0.7999999999999999,42.64277195248786,2.538140176089978e-06,6.897972312335302e-05,0.0001744489783455363,6.897972312335302e-05,2.5381401760899765e-08,0.006765403820387485,1.0,1.0,-0.0016451611831176946,-0.0017141409062410478,-0.10159145552306628,-0.1058510688336596,16.206,-0.0017141409062410478,-0.0016451611831176946,-0.1058510688336596,-0.10159145552306628,2.538140176089978e-06,0.1
RGI60-05.15936,0.1,0.1,89.88566829452647,9.569019849101983e-05,0.00017926948665735978,0.00022485665586286825,0.00017926948665735978,4.931514910774075e-07,0.032153144610638944,1.0,1.0,-0.0018524257594267413,-0.002031695246084101,-0.12012282125449075,-0.1317477710763883,15.433,-0.002031695246084101,-0.0018524257594267413,-0.1317477710763883,-0.12012282125449075,9.569019849101983e-05,0.1
RGI60-05.16052,0.1,0.048450000000000014,131.63298212743584,0.0011316960064177018,0.0010987390023550867,0.0009530967436028221,0.0010987390023550867,4.3782528959251006e-06,0.2380521852950172,1.0,1.0,-0.005141882145671618,-0.006240621148026705,-0.08137639908247554,-0.09876525028716414,63.236,-0.006240621148026705,-0.005141882145671618,-0.09876525028716414,-0.08137639908247554,0.0011316960064177018,0.1
RGI60-05.16059,0.7,0.09999999999999998,67.8921366981276,5.773943127600736e-05,0.00011049909217763247,9.532068273638853e-05,0.00011049909217763247,1.332577734507318e-09,0.0030480540379014738,1.0,1.0,6.043119074591304e-05,-5.006790143171944e-05,0.012075111095124741,-0.010004361400551331,5.009,-5.006790143171944e-05,6.043119074591304e-05,-0.010004361400551331,0.012075111095124741,5.773943127600736e-05,0.7
RGI60-05.16060,0.2,0.08725000000000001,134.90628244003807,0.0005101402653021843,0.0005302465380734528,0.0004489342906350125,0.0005302465380734528,5.66452251174069e-07,0.05549803211245732,1.0,1.0,-0.004996093180379075,-0.005526339718452527,-0.1697049267115046,-0.18771608996125744,29.464,-0.005526339718452527,-0.004996093180379075,-0.18771608996125744,-0.1697049267115046,0.0005101402653021843,0.2
RGI60-05.16062,0.1,0.06250000000000003,245.26140012314391,0.0067219427304884855,0.006545653430908904,0.008473070318817548,0.006545653430908904,2.237668774811213e-05,2.380424114353454,1.0,1.0,-0.06804098315407253,-0.07458663658498144,-0.20754998118738888,-0.22751662751535265,328.091,-0.07458663658498144,-0.06804098315407253,-0.22751662751535265,-0.20754998118738888,0.0067219427304884855,0.1
RGI60-05.16095,0.30000000000000004,0.3999999999999999,50.87798542780143,1.2192414908482001e-05,0.00011060365916622206,0.0001976465046305904,0.00011060365916622206,4.082633136886787e-08,0.017367798818650654,1.0,1.0,-0.002095376152656795,-0.002205979811823017,-0.1117271081682634,-0.1176245824598372,18.769,-0.002205979811823017,-0.002095376152656795,-0.1176245824598372,-0.1117271081682634,1.2192414908482001e-05,0.30000000000000004
RGI60-05.16126,0.1,0.0,45.844357486275705,1.7196730052779702e-06,1.6222413525589366e-05,2.1121084818849074e-05,1.6222413525589366e-05,1.7406234859347634e-08,0.002556669726851038,1.0,1.0,-0.0003666764550094055,-0.0003828988685349948,-0.060506782483947086,-0.06318370933089258,6.065,-0.0003828988685349948,-0.0003666764550094055,-0.06318370933089258,-0.060506782483947086,1.7196730052779702e-06,0.1
RGI60-05.16130,0.1,0.20000000000000004,56.54490027956477,1.9746085224183268e-05,6.0780397505746375e-05,6.748347111467534e-05,6.0780397505746375e-05,1.974608522418327e-07,0.019480947625146624,1.0,1.0,-0.0019256938781424856,-0.001986474275648232,-0.08391700002171756,-0.08656566016272069,22.966,-0.001986474275648232,-0.0019256938781424856,-0.08656566016272069,-0.08391700002171756,1.9746085224183268e-05,0.1
RGI60-05.16141,0.5,0.2,54.03873790922341,0.00013253140084982392,0.00016583896954606674,0.00016949412912267304,0.00016583896954606674,7.205490967945202e-08,0.014880675573004425,1.0,1.0,-0.0012803803051588208,-0.0014462192747048874,-0.07541352368401227,-0.08518132549040068,16.991,-0.0014462192747048874,-0.0012803803051588208,-0.08518132549040068,-0.07541352368401227,0.00013253140084982392,0.5
RGI60-05.16175,0.17500000000000002,0.07105,30.202115665254155,0.0,3.2195217463000474e-05,4.684152129608523e-05,3.2195217463000474e-05,0.0,0.0,1.0,1.0,-0.0010802351076900515,-0.001112430325153052,-0.2302024125028213,-0.2370633418304045,4.6960000000000015,-0.001112430325153052,-0.0010802351076900515,-0.2370633418304045,-0.2302024125028213,0.0,0.17500000000000002
RGI60-05.16189,0.08762500000000001,0.0625,126.39277865540596,0.0006623776290093154,0.0006974733734986798,0.0008083391367850449,0.0006974733734986798,2.660855403875864e-06,0.106642436746394,1.0,1.0,-0.0027949243734242315,-0.0034923977469229115,-0.12076954707149552,-0.1509075873751278,23.16,-0.0034923977469229115,-0.0027949243734242315,-0.1509075873751278,-0.12076954707149552,0.0006623776290093154,0.08762500000000001
RGI60-05.16217,0.1,0.04662500000000002,140.5273329558251,0.0010456180111858813,0.0011108068256777768,0.000934021277068214,0.0011108068256777768,3.0080035433823093e-06,0.25252313216569217,1.0,1.0,-0.014545596426507134,-0.015656403252184908,-0.3928477410255261,-0.4228484326017077,37.055,-0.015656403252184908,-0.014545596426507134,-0.4228484326017077,-0.3928477410255261,0.0010456180111858813,0.1
RGI60-05.16232,0.07525000000000001,0.0379,230.5169719087399,0.002307354289246059,0.0023230784669758552,0.0019404427238155762,0.0023230784669758552,8.643987494817601e-06,0.5724503221174115,1.0,1.0,-0.02207372834676335,-0.024396806813739208,-0.5000490949860743,-0.5526751519323285,44.177,-0.024396806813739208,-0.02207372834676335,-0.5526751519323285,-0.5000490949860743,0.002307354289246059,0.07525000000000001
RGI60-05.16819,1.2999999999999998,0.16494999999999993,77.42196020849367,0.000346598471426606,0.00030619122318081696,0.0003048065139690774,0.00030619122318081696,2.2166046531578266e-08,0.010123851207904306,1.0,1.0,-0.00858783689555971,-0.008894028118740526,-0.10924803889368616,-0.11314317466137393,78.671,-0.008894028118740526,-0.00858783689555971,-0.11314317466137393,-0.10924803889368616,0.000346598471426606,1.2999999999999998
RGI60-05.16846,0.0505,0.02764375000000001,410.7742409957209,0.008182399394755692,0.008590245974939214,0.007294502028767892,0.008590245974939214,9.393711172140608e-06,0.06658746580067272,1.0,1.0,-0.013943572632614738,-0.022533818607553952,-0.5323192914609806,-0.86026635146763,26.214,-0.022533818607553952,-0.013943572632614738,-0.86026635146763,-0.5323192914609806,0.008182399394755692,0.0505
RGI60-05.16847,0.10625,0.048187500000000015,158.7934029409301,0.0014372193754972895,0.0014645801498498607,0.0010629310140582427,0.0014645801498498607,2.1731424526748903e-06,0.20940130974559285,1.0,1.0,-0.009027790909922891,-0.010492371059772751,-0.4806948285986917,-0.5586780374618151,18.795,-0.010492371059772751,-0.009027790909922891,-0.5586780374618151,-0.4806948285986917,0.0014372193754972895,0.10625
RGI60-05.16849,0.044312500000000005,0.028262500000000006,512.2138617831299,0.007449783017550702,0.007786811119010848,0.00722824214728102,0.007786811119010848,1.0585035449601047e-05,0.03491231311825763,1.0,1.0,-0.01359128752702992,-0.021378098646040768,-0.8879194211808291,-1.396632139375194,15.319,-0.021378098646040768,-0.01359128752702992,-1.396632139375194,-0.8879194211808291,0.007449783017550702,0.044312500000000005
RGI60-05.16850,0.1125,0.0348,111.55112256661288,0.0008767897515122872,0.0008256811305115307,0.0004854623123877062,0.0008256811305115307,1.7019822006863218e-06,0.13718470768436652,1.0,1.0,-0.0028798940331843576,-0.003705575163695889,-0.22128991751417407,-0.2847349287397695,13.024,-0.003705575163695889,-0.0028798940331843576,-0.2847349287397695,-0.22128991751417407,0.0008767897515122872,0.1125
RGI60-05.16851,0.07525000000000001,0.0341875,198.83624346780704,0.001989386090777782,0.0020715873730585144,0.0015804795411811633,0.0020715873730585144,1.8124035033257885e-06,0.006628880720630478,1.0,1.0,-0.0055493743902265535,-0.007620961763285065,-0.4181285658146589,-0.5742164049740116,13.282,-0.007620961763285065,-0.0055493743902265535,-0.5742164049740116,-0.4181285658146589,0.001989386090777782,0.07525000000000001
RGI60-05.16856,0.0938125,0.0396328125,251.4376289100206,0.007940698061569433,0.008266268858568071,0.005347279420168838,0.008266268858568071,3.97909349491426e-06,0.0998860699067299,1.0,1.0,-0.014951026365174638,-0.023217295223742704,-0.24610656516193075,-0.3821763563453575,60.797,-0.023217295223742704,-0.014951026365174638,-0.3821763563453575,-0.24610656516193075,0.007940698061569433,0.0938125
RGI60-05.16867,0.08143750000000001,0.03260937500000001,345.86039557892013,0.0022173109883935433,0.002248713966559642,0.0015459075221979578,0.002248713966559642,1.1449045862493976e-06,0.005990267754424071,1.0,1.0,-0.0025255290499879212,-0.004774243016547563,-0.4831842855219248,-0.9134083018643584,5.231,-0.004774243016547563,-0.0025255290499879212,-0.9134083018643584,-0.4831842855219248,0.0022173109883935433,0.08143750000000001
RGI60-05.17070,0.0505,0.037500000000000006,260.7107138806627,0.000854200135477538,0.0007861653106393802,0.0009060139557982773,0.0007861653106393802,6.857687677856243e-07,0.11318682992011644,1.0,1.0,-0.003014216938240353,-0.003800382248879733,-0.1570365163757961,-0.19799463724362448,19.208,-0.003800382248879733,-0.003014216938240353,-0.19799463724362448,-0.1570365163757961,0.000854200135477538,0.0505
RGI60-05.17118,0.05359375000000001,0.03419492187500001,300.5351694404721,0.012675846839933962,0.012576063426675652,0.011867563271596614,0.012576063426675652,3.387206847693681e-05,0.05889278452663161,1.0,1.0,-0.017889422500678372,-0.030465485927354024,-0.08598486752623204,-0.1464312652622793,208.199,-0.030465485927354024,-0.017889422500678372,-0.1464312652622793,-0.08598486752623204,0.012675846839933962,0.05359375000000001
RGI60-05.17994,0.1,0.8999999999999999,52.752261006372976,1.0899590305603106e-06,5.650090827734314e-05,9.691270041986808e-05,5.650090827734314e-05,1.0899590305603102e-08,0.01074632822396674,1.0,1.0,-0.013207004903958049,-0.01326350581223539,-0.2972762806195872,-0.2985480587393396,44.462,-0.01326350581223539,-0.013207004903958049,-0.2985480587393396,-0.2972762806195872,1.0899590305603106e-06,0.1
RGI60-05.18729,0.08143750000000001,0.03975625000000002,166.85529578447438,0.0021373767462821974,0.0021380020584054254,0.0017112392388533321,0.0021380020584054254,5.361484194306335e-06,0.4520169290423953,1.0,1.0,-0.01458546798627819,-0.01672347004468362,-0.5095412308328785,-0.584232025902877,28.645,-0.01672347004468362,-0.01458546798627819,-0.584232025902877,-0.5095412308328785,0.0021373767462821974,0.08143750000000001
RGI60-05.20280,0.15000000000000002,0.05479999999999999,108.61997127258205,0.0003525453913347525,0.00036159545578769,0.0002650382397686727,0.00036159545578769,6.699622859473305e-07,0.03470339336186934,1.0,1.0,-0.0010420677131633797,-0.0014036631689510696,-0.08997986210536067,-0.12120269804846047,11.59,-0.0014036631689510696,-0.0010420677131633797,-0.12120269804846047,-0.08997986210536067,0.0003525453913347525,0.15000000000000002
