RGIId,calving_k,calving_k_nmad,calving_thick,calving_flux_Gta,fa_gta_obs,fa_gta_obs_unc,fa_gta_max,calving_flux_Gta_bndlow,calving_flux_Gta_bndhigh,no_errors,oggm_dynamics,mb_clim_gta,mb_total_gta,mb_clim_mwea,mb_total_mwea,area_km2,mb_total_gta_obs,mb_clim_gta_obs,mb_total_mwea_obs,mb_clim_mwea_obs,calving_flux_Gta_rnd1,calving_k_rnd1
RGI60-09.00051,0.08143750000000001,0.017418750000000004,674.8539127127184,0.07061312735579807,0.07396074010085324,0.02785112460927309,0.07396074010085324,8.465643108353815e-05,2.528238302225471,1.0,1.0,-0.12692463919342892,-0.20088537929428216,-0.29008621707238114,-0.459123461882141,437.891,-0.20088537929428216,-0.12692463919342892,-0.459123461882141,-0.29008621707238114,0.07061312735579807,0.08143750000000001
RGI60-09.00055,0.04740625,0.01883398437500001,206.732406952084,0.01025272602436097,0.01020381033141141,0.006947777891990721,0.01020381033141141,7.282039022104341e-05,18.445927066338797,1.0,1.0,-0.06962401894377339,-0.0798278292751848,-0.18189085661011398,-0.20854803368813352,383.049,-0.0798278292751848,-0.06962401894377339,-0.20854803368813352,-0.18189085661011398,0.01025272602436097,0.04740625
RGI60-09.00057,0.0938125,0.02410156250000001,595.5502847201913,0.1544912131385555,0.15743715907910874,0.060389914170269725,0.15743715907910874,6.926651250608965e-05,0.9103267041205456,1.0,1.0,-0.05285713394752632,-0.21029429302663505,-0.1334386176200823,-0.5308910578224788,396.401,-0.21029429302663505,-0.05285713394752632,-0.5308910578224788,-0.1334386176200823,0.1544912131385555,0.0938125
RGI60-09.00061,0.08143750000000001,0.026576562500000008,578.6167445791599,0.06391883713308948,0.06604671573423176,0.03549152881322558,0.06604671573423176,3.255468767229727e-05,1.9252978821355191,1.0,1.0,-0.053413921985182335,-0.11946063771941408,-0.16093970727256948,-0.35994286415609944,332.142,-0.11946063771941408,-0.053413921985182335,-0.35994286415609944,-0.16093970727256948,0.06391883713308948,0.08143750000000001
RGI60-09.00065,0.07525000000000001,0.02236875000000001,530.445902996492,0.15831436329413426,0.15206070775534836,0.0706381840516425,0.15206070775534836,8.998957360052451e-05,2.72940387611019,1.0,1.0,-0.09304297363023044,-0.2451036813855788,-0.09728051711944412,-0.2562666684303125,957.197,-0.2451036813855788,-0.09304297363023044,-0.2562666684303125,-0.09728051711944412,0.15831436329413426,0.07525000000000001
RGI60-09.00066,0.10625,0.023025000000000004,678.2065116490459,0.0761631435603516,0.07951024892051944,0.028291500025893805,0.07951024892051944,2.3788197116261474e-05,0.16203199746521646,1.0,1.0,-0.0516741137647378,-0.13118436268525724,-0.23190218246189795,-0.5887268846078233,222.998,-0.13118436268525724,-0.0516741137647378,-0.5887268846078233,-0.23190218246189795,0.0761631435603516,0.10625
RGI60-09.00069,0.08762500000000001,0.0180375,562.1202421971742,0.07210813891206523,0.07553585051411972,0.025530707962816226,0.07553585051411972,2.987103601600534e-05,0.9707164313821616,1.0,1.0,-0.025840889516546187,-0.10137674003066592,-0.10352908856793687,-0.4061563550528391,249.782,-0.10137674003066592,-0.025840889516546187,-0.4061563550528391,-0.10352908856793687,0.07210813891206523,0.08762500000000001
RGI60-09.00070,0.15000000000000002,0.017424999999999996,453.0371962142228,0.06412799037094845,0.06234999029838066,0.011826636630791938,0.06234999029838066,7.945623169895328e-06,0.6048465454152362,1.0,1.0,-0.03604269578587396,-0.09839268608425462,-0.20935798196308114,-0.5715247916222699,132.985,-0.09839268608425462,-0.03604269578587396,-0.5715247916222699,-0.20935798196308114,0.06412799037094845,0.15000000000000002
RGI60-09.00072,0.2625,0.019037499999999985,1084.9244547707183,0.3249692856988651,0.32895287632046244,0.025952917939569217,0.32895287632046244,5.354095161160423e-05,30.991180589797004,1.0,1.0,-0.1011068540670374,-0.43005973038749984,-0.15112964579208135,-0.6428325292349323,669.472,-0.43005973038749984,-0.1011068540670374,-0.6428325292349323,-0.15112964579208135,0.3249692856988651,0.2625
RGI60-09.00077,0.15625000000000006,0.02608437500000001,846.4853782400604,0.24255468120789886,0.2430420101790119,0.07249515952429975,0.2430420101790119,3.806602337712204e-05,40.6698889979149,1.0,1.0,-0.12812257200492375,-0.3711645821839357,-0.1220868714306026,-0.3536794642472682,757.677,-0.3711645821839357,-0.12812257200492375,-0.3536794642472682,-0.1220868714306026,0.24255468120789886,0.15625000000000006
RGI60-09.00080,0.11875,0.03239296875,210.83669447067928,0.08483180888007423,0.053364100451773484,0.02224110017305047,0.053364100451773484,2.2163591810877665e-05,0.030007981228463668,1.0,1.0,-0.03421296888345513,-0.08757706933522863,-0.3992038062053845,-1.0218668696665718,85.76799999999999,-0.08757706933522863,-0.03421296888345513,-1.0218668696665718,-0.3992038062053845,0.08483180888007423,0.11875
RGI60-09.00081,0.11875,0.03239296875,0.4373756206899309,0.041865391837449084,0.09554661412388762,0.02724711114130265,0.09554661412388762,1.721461477395089e-05,0.00949136220760683,1.0,1.0,-0.01929999002541376,-0.11484660414930138,-0.23433531525844634,-1.3944367408610394,82.426,-0.11484660414930138,-0.01929999002541376,-1.3944367408610394,-0.23433531525844634,0.041865391837449084,0.11875
RGI60-09.00087,0.0938125,0.013210937500000006,554.8345200674141,0.1118948744117284,0.11135133287759323,0.03095045746042923,0.11135133287759323,5.5709794074522586e-05,2.94234529024033,1.0,1.0,-0.09584566680657262,-0.20719699968416586,-0.14600300534888122,-0.31562600231276106,656.9789999999998,-0.20719699968416586,-0.09584566680657262,-0.31562600231276106,-0.14600300534888122,0.1118948744117284,0.0938125
RGI60-09.00088,0.11875,0.03239296875,188.20337373905025,0.10852981168667104,0.18102831797255767,0.0476259488373026,0.18102831797255767,4.846931665334674e-05,0.02002563750564457,1.0,1.0,0.0144813143196445,-0.16654700365291314,0.1944341775565009,-2.236152669915163,74.533,-0.16654700365291314,0.0144813143196445,-2.236152669915163,0.1944341775565009,0.10852981168667104,0.11875
RGI60-09.00090,1.0,0.2498750000000001,177.14067292165637,0.024091710298265717,0.024349529746257467,0.009875704745463251,0.024349529746257467,8.61526824201559e-07,0.9098320341861872,1.0,1.0,-0.0045068684675377895,-0.028856398213795258,-0.08162573744249396,-0.5226300259484005,55.256,-0.028856398213795258,-0.0045068684675377895,-0.5226300259484005,-0.08162573744249396,0.024091710298265717,1.0
RGI60-09.00092,0.2,0.07602500000000001,398.05409475668586,0.01926521734780874,0.018744945867371743,0.011787020786002632,0.018744945867371743,5.521462607694196e-07,1.506683467600915,1.0,1.0,-0.003321442890317116,-0.02206638875768886,-0.06705459801341884,-0.445484952358576,49.57,-0.02206638875768886,-0.003321442890317116,-0.445484952358576,-0.06705459801341884,0.01926521734780874,0.2
RGI60-09.00094,0.06596875000000002,0.030366406249999995,235.74038789796157,0.019296631682486663,0.01924864758363537,0.01457746553553427,0.01924864758363537,7.766184142737355e-05,26.952531454609236,1.0,1.0,-0.041523503626052435,-0.06077215120968781,-0.0712391794153561,-0.10426283442921706,583.313,-0.06077215120968781,-0.041523503626052435,-0.10426283442921706,-0.0712391794153561,0.019296631682486663,0.06596875000000002
RGI60-09.00111,0.0505,0.024225000000000003,569.7729938048516,0.03701533487183225,0.037355684712209486,0.029558413153249124,0.037355684712209486,0.00010201469394169449,2.5756993277980587,1.0,1.0,-0.11763351140317548,-0.15498919611538498,-0.1960610433029069,-0.2583221662652921,600.376,-0.15498919611538498,-0.11763351140317548,-0.2583221662652921,-0.1960610433029069,0.03701533487183225,0.0505
RGI60-09.00114,0.059781250000000015,0.02113124999999999,595.3196970744698,0.08859497310900913,0.09003565300303433,0.05226823769931637,0.09003565300303433,8.06135523287971e-05,1.6480476466395464,1.0,1.0,0.030176769261757594,-0.059858883741276736,0.049761446736509486,-0.0987072084874658,606.883,-0.059858883741276736,0.030176769261757594,-0.0987072084874658,0.049761446736509486,0.08859497310900913,0.059781250000000015
RGI60-09.00116,0.08762500000000001,0.017078125000000006,567.3746449629576,0.15532250387958565,0.14883657105641251,0.05588892533978968,0.14883657105641251,6.86359897628689e-05,81.9743697592103,1.0,1.0,0.09395438282124943,-0.05488218823516309,0.06654768637448114,-0.03887293536021018,1412.73,-0.05488218823516309,0.09395438282124943,-0.03887293536021018,0.06654768637448114,0.15532250387958565,0.08762500000000001
RGI60-09.00118,0.0505,0.014912500000000004,566.5370267446485,0.03617051671504516,0.0344859207047338,0.01631253454688772,0.0344859207047338,4.154980332051492e-05,0.8306250192776075,1.0,1.0,-0.041778792688219504,-0.0762647133929533,-0.1137949086407086,-0.20772587082220934,367.397,-0.0762647133929533,-0.041778792688219504,-0.20772587082220934,-0.1137949086407086,0.03617051671504516,0.0505
RGI60-09.00120,0.059781250000000015,0.0330734375,241.42528189014118,0.007909492269130788,0.0077482712007534435,0.006875405729077405,0.0077482712007534435,3.9172777409820096e-05,19.119776645003075,1.0,1.0,-0.09923072460939407,-0.1069789958101475,-0.2043857492132657,-0.2203448810316344,485.86800000000005,-0.1069789958101475,-0.09923072460939407,-0.2203448810316344,-0.2043857492132657,0.007909492269130788,0.059781250000000015
RGI60-09.00123,0.06906250000000001,0.03135625,307.0544736739471,0.010789398530185566,0.010366198144080362,0.008135752497480109,0.010366198144080362,2.240329232578469e-05,11.822371811607848,1.0,1.0,-0.04642455990959304,-0.05679075805367341,-0.15519926578489274,-0.18985390427958204,299.365,-0.05679075805367341,-0.04642455990959304,-0.18985390427958204,-0.15519926578489274,0.010789398530185566,0.06906250000000001
RGI60-09.00132,0.09690625,0.02136328125000002,716.6703868157567,0.09814247453059298,0.09767811827575062,0.0368038579646466,0.09767811827575062,0.00011159219404202168,1.9897919844484568,1.0,1.0,-0.1890768095934246,-0.2867549278691752,-0.4700592425140017,-0.7128944288365509,402.55800000000005,-0.2867549278691752,-0.1890768095934246,-0.7128944288365509,-0.4700592425140017,0.09814247453059298,0.09690625
RGI60-09.00134,0.0938125,0.02410156250000001,659.6588782167983,0.13565636062985695,0.14025134150174276,0.0570516743739681,0.14025134150174276,5.683696611982766e-05,1.4463143771116242,1.0,1.0,-0.05694086978986813,-0.19719221129161088,-0.0931383295703974,-0.32254781551056505,611.739,-0.19719221129161088,-0.05694086978986813,-0.32254781551056505,-0.0931383295703974,0.13565636062985695,0.0938125
RGI60-09.00136,0.125,0.024874999999999987,715.3670127382393,0.20418988258610346,0.1951631373045885,0.06549117505519828,0.1951631373045885,5.4092927439780684e-05,0.5419018580517514,1.0,1.0,0.024429878386601545,-0.17073325891798696,0.05196271944307858,-0.3631522143648299,431.435,-0.17073325891798696,0.024429878386601545,-0.3631522143648299,0.05196271944307858,0.20418988258610346,0.125
RGI60-09.00139,0.16875,0.021956250000000024,387.4145973282351,0.12530998659871287,0.12398778078484606,0.02717842287340416,0.12398778078484606,7.462796828593142e-05,0.7833507087127497,1.0,1.0,-0.017842009218186086,-0.14182979000303214,-0.06089456947200969,-0.4840634199278952,293.228,-0.14182979000303214,-0.017842009218186086,-0.4840634199278952,-0.06089456947200969,0.12530998659871287,0.16875
RGI60-09.00141,0.7,0.029975000000000033,280.3500237803974,0.08323299780121772,0.08089159922228092,0.00894392394196597,0.08089159922228092,3.6136390939405312e-06,3.3792097203343765,1.0,1.0,0.09786226744489193,0.016970668222611014,0.3382985108259685,0.058665632192344615,289.488,0.016970668222611014,0.09786226744489193,0.058665632192344615,0.3382985108259685,0.08323299780121772,0.7
RGI60-09.00149,0.2125,0.042543749999999984,236.14260537958458,0.04022223943331542,0.03897975374058812,0.014305632740442718,0.03897975374058812,2.0236559911840437e-05,13.098444505311324,1.0,1.0,0.13047799512466138,0.09149824138407328,0.33722821495283223,0.23648270027290144,387.211,0.09149824138407328,0.13047799512466138,0.23648270027290144,0.33722821495283223,0.04022223943331542,0.2125
RGI60-09.00367,0.06596875000000002,0.022368749999999996,648.4872934770098,0.028745110704406038,0.028292574314080436,0.01706508687257722,0.028292574314080436,4.145646487425467e-05,0.4928007829357712,1.0,1.0,-0.04709381529804519,-0.07538638961212563,-0.4841236450506256,-0.7749708426733435,97.354,-0.07538638961212563,-0.04709381529804519,-0.7749708426733435,-0.4841236450506256,0.028745110704406038,0.06596875000000002
RGI60-09.00369,0.0505,0.031681250000000015,334.1656210996703,0.016888154817233998,0.017311524117275406,0.01578795076488491,0.017311524117275406,2.979653414901499e-05,0.6582065236045219,1.0,1.0,-0.07117755351063765,-0.08848907762791305,-0.8978979342385636,-1.1162811319850212,79.333,-0.08848907762791305,-0.07117755351063765,-1.1162811319850212,-0.8978979342385636,0.016888154817233998,0.0505
RGI60-09.00493,0.11875,0.03239296875,0.15668759879762462,0.01754971821247174,0.009858563778416755,0.009232158003334072,0.009858563778416755,1.2788371628646402e-05,0.0,1.0,1.0,0.012406981946427522,0.0025484181680107674,0.38127552706644496,0.07831473313893128,32.566,0.0025484181680107674,0.012406981946427522,0.07831473313893128,0.38127552706644496,0.01754971821247174,0.11875
RGI60-09.00495,0.11875,0.03239296875,155.5103482573929,0.11729046179636722,0.04044069312788669,0.018748396962615498,0.04044069312788669,3.352013267313276e-05,0.0,1.0,1.0,0.033045458578403436,-0.007395234549483253,0.2670517917554342,-0.05976345076905299,123.839,-0.007395234549483253,0.033045458578403436,-0.05976345076905299,0.2670517917554342,0.11729046179636722,0.11875
RGI60-09.00498,0.11875,0.03239296875,118.91644480832441,0.10450882717122036,0.2134218902963272,0.04735230300770555,0.2134218902963272,6.793195286560162e-05,0.0,1.0,1.0,0.0798474824069168,-0.13357440788941038,0.2912561086847621,-0.4872334241357465,274.36,-0.13357440788941038,0.0798474824069168,-0.4872334241357465,0.2912561086847621,0.10450882717122036,0.11875
RGI60-09.00500,0.11875,0.03239296875,132.4871876142903,0.034000869444619754,0.02076896409946757,0.0070711343823858346,0.02076896409946757,5.726460156590897e-06,0.0074603852474561935,1.0,1.0,0.028642954996288737,0.007873990896821169,0.1954083327281155,0.0537180410772403,146.696,0.007873990896821169,0.028642954996288737,0.0537180410772403,0.1954083327281155,0.034000869444619754,0.11875
RGI60-09.00502,0.7874999999999999,0.1499999999999999,70.85548311665636,0.0013475292623162645,0.00128544507783016,0.00161713155385432,0.00128544507783016,0.0,0.18405908255653047,1.0,1.0,0.0011673454634140885,-0.00011809961441607158,0.06587615450726958,-0.006664649574915374,17.735,-0.00011809961441607158,0.0011673454634140885,-0.006664649574915374,0.06587615450726958,0.0013475292623162645,0.7874999999999999
RGI60-09.00503,0.11875,0.03239296875,0.2383069371983169,0.023909117995815656,0.02484322852771901,0.0120784065914201,0.02484322852771901,3.9451618968621396e-06,0.0,1.0,1.0,0.02578809048865164,0.0009448619609326267,0.266548715706922,0.0097662036015325,96.827,0.0009448619609326267,0.02578809048865164,0.0097662036015325,0.266548715706922,0.023909117995815656,0.11875
RGI60-09.00505,0.059781250000000015,0.02407031249999999,255.87481547012615,0.0018542313626842765,0.001817275651167816,0.0012129573555296259,0.001817275651167816,1.1930268790264251e-06,0.0037643258132709634,1.0,1.0,0.0007669990725556122,-0.0010502765786122037,0.04074589555084003,-0.05579466951509724,18.839,-0.0010502765786122037,0.0007669990725556122,-0.05579466951509724,0.04074589555084003,0.0018542313626842765,0.059781250000000015
RGI60-09.00506,0.0938125,0.04659375000000001,196.61130841660525,0.009812469637213208,0.009509498753375973,0.007486006939216236,0.009509498753375973,9.122076497093609e-06,0.014736111470644252,1.0,1.0,0.006234673851950766,-0.0032748249014252035,0.11309311732163678,-0.05940329287133701,55.178,-0.0032748249014252035,0.006234673851950766,-0.05940329287133701,0.11309311732163678,0.009812469637213208,0.0938125
RGI60-09.00507,0.08143750000000001,0.03171250000000001,255.3851194520427,0.06722081342630999,0.07056293891522443,0.04307215047284769,0.07056293891522443,9.868790421001639e-05,0.07805260540440864,1.0,1.0,0.06053188669128104,-0.010031052223943394,0.16864373774660546,-0.02794682659083349,359.213,-0.010031052223943394,0.06053188669128104,-0.02794682659083349,0.16864373774660546,0.06722081342630999,0.08143750000000001
RGI60-09.00508,0.2375,0.07559375000000003,221.0151171754632,0.062262148484067074,0.060979922623699626,0.028394873218687663,0.060979922623699626,2.807414238475373e-06,4.291553466565508,1.0,1.0,0.033673128972338616,-0.027306793651361017,0.2516596326731033,-0.2040801633084613,133.914,-0.027306793651361017,0.033673128972338616,-0.2040801633084613,0.2516596326731033,0.062262148484067074,0.2375
RGI60-09.00515,0.11875,0.03239296875,0.4429968182533912,0.11468136149182702,0.6620037111654778,0.06570710592977337,0.6620037111654778,3.375535501759773e-05,0.005701868602270609,1.0,1.0,0.14672454393815604,-0.5152791672273218,0.3025293857907884,-1.0624472619780407,485.378,-0.5152791672273218,0.14672454393815604,-1.0624472619780407,0.3025293857907884,0.11468136149182702,0.11875
RGI60-09.00516,0.11875,0.03239296875,0.4072362680439863,0.1727774079863283,0.027110687710557274,0.01885148137999377,0.027110687710557274,4.770254025803114e-05,0.0,1.0,1.0,0.037238685888217216,0.010127998177659943,0.2168500479220764,0.05897783011927346,171.855,0.010127998177659943,0.037238685888217216,0.05897783011927346,0.2168500479220764,0.1727774079863283,0.11875
RGI60-09.00517,0.11875,0.03239296875,65.60871705937082,0.009830399396412295,0.007883447578532885,0.007280549519819356,0.007883447578532885,8.76171910399328e-07,0.0,1.0,1.0,0.008865576374267985,0.0009821287957351,0.2301765395415049,0.02549896341116755,38.546,0.0009821287957351,0.008865576374267985,0.02549896341116755,0.2301765395415049,0.009830399396412295,0.11875
RGI60-09.00519,0.11875,0.03239296875,0.19288058411282985,1.2415597434180097,0.032543172748674826,0.02050971938827153,0.032543172748674826,0.00044999872467084445,0.0,1.0,1.0,-0.008259388863026823,-0.04080256161170165,-0.11596237502741145,-0.5728707087368242,71.278,-0.04080256161170165,-0.008259388863026823,-0.5728707087368242,-0.11596237502741145,1.2415597434180097,0.11875
RGI60-09.00520,0.11875,0.03239296875,146.73467204059142,0.8958050159568766,0.3238475869712601,0.13562620506301215,0.3238475869712601,0.0001976080938017282,0.09296055467471727,1.0,1.0,0.18368352297723195,-0.14016406399402814,0.4530751433799201,-0.34572972230436905,405.727,-0.14016406399402814,0.18368352297723195,-0.34572972230436905,0.4530751433799201,0.8958050159568766,0.11875
RGI60-09.00526,0.25,0.1247,110.76283541792013,0.0016393359749832805,0.0015623786303080238,0.0011795034056367613,0.0015623786303080238,3.826050867082281e-07,0.06503191693194825,1.0,1.0,0.0012384738151067036,-0.0003239048152013199,0.1625291516695306,-0.042507135955725424,7.626,-0.0003239048152013199,0.0012384738151067036,-0.042507135955725424,0.1625291516695306,0.0016393359749832805,0.25
RGI60-09.00571,0.06596875000000002,0.028742187499999995,204.59621260763902,0.002377635226505103,0.002363072809054567,0.0016170854857965036,0.002363072809054567,5.572356563409971e-07,1.6337355814669694,1.0,1.0,-0.010790781493654164,-0.013153854302708731,-0.17612820062579446,-0.21469850825840506,61.31100000000001,-0.013153854302708731,-0.010790781493654164,-0.21469850825840506,-0.17612820062579446,0.002377635226505103,0.06596875000000002
RGI60-09.00576,0.1125,0.026437500000000003,339.77305740225256,0.022880256683845062,0.022970230712066005,0.0090889855183943,0.022970230712066005,2.28930019782114e-06,0.1186479201803789,1.0,1.0,-0.012251194606957366,-0.035221425319023364,-0.11148957814099268,-0.32052562842421745,109.967,-0.035221425319023364,-0.012251194606957366,-0.32052562842421745,-0.11148957814099268,0.022880256683845062,0.1125
RGI60-09.00578,0.1125,0.037925,150.74638912621734,0.005840615335626079,0.005612259389351225,0.0034208450229331875,0.005612259389351225,8.177568880349579e-06,1.5193079626347528,1.0,1.0,-0.003838703124007632,-0.009450962513358856,-0.07218867717318762,-0.17772994154871874,53.215,-0.009450962513358856,-0.003838703124007632,-0.17772994154871874,-0.07218867717318762,0.005840615335626079,0.1125
RGI60-09.00583,0.11875,0.03239296875,0.032408810414100486,0.000846553210471672,0.001571145931450009,0.001410662701096734,0.001571145931450009,6.785591719817943e-07,0.00020190890987260287,1.0,1.0,0.0005987731980978986,-0.0009723727333521106,0.17619152435496382,-0.2861247542053476,3.401,-0.0009723727333521106,0.0005987731980978986,-0.2861247542053476,0.17619152435496382,0.000846553210471672,0.11875
RGI60-09.00585,0.11875,0.03239296875,0.3595506592291162,0.05420523681829092,0.024329177644384525,0.015872786688746098,0.024329177644384525,1.9980377679029417e-05,0.006392453702387461,1.0,1.0,0.004153043358149179,-0.020176134286235343,0.16808786929772393,-0.8165971627008077,24.727,-0.020176134286235343,0.004153043358149179,-0.8165971627008077,0.16808786929772393,0.05420523681829092,0.11875
RGI60-09.00586,0.11875,0.03239296875,0.2947762988626632,0.015588741495777488,0.013598506876032855,0.007781059622126944,0.013598506876032855,5.0123968593119065e-06,0.002733197540534113,1.0,1.0,0.005521370725671618,-0.008077136150361236,0.4411419616843524,-0.6453404169357838,12.526,-0.008077136150361236,0.005521370725671618,-0.6453404169357838,0.4411419616843524,0.015588741495777488,0.11875
RGI60-09.00588,0.11875,0.03239296875,0.3937505406214381,0.4787343425046074,0.14620399183617674,0.08084641206047917,0.1340701575388458,0.00014559480718345026,0.05072682037711161,1.0,1.0,0.08849054051584758,-0.04557961702299821,0.6218153363491503,-0.3205233455395263,142.31,-0.04557961702299821,0.10062437481317854,-0.3205233455395263,0.7076071139796883,0.4787343425046074,0.11875
RGI60-09.00589,0.11875,0.03239296875,174.38218912881973,0.16084474833864293,0.08870134320365856,0.05212657849911951,0.08870134320365856,5.041981480368982e-05,0.01295341004192314,1.0,1.0,0.05106007887237228,-0.03764126433128629,0.5733085418105425,-0.4226405215631486,89.13,-0.03764126433128629,0.05106007887237228,-0.4226405215631486,0.5733085418105425,0.16084474833864293,0.11875
RGI60-09.00592,0.11875,0.03239296875,0.16545950524829678,0.016974386084913157,0.009904597196072793,0.0071313385840493185,0.009904597196072793,4.27400594801423e-06,0.0013629225656356801,1.0,1.0,0.003590521711033537,-0.006314075485039255,0.2582684047801537,-0.4541752799241969,13.913,-0.006314075485039255,0.003590521711033537,-0.4541752799241969,0.2582684047801537,0.016974386084913157,0.11875
RGI60-09.00596,0.11875,0.03239296875,102.93203064656204,0.01896788646480677,0.011708499710763936,0.007223209147699944,0.010389107397895156,7.673874288907326e-06,0.002328417599978255,1.0,1.0,0.004851403254196072,-0.005537704143699085,0.6218153363491503,-0.7103447146633672,7.802,-0.005537704143699085,0.00617079556706485,-0.7103447146633672,0.7915540271901609,0.01896788646480677,0.11875
RGI60-09.00600,0.75,0.4746999999999999,115.25340480883058,0.0013194923328168865,0.0014049305278823199,0.0012395695745989756,0.001278214520047032,4.4775788085925314e-08,0.009216946024942076,1.0,1.0,0.0008736505475705563,-0.0004045639724764756,0.6218153363491503,-0.2882002592216095,1.405,-0.0004045639724764756,0.0010003665554058443,-0.2882002592216095,0.7126336505442467,0.0013194923328168865,0.75
RGI60-09.00601,0.4,0.6,116.02303565671306,0.0005063305272077289,0.0007217197879951403,0.0008042991307489916,0.0005392217517670637,3.035858682451416e-08,0.003612798639579885,1.0,1.0,0.0005403575272874116,1.1357755203478183e-06,0.6218153363491503,0.0013084760913078955,0.8690000000000001,1.1357755203478183e-06,0.000722855563515488,0.0013084760913078955,0.8327695089248442,0.0005063305272077289,0.4
RGI60-09.00602,0.11875,0.03239296875,0.17308401799834705,0.008378507272375827,0.00548315868241072,0.005974766662811854,0.00548315868241072,4.915871208358037e-06,0.00386571607247109,1.0,1.0,-0.0022072564608822853,-0.007690415143293005,-0.19573805275896744,-0.6819809622188383,11.286,-0.007690415143293005,-0.0022072564608822853,-0.6819809622188383,-0.19573805275896744,0.008378507272375827,0.11875
RGI60-09.00603,0.056687500000000016,0.06875,137.07449931024223,0.0011482603242957599,0.0012332751419768587,0.0028813447504266623,0.0012332751419768587,1.6192122024315642e-06,0.001310908253839412,1.0,1.0,1.8732938554280555e-05,-0.001214542203422578,0.0034371035771662297,-0.2228431668585816,5.455,-0.001214542203422578,1.8732938554280555e-05,-0.2228431668585816,0.0034371035771662297,0.0011482603242957599,0.056687500000000016
RGI60-09.00607,0.11875,0.03239296875,83.62781145003149,0.031025995388511026,0.03276251062831965,0.02632416712464471,0.03276251062831965,1.128049023412843e-05,0.010445066979658052,1.0,1.0,-0.03511070923237405,-0.0678732198606937,-0.10528244129018156,-0.20352360978712966,16.852,-0.0678732198606937,-0.03511070923237405,-0.20352360978712966,-0.10528244129018156,0.031025995388511026,0.11875
RGI60-09.00608,0.11875,0.03239296875,149.56328944299153,0.2408429463322741,0.049237509365124665,0.037599690466958505,0.049237509365124665,8.423713613014909e-05,0.026254171107618084,1.0,1.0,0.03138085075710375,-0.017856658608020916,0.3845269618197096,-0.21880753762673866,81.675,-0.017856658608020916,0.03138085075710375,-0.21880753762673866,0.3845269618197096,0.2408429463322741,0.11875
RGI60-09.00610,0.11875,0.03239296875,184.26173274088956,0.5209947047710436,0.1752463831054294,0.07752564109269952,0.1752463831054294,0.00014328432159222714,0.013399857500501823,1.0,1.0,0.12382920252433766,-0.05141718058109177,0.491616567560163,-0.2041322831416064,252.081,-0.05141718058109177,0.12382920252433766,-0.2041322831416064,0.491616567560163,0.5209947047710436,0.11875
RGI60-09.00611,0.11875,0.03239296875,0.3296168099551053,0.3388808596202933,0.13377850586162754,0.05967132981644047,0.13377850586162754,0.00013590778252003954,0.0,1.0,1.0,0.08386207428711295,-0.04991643157451458,0.3402955785752536,-0.202550927907012,246.63,-0.04991643157451458,0.08386207428711295,-0.202550927907012,0.3402955785752536,0.3388808596202933,0.11875
RGI60-09.00612,0.11875,0.03239296875,0.12687113048248475,0.005162502896736082,0.010251277552472559,0.0076269566272714456,0.009892040882215259,3.869331511313012e-06,0.00369553988062584,1.0,1.0,0.005002504380928915,-0.0048895365012863465,0.6218153363491503,-0.6082145805191905,8.045,-0.0048895365012863465,0.005361741051186211,-0.6082145805191905,0.6669526004032923,0.005162502896736082,0.11875
RGI60-09.00613,0.11875,0.03239296875,62.49673177756824,0.003984286954997182,0.007047470800763334,0.004029388915874567,0.007047470800763334,1.9709824466080027e-06,0.0006611120129807755,1.0,1.0,0.00025761623419697204,-0.006789854566566362,0.03745489816739928,-0.9871789025832408,6.882999999999999,-0.006789854566566362,0.00025761623419697204,-0.9871789025832408,0.03745489816739928,0.003984286954997182,0.11875
RGI60-09.00614,0.35000000000000003,0.45,128.75662698807264,0.003111211277823244,0.005644143333394915,0.004996917872189863,0.0029922319487019427,7.747727309665928e-07,0.031389680577102376,1.0,1.0,0.0017361084190868278,-0.0012561235296151144,0.6218153363491503,-0.4501945994693613,2.792,-0.0012561235296151144,0.0043880198037798005,-0.4501945994693613,1.572666040760791,0.003111211277823244,0.35000000000000003
RGI60-09.00615,0.11875,0.03239296875,0.0818653042554196,0.0007463392485540141,0.002938619390160639,0.002125996900773309,0.002938619390160639,3.7425804620136967e-07,0.0001974524040503648,1.0,1.0,0.0013950801248312752,-0.0015435392653293638,0.4785767720953039,-0.5295050987075199,2.917,-0.0015435392653293638,0.0013950801248312752,-0.5295050987075199,0.4785767720953039,0.0007463392485540141,0.11875
RGI60-09.00618,0.11875,0.03239296875,0.07323348630728788,0.0012035263908255582,0.0015997214167215745,0.0019166444354448949,0.0015997214167215745,8.443394775503911e-07,0.0001589852847040127,1.0,1.0,0.0017050288106199474,0.00010530739389837316,0.6032659263586495,0.03725940707677449,2.8280000000000003,0.00010530739389837316,0.0017050288106199474,0.03725940707677449,0.6032659263586495,0.0012035263908255582,0.11875
RGI60-09.00619,0.11875,0.03239296875,52.30159493776182,0.00129691481069619,0.001658615704745325,0.0015584620199626301,0.001658615704745325,6.901837153646479e-07,0.00018661597285224223,1.0,1.0,0.0016495443482393347,-9.07135650599032e-06,0.5885342598279705,-0.003236532617378313,2.805,-9.07135650599032e-06,0.0016495443482393347,-0.003236532617378313,0.5885342598279705,0.00129691481069619,0.11875
RGI60-09.00621,0.11875,0.03239296875,0.10324635578522036,0.0006871778671385327,0.002899593154041069,0.0031169082871029498,0.0024903962202161684,3.538501861870601e-07,0.00026885337926796507,1.0,1.0,0.002823663442361492,0.0003332672221453234,0.6218153363491503,0.07344641026428109,4.541,0.0003332672221453234,0.0032328603761863925,0.07344641026428109,0.7124672747234221,0.0006871778671385327,0.11875
RGI60-09.00622,0.11875,0.03239296875,0.19647572318564602,0.017799292566229964,0.023801190358045184,0.012375890862778792,0.018800152669345482,7.906542889317314e-06,0.007905675608624511,1.0,1.0,0.009633163190721036,-0.009166989478624444,0.6218153363491503,-0.5921915540948713,15.492,-0.009166989478624444,0.014634200879420741,-0.5921915540948713,0.9453758163384648,0.017799292566229964,0.11875
RGI60-09.00624,0.11875,0.03239296875,63.23747024305237,0.0043315507963458035,0.006401614008854201,0.006049794276603735,0.003094806084612325,1.664887298163394e-06,0.001633095976595208,1.0,1.0,0.002795059936889431,-0.00029974614772289364,0.6218153363491503,-0.06673960047487225,4.495,-0.00029974614772289364,0.006101867861131307,-0.06673960047487225,1.3586036928115734,0.0043315507963458035,0.11875
RGI60-09.00625,0.11875,0.03239296875,0.1023466161162574,0.015690014576979897,0.008163022303814691,0.005805834033050194,0.008163022303814691,3.6858803253257484e-06,0.0025048380677000427,1.0,1.0,0.00023602867751652823,-0.007926993626298163,0.029272238876257007,-0.9831044830699334,8.068999999999999,-0.007926993626298163,0.00023602867751652823,-0.9831044830699334,0.029272238876257007,0.015690014576979897,0.11875
RGI60-09.00626,0.11875,0.03239296875,0.19609632922164974,0.038268179224505615,0.009350552351157651,0.005841212919270255,0.009350552351157651,9.672508582979157e-06,0.0006324811110120068,1.0,1.0,0.0004892565515639528,-0.008861295799593698,0.028554636415475614,-0.5171746375568043,17.147000000000002,-0.008861295799593698,0.0004892565515639528,-0.5171746375568043,0.028554636415475614,0.038268179224505615,0.11875
RGI60-09.00627,0.11875,0.03239296875,0.11103219141113384,0.016503655501435822,0.025662982491276368,0.01703218367079151,0.01617706800291227,7.007223773183002e-06,0.0065199443121066155,1.0,1.0,0.00794058184517865,-0.008236486157733622,0.6218153363491503,-0.6454830611120422,12.77,-0.008236486157733622,0.017426496333542745,-0.6454830611120422,1.3656926002687684,0.016503655501435822,0.11875
RGI60-09.00628,0.11875,0.03239296875,43.68558969689329,0.0019179804360902179,0.007787966260523997,0.006330787709876149,0.0035084913282825247,1.9150379537593343e-06,0.0016077690391577632,1.0,1.0,0.002200604475339643,-0.0013078868529428813,0.6218153363491503,-0.3698013044530326,3.539,-0.0013078868529428813,0.006480079407581115,-0.3698013044530326,1.8322241044710508,0.0019179804360902179,0.11875
RGI60-09.00629,0.11875,0.03239296875,0.18990027091200895,0.002226315687752697,0.003876116047323105,0.003019184818901193,0.0031501090095202664,1.0327133343117005e-06,0.000769130151254462,1.0,1.0,0.0018013990294034887,-0.001348709980116778,0.6218153363491503,-0.4659134443340019,2.897,-0.001348709980116778,0.002527406067206327,-0.4659134443340019,0.8730953899375722,0.002226315687752697,0.11875
RGI60-09.00630,0.11875,0.03239296875,0.21327601310876432,0.05268769128449986,0.01700711134604934,0.01087695118200006,0.01700711134604934,1.4371046354884094e-05,0.0017453758329288773,1.0,1.0,0.0036719537927693523,-0.013335157553279988,0.18080938547094247,-0.6566318037864816,20.323,-0.013335157553279988,0.0036719537927693523,-0.6566318037864816,0.18080938547094247,0.05268769128449986,0.11875
RGI60-09.00631,0.11875,0.03239296875,59.108592718235094,0.0023339521379560505,0.0018843390821103687,0.0016747663345647776,0.0018843390821103687,1.7576722867179904e-06,0.0007237940528784582,1.0,1.0,0.0006092176226817307,-0.001275121459428638,0.1367059194263171,-0.2861319912646162,4.46,-0.001275121459428638,0.0006092176226817307,-0.2861319912646162,0.1367059194263171,0.0023339521379560505,0.11875
RGI60-09.00632,0.11875,0.03239296875,0.4191002895675569,0.0302814864124698,0.006844237701170593,0.0050099961356644025,0.006844237701170593,6.329839568553693e-06,0.0001827633044057861,1.0,1.0,0.0032130392741335605,-0.003631198427037033,0.383911535564339,-0.4338754820974065,8.375,-0.003631198427037033,0.0032130392741335605,-0.4338754820974065,0.383911535564339,0.0302814864124698,0.11875
RGI60-09.00642,0.11875,0.03239296875,0.2809871073587367,0.03983558913923682,0.00939740017192508,0.00678063384275282,0.00939740017192508,1.4656724530455676e-05,0.006036848668983613,1.0,1.0,0.0020784538945160464,-0.007318946277409035,0.08429282863848281,-0.2968238487289372,24.677,-0.007318946277409035,0.0020784538945160464,-0.2968238487289372,0.08429282863848281,0.03983558913923682,0.11875
RGI60-09.00643,0.11875,0.03239296875,0.06928787773231447,0.0006881625514273563,0.0017587248086890336,0.0012264226301244912,0.0017587248086890336,2.2647648141916076e-07,0.00018722880248927374,1.0,1.0,0.0007811574014667054,-0.0009775674072223283,0.2455709800798916,-0.3073160234224289,3.184,-0.0009775674072223283,0.0007811574014667054,-0.3073160234224289,0.2455709800798916,0.0006881625514273563,0.11875
RGI60-09.00645,0.11875,0.03239296875,81.89904083324691,0.0217450169903722,0.01104689375135945,0.01072633652458133,0.01104689375135945,1.0517078959741575e-05,0.010000441464510134,1.0,1.0,0.00359872746943314,-0.007448166281926311,0.19515243528577286,-0.40390049001411465,18.455,-0.007448166281926311,0.00359872746943314,-0.40390049001411465,0.19515243528577286,0.0217450169903722,0.11875
RGI60-09.00646,0.11875,0.03239296875,133.55741932189696,0.06075980207858279,0.01628865884906893,0.008323395928434622,0.01608991285212671,1.884340825529225e-05,0.0032018466220740172,1.0,1.0,0.008215424223844973,-0.00787448862828174,0.6218153363491503,-0.5964819462194204,13.212,-0.00787448862828174,0.008414170220787191,-0.5964819462194204,0.637362102612089,0.06075980207858279,0.11875
RGI60-09.00647,0.11875,0.03239296875,32.11757755355084,0.00017171932553039555,0.0018983230492107528,0.0018853761003551602,0.0012617078962957155,3.1859299054864313e-07,0.00033741168661061274,1.0,1.0,0.0008170653519627835,-0.0004446425443329321,0.6218153363491503,-0.3386849999324184,1.314,-0.0004446425443329321,0.0014536805048778207,-0.3386849999324184,1.1072709707410648,0.00017171932553039555,0.11875
RGI60-09.00648,0.11875,0.03239296875,0.2968801391356077,0.12710943165140606,0.029359403370087682,0.023448258006025888,0.029359403370087682,3.9865958559677676e-05,0.0087742139706121,1.0,1.0,-2.612391318319862e-05,-0.02938552728327088,-0.0004853562560939877,-0.5459537935813099,53.867,-0.02938552728327088,-2.612391318319862e-05,-0.5459537935813099,-0.0004853562560939877,0.12710943165140606,0.11875
RGI60-09.00649,0.11875,0.03239296875,56.01067904644682,0.0016056359804706801,0.0013240495959060668,0.0014923007611442425,0.0013240495959060668,9.838545786445444e-07,0.0007080429895073568,1.0,1.0,-0.0004256656340641213,-0.001749715229970188,-0.08903694679591835,-0.36598985065211054,4.785,-0.001749715229970188,-0.0004256656340641213,-0.36598985065211054,-0.08903694679591835,0.0016056359804706801,0.11875
RGI60-09.00650,0.11875,0.03239296875,0.1909432398082309,0.027006892414596854,0.018689308667816484,0.010344792515409169,0.018689308667816484,7.920475736403244e-06,0.004444283770819632,1.0,1.0,0.011317207736274669,-0.007372100931541817,0.4357531408683279,-0.28385236098662603,25.992,-0.007372100931541817,0.011317207736274669,-0.28385236098662603,0.4357531408683279,0.027006892414596854,0.11875
RGI60-09.00651,0.11875,0.03239296875,0.23599914321710716,0.06664523732498356,0.02895965848179355,0.0203399489815402,0.02895965848179355,2.715399049847623e-05,0.012324641288727895,1.0,1.0,0.0036611549583554018,-0.025298503523438147,0.11128828938858487,-0.7689997318439683,32.924,-0.025298503523438147,0.0036611549583554018,-0.7689997318439683,0.11128828938858487,0.06664523732498356,0.11875
RGI60-09.00653,0.30000000000000004,0.8499999999999999,101.86492022390348,0.00044731510014482586,0.0012103555126293125,0.0012137769983804304,0.0005005590041937669,1.5482679474295963e-07,0.0038042430321235726,1.0,1.0,0.00039547455391805963,-0.00010508445027570728,0.6218153363491503,-0.1652254640794796,0.636,-0.00010508445027570728,0.0011052710623536053,-0.1652254640794796,1.737830133115427,0.00044731510014482586,0.30000000000000004
RGI60-09.00654,1.0,0.499725,120.76421255937056,0.0072796122466207815,0.007413949463287242,0.006123039569295989,0.007413949463287242,0.0,0.21111750220736525,1.0,1.0,0.005111035397350227,-0.002302914065937015,0.3579591317155988,-0.1612880865364051,14.289,-0.002302914065937015,0.005111035397350227,-0.1612880865364051,0.3579591317155988,0.0072796122466207815,1.0
RGI60-09.00655,0.11875,0.03239296875,0.24683011414813905,0.03992683819273155,0.04402130559175625,0.028246725084968206,0.032024504937466225,1.4973566047355885e-05,0.008413900050919543,1.0,1.0,0.015656066538598908,-0.016368438398867313,0.6218153363491503,-0.6505956285022734,25.178,-0.016368438398867313,0.027652867192888942,-0.6505956285022734,1.0991173423417369,0.03992683819273155,0.11875
RGI60-09.00656,0.11875,0.03239296875,113.37636277534682,0.017301424207640255,0.019796802855894285,0.01239200144739182,0.019796802855894285,4.622214148832524e-06,0.0007282049304977246,1.0,1.0,0.010366496689063264,-0.00943030616683102,0.4695704674950719,-0.4271639116088544,22.093000000000004,-0.00943030616683102,0.010366496689063264,-0.4271639116088544,0.4695704674950719,0.017301424207640255,0.11875
RGI60-09.00657,0.35000000000000003,0.3499999999999999,136.4719723809736,0.01638800308967424,0.025695656416724808,0.01632723108563601,0.015609293976123137,8.343099328446055e-06,0.4494174807301117,1.0,1.0,0.01448270099890806,-0.0011265929772150778,0.6218153363491503,-0.048406732837741134,23.291,-0.0011265929772150778,0.024569063439509733,-0.048406732837741134,1.0556679422321746,0.01638800308967424,0.35000000000000003
RGI60-09.00658,0.11875,0.03239296875,0.08521239439212458,0.002791173862631884,0.007701711279709037,0.004857709164049863,0.007701711279709037,2.2488649425147372e-07,0.002182277809272117,1.0,1.0,0.0017650255355847121,-0.005936685744124325,0.21476425621186174,-0.7223622958962175,8.225,-0.005936685744124325,0.0017650255355847121,-0.7223622958962175,0.21476425621186174,0.002791173862631884,0.11875
RGI60-09.00659,0.11875,0.03239296875,0.2238080513998293,0.03008977025688185,0.01512022255133416,0.007857712439913492,0.01512022255133416,6.49717056833134e-06,0.0005209424119461361,1.0,1.0,0.0005341568166358831,-0.014586065734698275,0.07428422570445357,-2.0284578712301995,7.1960000000000015,-0.014586065734698275,0.0005341568166358831,-2.0284578712301995,0.07428422570445357,0.03008977025688185,0.11875
RGI60-09.00660,0.11875,0.03239296875,0.09185089259361943,0.003214740837757701,0.015026972567826462,0.010007014622688428,0.011604755930945988,6.883839524996236e-06,0.006127438391342432,1.0,1.0,0.005509905695389821,-0.006094850235556167,0.6218153363491503,-0.6883464237357754,8.861,-0.006094850235556167,0.008932122332270295,-0.6883464237357754,1.008785158972435,0.003214740837757701,0.11875
RGI60-09.00661,0.30000000000000004,0.10532500000000003,284.8543015279248,0.0038879673310785274,0.003714799499582804,0.0025993379910437928,0.003714799499582804,2.302622094981743e-07,0.07944010377200485,1.0,1.0,0.0026024184047093845,-0.0011123810948734194,0.5128937918964138,-0.2192319869668401,5.078,-0.0011123810948734194,0.0026024184047093845,-0.2192319869668401,0.5128937918964138,0.0038879673310785274,0.30000000000000004
RGI60-09.00662,0.11875,0.03239296875,60.815492673822135,0.0017911995965446809,0.0032651669890168397,0.0020600060853064573,0.0032651669890168397,5.889414467703123e-07,0.0,1.0,1.0,0.0008435517532447085,-0.0024216152357721308,0.22337339016808894,-0.6412462576438966,3.779,-0.0024216152357721308,0.0008435517532447085,-0.6412462576438966,0.22337339016808894,0.0017911995965446809,0.11875
RGI60-09.00663,0.11875,0.03239296875,88.59925418287989,0.005234925475812781,0.010135406448950305,0.00784767252040447,0.007945585791715228,2.2461335870768246e-06,0.0009053339865718664,1.0,1.0,0.0031376801872178123,-0.004807905604497415,0.6218153363491503,-0.9534478392556696,5.046,-0.004807905604497415,0.00532750084445289,-0.9534478392556696,1.0564879152421165,0.005234925475812781,0.11875
RGI60-09.00664,0.11875,0.03239296875,0.3370413871132349,0.07969630999167612,0.05519869686006237,0.03342758190702605,0.05519869686006237,2.0298185199609345e-05,0.0,1.0,1.0,0.023025109907321883,-0.03217358695274049,0.37404625810986064,-0.522664597827519,61.603,-0.03217358695274049,0.023025109907321883,-0.522664597827519,0.37404625810986064,0.07969630999167612,0.11875
RGI60-09.00665,0.11875,0.03239296875,0.08620208933937333,0.0005980328866185903,0.0035216899388408438,0.0034262253714975703,0.0018120796337121126,8.698849556408083e-07,0.0007262498492389768,1.0,1.0,0.001641592487961757,-0.00017048714575035537,0.6218153363491503,-0.06462128936974568,2.64,-0.00017048714575035537,0.003351202793090489,-0.06462128936974568,1.27023679395811,0.0005980328866185903,0.11875
RGI60-09.00666,0.11875,0.03239296875,0.07304439172759203,0.0004417269701221248,0.00698204750083366,0.006323889745502569,0.00307175469006972,6.987502174513338e-07,0.0007569019730849965,1.0,1.0,0.001979238215599346,-0.0010925164744703733,0.6218153363491503,-0.3435351410729359,3.1830000000000003,-0.0010925164744703733,0.0058895310263632865,-0.3435351410729359,1.8519271052420287,0.0004417269701221248,0.11875
RGI60-09.00667,0.11875,0.03239296875,49.278599822938546,0.001677240760447112,0.0016504326332276724,0.0016119996827390335,0.0013921803725336053,6.9314954181521e-07,2.7292007715587266e-05,1.0,1.0,0.0009464029419234068,-0.00044577743061019844,0.6218153363491503,-0.2930940208751233,1.5219999999999998,-0.00044577743061019844,0.001204655202617474,-0.2930940208751233,0.7920482574005268,0.001677240760447112,0.11875
RGI60-09.00670,0.11875,0.03239296875,115.87798999377443,0.07754404461065012,0.07066689812878618,0.044921048013501205,0.050219772027542166,2.147241370626402e-05,0.01133977673193492,1.0,1.0,0.02572201320341896,-0.0244977588241232,0.6218153363491503,-0.5926875840699999,41.36600000000001,-0.0244977588241232,0.04616913930466299,-0.5926875840699999,1.1169950618554745,0.07754404461065012,0.11875
RGI60-09.00671,0.11875,0.03239296875,90.2113889829566,0.034940255896640945,0.12139816963837315,0.07582932353833895,0.12021335973169507,2.969286703936645e-05,0.03522520813481324,1.0,1.0,0.06984292039407293,-0.050370439337622176,0.6218153363491503,-0.4487961969498499,112.321,-0.050370439337622176,0.07102773030075096,-0.4487961969498499,0.6328508477619614,0.034940255896640945,0.11875
RGI60-09.00672,0.11875,0.03239296875,178.29923690363594,0.3806427150381453,0.08463953945866293,0.05146439381690409,0.07470838596382462,0.00012791453735240495,0.026652324638451817,1.0,1.0,0.03664109050971004,-0.03806729545411458,0.6218153363491503,-0.6465028079409053,58.926,-0.03806729545411458,0.04657224400454835,-0.6465028079409053,0.7909436738772863,0.3806427150381453,0.11875
RGI60-09.00673,0.11875,0.03239296875,0.5004263212478328,0.02171843638614484,0.011946737564959136,0.007598864112800426,0.010731262255985715,8.862984533646143e-06,0.0017753027387643913,1.0,1.0,0.007168909012769356,-0.00356235324321636,0.6218153363491503,-0.30921633996670417,11.529000000000002,-0.00356235324321636,0.008384384321742776,-0.30921633996670417,0.7277741582142301,0.02171843638614484,0.11875
RGI60-09.00674,0.35000000000000003,0.2239125,201.25930650184287,0.02618692499314083,0.02863555736224926,0.02554887249986901,0.02617989261599912,1.4390667440728733e-05,0.7151518315671919,1.0,1.0,0.019052421905737967,-0.007127470710261147,0.6218153363491503,-0.2327937476263302,30.64,-0.007127470710261147,0.021508086651988112,-0.2327937476263302,0.7024859588380841,0.02618692499314083,0.35000000000000003
RGI60-09.00675,0.11875,0.03239296875,53.894207949859144,0.003377855890143256,0.043968668480549984,0.028314441708820207,0.02868804439887865,1.5759724647330154e-05,0.01982643025271314,1.0,1.0,0.0210745653795454,-0.007613479019333253,0.6218153363491503,-0.22481038210353416,33.892,-0.007613479019333253,0.036355189461216735,-0.22481038210353416,1.0734939984031453,0.003377855890143256,0.11875
RGI60-09.00676,0.11875,0.03239296875,0.2047075537782419,0.011026584375648216,0.02137750680329226,0.015757390896356083,0.012502503393437666,4.046661077935672e-06,0.0031005058801980147,1.0,1.0,0.00745743132883536,-0.005045072064602306,0.6218153363491503,-0.4209816891630392,11.993,-0.005045072064602306,0.016332434738689956,-0.4209816891630392,1.3628459368658783,0.011026584375648216,0.11875
RGI60-09.00677,0.11875,0.03239296875,0.26002898304674193,0.00210672493479495,0.005052455986629596,0.003312507202234537,0.0026833409239210076,9.073162858911184e-07,0.0003665281452639953,1.0,1.0,0.0011994817838175114,-0.0014838591401034964,0.6218153363491503,-0.7699502915669926,1.929,-0.0014838591401034964,0.003568596846526099,-0.7699502915669926,1.8516866649998718,0.00210672493479495,0.11875
RGI60-09.00678,0.11875,0.03239296875,0.14120899499624429,0.04056594416930169,0.036064967996809,0.02180106603712852,0.036064967996809,5.34886334032774e-06,0.0032011359137619536,1.0,1.0,0.014673143258362172,-0.021391824738446828,0.4155871161816482,-0.6058801850685868,35.333,-0.021391824738446828,0.014673143258362172,-0.6058801850685868,0.4155871161816482,0.04056594416930169,0.11875
RGI60-09.00679,0.11875,0.03239296875,0.14214013293443628,0.042707609910636775,0.07115545799641182,0.03733526457888657,0.047700553444619966,1.545906092840541e-05,0.01397289701530876,1.0,1.0,0.022044597304250083,-0.025655956140369897,0.6218153363491503,-0.7242128732156633,35.452,-0.025655956140369897,0.045499501856041916,-0.7242128732156633,1.2843538080888866,0.042707609910636775,0.11875
RGI60-09.00680,0.11875,0.03239296875,56.179437652431574,0.0051730434136058046,0.031122808576251663,0.02324451588413349,0.011552714659961114,1.0119920656263104e-05,0.00902000541274423,1.0,1.0,0.008426841438203686,-0.0031258732217574283,0.6218153363491503,-0.23082239953116435,13.552,-0.0031258732217574283,0.02799693535449424,-0.23082239953116435,2.067364649680195,0.0051730434136058046,0.11875
RGI60-09.00681,0.17500000000000002,0.1,120.32159217615057,0.01857451661781619,0.033638282215982036,0.026186481266902185,0.01870158552490603,2.351661641055751e-05,0.02111576979665436,1.0,1.0,0.014983884160005475,-0.0037177013649005593,0.6218153363491503,-0.1543925214829236,24.097,-0.0037177013649005593,0.029920580851081482,-0.1543925214829236,1.242572619050512,0.01857451661781619,0.17500000000000002
RGI60-09.00682,0.11875,0.03239296875,45.98243666684415,0.0010170708789891854,0.005591560930446047,0.004557894285800449,0.0030304341384678533,1.4007905120361479e-06,0.0010605627941462255,1.0,1.0,0.0018710423470745933,-0.0011593917913932607,0.6218153363491503,-0.3855268662570316,3.009,-0.0011593917913932607,0.004432169139052786,-0.3855268662570316,1.4738074666258831,0.0010170708789891854,0.11875
RGI60-09.00683,0.11875,0.03239296875,67.6501034413875,0.005998315813014991,0.010070914150511808,0.008044634747763691,0.007000759509877618,2.9618852688267066e-06,0.002667939743433891,1.0,1.0,0.004448466916241821,-0.002552292593635797,0.6218153363491503,-0.35702860212237153,7.154,-0.002552292593635797,0.007518621556876013,-0.35702860212237153,1.0517457720294672,0.005998315813014991,0.11875
RGI60-09.00684,0.11875,0.03239296875,0.14863389484954048,0.021897859410421886,0.05577062777242993,0.03276167049613708,0.05577062777242993,1.4002590866579911e-05,0.010074412045697884,1.0,1.0,0.03196287203735724,-0.02380775573507269,0.6178128081004841,-0.4601819388465635,51.773,-0.02380775573507269,0.03196287203735724,-0.4601819388465635,0.6178128081004841,0.021897859410421886,0.11875
RGI60-09.00685,0.11875,0.03239296875,90.12901300316385,0.009235189263869138,0.008538181647579647,0.00620254969878206,0.008538181647579647,2.554101066803821e-06,0.0013449664732325204,1.0,1.0,0.004129502256821415,-0.004408679390758232,0.4283979455968121,-0.4573600100777254,9.647,-0.004408679390758232,0.004129502256821415,-0.4573600100777254,0.4283979455968121,0.009235189263869138,0.11875
RGI60-09.00686,0.11875,0.03239296875,0.3095905062985711,0.03203742762261945,0.03381443014480258,0.02199633853580417,0.03381443014480258,1.1123950506000356e-05,0.007088661588244602,1.0,1.0,0.017163304090228846,-0.01665112605457373,0.4872843265384949,-0.4727430512770436,35.249,-0.01665112605457373,0.017163304090228846,-0.4727430512770436,0.4872843265384949,0.03203742762261945,0.11875
RGI60-09.00687,0.11875,0.03239296875,0.14171354869752406,0.006031957961501561,0.0071962871277983205,0.0045900460176965295,0.0071962871277983205,2.7927491093318507e-06,0.00021938759129652293,1.0,1.0,0.004993377962028321,-0.00220290916577,0.486430077808687,-0.21459646857489234,10.273,-0.00220290916577,0.004993377962028321,-0.21459646857489234,0.486430077808687,0.006031957961501561,0.11875
RGI60-09.00688,0.475,0.14479999999999998,180.89699899226989,0.02202073981470525,0.02232681090239058,0.012177138790126149,0.02232681090239058,4.3067158139383036e-06,0.34040628126858924,1.0,1.0,0.02275684728909096,0.0004300363867003774,0.5766717426381782,0.010897372090518527,14.882,0.0004300363867003774,0.02275684728909096,0.010897372090518527,0.5766717426381782,0.02202073981470525,0.475
RGI60-09.00690,0.11875,0.03239296875,0.4263420381909633,0.04112116531364046,0.024120789571789432,0.01625450300500311,0.024120789571789432,1.1598892760236365e-05,0.001323196825467261,1.0,1.0,0.01235751809033322,-0.011763271481456207,0.5198676892124697,-0.4948683641764092,23.788,-0.011763271481456207,0.01235751809033322,-0.4948683641764092,0.5198676892124697,0.04112116531364046,0.11875
RGI60-09.00691,0.11875,0.03239296875,0.3926967813389979,0.05847425692896952,0.040732076149727986,0.029890773851099364,0.03189133041093983,2.4755150395625877e-05,0.010480110017728202,1.0,1.0,0.024773744815486498,-0.0071175855954533325,0.6218153363491503,-0.17877732808550906,39.841,-0.0071175855954533325,0.033614490554274665,-0.17877732808550906,0.844318445581833,0.05847425692896952,0.11875
RGI60-09.00692,0.11875,0.03239296875,94.3608372858993,0.04032750426376668,0.04758137764648464,0.032531473881723234,0.04758137764648464,1.2882851852135244e-05,0.010070742591919727,1.0,1.0,0.035862736889596104,-0.011718640756888532,0.5989800600276199,-0.19572494329175166,59.918,-0.011718640756888532,0.035862736889596104,-0.19572494329175166,0.5989800600276199,0.04032750426376668,0.11875
RGI60-09.00693,0.11875,0.03239296875,0.15387023669463318,0.011502978585760165,0.027831593733720617,0.019575978546463882,0.02212606731583549,1.3435263314844092e-05,0.010085304299333872,1.0,1.0,0.018196182187585185,-0.003929885128250307,0.6218153363491503,-0.13439745384283858,29.263,-0.003929885128250307,0.02390170860547031,-0.13439745384283858,0.8174103502355783,0.011502978585760165,0.11875
RGI60-09.00695,0.11875,0.03239296875,165.6229649134709,0.10345487365263943,0.07265348488341195,0.0377176851736085,0.05986432210986847,4.488870962233692e-05,0.01492082817746597,1.0,1.0,0.057632332634184665,-0.00223198947568382,0.6218153363491503,-0.024100114324104745,92.684,-0.00223198947568382,0.07042149540772813,-0.024100114324104745,0.7603826580233763,0.10345487365263943,0.11875
RGI60-09.00696,0.11875,0.03239296875,89.27295803408451,0.05185080348636306,0.09109375244496727,0.0602638213809366,0.09109375244496727,3.0283679001616053e-05,0.0,1.0,1.0,0.035475819731811215,-0.055617932713156064,0.3350850804959061,-0.5253364009934969,105.958,-0.055617932713156064,0.035475819731811215,-0.5253364009934969,0.3350850804959061,0.05185080348636306,0.11875
RGI60-09.00697,0.11875,0.03239296875,0.3916520789161471,0.7728490234514088,0.6026927519059073,0.2363197118284409,0.6026927519059073,0.00029580412887357147,0.12889115209092808,1.0,1.0,0.2895598770009313,-0.313132874904976,0.5659631367107126,-0.6120380555621434,512.015,-0.313132874904976,0.2895598770009313,-0.6120380555621434,0.5659631367107126,0.7728490234514088,0.11875
RGI60-09.00701,0.11875,0.03239296875,73.73861992684401,0.04576109427704588,0.0628639208954505,0.04069264890152098,0.0628639208954505,3.6504548524373765e-05,0.016559085683562073,1.0,1.0,0.022973847801817063,-0.03989007309363343,0.35613773429243983,-0.6183709570498158,64.553,-0.03989007309363343,0.022973847801817063,-0.6183709570498158,0.35613773429243983,0.04576109427704588,0.11875
RGI60-09.00702,0.11875,0.03239296875,64.45519575297348,0.011642301098041404,0.0589238992031051,0.04076887824799767,0.0589238992031051,1.3296800884191044e-05,0.013167375055590616,1.0,1.0,0.008662661659374765,-0.05026123754373033,0.1070430066346674,-0.6210693889952104,24.033,-0.05026123754373033,0.008662661659374765,-0.6210693889952104,0.1070430066346674,0.011642301098041404,0.11875
RGI60-09.00703,0.11875,0.03239296875,60.39286899841303,0.016599847604715803,0.07232931988107102,0.03668693971719349,0.04827389027803088,2.111916018545743e-05,0.0253175074574493,1.0,1.0,0.03136374375011479,-0.016910146527916094,0.6218153363491503,-0.3355202297187616,50.43899999999999,-0.016910146527916094,0.05541917335315493,-0.3355202297187616,1.0995915229698403,0.016599847604715803,0.11875
RGI60-09.00704,0.11875,0.03239296875,60.287947113834,0.008316327888506704,0.022998222915373043,0.014375951385315713,0.014852826303611212,1.0015415385747644e-05,0.00841121533271407,1.0,1.0,0.008558044474173356,-0.006294781829437858,0.6218153363491503,-0.4577404200344241,13.763,-0.006294781829437858,0.016703441085935185,-0.4577404200344241,1.2146314750640097,0.008316327888506704,0.11875
RGI60-09.00705,0.11875,0.03239296875,121.09548242899729,0.0659049318888432,0.026567866938457568,0.0180059652260173,0.026567866938457568,3.351887912825837e-05,0.013335553788226352,1.0,1.0,0.0004950714174201434,-0.026072795521037424,0.015624900497327709,-0.8228809447863024,31.71,-0.026072795521037424,0.0004950714174201434,-0.8228809447863024,0.015624900497327709,0.0659049318888432,0.11875
RGI60-09.00707,0.11875,0.03239296875,0.17309214325504385,0.02235081960816868,0.03665785217756199,0.020729742636765226,0.03495234560983042,1.275244020806684e-05,0.007155783720944942,1.0,1.0,0.012505950044654114,-0.022446395565176303,0.6218153363491503,-1.1170104588403278,20.112,-0.022446395565176303,0.014211456612385688,-1.1170104588403278,0.7072113482673388,0.02235081960816868,0.11875
RGI60-09.00708,0.11875,0.03239296875,111.29920782894308,0.1264331691549057,0.2464254471766739,0.09851498639549136,0.17875876571879148,4.900135750258078e-05,0.0,1.0,1.0,0.1263634472068653,-0.0523953185119262,0.6218153363491503,-0.2580430036520714,203.217,-0.0523953185119262,0.1940301286647477,-0.2580430036520714,0.9555837930110664,0.1264331691549057,0.11875
RGI60-09.00709,0.11875,0.03239296875,0.2921320093072417,0.06645867062008384,0.04600970398614363,0.025095607344315842,0.04600970398614363,2.721456164318907e-05,0.015180148724778396,1.0,1.0,0.0265762455867682,-0.01943345839937544,0.5006995118413253,-0.3661285828424359,53.119,-0.01943345839937544,0.0265762455867682,-0.3661285828424359,0.5006995118413253,0.06645867062008384,0.11875
RGI60-09.00710,0.11875,0.03239296875,0.11851285488267037,0.0016205511525315412,0.0043156484528149,0.002926498902350632,0.0035516360047917702,7.190865654870728e-07,0.00048682871714380644,1.0,1.0,0.0021135503282507613,-0.0014380856765410085,0.6218153363491503,-0.4233634309586911,3.399,-0.0014380856765410085,0.002877562776273892,-0.4233634309586911,0.8471364882046314,0.0016205511525315412,0.11875
RGI60-09.00711,0.11875,0.03239296875,0.08551323896865881,0.0011879001032891765,0.0033926792562952945,0.0016502010948502165,0.0033926792562952945,4.457538657706483e-07,9.776849505743612e-05,1.0,1.0,0.0017388698051584062,-0.0016538094511368885,0.3783944086145993,-0.3598844763234992,4.599,-0.0016538094511368885,0.0017388698051584062,-0.3598844763234992,0.3783944086145993,0.0011879001032891765,0.11875
RGI60-09.00712,0.11875,0.03239296875,59.11406875875468,0.0014672800094011392,0.0018041492479663344,0.0016856924470151624,0.0009166043143905599,5.723806121616372e-07,0.00027913995905643385,1.0,1.0,0.0007865964004816751,-0.00013000791390888479,0.6218153363491503,-0.1028696659954915,1.265,-0.00013000791390888479,0.0016741413340574498,-0.1028696659954915,1.3246759730675672,0.0014672800094011392,0.11875
RGI60-09.00714,0.11875,0.03239296875,0.21113652212924092,0.02270752226466367,0.01463831713250269,0.008536568959000236,0.01463831713250269,4.778146590444634e-06,0.0021388723846718165,1.0,1.0,0.011300643061996452,-0.0033376740705062394,0.5029031483355124,-0.14853374174963566,22.488000000000003,-0.0033376740705062394,0.011300643061996452,-0.14853374174963566,0.5029031483355124,0.02270752226466367,0.11875
RGI60-09.00715,0.11875,0.03239296875,136.36880824124168,0.03206013425682306,0.016682262769751773,0.008918507810244548,0.016682262769751773,1.009314782453071e-05,0.0023106841727415233,1.0,1.0,0.008209729528601911,-0.008472533241149861,0.4735451990481331,-0.4887039732727329,17.35,-0.008472533241149861,0.008209729528601911,-0.4887039732727329,0.4735451990481331,0.03206013425682306,0.11875
RGI60-09.00716,0.11875,0.03239296875,0.2786658000132878,0.02366915357278946,0.00804826301420652,0.0044661582908169075,0.00804826301420652,6.787171096100646e-06,0.0010247766165951153,1.0,1.0,0.003622173378004522,-0.004426089636201997,0.2918873798538316,-0.35666975930923706,12.419,-0.004426089636201997,0.003622173378004522,-0.35666975930923706,0.2918873798538316,0.02366915357278946,0.11875
RGI60-09.00717,0.11875,0.03239296875,70.9030586427029,0.005264234259159548,0.0067741172995054106,0.0037740824576179095,0.005855332355157314,1.8315060623739586e-06,0.0017226617507757258,1.0,1.0,0.0035723291073258686,-0.002283003247831444,0.6218153363491503,-0.3977175810032219,5.745,-0.002283003247831444,0.0044911140516739655,-0.3977175810032219,0.7823882941638395,0.005264234259159548,0.11875
RGI60-09.00718,0.275,0.7,116.94104578806324,0.0021105979460499203,0.007290532656486292,0.0052977305908028325,0.002157710806006977,9.221744397610601e-07,0.01887266848362812,1.0,1.0,0.0017211848510144485,-0.0004365259549925287,0.6218153363491503,-0.157815954751352,2.768,-0.0004365259549925287,0.006854006701493763,-0.157815954751352,2.4779090432020627,0.0021105979460499203,0.275
RGI60-09.00719,0.11875,0.03239296875,98.14354532473118,0.020791890070375987,0.01616404181098927,0.009126129510357066,0.01616404181098927,8.0091798554197e-06,0.0033231482233772518,1.0,1.0,0.008021665934952103,-0.008142375876037167,0.6209689090027773,-0.6303132423406664,12.928,-0.008142375876037167,0.008021665934952103,-0.6303132423406664,0.6209689090027773,0.020791890070375987,0.11875
RGI60-09.00720,0.11875,0.03239296875,89.04967155132887,0.0066167330875744005,0.00596123686799002,0.0034296843506026607,0.00596123686799002,1.5941118983204869e-06,2.843528460386618e-07,1.0,1.0,0.0028473155471122804,-0.0031139213208777397,0.2989375455244875,-0.3269282877915089,9.532,-0.0031139213208777397,0.0028473155471122804,-0.3269282877915089,0.2989375455244875,0.0066167330875744005,0.11875
RGI60-09.00721,0.11875,0.03239296875,0.059834643139739185,0.00037199147533007246,0.0011268849976856295,0.000958880961719701,0.0006226663249438669,3.849100370420251e-07,0.00021754317389073702,1.0,1.0,0.0011553328949367213,0.0005326665699928545,0.6218153363491503,0.2869638733951934,1.858,0.0005326665699928545,0.001659551567678484,0.2869638733951934,0.8940515001091051,0.00037199147533007246,0.11875
RGI60-09.00722,0.11875,0.03239296875,0.10887821297973233,0.000727199162282275,0.002912460473159916,0.001676424003016888,0.0023803608624423287,4.167921606685617e-07,0.00030443222040082816,1.0,1.0,0.0027260384345546744,0.000345677572112346,0.6218153363491503,0.07891686104944243,4.384,0.000345677572112346,0.003258138045272261,0.07891686104944243,0.7438203925914171,0.000727199162282275,0.11875
RGI60-09.00723,0.11875,0.03239296875,0.08519690290902915,0.003222486380682373,0.004538932309108972,0.002742256471679976,0.004538932309108972,1.8429592168437817e-06,0.0,1.0,1.0,0.0014749814333463807,-0.003063950875762591,0.17789731439575487,-0.3695427073966995,8.298,-0.003063950875762591,0.0014749814333463807,-0.3695427073966995,0.17789731439575487,0.003222486380682373,0.11875
RGI60-09.00724,0.2,0.11965000000000002,128.61199965761958,0.0006745405709493054,0.0007494753286912368,0.00073177999813377,0.0007494753286912368,1.2011371638866466e-07,0.02143946220263965,1.0,1.0,0.0008442187232698638,9.4743394578627e-05,0.2530876188002181,0.028403042327798788,3.338,9.4743394578627e-05,0.0008442187232698638,0.028403042327798788,0.2530876188002181,0.0006745405709493054,0.2
RGI60-09.00725,0.11875,0.03239296875,0.3422752992622424,0.03620129753113733,0.02280839421352829,0.013165779140570578,0.02280839421352829,1.6442902128558873e-05,0.008788518559243869,1.0,1.0,0.0127115553486627,-0.010096838864865593,0.4923505005639628,-0.3910759567084161,25.838,-0.010096838864865593,0.0127115553486627,-0.3910759567084161,0.4923505005639628,0.03620129753113733,0.11875
RGI60-09.00726,0.11875,0.03239296875,72.52864480940602,0.0044593701403539965,0.0024810957008124376,0.0016851403435903165,0.0024810957008124376,1.0332726913002718e-06,0.00020226935018017328,1.0,1.0,0.0012444498836575535,-0.0012366458171548839,0.39378319061928,-0.3913137378533765,3.1630000000000003,-0.0012366458171548839,0.0012444498836575535,-0.3913137378533765,0.39378319061928,0.0044593701403539965,0.11875
RGI60-09.00727,0.11875,0.03239296875,149.3899215094663,0.0989544824634673,0.0251618970896371,0.015873813781674042,0.0251618970896371,3.1019745254537826e-05,0.00471690559794287,1.0,1.0,0.010599123622396407,-0.01456277346724069,0.5801144981730864,-0.7970542021139861,18.284,-0.01456277346724069,0.010599123622396407,-0.7970542021139861,0.5801144981730864,0.0989544824634673,0.11875
RGI60-09.00730,0.11875,0.03239296875,62.68856058372622,0.003482510335363707,0.01164606493851373,0.007119662916544788,0.011184061174939756,2.925926441471726e-06,0.0027390326598397525,1.0,1.0,0.011865480248214488,0.0006814190732747291,0.6218153363491503,0.03573667592880641,19.082,0.0006814190732747291,0.012327484011788459,0.03573667592880641,0.6465086147789874,0.003482510335363707,0.11875
RGI60-09.00731,0.45,0.4000000000000001,101.07058158995041,0.0016237654646675394,0.0024925316375101663,0.0022506348683207127,0.0016477285531526177,2.3597999707691622e-07,0.02538993224127962,1.0,1.0,0.0027017876364370586,0.001054059083284441,0.6218153363491503,0.2427808159514764,4.345,0.001054059083284441,0.0035465907207946072,0.2427808159514764,0.8168841791652149,0.0016237654646675394,0.45
RGI60-09.00734,0.11875,0.03239296875,0.18732370192442185,0.08134720841092635,0.04956114477546378,0.031106574688233406,0.04956114477546378,3.987381366238899e-05,0.022356858804125617,1.0,1.0,0.023043377787993924,-0.026517766987469854,0.5326552463662024,-0.612966893905269,43.295,-0.026517766987469854,0.023043377787993924,-0.612966893905269,0.5326552463662024,0.08134720841092635,0.11875
RGI60-09.00735,0.11875,0.03239296875,0.16207317651965525,0.07021220272850212,0.07655347245515719,0.04063543278078068,0.07655347245515719,5.882507548577789e-05,0.054492779403252666,1.0,1.0,0.02559241965785836,-0.05096105279729883,0.3205627045546096,-0.6383223286445368,79.899,-0.05096105279729883,0.02559241965785836,-0.6383223286445368,0.3205627045546096,0.07021220272850212,0.11875
RGI60-09.00736,0.11875,0.03239296875,0.2960700862651251,0.026108004576892573,0.0372084339208696,0.023763429085526703,0.03620448273845553,1.7260797991402043e-05,0.0091271770860396,1.0,1.0,0.02095704228097541,-0.015247440457480112,0.6218153363491503,-0.4527628954950654,33.703,-0.015247440457480112,0.021960993463389488,-0.4527628954950654,0.6521175154715568,0.026108004576892573,0.11875
RGI60-09.00737,0.11875,0.03239296875,0.32408685141555793,0.04828165930666293,0.034292784170798486,0.0163339031331265,0.034292784170798486,1.7810879035226466e-05,0.006406171707065709,1.0,1.0,0.006222944138991146,-0.02806984003180734,0.2377728519797696,-1.0725222290137342,26.192,-0.02806984003180734,0.006222944138991146,-1.0725222290137342,0.2377728519797696,0.04828165930666293,0.11875
RGI60-09.00738,0.30000000000000004,0.14999999999999994,131.57475291809806,0.00348166194445334,0.0033183824922806177,0.003354803569368501,0.0033183824922806177,7.284171888581773e-07,0.07811798086138533,1.0,1.0,0.001337136306658194,-0.001981246185622424,0.2285354391457187,-0.3386228949377739,5.855,-0.001981246185622424,0.001337136306658194,-0.3386228949377739,0.2285354391457187,0.00348166194445334,0.30000000000000004
RGI60-09.00739,0.11875,0.03239296875,50.89047161671746,0.0019603964139723296,0.0047657536863225216,0.003851879150026176,0.0047657536863225216,1.7019289662525386e-06,0.001180971247671965,1.0,1.0,0.002618636756358521,-0.002147116929964,0.4892619502565208,-0.4011639315885147,5.356,-0.002147116929964,0.002618636756358521,-0.4011639315885147,0.4892619502565208,0.0019603964139723296,0.11875
RGI60-09.00743,0.11875,0.03239296875,175.79505842438027,0.5109389210457891,0.11130972931197047,0.07460204853173504,0.11130972931197047,0.00011361787764870117,0.0,1.0,1.0,0.02016903456199232,-0.09114069474997816,0.09222704780623048,-0.4167595224235156,218.862,-0.09114069474997816,0.02016903456199232,-0.4167595224235156,0.09222704780623048,0.5109389210457891,0.11875
RGI60-09.00744,0.11875,0.03239296875,0.3592826084113021,0.6322578647538997,0.4700682905735609,0.08030206782073987,0.4700682905735609,0.00017819875376671822,1.3151605481303028e-05,1.0,1.0,0.10284941872481224,-0.3672188718487487,0.20519557267402894,-0.7326408611732521,501.615,-0.3672188718487487,0.10284941872481224,-0.7326408611732521,0.20519557267402894,0.6322578647538997,0.11875
RGI60-09.00746,0.11875,0.03239296875,0.29278487828450395,0.1276645979495954,0.13179032429566478,0.03236078774335052,0.11960531889358965,4.778736591456999e-05,0.01734715556769523,1.0,1.0,0.07778909857727871,-0.041816220316310916,0.6218153363491503,-0.3345096020049198,125.1,-0.041816220316310916,0.08997410397935388,-0.3345096020049198,0.7197494533274009,0.1276645979495954,0.11875
RGI60-09.00747,0.11875,0.03239296875,0.5027503415537922,0.4465071467558458,0.19625224042892173,0.07431039645493315,0.19625224042892173,0.00015223126777563122,0.07643479102003745,1.0,1.0,0.0421965802608035,-0.15405566016811822,0.16776534999810322,-0.6124951734844937,251.708,-0.15405566016811822,0.0421965802608035,-0.6124951734844937,0.16776534999810322,0.4465071467558458,0.11875
RGI60-09.00748,0.08762500000000001,0.0625,152.34520892570262,0.0014555381820815529,0.0014850069228630766,0.0023412000699862463,0.0014850069228630766,2.4009610884530545e-06,0.3542190955716319,1.0,1.0,-0.002677219734200982,-0.0041622266570640575,-0.1314134606715472,-0.2043062069641427,20.388,-0.0041622266570640575,-0.002677219734200982,-0.2043062069641427,-0.1314134606715472,0.0014555381820815529,0.08762500000000001
RGI60-09.00750,0.11875,0.03239296875,169.1407171486106,0.2529134754640929,0.13799524177245331,0.035086322184434006,0.13799524177245331,7.337548870323254e-05,0.0,1.0,1.0,0.04821531409949306,-0.08977992767296025,0.18366519844440912,-0.3419960761502602,262.72,-0.08977992767296025,0.04821531409949306,-0.3419960761502602,0.18366519844440912,0.2529134754640929,0.11875
RGI60-09.00752,0.11875,0.03239296875,47.594283279356105,0.0057718841480926646,0.03738043321699582,0.02489939660496488,0.027562751407104548,1.1386814485635275e-05,0.00928075246974214,1.0,1.0,0.01840946484795294,-0.009153286559151607,0.6218153363491503,-0.3094205807916413,29.606,-0.009153286559151607,0.02822714665784421,-0.3094205807916413,0.9541993530431464,0.0057718841480926646,0.11875
RGI60-09.00755,0.11875,0.03239296875,48.24592479975107,0.0017880992868275086,0.003071783183371495,0.002615741280377027,0.003071783183371495,1.026169047048422e-06,0.0002247299343598065,1.0,1.0,0.002030939492753237,-0.0010408436906182573,0.32212992603803325,-0.1650895569623702,6.31,-0.0010408436906182573,0.002030939492753237,-0.1650895569623702,0.32212992603803325,0.0017880992868275086,0.11875
RGI60-09.00759,0.11875,0.03239296875,69.75450137772884,0.012616272069372736,0.024693064652123342,0.01608222034157268,0.02170110556130364,1.4620742114080615e-05,0.011478261385645604,1.0,1.0,0.015428482125495116,-0.006272623435808523,0.6218153363491503,-0.25299928771747765,24.812,-0.006272623435808523,0.01842044121631482,-0.25299928771747765,0.7429680029195966,0.012616272069372736,0.11875
RGI60-09.00760,0.11875,0.03239296875,49.21861485102489,0.002722472659176309,0.004030779923954264,0.002480248383260916,0.004030779923954264,1.8828688087819312e-06,0.0,1.0,1.0,0.0010736205785212543,-0.002957159345433009,0.10483045634630214,-0.2887429412888601,10.25,-0.002957159345433009,0.0010736205785212543,-0.2887429412888601,0.10483045634630214,0.002722472659176309,0.11875
RGI60-09.00761,0.11875,0.03239296875,0.08693226912314422,0.0009444990423419887,0.0017011949547841973,0.0015378913664058588,0.0017011949547841973,4.96307786438824e-07,0.0,1.0,1.0,0.000660297801803359,-0.0010408971529808383,0.21074818017519129,-0.3322246115936311,3.136,-0.0010408971529808383,0.000660297801803359,-0.3322246115936311,0.21074818017519129,0.0009444990423419887,0.11875
RGI60-09.00762,0.2125,0.11345,112.04271987555849,0.0024477010682884925,0.002459036540338362,0.001957142438215395,0.002459036540338362,5.39269204162696e-07,0.07140161300422082,1.0,1.0,0.0020786514662408553,-0.0003803850740975069,0.3198052397931329,-0.05852310587473264,6.505,-0.0003803850740975069,0.0020786514662408553,-0.05852310587473264,0.3198052397931329,0.0024477010682884925,0.2125
RGI60-09.00763,0.2,0.10970000000000002,102.4318041622853,0.0012048684351521472,0.0012049075498247752,0.00107065371893835,0.0012049075498247752,1.577381310673401e-07,0.04802662259199854,1.0,1.0,0.0015674362232120547,0.00036252867338727957,0.3510375616709077,0.08119066004540247,4.4689999999999985,0.00036252867338727957,0.0015674362232120547,0.08119066004540247,0.3510375616709077,0.0012048684351521472,0.2
RGI60-09.00764,0.11875,0.03239296875,70.49563116564265,0.009180196412290415,0.019001932522994508,0.015223622848566713,0.016291081054848267,8.51813779943741e-06,0.005766913329269371,1.0,1.0,0.010476966602146831,-0.005814114452701436,0.6218153363491503,-0.3453478123758039,16.849,-0.005814114452701436,0.013187818070293072,-0.3453478123758039,0.7833323815064711,0.009180196412290415,0.11875
RGI60-09.00765,0.11875,0.03239296875,114.5995866758836,0.10152424404305864,0.06524456360823802,0.03975245168403994,0.06524456360823802,5.0618757146647444e-05,0.024199779577508018,1.0,1.0,0.03740837471081157,-0.027836188897426447,0.5004114906699447,-0.3723644474910986,74.815,-0.027836188897426447,0.03740837471081157,-0.3723644474910986,0.5004114906699447,0.10152424404305864,0.11875
RGI60-09.00766,0.30000000000000004,0.20465,134.88861297210426,0.0054445682882234,0.005476947836098338,0.004768047427699665,0.005476947836098338,9.667295546722723e-07,0.061846942460148414,1.0,1.0,0.0037171765330008704,-0.001759771303097468,0.5303273513591713,-0.2510655186494849,7.015,-0.001759771303097468,0.0037171765330008704,-0.2510655186494849,0.5303273513591713,0.0054445682882234,0.30000000000000004
RGI60-09.00767,0.11875,0.03239296875,58.49637330561363,0.0018585415103776761,0.0021474591421825023,0.0016876878055593885,0.0021474591421825023,2.1988066085381413e-07,0.0001934600149221751,1.0,1.0,0.0007004818304017259,-0.0014469773117807767,0.3798995700397238,-0.7847542002445608,1.845,-0.0014469773117807767,0.0007004818304017259,-0.7847542002445608,0.3798995700397238,0.0018585415103776761,0.11875
RGI60-09.00771,0.11875,0.03239296875,0.3086607436910249,0.12462515141164934,0.024784700744358432,0.01665404333822918,0.024784700744358432,3.946516407994397e-05,0.007363903333154655,1.0,1.0,0.00895999657065145,-0.015824704173706985,0.3407697827845529,-0.6018507888236684,26.314,-0.015824704173706985,0.00895999657065145,-0.6018507888236684,0.3407697827845529,0.12462515141164934,0.11875
RGI60-09.00772,0.11875,0.03239296875,97.29959114742316,0.014709309389399104,0.003411191566211726,0.002578879564912802,0.003411191566211726,3.417447331790656e-06,0.0006717269381348624,1.0,1.0,6.669535786537738e-05,-0.003344496208346349,0.010644576939893072,-0.5337814857637081,6.271,-0.003344496208346349,6.669535786537738e-05,-0.5337814857637081,0.010644576939893072,0.014709309389399104,0.11875
RGI60-09.00773,0.11875,0.03239296875,93.52259798810452,0.006584075685254964,0.003164247004022132,0.0023397979908045038,0.003164247004022132,1.3502748972769136e-06,0.000171165229079243,1.0,1.0,0.0006319887044853399,-0.002532258299536792,0.1392108288217666,-0.5577912614061465,4.543,-0.002532258299536792,0.0006319887044853399,-0.5577912614061465,0.1392108288217666,0.006584075685254964,0.11875
RGI60-09.00774,0.11875,0.03239296875,0.05100027144097652,0.004941862586276768,0.030232030528706745,0.022911067764716863,0.020979619714735127,1.706283269048371e-05,0.018699181436216364,1.0,1.0,0.01775407148344094,-0.0032255482312941843,0.6218153363491503,-0.11306144142016855,28.552,-0.0032255482312941843,0.027006482297412558,-0.11306144142016855,0.9466272389325332,0.004941862586276768,0.11875
RGI60-09.00775,0.11875,0.03239296875,94.5524820908349,0.03378353813730493,0.013373467542764745,0.010373995575398642,0.013373467542764745,1.1960111789241766e-05,0.004082981464533871,1.0,1.0,0.0072651601527024484,-0.006108307390062295,0.4828041323035021,-0.4059258140655167,15.06,-0.006108307390062295,0.0072651601527024484,-0.4059258140655167,0.4828041323035021,0.03378353813730493,0.11875
RGI60-09.00776,0.11875,0.03239296875,47.57112432793785,0.0015712284601233386,0.003647646491059338,0.0029041444923705076,0.003647646491059338,1.490198693375879e-06,0.0008307500382791165,1.0,1.0,0.002706797432325196,-0.0009408490587341423,0.340513506544213,-0.11835825181908012,7.955,-0.0009408490587341423,0.002706797432325196,-0.11835825181908012,0.340513506544213,0.0015712284601233386,0.11875
RGI60-09.00777,0.11875,0.03239296875,0.2701629919452806,0.05517258878831,0.03183161561647853,0.0219756924885434,0.02663103200626336,1.7269342829254873e-05,0.006764312319169468,1.0,1.0,0.01992109793061773,-0.006709934075645624,0.6218153363491503,-0.20960751619568288,32.037,-0.006709934075645624,0.02512168154083292,-0.20960751619568288,0.7847608055562396,0.05517258878831,0.11875
RGI60-09.00778,0.11875,0.03239296875,0.4061294321649278,0.11142759848428913,0.02768330570689281,0.01997423039050672,0.02768330570689281,3.1436653880337546e-05,0.002985666393595593,1.0,1.0,0.007392391446140044,-0.02029091426075277,0.1813605782162573,-0.4978053407585892,40.793,-0.02029091426075277,0.007392391446140044,-0.4978053407585892,0.1813605782162573,0.11142759848428913,0.11875
RGI60-09.00779,0.11875,0.03239296875,44.362766430565564,0.002083723675349201,0.009395993727908556,0.00696878025076291,0.0059733121211200425,3.5814459957527495e-06,0.0037128268290878134,1.0,1.0,0.0051125656954627155,-0.0008607464256573271,0.6218153363491503,-0.10477540939034463,8.222000000000001,-0.0008607464256573271,0.00853524730225123,-0.10477540939034463,1.0389633969821812,0.002083723675349201,0.11875
RGI60-09.00780,0.11875,0.03239296875,0.08213900877757753,0.005199803780599955,0.006128090985339916,0.0046526079690805905,0.006128090985339916,2.5940083051020336e-06,0.0008991481115624381,1.0,1.0,0.0031889957021547953,-0.0029390952831851204,0.5071088230232984,-0.467370071650535,6.294,-0.0029390952831851204,0.0031889957021547953,-0.467370071650535,0.5071088230232984,0.005199803780599955,0.11875
RGI60-09.00782,0.11875,0.03239296875,50.07670181814607,0.0014386247137120824,0.007602625782123569,0.004062802258123048,0.006927270724142942,1.1741354638301976e-06,0.0006307540385812557,1.0,1.0,0.00485202506953242,-0.002075245654610522,0.6218153363491503,-0.2661529187088382,7.803,-0.002075245654610522,0.005527380127513047,-0.2661529187088382,0.7088935955521499,0.0014386247137120824,0.11875
RGI60-09.00783,0.11875,0.03239296875,85.0638181575761,0.012836315118798573,0.013635541978116906,0.008820705521939937,0.013635541978116906,5.54457213101115e-06,0.0025568428247123164,1.0,1.0,0.008520253315745524,-0.0051152886623713825,0.574567007667291,-0.3449517275104602,14.841,-0.0051152886623713825,0.008520253315745524,-0.3449517275104602,0.574567007667291,0.012836315118798573,0.11875
RGI60-09.00784,0.11875,0.03239296875,53.046233290586436,0.00949217197479792,0.021023041820807,0.014524144744071387,0.014611434836458787,1.1175752992644397e-05,0.009552296539742112,1.0,1.0,0.01111121824522297,-0.0035002165912358186,0.6218153363491503,-0.19604324754096508,17.869,-0.0035002165912358186,0.017522825229571184,-0.19604324754096508,0.9814339983129494,0.00949217197479792,0.11875
RGI60-09.00787,0.11875,0.03239296875,0.5440565747326058,0.08336351231163443,0.04053759530284031,0.02025120087497349,0.04053759530284031,2.8107742966515923e-05,0.005590116956515546,1.0,1.0,0.006229229512801852,-0.034308365790038466,0.1411188292019228,-0.7772319838547479,44.177,-0.034308365790038466,0.006229229512801852,-0.7772319838547479,0.1411188292019228,0.08336351231163443,0.11875
RGI60-09.00788,0.11875,0.03239296875,92.19994284371279,0.004581777534546768,0.007755973158650761,0.004166285657974845,0.007755973158650761,1.465382493407042e-06,0.0006319272310314762,1.0,1.0,0.005438554924043755,-0.0023174182346070065,0.4645787719080781,-0.19796128428737145,11.716,-0.0023174182346070065,0.005438554924043755,-0.19796128428737145,0.4645787719080781,0.004581777534546768,0.11875
RGI60-09.00789,0.11875,0.03239296875,0.24941495223723464,0.05350461092038502,0.033739196183776216,0.01970578009243966,0.032692119027000005,1.875800896119476e-05,0.008282202115112111,1.0,1.0,0.02348472162323471,-0.009207397403765298,0.6218153363491503,-0.2439818899277783,37.768,-0.009207397403765298,0.024531798780010917,-0.2439818899277783,0.6500549902654771,0.05350461092038502,0.11875
RGI60-09.00790,0.11875,0.03239296875,0.30182286442753714,0.039274343150051065,0.007685514488451498,0.0040984719897810395,0.007685514488451498,8.826047487906616e-06,0.0006807219131029011,1.0,1.0,0.002395032778657965,-0.005290481709793533,0.3002529575824644,-0.6632405178569339,7.983,-0.005290481709793533,0.002395032778657965,-0.6632405178569339,0.3002529575824644,0.039274343150051065,0.11875
RGI60-09.00791,0.11875,0.03239296875,72.47237501973217,0.002617959892728647,0.002265999135847202,0.0014451596591201555,0.002265999135847202,4.759607836915503e-07,0.0004211459157377175,1.0,1.0,0.00090074094670425,-0.0013652581891429518,0.20435690054792044,-0.3097449194485517,4.4110000000000005,-0.0013652581891429518,0.00090074094670425,-0.3097449194485517,0.20435690054792044,0.002617959892728647,0.11875
RGI60-09.00792,0.11875,0.03239296875,177.15064636295273,0.15470909479137704,0.03708592496349748,0.01976451160787261,0.03708592496349748,4.3931674544517495e-05,0.003419268390274432,1.0,1.0,0.003509367468670693,-0.03357655749482679,0.055701842684085616,-0.532938240337207,63.053,-0.03357655749482679,0.003509367468670693,-0.532938240337207,0.055701842684085616,0.15470909479137704,0.11875
RGI60-09.00793,0.2625,0.14691250000000006,133.28263877538552,0.012874051959065562,0.013025101785987741,0.01002545200383812,0.013025101785987741,2.680247756241327e-06,0.4566047778101022,1.0,1.0,0.012594971271518929,-0.00043013051446881404,0.5470654418233164,-0.018682816726361164,23.04,-0.00043013051446881404,0.012594971271518929,-0.018682816726361164,0.5470654418233164,0.012874051959065562,0.2625
RGI60-09.00795,0.11875,0.03239296875,0.2569616216651305,0.08081075308717524,0.07988668694802313,0.0463530783047006,0.06484093454573,4.0245835244614004e-05,0.03558484629720966,1.0,1.0,0.0428094986462936,-0.02203143589943641,0.6218153363491503,-0.32025847085977954,68.846,-0.02203143589943641,0.05785525104858673,-0.32025847085977954,0.8410089254556044,0.08081075308717524,0.11875
RGI60-09.00797,0.11875,0.03239296875,0.2986465916996899,0.0254594836349186,0.017028141396121042,0.011519073583507893,0.017028141396121042,6.780271769618942e-06,0.0023472795736760315,1.0,1.0,0.012843578563905134,-0.004184562832215905,0.42325302236057066,-0.13789995188494986,30.369,-0.004184562832215905,0.012843578563905134,-0.13789995188494986,0.42325302236057066,0.0254594836349186,0.11875
RGI60-09.00798,0.11875,0.03239296875,136.0177290545035,0.14739663711045928,0.05192709901925272,0.03114998825275136,0.04848340565469871,5.2652785567471055e-05,0.011855339389757122,1.0,1.0,0.02544530537874358,-0.023038100275955133,0.6218153363491503,-0.5634367682983731,40.921,-0.023038100275955133,0.02888899874329759,-0.5634367682983731,0.7065306555804772,0.14739663711045928,0.11875
RGI60-09.00799,0.11875,0.03239296875,0.1196168608699697,0.0026947577459446315,0.0008046545591438753,0.0005156772745672207,0.0008046545591438753,7.897201828547944e-07,4.251287090496365e-05,1.0,1.0,0.0005989111479030617,-0.00020574341124081366,0.30233661513864724,-0.10386142712390196,1.983,-0.00020574341124081366,0.0005989111479030617,-0.10386142712390196,0.30233661513864724,0.0026947577459446315,0.11875
RGI60-09.00800,0.11875,0.03239296875,0.1585003263666298,0.013010104849028415,0.011754929178652928,0.008059998180387225,0.011754929178652928,3.682980612096789e-06,0.0009151554297072466,1.0,1.0,0.00529159580783377,-0.006463333370819157,0.4089457308942597,-0.4995000913391631,12.95,-0.006463333370819157,0.00529159580783377,-0.4995000913391631,0.4089457308942597,0.013010104849028415,0.11875
RGI60-09.00801,0.11875,0.03239296875,145.90066984693675,0.15711968042996782,0.07383469612147953,0.040558843165188686,0.07383469612147953,5.075766871711169e-05,0.011497539622503314,1.0,1.0,0.003125090601219655,-0.07070960552025987,0.05833668084225253,-1.3199501122006174,53.613,-0.07070960552025987,0.003125090601219655,-1.3199501122006174,0.05833668084225253,0.15711968042996782,0.11875
RGI60-09.00802,0.11875,0.03239296875,0.4860591602683115,0.10698274580608406,0.029714582582963105,0.018472075602436,0.029714582582963105,2.961468610667505e-05,0.002391533696206509,1.0,1.0,0.018309364763037454,-0.01140521781992565,0.3086814408173844,-0.19228297185918905,59.362,-0.01140521781992565,0.018309364763037454,-0.19228297185918905,0.3086814408173844,0.10698274580608406,0.11875
RGI60-09.00803,0.11875,0.03239296875,0.31329638467031984,0.23665569421114765,0.05631909249483798,0.03162245520282686,0.05631909249483798,7.783953079004253e-05,0.017458010491979672,1.0,1.0,0.03335422351081484,-0.022964868984023144,0.6131190928608169,-0.4221414308921443,54.44300000000001,-0.022964868984023144,0.03335422351081484,-0.4221414308921443,0.6131190928608169,0.23665569421114765,0.11875
RGI60-09.00804,0.11875,0.03239296875,0.05223482181177275,0.005958594339286801,0.01066249325064254,0.00810720134868811,0.00885860863694183,6.246009465235113e-06,0.0055962972738470606,1.0,1.0,0.007343017306947119,-0.001515591329994711,0.6218153363491503,-0.1284404370510565,11.809,-0.001515591329994711,0.00914690192064783,-0.1284404370510565,0.7751641600874396,0.005958594339286801,0.11875
RGI60-09.00805,0.11875,0.03239296875,45.91160966192275,0.0012930407360756087,0.004857469443978306,0.003284089237992387,0.004857469443978306,5.539003375214061e-07,0.00045772191862288107,1.0,1.0,0.00464467298877591,-0.00021279645520239608,0.4397179401476363,-0.020145749588492898,10.571,-0.00021279645520239608,0.00464467298877591,-0.020145749588492898,0.4397179401476363,0.0012930407360756087,0.11875
RGI60-09.00807,0.11875,0.03239296875,0.3425978656840982,0.7899276815129777,0.1914047987929548,0.0948241321667886,0.1914047987929548,0.00021153303334120214,0.0810349482711097,1.0,1.0,0.18303731447265487,-0.00836748432029992,0.4235334798158656,-0.019361679129152463,432.494,-0.00836748432029992,0.18303731447265487,-0.019361679129152463,0.4235334798158656,0.7899276815129777,0.11875
RGI60-09.00808,0.11875,0.03239296875,160.4081231287497,0.4277263719546509,0.07022097486656158,0.058674415543788126,0.07022097486656158,0.00011891645129429229,0.02838816424756138,1.0,1.0,-0.018436850848221054,-0.08865782571478263,-0.17558420306948966,-0.8443369099287282,105.082,-0.08865782571478263,-0.018436850848221054,-0.8443369099287282,-0.17558420306948966,0.4277263719546509,0.11875
RGI60-09.00809,0.11875,0.03239296875,0.1483799861838655,0.011123021920887115,0.008018009329871189,0.005022952465938271,0.008018009329871189,2.0402577510855837e-06,0.0007086295192349733,1.0,1.0,0.005886380568499499,-0.0021316287613716896,0.3570439716819932,-0.12929595534216784,16.5,-0.0021316287613716896,0.005886380568499499,-0.12929595534216784,0.3570439716819932,0.011123021920887115,0.11875
RGI60-09.00810,0.11875,0.03239296875,121.98039127181826,0.020112463258062523,0.009250134011124856,0.0054128893088771605,0.009250134011124856,5.000720539079087e-06,0.007481037253506055,1.0,1.0,0.0019317711630868829,-0.007318362848037973,0.14939128560478682,-0.5659571150465144,12.941,-0.007318362848037973,0.0019317711630868829,-0.5659571150465144,0.14939128560478682,0.020112463258062523,0.11875
RGI60-09.00812,0.11875,0.03239296875,0.16681200992737288,0.02890599038766557,0.02910953861502302,0.01672745021128077,0.02800470058891165,1.8973025123198568e-05,0.018498126286942043,1.0,1.0,0.01786475461331109,-0.01013994597560056,0.6218153363491503,-0.35322201668092795,28.73,-0.01013994597560056,0.01896959263942246,-0.35322201668092795,0.6608001446788417,0.02890599038766557,0.11875
RGI60-09.00813,0.11875,0.03239296875,0.10929200755694167,0.006506381792070463,0.014688808514487084,0.00915407226418075,0.012080372388182695,7.782143466821591e-06,0.00623743899125134,1.0,1.0,0.005781017182038051,-0.006299355206144645,0.6218153363491503,-0.678118205765893,9.297,-0.006299355206144645,0.00838945330834244,-0.678118205765893,0.9031148170943892,0.006506381792070463,0.11875
RGI60-09.00814,0.4,0.1597875,130.7635469199281,0.008281506987172156,0.008300969364717524,0.0053443557940302255,0.008300969364717524,9.48627278402047e-07,0.0907105222827492,1.0,1.0,0.005241064430445865,-0.003059904934271659,0.5260641212374998,-0.3071334500234277,9.971,-0.003059904934271659,0.005241064430445865,-0.3071334500234277,0.5260641212374998,0.008281506987172156,0.4
RGI60-09.00815,0.11875,0.03239296875,0.12770309604326968,0.02430839159420445,0.044233949998643635,0.02624578933491319,0.0369791891036528,3.1159628953227605e-05,0.02968066930318452,1.0,1.0,0.026736194017004417,-0.010242995086648384,0.6218153363491503,-0.23841339839307304,42.997,-0.010242995086648384,0.03399095491199525,-0.23841339839307304,0.7911649870610441,0.02430839159420445,0.11875
RGI60-09.00818,0.11875,0.03239296875,0.12061639292283388,0.03591089619662954,0.061183197765765016,0.03889625132002618,0.04461677608338446,5.120043223559597e-05,0.031219471435587263,1.0,1.0,0.04110945551671503,-0.0035073205666694323,0.6218153363491503,-0.053092871193562284,66.112,-0.0035073205666694323,0.05767587719909556,-0.053092871193562284,0.8730818472105492,0.03591089619662954,0.11875
RGI60-09.00820,0.11875,0.03239296875,119.4233960536816,0.5647134906098337,0.07420202159521881,0.04637475076499332,0.027184060083250663,0.0002290102413651853,0.02308938326044399,1.0,1.0,0.013865238369913357,-0.013318821713337307,0.6218153363491503,-0.597732691674812,22.298,-0.013318821713337307,0.0608831998818815,-0.597732691674812,2.732364748657176,0.5647134906098337,0.11875
RGI60-09.00822,0.3250000000000001,0.17995,221.16131791040192,0.013450884153105427,0.01648550928029919,0.011577276598119095,0.013421162263719949,3.6078826182397316e-06,0.3154310552004875,1.0,1.0,0.011525347259231504,-0.0018958150044884445,0.6218153363491503,-0.10236544168594186,18.535,-0.0018958150044884445,0.014589694275810744,-0.10236544168594186,0.7877775495342788,0.013450884153105427,0.3250000000000001
RGI60-09.00823,0.11875,0.03239296875,0.2207102261408984,0.02275301627489933,0.011883275282831358,0.007638631021081872,0.011883275282831358,8.522624509227144e-06,0.005036924925790583,1.0,1.0,0.00695414727833445,-0.004929128004496908,0.5791381852257784,-0.41049551196068457,12.017,-0.004929128004496908,0.00695414727833445,-0.41049551196068457,0.5791381852257784,0.02275301627489933,0.11875
RGI60-09.00824,0.11875,0.03239296875,37.5152688255106,0.001616220616945641,0.007426149540332225,0.0062618274968978295,0.002842055271465237,2.2048059619656544e-06,0.001690485042044101,1.0,1.0,0.002400829013644069,-0.0004412262578211676,0.6218153363491503,-0.11436787024882733,3.861,-0.0004412262578211676,0.006984923282511058,-0.11436787024882733,1.8105241596841188,0.001616220616945641,0.11875
RGI60-09.00826,0.11875,0.03239296875,0.26790232122549185,0.019926756627582597,0.015147807252871275,0.010614146234607857,0.015147807252871275,5.0067155159841755e-06,0.001668041035833018,1.0,1.0,0.00818333186631754,-0.0069644753865537356,0.4136634980858502,-0.3520508880487374,19.799,-0.0069644753865537356,0.00818333186631754,-0.3520508880487374,0.4136634980858502,0.019926756627582597,0.11875
RGI60-09.00827,0.11875,0.03239296875,0.2398264361707589,0.034927087777845645,0.02839233829927504,0.01950436978706993,0.025400595347576996,1.9128219754305828e-05,0.016650848953896385,1.0,1.0,0.013916849042830332,-0.01148374630474666,0.6218153363491503,-0.5135233663965184,22.381,-0.01148374630474666,0.016908591994528373,-0.5135233663965184,0.756108403271365,0.034927087777845645,0.11875
RGI60-09.00829,0.11875,0.03239296875,0.20132607844736228,0.2965431945381274,0.1096147773980016,0.06312264528315077,0.1096147773980016,0.00012594222067546624,0.10018737766332486,1.0,1.0,0.06196531439487037,-0.04764946300313122,0.6132203181305369,-0.4715479804609567,101.13,-0.04764946300313122,0.06196531439487037,-0.4715479804609567,0.6132203181305369,0.2965431945381274,0.11875
RGI60-09.00830,0.11875,0.03239296875,56.86150932112668,0.0015589962796494286,0.008912268580532815,0.005491091331310521,0.00699761155459588,1.6055095465740743e-06,0.0015456066477608026,1.0,1.0,0.005248743254123178,-0.0017488683004727025,0.6218153363491503,-0.2073489665513792,8.441,-0.0017488683004727025,0.007163400280060113,-0.2073489665513792,0.8493056021787667,0.0015589962796494286,0.11875
RGI60-09.00831,0.11875,0.03239296875,0.18775854310979054,0.021608018418481315,0.054654056025732985,0.03129626606738131,0.03548458962868481,1.1551527153172835e-05,0.010872551913716264,1.0,1.0,0.01942924199956555,-0.016055347629119258,0.6218153363491503,-0.5142480689004065,31.246,-0.016055347629119258,0.038598708396613716,-0.5142480689004065,1.2363052930107978,0.021608018418481315,0.11875
RGI60-09.00834,0.3250000000000001,0.2250000000000001,105.62808260402508,0.00533137214940351,0.008056693841388463,0.006185116521510814,0.005089993823864415,1.33269420450433e-06,0.07426781985367899,1.0,1.0,0.004683513113381801,-0.000406480710482614,0.6218153363491503,-0.05400900461926299,7.532,-0.000406480710482614,0.007650213130905848,-0.05400900461926299,1.0164821741107268,0.00533137214940351,0.3250000000000001
RGI60-09.00836,0.11875,0.03239296875,0.1068114357428982,0.003950093335682136,0.008403069947277473,0.0043079767526525686,0.008403069947277473,3.0800174921200962e-06,0.0017096000525991892,1.0,1.0,0.007598924426383735,-0.0008041455208937378,0.4221460785842503,-0.04467301675981138,18.015,-0.0008041455208937378,0.007598924426383735,-0.04467301675981138,0.4221460785842503,0.003950093335682136,0.11875
RGI60-09.00837,0.11875,0.03239296875,0.11942124135034682,0.011382920828650687,0.021542240347389732,0.014834367833812213,0.012015647473745476,7.600108620363464e-06,0.008607128735546908,1.0,1.0,0.013075532892749936,0.0010598854190044592,0.6218153363491503,0.05044470713899063,21.028,0.0010598854190044592,0.022602125766394192,0.05044470713899063,1.0757366735692324,0.011382920828650687,0.11875
RGI60-09.00838,0.11875,0.03239296875,0.15174631835675356,0.0043799715547632205,0.013845792371381031,0.009971299861670913,0.006237866907428297,2.6525742285908833e-06,0.0024701183366237786,1.0,1.0,0.005467622252518079,-0.0007702446549102197,0.6218153363491503,-0.08766682010655136,8.793,-0.0007702446549102197,0.013075547716470813,-0.08766682010655136,1.4882176489599757,0.0043799715547632205,0.11875
RGI60-09.00839,0.11875,0.03239296875,88.28080529670521,0.006457070275645374,0.010810295661307815,0.010186875843363651,0.010810295661307815,9.278154275956905e-07,0.005730571589911607,1.0,1.0,0.0005720384051035414,-0.010238257256204274,0.019574078075977386,-0.35033390259629577,29.247,-0.010238257256204274,0.0005720384051035414,-0.35033390259629577,0.019574078075977386,0.006457070275645374,0.11875
RGI60-09.00840,0.11875,0.03239296875,0.3004501209924761,0.07694783116179582,0.0372688600748532,0.024738371740564355,0.0372688600748532,2.373690008558361e-05,0.005756359078754615,1.0,1.0,0.010154866151364008,-0.0271139939234892,0.19037352865479693,-0.5083067193796571,53.385,-0.0271139939234892,0.010154866151364008,-0.5083067193796571,0.19037352865479693,0.07694783116179582,0.11875
RGI60-09.00841,0.11875,0.03239296875,62.781010587308884,0.020945287382118198,0.0598082391594978,0.04043436975203435,0.04030081119997442,3.339526290990446e-05,0.039554775197840966,1.0,1.0,0.030439104344963608,-0.009861706855010808,0.6218153363491503,-0.20160075394905647,48.952,-0.009861706855010808,0.04994653230448698,-0.20160075394905647,1.0210462263547428,0.020945287382118198,0.11875
RGI60-09.00842,0.11875,0.03239296875,0.3661816284047941,0.2280851596370625,0.10508321369501517,0.05413805395912264,0.10508321369501517,7.612477321364554e-05,0.036501912036415236,1.0,1.0,0.021652034894375092,-0.08343117880064008,0.21264233501603688,-0.8193687457023939,101.9,-0.08343117880064008,0.021652034894375092,-0.8193687457023939,0.21264233501603688,0.2280851596370625,0.11875
RGI60-09.00843,0.11875,0.03239296875,104.46925763346928,0.06168830579209941,0.04146399164940762,0.024617477109666056,0.04146399164940762,3.054637719991026e-05,0.024629304355179918,1.0,1.0,0.026008426793039854,-0.015455564856367763,0.5544170021027149,-0.3294635235593953,46.94600000000001,-0.015455564856367763,0.026008426793039854,-0.3294635235593953,0.5544170021027149,0.06168830579209941,0.11875
RGI60-09.00844,0.11875,0.03239296875,0.12745297588281446,0.027297872859464396,0.029159260147866236,0.024010559089493358,0.029159260147866236,2.416570293766037e-05,0.023098966762252225,1.0,1.0,0.015754469800560292,-0.013404790347305942,0.4253537807592442,-0.3619149566244893,37.067,-0.013404790347305942,0.015754469800560292,-0.3619149566244893,0.4253537807592442,0.027297872859464396,0.11875
RGI60-09.00846,0.11875,0.03239296875,0.299313041457534,0.02644970714989418,0.018415399219026383,0.011098471238387912,0.01695029903096495,1.1182503852887422e-05,0.004678084806908111,1.0,1.0,0.011774073393771164,-0.0051762256371937895,0.6218153363491503,-0.27358063916603603,18.935,-0.0051762256371937895,0.013239173581832592,-0.27358063916603603,0.6997340966981995,0.02644970714989418,0.11875
RGI60-09.00847,0.11875,0.03239296875,0.20136026953078456,0.005575762412620882,0.00950652575950338,0.007950201516449488,0.00950652575950338,3.589322766432505e-06,0.0027172990136302877,1.0,1.0,0.007771898558358282,-0.0017346272011450985,0.5239960583975997,-0.11695183736176992,14.844,-0.0017346272011450985,0.007771898558358282,-0.11695183736176992,0.5239960583975997,0.005575762412620882,0.11875
RGI60-09.00848,0.11875,0.03239296875,0.2972469233669912,0.067431192675405,0.022760831896512013,0.014733363655399269,0.022760831896512013,1.4635355218209064e-05,0.003388979745202474,1.0,1.0,0.007101769771579773,-0.01565906212493224,0.19541208372780847,-0.4308742830979621,36.372,-0.01565906212493224,0.007101769771579773,-0.4308742830979621,0.19541208372780847,0.067431192675405,0.11875
RGI60-09.00849,0.11875,0.03239296875,101.34163568345551,0.16280932079856006,0.09924808449093042,0.06264896393765636,0.09924808449093042,9.851597761369567e-05,0.0764374139157754,1.0,1.0,0.06871636703131505,-0.030531717459615373,0.5803320014520413,-0.25785025411823986,118.498,-0.030531717459615373,0.06871636703131505,-0.25785025411823986,0.5803320014520413,0.16280932079856006,0.11875
RGI60-09.00850,0.11875,0.03239296875,0.1252719685617194,0.16402951356053486,0.1199406409426788,0.07392620353932139,0.041433461921777215,3.7850178204634275e-05,0.023748557232259417,1.0,1.0,0.022588063908219238,-0.018845398013557974,0.6218153363491503,-0.5192076538166248,36.326,-0.018845398013557974,0.10109524292912082,-0.5192076538166248,2.7852648087075687,0.16402951356053486,0.11875
RGI60-09.00851,0.11875,0.03239296875,62.296212817455256,0.03242400416714457,0.03845413092226423,0.023568517543413485,0.031347993988157075,3.0390969884016987e-05,0.02736614503209832,1.0,1.0,0.015110734488620704,-0.016237259499536368,0.6218153363491503,-0.6687097817256895,24.301,-0.016237259499536368,0.022216871422727862,-0.6687097817256895,0.9149720887409772,0.03242400416714457,0.11875
RGI60-09.00852,0.11875,0.03239296875,119.18863555239152,0.10488512785534476,0.1778950984160528,0.11557054733011793,0.12886492919299478,3.741791870661623e-05,0.025940529640209188,1.0,1.0,0.05225362997476449,-0.07661129921823029,0.6218153363491503,-0.91239676350914,84.03399999999998,-0.07661129921823029,0.10128379919782253,-0.91239676350914,1.2062321292942246,0.10488512785534476,0.11875
RGI60-09.00853,0.11875,0.03239296875,0.11871686071187072,0.007410572414779109,0.050564124715818996,0.03242878155248344,0.04079071973830626,1.7516391801003804e-05,0.016359904067482226,1.0,1.0,0.026424042718157143,-0.014366677020149116,0.6218153363491503,-0.3383360630356505,42.495,-0.014366677020149116,0.03619744769566989,-0.3383360630356505,0.8524519572699849,0.007410572414779109,0.11875
RGI60-09.00854,0.11875,0.03239296875,77.21404887615209,0.016834905240336255,0.06084046368909692,0.03961425650119218,0.047997566846551036,1.9335831865523846e-05,0.01753610015541886,1.0,1.0,0.023506485160006932,-0.0244910816865441,0.6218153363491503,-0.6483923495218316,37.803,-0.0244910816865441,0.03634938200255282,-0.6483923495218316,0.962336474229756,0.016834905240336255,0.11875
RGI60-09.00857,0.11875,0.03239296875,108.188830324431,0.035405625743586765,0.03555171329077076,0.01825520027092549,0.03555171329077076,1.5744468621331732e-05,0.013107448903591131,1.0,1.0,0.02859844216986786,-0.006953271120902896,0.5821834095212289,-0.14154893698223595,49.162,-0.006953271120902896,0.02859844216986786,-0.14154893698223595,0.5821834095212289,0.035405625743586765,0.11875
RGI60-09.00858,0.11875,0.03239296875,48.87979625784051,0.0009741709832086186,0.003967663250776893,0.0023082959403923835,0.003967663250776893,3.6242783149428456e-07,0.0,1.0,1.0,0.0025319300413284077,-0.0014357332094484848,0.3955849985763967,-0.22431682959051272,6.4060000000000015,-0.0014357332094484848,0.0025319300413284077,-0.22431682959051272,0.3955849985763967,0.0009741709832086186,0.11875
RGI60-09.00859,0.11875,0.03239296875,0.30239725806293194,0.009923457955101744,0.0034294346375388233,0.002274735808852872,0.0034294346375388233,2.596370189084321e-06,0.0,1.0,1.0,-0.0002570574544089612,-0.0036864920919477844,-0.051065698539306266,-0.7323393685189293,5.038,-0.0036864920919477844,-0.0002570574544089612,-0.7323393685189293,-0.051065698539306266,0.009923457955101744,0.11875
RGI60-09.00860,0.11875,0.03239296875,120.37094448218359,0.2211101868111936,0.1473284863832017,0.06908588037252743,0.1473284863832017,5.804664634418863e-05,0.0,1.0,1.0,0.07053911584529526,-0.07678937053790644,0.5543248643905259,-0.6034418903607206,127.349,-0.07678937053790644,0.07053911584529526,-0.6034418903607206,0.5543248643905259,0.2211101868111936,0.11875
RGI60-09.00861,0.11875,0.03239296875,70.5113746859457,0.007876303516355319,0.011001301768187892,0.0070809120983510564,0.010933086356993416,2.043033374374809e-06,0.0023765116624206327,1.0,1.0,0.0067896016575963725,-0.004143484699397043,0.6218153363491503,-0.3797682149204419,10.919,-0.004143484699397043,0.006857817068790848,-0.3797682149204419,0.6285484647366082,0.007876303516355319,0.11875
RGI60-09.00862,0.11875,0.03239296875,151.91795288500964,0.11687014011299768,0.07930202946445225,0.035347598372648795,0.07930202946445225,4.56298353745749e-05,0.015094778984920872,1.0,1.0,0.027952471895353805,-0.05134955756909845,0.5281816780660121,-0.9702861194648712,52.965,-0.05134955756909845,0.027952471895353805,-0.9702861194648712,0.5281816780660121,0.11687014011299768,0.11875
RGI60-09.00863,0.11875,0.03239296875,0.1687675808885718,0.019553000847634467,0.04997884026722123,0.03240324025836861,0.0269260873510611,2.1829986527040062e-05,0.021530714547157336,1.0,1.0,0.01676725054465484,-0.010158836806406266,0.6218153363491503,-0.3770431345351519,26.965,-0.010158836806406266,0.03982000346081496,-0.3770431345351519,1.4779112223358466,0.019553000847634467,0.11875
RGI60-09.00864,0.11875,0.03239296875,99.64574206323287,0.13014184538990742,0.2331737602064229,0.13444880773233692,0.19540193501028366,6.694806348536983e-05,0.0645513252460516,1.0,1.0,0.06511525839181033,-0.13028667661847335,0.6218153363491503,-1.2451621573126637,104.718,-0.13028667661847335,0.10288708358794953,-1.2451621573126637,0.983301641311608,0.13014184538990742,0.11875
RGI60-09.00865,0.11875,0.03239296875,0.1447559415345765,0.00522787098584278,0.020376355901547485,0.012990460495275956,0.007605731659900437,5.4133005259751615e-06,0.004428211387839006,1.0,1.0,0.004755643692398302,-0.002850087967502136,0.6218153363491503,-0.3729343916046572,7.648,-0.002850087967502136,0.01752626793404535,-0.3729343916046572,2.2933145024333417,0.00522787098584278,0.11875
RGI60-09.00866,0.11875,0.03239296875,44.633842196188716,0.0009336843356989088,0.004444181274650245,0.004461793120764119,0.0018203283173730898,8.171837812989765e-07,0.0005890916361142024,1.0,1.0,0.001423335304903205,-0.0003969930124698849,0.6218153363491503,-0.17353433661889464,2.289,-0.0003969930124698849,0.004047188262180361,-0.17353433661889464,1.7691145893972704,0.0009336843356989088,0.11875
RGI60-09.00868,0.11875,0.03239296875,0.11096178237562172,0.008103397421865027,0.01837576919375453,0.013445052473859541,0.01837576919375453,9.224357005986204e-06,0.006038535612227504,1.0,1.0,0.009474466163277032,-0.008901303030477498,0.6096772811413255,-0.5727945128213426,15.552,-0.008901303030477498,0.009474466163277032,-0.5727945128213426,0.6096772811413255,0.008103397421865027,0.11875
RGI60-09.00870,0.11875,0.03239296875,0.0936473300415912,0.00048784607810334834,0.0007185885410877121,0.0008676052925754383,0.000543742927868713,1.5716925146926232e-07,9.448740072295442e-05,1.0,1.0,0.0005751791861229639,3.143625825425101e-05,0.6218153363491503,0.034003249916092215,0.925,3.143625825425101e-05,0.0007500247993419631,0.034003249916092215,0.811269601141,0.00048784607810334834,0.11875
RGI60-09.00872,0.11875,0.03239296875,0.12486344018580553,0.004200927666620875,0.004956421141117107,0.0032013225350515395,0.004956421141117107,1.2990101602505405e-06,0.00046012009280019717,1.0,1.0,0.0007086038523820915,-0.004247817288735015,0.16414032340567458,-0.9839603626162876,4.32,-0.004247817288735015,0.0007086038523820915,-0.9839603626162876,0.16414032340567458,0.004200927666620875,0.11875
RGI60-09.00873,0.11875,0.03239296875,0.12016542448760957,0.0011252160815138283,0.0023678333421903557,0.0022062178416571293,0.001371759282686243,3.5071727226871084e-07,0.00026555299191074485,1.0,1.0,0.0009551083566322947,-0.0004166509260539485,0.6218153363491503,-0.2714884337903872,1.536,-0.0004166509260539485,0.001951182416136407,-0.2714884337903872,1.2713843293549465,0.0011252160815138283,0.11875
RGI60-09.00874,0.11875,0.03239296875,61.12191570652047,0.012275598805588556,0.05867938965411475,0.04383040242004526,0.03985717522303151,2.576562611156708e-05,0.027388209845090432,1.0,1.0,0.02567537705319277,-0.014181798169838737,0.6218153363491503,-0.3437104477344481,41.291,-0.014181798169838737,0.04449759148427601,-0.3437104477344481,1.0784448423961026,0.012275598805588556,0.11875
RGI60-09.00875,0.11875,0.03239296875,0.1994247189210121,0.005398782447483431,0.006385804740564826,0.0047371134292974034,0.006385804740564826,8.957961827008547e-07,0.0,1.0,1.0,0.003557393614689321,-0.002828411125875505,0.41685795951590426,-0.3314352636537002,8.54,-0.002828411125875505,0.003557393614689321,-0.3314352636537002,0.41685795951590426,0.005398782447483431,0.11875
RGI60-09.00876,0.11875,0.03239296875,61.42699877496442,0.001917060339205169,0.004282097362866565,0.002832602461850284,0.004282097362866565,7.592161098589481e-07,9.328700696649344e-05,1.0,1.0,0.0010530042032966466,-0.0032290931595699178,0.15364977722825854,-0.471175179608888,6.859,-0.0032290931595699178,0.0010530042032966466,-0.471175179608888,0.15364977722825854,0.001917060339205169,0.11875
RGI60-09.00877,0.11875,0.03239296875,50.931576232852116,0.0041802295834483475,0.020759182310773682,0.017127114888306292,0.013552098067509802,8.739219558494572e-06,0.008934798861826736,1.0,1.0,0.008886362971765706,-0.0046657350957440965,0.6218153363491503,-0.3267407596978097,14.291,-0.0046657350957440965,0.016093447215029588,-0.3267407596978097,1.1270218007001436,0.0041802295834483475,0.11875
RGI60-09.00878,0.11875,0.03239296875,49.610722258924895,0.0005589135141408332,0.0012567973887709016,0.0012111895922435974,0.0012567973887709016,7.157132647206511e-08,0.00019849078174140726,1.0,1.0,0.0008686087151558668,-0.0003881886736150348,0.4536522278675594,-0.2027410657361558,1.916,-0.0003881886736150348,0.0008686087151558668,-0.2027410657361558,0.4536522278675594,0.0005589135141408332,0.11875
RGI60-09.00879,0.11875,0.03239296875,0.09597602114393844,0.0010766889317523052,0.00306511863851174,0.0023494429390972585,0.00306511863851174,6.968156037274321e-07,0.00037889480125427783,1.0,1.0,0.000293001118001963,-0.002772117520509777,0.06934856565962823,-0.6561148134799613,4.228,-0.002772117520509777,0.000293001118001963,-0.6561148134799613,0.06934856565962823,0.0010766889317523052,0.11875
RGI60-09.00880,0.11875,0.03239296875,0.1923522603342107,0.0023982576510034,0.0023198249111902173,0.001736907756564848,0.0023198249111902173,4.892569278600994e-07,0.0002344310816810145,1.0,1.0,0.0014975515351120046,-0.0008222733760782125,0.5928815996145081,-0.3255385494918616,2.528,-0.0008222733760782125,0.0014975515351120046,-0.3255385494918616,0.5928815996145081,0.0023982576510034,0.11875
RGI60-09.00882,0.11875,0.03239296875,0.4728512354659458,0.11199300803409767,0.029644974060500408,0.014679858080083924,0.029644974060500408,3.179928388149881e-05,0.005385984948067218,1.0,1.0,0.015405487599058975,-0.014239486461441431,0.2720782728838075,-0.25148537871777576,56.667,-0.014239486461441431,0.015405487599058975,-0.25148537871777576,0.2720782728838075,0.11199300803409767,0.11875
RGI60-09.00883,0.11875,0.03239296875,157.24366918127296,0.051800626487726174,0.01397756412289345,0.009790635406561726,0.01397756412289345,1.4924789950946088e-05,0.0016556393656327,1.0,1.0,0.004361886168277096,-0.009615677954616354,0.278152400515424,-0.6131805834621844,15.694,-0.009615677954616354,0.004361886168277096,-0.6131805834621844,0.278152400515424,0.051800626487726174,0.11875
RGI60-09.00884,0.11875,0.03239296875,130.79152498877926,0.16363943179069249,0.10507289706799622,0.05908803263822636,0.08058181353493342,4.796919440172372e-05,0.04322844908134227,1.0,1.0,0.06454381009770545,-0.016038003437227978,0.6218153363491503,-0.15463372400948233,103.799,-0.016038003437227978,0.08903489363076825,-0.15463372400948233,0.8584483238702605,0.16363943179069249,0.11875
RGI60-09.00885,0.11875,0.03239296875,0.3595706051225953,0.13438066195213913,0.1190424764433866,0.0567433242568758,0.1190424764433866,4.738594205476612e-05,0.014074508305855302,1.0,1.0,-0.00735089983064903,-0.12639337627403566,-0.05568928061847208,-0.9575366773865333,132.10399999999998,-0.12639337627403566,-0.00735089983064903,-0.9575366773865333,-0.05568928061847208,0.13438066195213913,0.11875
RGI60-09.00886,0.11875,0.03239296875,83.98726824050473,0.05209895133562623,0.0865393063796149,0.05128395215636082,0.07109935041182812,5.407770925634696e-05,0.04269714012031196,1.0,1.0,0.04431429176025855,-0.026785058651569577,0.6218153363491503,-0.3761503430082793,71.266,-0.026785058651569577,0.05975424772804532,-0.3761503430082793,0.8391462222088075,0.05209895133562623,0.11875
RGI60-09.00887,0.11875,0.03239296875,0.10508483307617666,0.021988898554879288,0.1138371667507229,0.07016149223336021,0.09731188392388317,3.89624712165371e-05,0.0,1.0,1.0,0.07150254552678881,-0.02580933839709436,0.6218153363491503,-0.2246266614719788,114.99,-0.02580933839709436,0.08802782835362855,-0.2246266614719788,0.7661334395898378,0.021988898554879288,0.11875
RGI60-09.00889,0.11875,0.03239296875,77.28476201085775,0.00594744481701967,0.010569491752210138,0.006420022484415464,0.010569491752210138,2.1869000974267708e-06,0.0010205598764612142,1.0,1.0,0.007797203652866926,-0.0027722880993432124,0.5726344762054371,-0.20359962549833646,13.627,-0.0027722880993432124,0.007797203652866926,-0.20359962549833646,0.5726344762054371,0.00594744481701967,0.11875
RGI60-09.00890,0.11875,0.03239296875,39.58880668874779,0.0006399594485527356,0.003993355302410212,0.003343650856692861,0.002977007840712241,1.031827120907691e-06,0.0010863904983368657,1.0,1.0,0.0019127039746099862,-0.0010643038661022552,0.6218153363491503,-0.34626941742610945,3.076,-0.0010643038661022552,0.002929051436307957,-0.34626941742610945,0.9529618060825688,0.0006399594485527356,0.11875
RGI60-09.00891,0.11875,0.03239296875,31.908924231302024,0.0001771352559541667,0.0005476084206702934,0.0006039634156650877,0.0005476084206702934,1.2655760901168228e-08,0.0,1.0,1.0,0.00034732872969155484,-0.00020027969097873865,0.41633188667793103,-0.2400688871389917,0.835,-0.00020027969097873865,0.00034732872969155484,-0.2400688871389917,0.41633188667793103,0.0001771352559541667,0.11875
RGI60-09.00895,0.11875,0.03239296875,0.23133027376372794,0.21215698147221385,0.16212791787894631,0.07863758953151312,0.15291340236628964,6.632518672563733e-05,0.06723171313280336,1.0,1.0,0.11594928395368975,-0.03696411841259992,0.6218153363491503,-0.1983908740849572,186.469,-0.03696411841259992,0.1251637994663464,-0.1983908740849572,0.6717691817440593,0.21215698147221385,0.11875
RGI60-09.00896,0.11875,0.03239296875,90.13136437837092,0.03864308194459636,0.022195193793872983,0.012776422026483708,0.022195193793872983,2.458945845195316e-05,0.017036812068297654,1.0,1.0,-0.0066722178212751115,-0.028867411615148095,-0.16596178609581794,-0.7180351900887977,40.233,-0.028867411615148095,-0.0066722178212751115,-0.7180351900887977,-0.16596178609581794,0.03864308194459636,0.11875
RGI60-09.00897,0.11875,0.03239296875,164.98830627273875,0.15240190919319985,0.018891428881745588,0.010653291744557135,0.018891428881745588,4.1428926672488e-05,0.0,1.0,1.0,-0.004103373373726769,-0.02299480225547236,-0.06625603969939015,-0.37129073870616064,61.981,-0.02299480225547236,-0.004103373373726769,-0.37129073870616064,-0.06625603969939015,0.15240190919319985,0.11875
RGI60-09.00898,0.11875,0.03239296875,0.4219874699134323,0.22677765928379184,0.07518265833851014,0.044005743958186634,0.07518265833851014,7.200884140725574e-05,0.017286145479668363,1.0,1.0,0.03289755890940182,-0.04228509942910832,0.3746304086105513,-0.4815337247633089,87.884,-0.04228509942910832,0.03289755890940182,-0.4815337247633089,0.3746304086105513,0.22677765928379184,0.11875
RGI60-09.00900,0.35000000000000003,0.23959999999999995,119.28100201973801,0.00905483694653914,0.01135300243822282,0.009033856786906208,0.009202062585090149,2.1189978522711325e-06,0.22395650121549587,1.0,1.0,0.008960358996791255,-0.00024170358829889185,0.6218153363491503,-0.01678745493076255,14.41,-0.00024170358829889185,0.011111298849923928,-0.01678745493076255,0.7717321450547409,0.00905483694653914,0.35000000000000003
RGI60-09.00901,0.11875,0.03239296875,0.15511654387236715,0.01839853298750505,0.019582000737004314,0.0192336321396016,0.019582000737004314,1.1237140526310756e-05,0.011918559676073637,1.0,1.0,0.014758406247854731,-0.004823594489149584,0.4724431095267701,-0.1544119291255637,31.264,-0.004823594489149584,0.014758406247854731,-0.1544119291255637,0.4724431095267701,0.01839853298750505,0.11875
RGI60-09.00904,0.11875,0.03239296875,142.80600520979644,0.10532523051237028,0.11193227942329506,0.04298024556901462,0.08619732624598125,3.4996392270630687e-05,0.017345414759356095,1.0,1.0,0.0481950412744136,-0.038002284971567664,0.6218153363491503,-0.4907054199350153,77.507,-0.038002284971567664,0.0739299944517274,-0.4907054199350153,0.9546228338735526,0.10532523051237028,0.11875
RGI60-09.00907,0.11875,0.03239296875,0.15607151101606045,0.04645438531175247,0.0269324453097212,0.015668624624006554,0.017649669511773318,2.1091673306138957e-05,0.0070264403614584215,1.0,1.0,0.009335313644609794,-0.008314355867163526,0.6218153363491503,-0.5542444008231096,15.013,-0.008314355867163526,0.018618089442557672,-0.5542444008231096,1.2411029780809455,0.04645438531175247,0.11875
RGI60-09.00908,0.11875,0.03239296875,0.17655977567089565,0.09029141245110762,0.10191431097289656,0.0507317107890874,0.10191431097289656,4.081354814516389e-05,0.053292610918782506,1.0,1.0,0.05041514358378649,-0.05149916738911008,0.5811954594312145,-0.593692294088094,86.809,-0.05149916738911008,0.05041514358378649,-0.593692294088094,0.5811954594312145,0.09029141245110762,0.11875
RGI60-09.00909,0.11875,0.03239296875,0.26455448132761106,1.5039522639039444,0.2827320139717806,0.13348445420483998,0.2827320139717806,0.00043953008947996916,0.0,1.0,1.0,0.18703084444289625,-0.09570116952888434,0.5869984327919311,-0.3003592091836042,318.871,-0.09570116952888434,0.18703084444289625,-0.3003592091836042,0.5869984327919311,1.5039522639039444,0.11875
RGI60-09.00910,0.11875,0.03239296875,0.2124357797675014,0.11563553749054388,0.12588244292619524,0.03855269699796059,0.1007181856323071,2.5470119976675894e-05,0.012332893982293659,1.0,1.0,0.0973949361323674,-0.003323249499939685,0.6218153363491503,-0.021232076874100232,156.63,-0.003323249499939685,0.12255919342625556,-0.021232076874100232,0.7830246319156011,0.11563553749054388,0.11875
RGI60-09.00911,0.11875,0.03239296875,0.3524946640845279,0.7642467281016937,0.09161516593989524,0.0237161984874463,0.09161516593989524,0.0001942199392591198,0.0,1.0,1.0,0.1857162661547599,0.09410110021486466,0.2628087954442284,0.13316333194442356,707.191,0.09410110021486466,0.1857162661547599,0.13316333194442356,0.2628087954442284,0.7642467281016937,0.11875
RGI60-09.00912,0.11875,0.03239296875,114.47463643449244,0.11678086566866072,0.10289687723009452,0.06537588810605173,0.10289687723009452,9.591650270894756e-05,0.03987142305123091,1.0,1.0,0.08430389676397676,-0.018592980466117768,0.4166648268059652,-0.09189422177495336,202.467,-0.018592980466117768,0.08430389676397676,-0.09189422177495336,0.4166648268059652,0.11678086566866072,0.11875
RGI60-09.00914,0.11875,0.03239296875,72.43960730030685,0.015582620931205224,0.034020386461789,0.02030467768478506,0.024757225032691416,1.0145596560002193e-05,0.007557690347050461,1.0,1.0,0.029278796927336093,0.004521571894644679,0.6218153363491503,0.09609530863970817,47.08600000000001,0.004521571894644679,0.03854195835643368,0.09609530863970817,0.8191181009920274,0.015582620931205224,0.11875
RGI60-09.00915,0.11875,0.03239296875,0.4479376131277029,0.1712570373537936,0.2658092488210005,0.01511404199820186,0.2658092488210005,5.2041905126344675e-05,0.0,1.0,1.0,-0.0005380647902372138,-0.2663473136112377,-0.001953852081870476,-0.9671758171920114,275.584,-0.2663473136112377,-0.0005380647902372138,-0.9671758171920114,-0.001953852081870476,0.1712570373537936,0.11875
RGI60-09.00916,0.11875,0.03239296875,96.56986337436199,0.02840288259638856,0.02394803419768251,0.015149653744091432,0.022831977924455005,9.903552747486682e-06,0.009926648296997744,1.0,1.0,0.024508851482201763,0.0016768735577467654,0.6218153363491503,0.04257576701441949,39.415,0.0016768735577467654,0.025624907755429274,0.04257576701441949,0.6506156038545549,0.02840288259638856,0.11875
RGI60-09.00917,0.11875,0.03239296875,212.90496916759815,0.2422015908233153,0.2530710545033405,0.04168321576535435,0.2530710545033405,9.098245427452115e-05,0.03603246091293783,1.0,1.0,0.1735204247425449,-0.0795506297607956,0.4205048392379205,-0.19278090650406787,412.902,-0.0795506297607956,0.1735204247425449,-0.19278090650406787,0.4205048392379205,0.2422015908233153,0.11875
RGI60-09.00919,0.11875,0.03239296875,0.3679928107472215,0.4797310617928329,0.457281752183955,0.04998065336493091,0.457281752183955,0.0001369714898750979,0.0,1.0,1.0,0.03313864185140292,-0.4241431103325521,0.06978617880438613,-0.8931967420102,475.154,-0.4241431103325521,0.03313864185140292,-0.8931967420102,0.06978617880438613,0.4797310617928329,0.11875
RGI60-09.00920,0.11875,0.03239296875,193.11005850422092,0.38203994126732455,0.8270364671046676,0.05064036113336325,0.8270364671046676,0.00010409059513083907,0.07313460571243748,1.0,1.0,0.2488598059948999,-0.5781766611097677,0.300275585640686,-0.6976310811801802,829.413,-0.5781766611097677,0.2488598059948999,-0.6976310811801802,0.300275585640686,0.38203994126732455,0.11875
RGI60-09.00927,0.125,0.04044999999999998,345.9635762156092,0.06515397476484755,0.06708384534971057,0.03549803061452217,0.06708384534971057,1.1763637205021675e-05,15.49657173337194,1.0,1.0,-0.028572936661097392,-0.09565678201080796,-0.08966637112364448,-0.3001860333086688,318.883,-0.09565678201080796,-0.028572936661097392,-0.3001860333086688,-0.08966637112364448,0.06515397476484755,0.125
RGI60-09.00946,0.2,0.06735000000000001,186.1905585007104,0.011581497197761815,0.011752158345709774,0.005521721205097975,0.011752158345709774,5.797462947055709e-06,3.1051429560960853,1.0,1.0,0.00970300348703598,-0.0020491548586737953,0.0882504479688168,-0.018637407940443967,110.032,-0.0020491548586737953,0.00970300348703598,-0.018637407940443967,0.0882504479688168,0.011581497197761815,0.2
RGI60-09.00962,0.1,0.07500000000000001,114.7796950589324,0.0007188442040899593,0.0006908952930287633,0.001113901087829817,0.0006908952930287633,6.845697947841615e-07,0.0006950980211386012,1.0,1.0,0.0003062917353759745,-0.0003846035576527888,0.07773911539404246,-0.09761523703089334,3.943,-0.0003846035576527888,0.0003062917353759745,-0.09761523703089334,0.07773911539404246,0.0007188442040899593,0.1
RGI60-09.00967,0.11875,0.03239296875,69.84539846199803,0.004148627955898823,0.007724338479369501,0.0034798283836471873,0.007724338479369501,1.10201963528315e-06,0.0005274064543697347,1.0,1.0,0.002609602491391097,-0.0051147359879784035,0.3200380038500449,-0.6272640761237205,8.161,-0.0051147359879784035,0.002609602491391097,-0.6272640761237205,0.3200380038500449,0.004148627955898823,0.11875
RGI60-09.00968,0.25,0.09975,169.61103747313587,0.008526511537035276,0.008270940816731971,0.005380182916924072,0.008270940816731971,2.320137064288353e-06,0.6581979814438148,1.0,1.0,0.005137697999787054,-0.0031332428169449176,0.10026091349061897,-0.061144463342889775,51.284,-0.0031332428169449176,0.005137697999787054,-0.061144463342889775,0.10026091349061897,0.008526511537035276,0.25
RGI60-09.00969,0.11875,0.03239296875,203.507735243764,1.233268419083165,0.6317503197113518,0.14643273217527727,0.6317503197113518,0.0003630943947746827,0.045184793481337256,1.0,1.0,0.6307866435627223,-0.0009636761486294386,0.6112240254219892,-0.0009337896113995244,1032.805,-0.0009636761486294386,0.6307866435627223,-0.0009337896113995244,0.6112240254219892,1.233268419083165,0.11875
RGI60-09.00971,0.1875,0.03739999999999999,440.2891041327694,0.18387004367582832,0.26853121101120303,0.06021369974490595,0.1878077175135044,5.231190792894309e-06,0.5859781168658593,1.0,1.0,0.22052556540555346,0.03271784789204907,0.6218153363491503,0.09233022358785477,354.648,0.03271784789204907,0.3012490589032521,0.09233022358785477,0.8501290505396417,0.18387004367582832,0.1875
RGI60-09.00972,0.125,0.043549999999999985,175.58978697168854,0.03910760424177077,0.03733220932307296,0.02137332042886508,0.03733220932307296,5.314112111878838e-05,0.05328872669014045,1.0,1.0,0.0016322217205752484,-0.03569998760249772,0.009551827158877434,-0.20891776334954396,171.01,-0.03569998760249772,0.0016322217205752484,-0.20891776334954396,0.009551827158877434,0.03910760424177077,0.125
RGI60-09.00975,0.11875,0.03239296875,174.70945073174659,0.06460647287949925,0.05679144050950681,0.013817399941324285,0.03764285606527795,1.7561943722258522e-05,0.0036324422703942244,1.0,1.0,0.03385535780286585,-0.003787498262412105,0.6218153363491503,-0.06961977508221907,54.44600000000001,-0.003787498262412105,0.053003942247094704,-0.06961977508221907,0.9742902259085324,0.06460647287949925,0.11875
RGI60-09.00983,0.225,0.07390000000000002,141.53542740068752,0.0058684041014067856,0.0061714697834883035,0.003271418735230484,0.0061714697834883035,6.938419667524832e-07,0.33662366514383,1.0,1.0,0.004628345852567983,-0.0015431239309203215,0.2921203932001101,-0.09739504864504343,15.856,-0.0015431239309203215,0.004628345852567983,-0.09739504864504343,0.2921203932001101,0.0058684041014067856,0.225
RGI60-09.00986,0.11875,0.03239296875,0.456553660742582,0.8714813667651357,0.11144477329445236,0.05221343887782323,0.11144477329445236,0.0002152898120482286,0.06711748407845945,1.0,1.0,0.14390521657627686,0.032460443281824486,0.5801127489477239,0.13085499909101395,248.263,0.032460443281824486,0.14390521657627686,0.13085499909101395,0.5801127489477239,0.8714813667651357,0.11875
RGI60-09.00987,0.11875,0.03239296875,0.1781585368002645,0.20902972779853046,0.19291533195212834,0.08068400286064475,0.09610339749745007,6.305393634830452e-05,0.0686871255031587,1.0,1.0,0.11300250107473107,0.016899103577281,0.6218153363491503,0.09304753447855103,181.73,0.016899103577281,0.2098144355294093,0.09304753447855103,1.1552515690990022,0.20902972779853046,0.11875
RGI60-09.00990,0.11875,0.03239296875,0.0761300516172767,0.11955531456269627,0.0606184251952389,0.03979286331295048,0.0606184251952389,7.057191717704747e-05,0.0,1.0,1.0,0.023488841475455657,-0.03712958371978324,0.19364095143009075,-0.3060946162549109,121.393,-0.03712958371978324,0.023488841475455657,-0.3060946162549109,0.19364095143009075,0.11955531456269627,0.11875
RGI60-09.00991,0.11875,0.03239296875,108.39435413700345,0.1254311719210067,0.10378809130971407,0.05213136675353256,0.10378809130971407,4.798637803351604e-05,0.009528949435473595,1.0,1.0,0.05363199158229647,-0.05015609972741762,0.5091416134885157,-0.4761441219709943,105.42,-0.05015609972741762,0.05363199158229647,-0.4761441219709943,0.5091416134885157,0.1254311719210067,0.11875
RGI60-09.00992,0.022656250000000003,0.02187500000000001,348.48112091308633,0.005131627792516606,0.0050726973351603,0.010068381681839388,0.0050726973351603,2.2799315350699607e-05,0.06523086309454898,1.0,1.0,-0.0059376453776242896,-0.011010342712784593,-0.15601936960499166,-0.289311102285951,38.088,-0.011010342712784593,-0.0059376453776242896,-0.289311102285951,-0.15601936960499166,0.005131627792516606,0.022656250000000003
RGI60-09.00997,0.11875,0.03239296875,204.66078811711483,0.229927565946737,0.111264076827609,0.0294869073122426,0.111264076827609,6.243524282291082e-05,5.353296719966017e-05,1.0,1.0,0.08002556765816501,-0.031238509169444,0.3635981588746125,-0.1419329440875094,220.259,-0.031238509169444,0.08002556765816501,-0.1419329440875094,0.3635981588746125,0.229927565946737,0.11875
RGI60-09.01006,0.11875,0.03239296875,0.1812121643927984,0.003971938995606046,0.004040936626108017,0.0032636000235150764,0.004040936626108017,6.821831514677407e-07,0.00039518776598954764,1.0,1.0,0.0011002664350252107,-0.0029406701910828065,0.16713754544837442,-0.4467067085433,6.587999999999999,-0.0029406701910828065,0.0011002664350252107,-0.4467067085433,0.16713754544837442,0.003971938995606046,0.11875
RGI60-09.01011,0.11875,0.03239296875,0.06688949650331466,0.003584906571636025,0.015213833159530956,0.011895295941735896,0.007375177912173621,4.733552869023989e-06,0.004789923115080186,1.0,1.0,0.004349598277762307,-0.003025579634411314,0.6218153363491503,-0.4328717655955709,6.995,-0.003025579634411314,0.012188253525119642,-0.4328717655955709,1.7437818403254557,0.003584906571636025,0.11875
RGI60-09.01014,0.11875,0.03239296875,79.70117170199305,0.02469478502822567,0.0347256524114928,0.026031406045150026,0.0347256524114928,1.629351677305683e-05,0.018140286197216863,1.0,1.0,0.007832221353002839,-0.02689343105848996,0.2174351123216644,-0.7466050740095296,36.051,-0.02689343105848996,0.007832221353002839,-0.7466050740095296,0.2174351123216644,0.02469478502822567,0.11875
RGI60-09.01017,0.4,0.125,196.73995467631957,0.025881416707072055,0.04864083497730441,0.03124561846818309,0.02622677022464414,1.679145553577818e-05,0.7908902036787975,1.0,1.0,0.023254649948785525,-0.0029721202758586163,0.6218153363491503,-0.07953675135834844,37.398,-0.0029721202758586163,0.0456687147014458,-0.07953675135834844,1.222138025694434,0.025881416707072055,0.4
RGI60-09.01022,0.11875,0.03239296875,189.14278712389984,0.2516764756908641,0.09333142648736564,0.035476585475107146,0.09333142648736564,7.404998222758722e-05,0.013070029147912908,1.0,1.0,0.05148498313904102,-0.041846443348324616,0.5084661819619752,-0.413275871540026,101.339,-0.041846443348324616,0.05148498313904102,-0.413275871540026,0.5084661819619752,0.2516764756908641,0.11875
RGI60-09.01025,0.11875,0.03239296875,38.52097984152969,0.0012122983764559887,0.012671150926752807,0.009611164718350187,0.003057698360522373,2.218432514319753e-06,0.0019141993079149968,1.0,1.0,0.0018828568384652274,-0.0011748415220571462,0.6218153363491503,-0.3882848681606441,3.028,-0.0011748415220571462,0.011496309404695659,-0.3882848681606441,3.7995277641532814,0.0012122983764559887,0.11875
RGI60-09.01027,0.275,0.1322,245.0191061562841,0.00941340401622184,0.010478309217654695,0.0070410760475886095,0.00900982424887406,1.2931487047567075e-06,0.21147847668570666,1.0,1.0,0.006948786383701756,-0.002061037865172304,0.6218153363491503,-0.184580643923742,11.175,-0.002061037865172304,0.008417271352482391,-0.184580643923742,0.7538266970132443,0.00941340401622184,0.275
RGI60-09.01029,0.11875,0.03239296875,161.77994297831742,0.04624566068043301,0.015720351417660185,0.0108212853070157,0.015720351417660185,1.2823075094505325e-05,0.0013856584193013108,1.0,1.0,0.004003848744139513,-0.011716502673520672,0.21371723564286327,-0.6254028867729382,18.749,-0.011716502673520672,0.004003848744139513,-0.6254028867729382,0.21371723564286327,0.04624566068043301,0.11875
RGI60-09.01031,0.11875,0.03239296875,99.52821832871821,0.009587321635501592,0.006324205758648643,0.003761672574350697,0.006324205758648643,2.1059998285361825e-06,0.0,1.0,1.0,0.002172060861615187,-0.004152144897033456,0.17224135327850987,-0.32925921584982026,12.621,-0.004152144897033456,0.002172060861615187,-0.32925921584982026,0.17224135327850987,0.009587321635501592,0.11875
RGI60-09.01033,0.11875,0.03239296875,108.7114643775727,0.012216089946223727,0.003577034099228104,0.0022388905033245503,0.003577034099228104,2.5817008894685417e-06,0.002602485160043159,1.0,1.0,0.001229703435085917,-0.002347330664142187,0.15727889679902185,-0.3002232625730644,7.825,-0.002347330664142187,0.001229703435085917,-0.3002232625730644,0.15727889679902185,0.012216089946223727,0.11875
RGI60-09.01034,0.11875,0.03239296875,72.80073874536824,0.003084102680499472,0.005914270030026639,0.005683967273171799,0.005914270030026639,4.044086921108253e-07,0.0,1.0,1.0,0.004580574659671721,-0.0013336953703549182,0.4559804500169156,-0.13276478615534593,10.053,-0.0013336953703549182,0.004580574659671721,-0.13276478615534593,0.4559804500169156,0.003084102680499472,0.11875
RGI60-09.01035,0.11875,0.03239296875,0.08207465471570252,0.002101075334268691,0.003882687091770057,0.002967763838359305,0.003882687091770057,4.119702213268214e-07,0.0005098544748837062,1.0,1.0,0.002276338515812045,-0.0016063485759580125,0.42781364532925215,-0.3018961526049202,5.325,-0.0016063485759580125,0.002276338515812045,-0.3018961526049202,0.42781364532925215,0.002101075334268691,0.11875
RGI60-09.01040,0.11875,0.03239296875,38.997264848887035,0.0006562894425886138,0.0014074562475984151,0.0015260255535898446,0.0014074562475984151,4.851172204280923e-07,0.0002125900172297729,1.0,1.0,0.0014301240226459995,2.266777504758443e-05,0.5812493888448722,0.009212928518258223,2.462,2.266777504758443e-05,0.0014301240226459995,0.009212928518258223,0.5812493888448722,0.0006562894425886138,0.11875
RGI60-09.01041,0.11875,0.03239296875,0.08592848938037889,0.0016329143617613993,0.004372884365364357,0.0027855255008154205,0.004372884365364357,8.341167047644531e-07,0.0006073376981215031,1.0,1.0,0.0018769675397365176,-0.0024959168256278386,0.29927063602504994,-0.3979581958972619,6.277,-0.0024959168256278386,0.0018769675397365176,-0.3979581958972619,0.29927063602504994,0.0016329143617613993,0.11875
RGI60-09.01042,0.28750000000000003,0.12696250000000006,127.51250804644388,0.0035776446673225436,0.003695337737417637,0.0024912200534338447,0.003695337737417637,4.1051891764589273e-07,0.0908481272769428,1.0,1.0,0.0009898902546650085,-0.002705447482752629,0.13540046442361886,-0.3700600585894075,7.316,-0.002705447482752629,0.0009898902546650085,-0.3700600585894075,0.13540046442361886,0.0035776446673225436,0.28750000000000003
RGI60-09.01044,0.11875,0.03239296875,158.17562586426664,0.030931589334638243,0.005145676980890124,0.004088539897930129,0.005145676980890124,1.00431797765231e-05,0.0010868713560211218,1.0,1.0,0.0007377764604730232,-0.004407900520417101,0.053273483695199256,-0.3182864039250369,13.86,-0.004407900520417101,0.0007377764604730232,-0.3182864039250369,0.053273483695199256,0.030931589334638243,0.11875
RGI60-09.01045,0.11875,0.03239296875,0.16875189913407596,0.015947009913541338,0.02311625690593652,0.015738419393448125,0.01967944546715392,9.135380732709143e-06,0.008124677063286338,1.0,1.0,0.0159166071645292,-0.003762838302624717,0.6218153363491503,-0.14712339419634793,25.597,-0.003762838302624717,0.0193534186033118,-0.14712339419634793,0.7567002366899079,0.015947009913541338,0.11875
RGI60-09.01046,0.11875,0.03239296875,0.5021105329389286,0.06659241186085575,0.023638374256694825,0.01674539763793888,0.023638374256694825,1.4228135878063965e-05,0.0021741458279767585,1.0,1.0,0.00011676267281930663,-0.02352161158387552,0.007665293757284003,-1.5441584033808415,15.244000000000002,-0.02352161158387552,0.00011676267281930663,-1.5441584033808415,0.007665293757284003,0.06659241186085575,0.11875
RGI60-09.01047,0.11875,0.03239296875,117.43942040758371,0.1921984178798802,0.11605306886444812,0.06411168240524784,0.11097208031389584,8.089174085467605e-05,0.04514721136452536,1.0,1.0,0.05816958108479031,-0.05280249922910552,0.6218153363491503,-0.5648955866979686,93.548,-0.05280249922910552,0.0632505696353426,-0.5648955866979686,0.6766719031254242,0.1921984178798802,0.11875
RGI60-09.01050,0.11875,0.03239296875,126.72062814325292,0.058545277001613376,0.04049144751202745,0.024015826966641226,0.038439426242271736,2.0300874426351018e-05,0.009974787071586605,1.0,1.0,0.024125813235010684,-0.014313613007261056,0.6218153363491503,-0.3692059691199061,38.799,-0.014313613007261056,0.02617783450476639,-0.3692059691199061,0.6752322249378891,0.058545277001613376,0.11875
RGI60-09.01053,0.275,0.131,120.84936640504269,0.0011108831325490843,0.0011507097212981893,0.0008156819780828062,0.0011507097212981893,8.048303215238173e-08,0.014844214267942534,1.0,1.0,0.0006206947099244704,-0.0005300150113737187,0.29043747668411096,-0.2480063387793575,2.139,-0.0005300150113737187,0.0006206947099244704,-0.2480063387793575,0.29043747668411096,0.0011108831325490843,0.275
RGI60-09.01056,0.11875,0.03239296875,42.04386000494036,0.0007814831092645665,0.003790502895396292,0.0026323216673109326,0.002492418730494366,9.894630477952571e-07,0.0007001684456060955,1.0,1.0,0.0021819500152491685,-0.0003104687152451975,0.6218153363491503,-0.0885524770650179,3.509,-0.0003104687152451975,0.0034800341801510945,-0.0885524770650179,0.9925819633064464,0.0007814831092645665,0.11875
RGI60-09.01058,0.11875,0.03239296875,89.73973529906448,0.020342892893570347,0.02293506032452349,0.015054931818987987,0.02293506032452349,9.646657091602216e-06,0.002335599295921164,1.0,1.0,0.01039400113946942,-0.012541059185054071,0.2857188061009386,-0.34473889405189845,36.407,-0.012541059185054071,0.01039400113946942,-0.34473889405189845,0.2857188061009386,0.020342892893570347,0.11875
RGI60-09.01061,0.11875,0.03239296875,0.29418344548580144,0.19141964194893088,0.06294876682859737,0.042142982495633176,0.044399873025388316,7.551182748934486e-05,0.020344896367317983,1.0,1.0,0.03027929780352188,-0.014120575221866443,0.6218153363491503,-0.29021971401226704,48.695,-0.014120575221866443,0.04882819160673093,-0.29021971401226704,1.0035642019665916,0.19141964194893088,0.11875
RGI60-09.01062,0.056687500000000016,0.0375,270.03543139679925,0.022420922404118054,0.03952277852233137,0.03033096986493097,0.022914620663166192,2.764655207104831e-05,0.026099899310311397,1.0,1.0,0.02013127151430374,-0.002783349148862452,0.6218153363491503,-0.08604358581165729,32.375,-0.002783349148862452,0.03673942937346891,-0.08604358581165729,1.1357512388481217,0.022420922404118054,0.056687500000000016
RGI60-09.01065,0.11875,0.03239296875,63.935132179201574,0.010055437045881587,0.30565539164389305,0.1441817470535014,0.1335151324321047,1.2291157838514661e-05,0.014678941715746872,1.0,1.0,0.022898349761057462,-0.11061678267104724,0.6218153363491503,-0.42516318940166,36.825,-0.11061678267104724,0.1950386089728458,-0.42516318940166,0.7496442677595848,0.010055437045881587,0.11875
RGI60-09.01067,0.11875,0.03239296875,0.2719245150778029,0.12531800598014056,0.06624120997222,0.04732543007168739,0.06624120997222,3.7537172765141104e-05,0.03893016781962555,1.0,1.0,0.03064410025540946,-0.03559710971681053,0.3801792067046663,-0.4416276157668237,80.673,-0.03559710971681053,0.03064410025540946,-0.4416276157668237,0.3801792067046663,0.12531800598014056,0.11875
RGI60-09.01068,0.11875,0.03239296875,0.11609098006405814,0.046547232655534086,0.08289298259844574,0.03673409493717871,0.056738748840835185,3.9677183449085587e-05,0.027270270877919785,1.0,1.0,0.0475234807111565,-0.00921526812967869,0.6218153363491503,-0.1206744575291568,76.42699999999998,-0.00921526812967869,0.07367771446876706,-0.1206744575291568,0.9648138394228768,0.046547232655534086,0.11875
RGI60-09.01069,0.11875,0.03239296875,0.1523432421182953,0.030312874562741936,0.006579478198041185,0.003387223666971633,0.006579478198041185,8.122729138879238e-06,0.0023564935413811546,1.0,1.0,0.0021313620078182664,-0.004448116190222918,0.3496191500335024,-0.7296492083331718,6.101,-0.004448116190222918,0.0021313620078182664,-0.7296492083331718,0.3496191500335024,0.030312874562741936,0.11875
